14826
1	1201	1762	7	1327	2806900	1083589	2805650	1084035
2	1201	2881	2	2868	2806900	1083589	2804032	1083617
3	1202	1208	2	983	2806673	1083526	2805695	1083424
4	1202	1766	2	598	2806673	1083526	2807271	1083514
5	1202	1767	2	321	2806673	1083526	2806372	1083412
6	1203	1204	2	880	2810466	1045198	2809616	1044968
7	1203	1210	2	1558	2810466	1045198	2808946	1045543
8	1203	1671	2	3063	2810466	1045198	2813430	1045971
9	1203	1672	2	2025	2810466	1045198	2812378	1045865
10	1203	1707	2	1735	2810466	1045198	2808742	1045395
11	1203	2911	2	1720	2810466	1045198	2808936	1045984
12	1203	3750	2	999	2810466	1045198	2811209	1045867
13	1203	3752	2	799	2810466	1045198	2811223	1044940
14	1203	5708	2	933	2810466	1045198	2810004	1044387
15	1203	6381	2	2815	2810466	1045198	2812886	1046636
16	1203	6399	2	1803	2810466	1045198	2808832	1045961
17	1203	6400	2	1007	2810466	1045198	2809535	1045583
18	1203	6401	2	1765	2810466	1045198	2808936	1046078
19	1203	6405	2	2703	2810466	1045198	2812889	1046397
20	1203	6406	2	1857	2810466	1045198	2811961	1046301
21	1203	6410	2	3031	2810466	1045198	2813249	1046401
22	1203	6422	2	2972	2810466	1045198	2809585	1048037
23	1204	1209	2	720	2809616	1044968	2810300	1045196
24	1204	1672	2	2904	2809616	1044968	2812378	1045865
25	1204	6400	7	620	2809616	1044968	2809535	1045583
26	1204	6422	5	3069	2809616	1044968	2809585	1048037
27	1205	1707	5	636	2808968	1044800	2808742	1045395
28	1205	1709	5	569	2808968	1044800	2808428	1044982
29	1205	6399	5	1168	2808968	1044800	2808832	1045961
30	1206	1759	2	1141	2809107	1084586	2808870	1083469
31	1206	5532	5	2691	2809107	1084586	2808728	1087251
32	1207	2720	2	219	2756978	1046890	2756839	1047060
33	1207	2722	2	2855	2756978	1046890	2754568	1048422
34	1207	2725	2	3180	2756978	1046890	2754310	1048622
35	1207	6119	7	679	2756978	1046890	2757657	1046863
36	1207	6512	5	772	2756978	1046890	2756503	1047499
37	1208	1201	2	1216	2805695	1083424	2806900	1083589
38	1208	1202	2	983	2805695	1083424	2806673	1083526
39	1208	1738	2	349	2805695	1083424	2805540	1083111
40	1208	1762	2	612	2805695	1083424	2805650	1084035
41	1208	1766	2	1578	2805695	1083424	2807271	1083514
42	1208	1767	2	677	2805695	1083424	2806372	1083412
43	1208	2881	2	1674	2805695	1083424	2804032	1083617
44	1208	2882	2	2101	2805695	1083424	2803594	1083477
45	1209	1204	2	720	2810300	1045196	2809616	1044968
46	1209	1672	2	2183	2810300	1045196	2812378	1045865
47	1209	1707	2	1570	2810300	1045196	2808742	1045395
48	1209	2911	2	1575	2810300	1045196	2808936	1045984
49	1209	3750	2	1129	2810300	1045196	2811209	1045867
50	1209	3752	2	957	2810300	1045196	2811223	1044940
51	1209	5708	2	861	2810300	1045196	2810004	1044387
52	1209	6381	2	2959	2810300	1045196	2812886	1046636
53	1209	6399	2	1655	2810300	1045196	2808832	1045961
54	1209	6400	2	857	2810300	1045196	2809535	1045583
55	1209	6401	2	1624	2810300	1045196	2808936	1046078
56	1209	6405	2	2854	2810300	1045196	2812889	1046397
57	1209	6406	2	1994	2810300	1045196	2811961	1046301
58	1209	6410	2	3185	2810300	1045196	2813249	1046401
59	1209	6411	2	3135	2810300	1045196	2810060	1048322
60	1209	6422	2	2929	2810300	1045196	2809585	1048037
61	1210	1203	2	1558	2808946	1045543	2810466	1045198
62	1210	1209	2	1397	2808946	1045543	2810300	1045196
63	1210	1708	5	1042	2808946	1045543	2808979	1044501
64	1210	1711	2	2617	2808946	1045543	2809049	1048158
65	1210	1712	2	2760	2808946	1045543	2809007	1048303
66	1210	7373	2	3137	2808946	1045543	2807500	1048327
67	1211	1212	5	691	2887319	912224	2886872	912751
68	1213	5776	5	2032	2728064	980623	2726310	979597
69	1216	1218	2	1918	2826786	986989	2824870	987077
70	1218	1216	2	1918	2824870	987077	2826786	986989
71	1224	3441	5	2442	2884238	1010366	2885191	1012615
72	1225	2314	5	2565	2883709	1012650	2883154	1015155
73	1226	2323	5	1687	2883288	1014684	2882994	1016346
74	1226	2333	5	1160	2883288	1014684	2882987	1015805
75	1235	6878	5	697	2872781	1042177	2872723	1042872
76	1237	1239	5	297	2873059	1040770	2872829	1040959
77	1237	3487	5	839	2873059	1040770	2873059	1039931
78	1238	1504	2	2804	2871417	1041235	2874221	1041224
79	1238	1505	2	1853	2871417	1041235	2873270	1041212
80	1238	1506	2	2897	2871417	1041235	2874314	1041260
81	1239	1237	5	297	2872829	1040959	2873059	1040770
82	1239	5716	5	2530	2872829	1040959	2875160	1039974
83	1240	1505	2	1846	2871424	1041185	2873270	1041212
84	1240	1506	2	2890	2871424	1041185	2874314	1041260
85	1241	2895	2	1851	2860864	1041138	2859836	1039598
86	1241	2904	2	2875	2860864	1041138	2858949	1038993
87	1241	2940	2	536	2860864	1041138	2860330	1041188
88	1241	2945	2	2497	2860864	1041138	2859272	1039214
89	1241	2946	2	3157	2860864	1041138	2858458	1039094
90	1241	3510	2	328	2860864	1041138	2860938	1040818
91	1241	3511	2	2526	2860864	1041138	2861511	1038696
92	1241	3512	2	2622	2860864	1041138	2861234	1038542
93	1241	3513	2	2375	2860864	1041138	2861014	1038767
94	1241	3514	2	2159	2860864	1041138	2860806	1038979
95	1241	3515	2	1934	2860864	1041138	2861157	1039226
96	1241	3516	2	1803	2860864	1041138	2861453	1039433
97	1241	3517	2	1740	2860864	1041138	2861747	1039638
98	1241	3518	2	1738	2860864	1041138	2861949	1039780
99	1241	3519	2	1048	2860864	1041138	2861555	1040350
100	1241	3520	2	686	2860864	1041138	2861347	1040650
101	1241	3521	2	1047	2860864	1041138	2861353	1040212
102	1241	3522	2	688	2860864	1041138	2861148	1040511
103	1241	3523	2	1145	2860864	1041138	2861054	1040008
104	1241	3524	2	835	2860864	1041138	2860849	1040303
105	1241	3525	2	1078	2860864	1041138	2860562	1040103
106	1241	3526	2	1244	2860864	1041138	2860394	1039986
107	1241	3527	2	1441	2860864	1041138	2860206	1039855
108	1241	3528	2	1638	2860864	1041138	2860405	1039565
109	1241	3529	2	1538	2860864	1041138	2860311	1039702
110	1241	3530	2	2333	2860864	1041138	2860627	1038817
111	1241	3531	2	2501	2860864	1041138	2860457	1038670
112	1241	3532	2	2014	2860864	1041138	2860033	1039303
113	1241	3533	2	576	2860864	1041138	2860636	1040609
114	1241	3543	2	3013	2860864	1041138	2859907	1038280
115	1241	3544	2	2622	2860864	1041138	2859478	1038912
116	1241	3545	2	2550	2860864	1041138	2859370	1039071
117	1241	3546	2	2689	2860864	1041138	2859108	1039101
118	1241	3547	2	2919	2860864	1041138	2859055	1038846
119	1241	3548	2	2977	2860864	1041138	2859166	1038692
120	1241	5718	2	1332	2860864	1041138	2860762	1039809
121	1241	5719	2	1496	2860864	1041138	2860562	1039672
122	1241	5720	2	2799	2860864	1041138	2859321	1038802
123	1241	5721	2	1197	2860864	1041138	2860661	1039958
124	1241	5722	2	855	2860864	1041138	2860313	1040483
125	1241	6787	2	1420	2860864	1041138	2862282	1041054
126	1241	6791	2	734	2860864	1041138	2861594	1041058
127	1241	6793	2	1357	2860864	1041138	2862220	1041076
128	1241	6808	2	608	2860864	1041138	2860353	1041468
129	1242	1479	2	806	2859979	1041831	2859932	1042636
130	1242	1493	2	922	2859979	1041831	2859232	1041289
131	1242	1495	2	930	2859979	1041831	2859175	1041363
132	1242	2894	2	1361	2859979	1041831	2858868	1041044
133	1242	2903	2	2483	2859979	1041831	2857924	1040437
134	1242	2907	2	1365	2859979	1041831	2859532	1043121
135	1242	2908	2	1314	2859979	1041831	2859800	1043133
136	1242	2933	2	2107	2859979	1041831	2858251	1040625
137	1242	2934	2	2159	2859979	1041831	2858026	1040910
138	1242	2936	2	1402	2859979	1041831	2858660	1041354
139	1242	2937	2	1003	2859979	1041831	2859004	1041595
140	1242	2948	2	2835	2859979	1041831	2857820	1039993
141	1242	5711	2	2508	2859979	1041831	2857742	1040696
142	1242	6210	2	440	2859979	1041831	2860239	1042186
143	1242	6212	2	2121	2859979	1041831	2859891	1043951
144	1242	6338	2	1209	2859979	1041831	2859740	1043017
145	1242	6795	2	867	2859979	1041831	2859121	1041700
146	1242	6796	2	235	2859979	1041831	2859805	1041989
147	1242	6800	2	2003	2859979	1041831	2858285	1040761
148	1242	6802	2	2732	2859979	1041831	2857593	1040499
149	1242	6809	2	223	2859979	1041831	2859759	1041869
150	1242	6810	2	1281	2859979	1041831	2858840	1041243
151	1242	6812	2	624	2859979	1041831	2859964	1042455
152	1242	6864	2	542	2859979	1041831	2859437	1041846
153	1242	7333	2	883	2859979	1041831	2859265	1041311
154	1244	1874	2	1869	2845570	1042162	2844400	1040704
155	1245	1868	2	2293	2842909	1042123	2844708	1040700
156	1246	1881	2	2859	2831996	1043079	2834581	1041857
157	1246	1882	2	2844	2831996	1043079	2834546	1041819
158	1246	1883	2	1842	2831996	1043079	2833738	1042478
159	1246	1884	2	787	2831996	1043079	2832709	1042745
160	1246	1887	2	716	2831996	1043079	2831509	1043604
161	1246	6612	2	2235	2831996	1043079	2833733	1041672
162	1247	1886	2	1295	2830701	1043465	2831982	1043272
163	1247	1887	2	819	2830701	1043465	2831509	1043604
164	1247	1890	2	871	2830701	1043465	2829840	1043601
165	1247	6613	2	2143	2830701	1043465	2831745	1041593
166	1247	6855	2	882	2830701	1043465	2829819	1043459
167	1248	1897	2	2636	2831190	1044412	2831091	1047047
168	1249	1394	2	570	2831145	1044730	2831210	1045297
169	1249	1889	2	2333	2831145	1044730	2831147	1047063
170	1249	1897	2	2317	2831145	1044730	2831091	1047047
171	1250	1872	2	759	2831367	1045600	2831196	1046340
172	1250	1884	2	3154	2831367	1045600	2832709	1042745
173	1250	1889	2	1479	2831367	1045600	2831147	1047063
174	1250	1894	2	491	2831367	1045600	2831292	1045114
175	1250	1897	2	1473	2831367	1045600	2831091	1047047
176	1251	6447	5	1324	2831059	1045766	2829741	1045900
177	1251	6448	5	1501	2831059	1045766	2829748	1046497
178	1251	6449	5	1140	2831059	1045766	2830063	1046321
179	1252	1635	5	2867	2814788	1048536	2817644	1048283
180	1252	2912	5	2789	2814788	1048536	2814868	1045748
181	1252	2913	5	2365	2814788	1048536	2814863	1046172
182	1252	2914	5	2126	2814788	1048536	2814860	1046411
183	1252	2919	5	2652	2814788	1048536	2816684	1046681
184	1252	4512	5	2541	2814788	1048536	2815288	1051028
185	1252	6375	5	2878	2814788	1048536	2815541	1045758
186	1252	6377	5	2249	2814788	1048536	2815532	1046413
187	1253	1670	2	2964	2814061	1048961	2813678	1046021
188	1253	4511	5	2810	2814061	1048961	2814088	1051771
189	1253	4512	5	2403	2814061	1048961	2815288	1051028
190	1253	6891	5	2813	2814061	1048961	2811750	1050566
191	1257	1259	2	208	2813130	1018078	2813299	1018200
192	1257	3971	2	1942	2813130	1018078	2814455	1019499
193	1258	1696	2	2066	2812500	1019049	2812565	1021114
194	1258	1703	2	1207	2812500	1019049	2812566	1020255
195	1258	1704	2	442	2812500	1019049	2812417	1019484
196	1259	1257	2	208	2813299	1018200	2813130	1018078
197	1259	1774	2	434	2813299	1018200	2813733	1018197
198	1259	1775	2	1981	2813299	1018200	2815280	1018211
199	1259	1779	2	1165	2813299	1018200	2814455	1018351
200	1259	3971	2	1738	2813299	1018200	2814455	1019499
201	1260	1705	2	231	2811936	1018123	2812145	1018023
202	1260	1780	2	1726	2811936	1018123	2810217	1017964
203	1260	1781	2	2809	2811936	1018123	2809141	1017838
204	1262	2641	2	2020	2819762	1020052	2818063	1018958
205	1262	5983	2	1657	2819762	1020052	2818366	1019159
206	1262	5984	2	1770	2819762	1020052	2818035	1019661
207	1263	2582	2	2994	2778543	1033538	2780844	1035455
208	1268	2488	5	1511	2782417	1052120	2780945	1051776
209	1268	2489	2	3010	2782417	1052120	2779795	1050641
210	1268	2491	2	3181	2782417	1052120	2779735	1053831
211	1268	2547	5	886	2782417	1052120	2781548	1051947
212	1268	2548	5	1401	2782417	1052120	2781043	1051846
213	1268	2551	2	2698	2782417	1052120	2779767	1052631
214	1268	2556	5	2512	2782417	1052120	2779948	1051654
215	1268	2557	5	2502	2782417	1052120	2779968	1051606
216	1268	2560	2	2711	2782417	1052120	2779794	1051432
217	1268	2561	2	2637	2782417	1052120	2779785	1051952
218	1273	2730	2	397	2747125	1049031	2746873	1048723
219	1273	2731	2	3069	2747125	1049031	2745144	1046686
220	1274	2730	2	3116	2744394	1046835	2746873	1048723
221	1274	2731	5	764	2744394	1046835	2745144	1046686
222	1279	1284	2	852	2767602	1089506	2767296	1090302
223	1281	1283	2	480	2768993	1090697	2768776	1091126
224	1281	1952	2	2545	2768993	1090697	2771525	1090432
225	1281	1956	2	2697	2768993	1090697	2771535	1089794
226	1282	4466	2	3022	2766954	1092078	2766251	1095018
227	1282	6186	2	1244	2766954	1092078	2765739	1091808
228	1283	1281	2	480	2768776	1091126	2768993	1090697
229	1283	1955	2	2724	2768776	1091126	2771498	1091020
230	1283	1956	2	3063	2768776	1091126	2771535	1089794
231	1283	1957	2	2733	2768776	1091126	2771501	1090906
232	1284	1279	2	852	2767296	1090302	2767602	1089506
233	1291	2455	5	3109	2819152	1078930	2819107	1082039
234	1291	5764	5	2656	2819152	1078930	2819127	1081586
235	1294	4637	2	1314	2830270	1055149	2830223	1053835
236	1294	4647	2	2363	2830270	1055149	2828639	1056860
237	1295	1296	2	2071	2831890	1061937	2830441	1060456
238	1295	1573	2	2107	2831890	1061937	2830391	1060456
239	1295	1575	2	297	2831890	1061937	2831614	1062048
240	1295	1584	2	2373	2831890	1061937	2834263	1061943
241	1295	1590	2	1352	2831890	1061937	2830574	1061625
242	1295	6700	2	766	2831890	1061937	2831148	1062130
243	1296	1574	2	2035	2830441	1060456	2831748	1062016
244	1297	1295	2	2096	2833986	1061945	2831890	1061937
245	1297	1571	2	581	2833986	1061945	2833408	1062009
246	1297	6243	2	2645	2833986	1061945	2831593	1063074
247	1298	1582	2	1748	2834849	1063712	2835202	1062000
248	1298	1583	2	1718	2834849	1063712	2834874	1061994
249	1298	1585	2	1768	2834849	1063712	2834854	1061944
250	1298	1587	2	1590	2834849	1063712	2835009	1062130
251	1298	1588	2	857	2834849	1063712	2835022	1062872
252	1298	1589	2	1521	2834849	1063712	2835059	1062205
253	1298	4702	2	2005	2834849	1063712	2834817	1065717
254	1298	4703	2	2649	2834849	1063712	2837489	1063485
255	1298	6241	2	1423	2834849	1063712	2836271	1063766
256	1298	6934	2	3044	2834849	1063712	2837617	1062445
257	1298	7106	2	2661	2834849	1063712	2834800	1066373
258	1299	5965	2	3121	2830994	1049852	2828129	1051090
259	1299	6854	2	1240	2830994	1049852	2829754	1049865
260	1300	1303	2	1929	2833702	1072697	2834272	1074540
261	1300	7095	2	2587	2833702	1072697	2833804	1070112
262	1301	4601	5	2858	2832246	1071248	2829388	1071235
263	1301	7095	2	1928	2832246	1071248	2833804	1070112
264	1301	7099	2	1835	2832246	1071248	2833890	1070432
265	1302	4604	2	2328	2834322	1074540	2831997	1074417
266	1302	4823	2	3127	2834322	1074540	2837382	1075185
267	1302	4824	2	1716	2834322	1074540	2835947	1075092
268	1302	7097	2	2312	2834322	1074540	2834120	1072236
269	1303	4604	2	2278	2834272	1074540	2831997	1074417
270	1303	4823	2	3176	2834272	1074540	2837382	1075185
271	1303	4824	2	1763	2834272	1074540	2835947	1075092
272	1303	7097	2	2309	2834272	1074540	2834120	1072236
273	1306	1308	2	203	2861262	1071482	2861291	1071281
274	1307	1309	2	1703	2859870	1070069	2859616	1071753
275	1308	1306	2	203	2861291	1071281	2861262	1071482
276	1310	1311	2	254	2865689	1071956	2865606	1072197
277	1311	1310	2	254	2865606	1072197	2865689	1071956
278	1312	1317	2	261	2867605	1075883	2867746	1076103
279	1312	7248	2	1225	2867605	1075883	2868267	1076914
280	1312	7249	2	1980	2867605	1075883	2868040	1077815
281	1312	7250	2	1026	2867605	1075883	2867540	1076907
282	1312	7251	2	2117	2867605	1075883	2868153	1077928
283	1313	1316	2	278	2867012	1073567	2867249	1073421
284	1314	1315	2	346	2868019	1072380	2868018	1072034
285	1314	4908	2	2532	2868019	1072380	2868362	1074889
286	1315	1314	2	346	2868018	1072034	2868019	1072380
287	1316	1313	2	278	2867249	1073421	2867012	1073567
288	1317	1312	2	261	2867746	1076103	2867605	1075883
289	1317	7249	2	1737	2867746	1076103	2868040	1077815
290	1317	7250	2	829	2867746	1076103	2867540	1076907
291	1322	4943	2	1231	2886054	1071563	2887141	1072142
292	1322	7115	2	2335	2886054	1071563	2888346	1071112
293	1322	7117	2	2574	2886054	1071563	2888598	1071169
294	1322	7118	2	1097	2886054	1071563	2887149	1071638
295	1322	7119	2	398	2886054	1071563	2886390	1071348
296	1323	7114	2	1956	2879649	1072275	2877696	1072161
297	1325	4969	5	765	2887234	1066569	2887242	1065804
298	1333	6309	2	2698	2881985	1164354	2881330	1166972
299	1341	2380	2	996	2855648	1075150	2856215	1074331
300	1341	2381	2	1070	2855648	1075150	2856318	1074315
301	1341	2382	2	658	2855648	1075150	2855005	1075292
302	1341	2383	2	737	2855648	1075150	2854953	1075398
303	1343	1345	2	351	2840409	1082128	2840736	1082256
304	1343	2399	2	2196	2840409	1082128	2842554	1081653
305	1343	2400	2	2100	2840409	1082128	2842496	1081891
306	1343	2401	2	2795	2840409	1082128	2842762	1080619
307	1343	2403	2	2735	2840409	1082128	2842670	1080589
308	1343	2406	2	2048	2840409	1082128	2842304	1081351
309	1343	2408	2	1926	2840409	1082128	2842320	1081888
310	1343	2409	2	2016	2840409	1082128	2842208	1081218
311	1344	1345	2	1640	2839739	1083559	2840736	1082256
312	1344	2405	2	3132	2839739	1083559	2841662	1081086
313	1345	1343	2	351	2840736	1082256	2840409	1082128
314	1345	2399	2	1915	2840736	1082256	2842554	1081653
315	1345	2400	2	1797	2840736	1082256	2842496	1081891
316	1345	2401	2	2604	2840736	1082256	2842762	1080619
317	1345	2403	2	2553	2840736	1082256	2842670	1080589
318	1345	2405	2	1492	2840736	1082256	2841662	1081086
319	1345	2406	2	1810	2840736	1082256	2842304	1081351
320	1345	2407	2	3057	2840736	1082256	2843368	1080701
321	1345	2408	2	1626	2840736	1082256	2842320	1081888
322	1346	5187	5	1150	2837503	1087163	2836353	1087120
323	1346	6873	2	2664	2837503	1087163	2835020	1088129
324	1346	6874	2	2837	2837503	1087163	2834945	1088390
325	1346	6875	2	2606	2837503	1087163	2835183	1085974
326	1346	6876	2	2764	2837503	1087163	2835156	1085703
327	1348	2830	5	1759	2834704	1091254	2834612	1093011
328	1349	1348	2	1432	2834388	1092651	2834704	1091254
329	1349	1350	2	2664	2834388	1092651	2834564	1089992
330	1349	1352	2	2657	2834388	1092651	2834612	1090003
331	1349	1353	2	1225	2834388	1092651	2834569	1091439
332	1350	1349	2	2664	2834564	1089992	2834388	1092651
333	1350	1353	2	1447	2834564	1089992	2834569	1091439
334	1350	1354	2	3033	2834564	1089992	2833254	1092728
335	1350	1565	2	886	2834564	1089992	2834234	1090815
336	1350	1566	2	1137	2834564	1089992	2834080	1091021
337	1350	1567	2	3024	2834564	1089992	2833218	1092700
338	1350	2831	2	3082	2834564	1089992	2833792	1092976
339	1350	5192	2	2983	2834564	1089992	2833123	1092605
340	1350	6354	2	3058	2834564	1089992	2834023	1093002
341	1350	6872	2	3029	2834564	1089992	2835421	1087086
342	1350	6873	2	1917	2834564	1089992	2835020	1088129
343	1351	1354	2	1187	2834344	1092257	2833254	1092728
344	1351	1563	2	1985	2834344	1092257	2834304	1094242
345	1351	1564	2	914	2834344	1092257	2834327	1093171
346	1351	1566	2	1263	2834344	1092257	2834080	1091021
347	1351	1567	2	1210	2834344	1092257	2833218	1092700
348	1351	2831	2	906	2834344	1092257	2833792	1092976
349	1351	2832	2	2150	2834344	1092257	2832594	1093507
350	1351	5192	2	1269	2834344	1092257	2833123	1092605
351	1351	6354	2	811	2834344	1092257	2834023	1093002
352	1352	1354	2	3044	2834612	1090003	2833254	1092728
353	1352	1565	2	895	2834612	1090003	2834234	1090815
354	1352	1566	2	1148	2834612	1090003	2834080	1091021
355	1352	1567	2	3035	2834612	1090003	2833218	1092700
356	1352	2830	2	3008	2834612	1090003	2834612	1093011
357	1352	2831	2	3084	2834612	1090003	2833792	1092976
358	1352	5192	2	2997	2834612	1090003	2833123	1092605
359	1352	6354	2	3056	2834612	1090003	2834023	1093002
360	1352	6872	2	3027	2834612	1090003	2835421	1087086
361	1352	6873	2	1917	2834612	1090003	2835020	1088129
362	1352	6874	2	1647	2834612	1090003	2834945	1088390
363	1353	1349	2	1225	2834569	1091439	2834388	1092651
364	1353	1350	2	1447	2834569	1091439	2834564	1089992
365	1353	1352	2	1436	2834569	1091439	2834612	1090003
366	1353	1562	2	2355	2834569	1091439	2834365	1093786
367	1353	1565	7	708	2834569	1091439	2834234	1090815
368	1353	1566	7	643	2834569	1091439	2834080	1091021
369	1353	6874	2	3072	2834569	1091439	2834945	1088390
370	1354	1350	2	3033	2833254	1092728	2834564	1089992
371	1354	1351	2	1187	2833254	1092728	2834344	1092257
372	1354	1352	2	3044	2833254	1092728	2834612	1090003
373	1354	1563	2	1842	2833254	1092728	2834304	1094242
374	1354	1564	2	1160	2833254	1092728	2834327	1093171
375	1355	1356	2	2380	2835798	1105651	2834153	1103930
376	1356	6734	2	379	2834153	1103930	2834172	1103551
377	1356	7001	2	1328	2834153	1103930	2834191	1102602
378	1360	5223	2	2961	2840551	1116464	2840540	1119425
379	1362	5217	5	2108	2847911	1114428	2845825	1114124
380	1367	5286	5	1911	2822055	1103522	2823966	1103497
381	1368	5737	5	2985	2822020	1106141	2824985	1105788
382	1373	5356	2	1599	2794679	1129855	2793080	1129860
383	1373	5399	2	2054	2794679	1129855	2796733	1129888
384	1389	2592	2	2723	2781741	1097478	2780096	1095307
385	1392	4465	2	2161	2764085	1095762	2762046	1095046
386	1392	4466	2	2290	2764085	1095762	2766251	1095018
387	1394	1249	2	570	2831210	1045297	2831145	1044730
388	1394	1872	2	1043	2831210	1045297	2831196	1046340
389	1394	1884	2	2959	2831210	1045297	2832709	1042745
390	1394	1889	2	1767	2831210	1045297	2831147	1047063
391	1394	1891	5	480	2831210	1045297	2831383	1044849
392	1394	1892	5	656	2831210	1045297	2831329	1044651
393	1394	1893	5	1129	2831210	1045297	2831332	1044174
394	1394	1894	2	200	2831210	1045297	2831292	1045114
395	1394	1897	2	1754	2831210	1045297	2831091	1047047
396	1394	6442	5	1396	2831210	1045297	2831719	1043997
397	1397	3289	2	2618	2839749	1015795	2841541	1013886
398	1398	1399	2	829	2808511	1048584	2807717	1048345
399	1398	1400	7	2769	2808511	1048584	2806107	1047209
400	1398	1401	2	2524	2808511	1048584	2806322	1047326
401	1398	1728	2	2323	2808511	1048584	2806529	1047371
402	1398	1735	7	533	2808511	1048584	2808729	1049071
403	1398	6416	5	885	2808511	1048584	2808926	1047802
404	1398	7356	7	421	2808511	1048584	2808090	1048579
405	1398	7363	7	483	2808511	1048584	2808077	1048797
406	1398	7366	7	1027	2808511	1048584	2807495	1048429
407	1398	7369	2	345	2808511	1048584	2808715	1048863
408	1398	7373	2	1043	2808511	1048584	2807500	1048327
409	1399	1400	2	1970	2807717	1048345	2806107	1047209
410	1399	1401	2	1727	2807717	1048345	2806322	1047326
411	1399	1728	2	1536	2807717	1048345	2806529	1047371
412	1399	1729	2	569	2807717	1048345	2807174	1048174
413	1399	1735	2	1245	2807717	1048345	2808729	1049071
414	1399	1736	2	1626	2807717	1048345	2809010	1049332
415	1399	1737	2	1232	2807717	1048345	2808927	1048577
416	1399	6417	2	547	2807717	1048345	2807614	1047807
417	1399	6418	2	1513	2807717	1048345	2808935	1049243
418	1399	7356	2	440	2807717	1048345	2808090	1048579
419	1399	7363	2	577	2807717	1048345	2808077	1048797
420	1399	7365	2	1189	2807717	1048345	2808899	1048478
421	1399	7366	2	237	2807717	1048345	2807495	1048429
422	1399	7369	2	1124	2807717	1048345	2808715	1048863
423	1399	7373	2	217	2807717	1048345	2807500	1048327
424	1400	1398	7	2769	2806107	1047209	2808511	1048584
425	1400	1399	2	1970	2806107	1047209	2807717	1048345
426	1400	1401	2	244	2806107	1047209	2806322	1047326
427	1400	1711	2	3091	2806107	1047209	2809049	1048158
428	1400	1712	2	3099	2806107	1047209	2809007	1048303
429	1400	1728	2	452	2806107	1047209	2806529	1047371
430	1400	2874	2	1641	2806107	1047209	2804483	1046971
431	1400	2875	2	1414	2806107	1047209	2804733	1046873
432	1400	6416	5	2880	2806107	1047209	2808926	1047802
433	1400	7364	2	2905	2806107	1047209	2808579	1048736
434	1400	7369	2	3088	2806107	1047209	2808715	1048863
435	1400	7373	2	1786	2806107	1047209	2807500	1048327
436	1401	1398	2	2524	2806322	1047326	2808511	1048584
437	1401	1399	2	1727	2806322	1047326	2807717	1048345
438	1401	1400	2	244	2806322	1047326	2806107	1047209
439	1401	1711	2	2851	2806322	1047326	2809049	1048158
440	1401	1712	2	2857	2806322	1047326	2809007	1048303
441	1401	1728	2	211	2806322	1047326	2806529	1047371
442	1401	1729	2	1202	2806322	1047326	2807174	1048174
443	1401	1735	2	2972	2806322	1047326	2808729	1049071
444	1401	1737	2	2889	2806322	1047326	2808927	1048577
445	1401	2875	2	1652	2806322	1047326	2804733	1046873
446	1401	2878	2	2772	2806322	1047326	2803552	1047217
447	1401	5922	2	1939	2806322	1047326	2808203	1047800
448	1401	6416	2	2647	2806322	1047326	2808926	1047802
449	1401	6417	2	1378	2806322	1047326	2807614	1047807
450	1401	7356	2	2166	2806322	1047326	2808090	1048579
451	1401	7363	2	2289	2806322	1047326	2808077	1048797
452	1401	7364	2	2661	2806322	1047326	2808579	1048736
453	1401	7365	2	2822	2806322	1047326	2808899	1048478
454	1401	7366	2	1610	2806322	1047326	2807495	1048429
455	1401	7369	2	2844	2806322	1047326	2808715	1048863
456	1401	7373	2	1545	2806322	1047326	2807500	1048327
457	1402	1403	2	912	2809274	1076647	2809164	1077553
458	1402	1410	2	917	2809274	1076647	2809213	1077562
459	1403	5943	2	2241	2809164	1077553	2807123	1076627
460	1403	6428	2	2623	2809164	1077553	2807193	1079285
461	1403	6429	2	3111	2809164	1077553	2807204	1079970
462	1404	1406	2	1499	2809734	1074014	2809459	1072540
463	1404	1408	5	417	2809734	1074014	2809317	1074011
464	1404	1409	2	1572	2809734	1074014	2809506	1072458
465	1405	1408	5	2661	2809656	1076651	2809317	1074011
466	1406	1404	2	1499	2809459	1072540	2809734	1074014
467	1406	1407	2	1472	2809459	1072540	2809446	1074012
468	1406	1408	2	1477	2809459	1072540	2809317	1074011
469	1407	1409	2	1555	2809446	1074012	2809506	1072458
470	1408	1404	5	417	2809317	1074011	2809734	1074014
471	1408	1405	5	2661	2809317	1074011	2809656	1076651
472	1408	1406	2	1477	2809317	1074011	2809459	1072540
473	1408	1409	2	1564	2809317	1074011	2809506	1072458
474	1409	1407	2	1555	2809506	1072458	2809446	1074012
475	1409	1408	2	1564	2809506	1072458	2809317	1074011
476	1410	1402	2	917	2809213	1077562	2809274	1076647
477	1410	5943	2	2289	2809213	1077562	2807123	1076627
478	1410	6428	2	2655	2809213	1077562	2807193	1079285
479	1410	6429	2	3136	2809213	1077562	2807204	1079970
480	1411	1412	2	1111	2809283	1067821	2809377	1066713
481	1411	4536	2	2708	2809283	1067821	2806808	1066722
482	1411	4537	2	2491	2809283	1067821	2806799	1068017
483	1411	4538	2	3018	2809283	1067821	2806763	1069482
484	1411	5947	2	1762	2809283	1067821	2808699	1069484
485	1411	5948	2	1233	2809283	1067821	2808735	1066716
486	1411	5949	2	3036	2809283	1067821	2808755	1064831
487	1411	6633	2	622	2809283	1067821	2808716	1068077
488	1412	1411	2	1111	2809377	1066713	2809283	1067821
489	1412	1413	2	1143	2809377	1066713	2809222	1067846
490	1413	4536	2	2662	2809222	1067846	2806808	1066722
491	1413	4537	2	2429	2809222	1067846	2806799	1068017
492	1413	4538	2	2953	2809222	1067846	2806763	1069482
493	1413	5947	2	1719	2809222	1067846	2808699	1069484
494	1413	5948	2	1230	2809222	1067846	2808735	1066716
495	1413	5949	2	3050	2809222	1067846	2808755	1064831
496	1413	6633	2	556	2809222	1067846	2808716	1068077
497	1414	1415	2	997	2809956	1065716	2809939	1066713
498	1414	1416	2	799	2809956	1065716	2810082	1064926
499	1414	5950	2	2951	2809956	1065716	2810386	1062796
500	1415	1414	2	997	2809939	1066713	2809956	1065716
501	1415	1416	2	1792	2809939	1066713	2810082	1064926
502	1416	1414	2	799	2810082	1064926	2809956	1065716
503	1416	4533	2	2807	2810082	1064926	2812626	1066113
504	1416	5950	2	2151	2810082	1064926	2810386	1062796
505	1416	5951	2	2485	2810082	1064926	2811366	1062798
506	1417	1418	2	1858	2810119	1060491	2810171	1058633
507	1417	1419	2	1981	2810119	1060491	2810420	1058532
508	1417	4490	2	3011	2810119	1060491	2811119	1057650
509	1417	4491	2	2855	2810119	1060491	2810440	1057654
510	1417	4529	2	2940	2810119	1060491	2813044	1060192
511	1417	5950	2	2320	2810119	1060491	2810386	1062796
512	1417	5951	2	2622	2810119	1060491	2811366	1062798
513	1418	1419	2	268	2810171	1058633	2810420	1058532
514	1418	1420	2	336	2810171	1058633	2810140	1058298
515	1418	1422	2	1983	2810171	1058633	2810538	1056684
516	1418	4490	2	1365	2810171	1058633	2811119	1057650
517	1418	4491	2	1015	2810171	1058633	2810440	1057654
518	1419	1418	2	268	2810420	1058532	2810171	1058633
519	1419	1420	2	364	2810420	1058532	2810140	1058298
520	1420	1418	2	336	2810140	1058298	2810171	1058633
521	1420	1419	2	364	2810140	1058298	2810420	1058532
522	1420	1422	2	1662	2810140	1058298	2810538	1056684
523	1420	4490	2	1174	2810140	1058298	2811119	1057650
524	1420	4491	2	710	2810140	1058298	2810440	1057654
525	1421	1423	2	1818	2809971	1057652	2810023	1055834
526	1422	1418	2	1983	2810538	1056684	2810171	1058633
527	1422	1420	2	1662	2810538	1056684	2810140	1058298
528	1422	1423	2	993	2810538	1056684	2810023	1055834
529	1423	1421	2	1818	2810023	1055834	2809971	1057652
530	1423	1425	2	451	2810023	1055834	2810066	1055385
531	1423	4483	2	2862	2810023	1055834	2807274	1055035
532	1423	4490	2	2121	2810023	1055834	2811119	1057650
533	1423	5928	2	1328	2810023	1055834	2808824	1056406
534	1423	5929	2	2407	2810023	1055834	2809793	1053438
535	1423	5930	2	3152	2810023	1055834	2809533	1052720
536	1423	5955	2	1088	2810023	1055834	2809253	1055064
537	1423	6670	2	677	2810023	1055834	2809924	1056504
538	1424	5931	2	2984	2810119	1057094	2810471	1054130
539	1425	1423	2	451	2810066	1055385	2810023	1055834
540	1425	5928	5	1607	2810066	1055385	2808824	1056406
541	1425	6670	7	1127	2810066	1055385	2809924	1056504
542	1426	6427	5	866	2808975	1054093	2808876	1054954
543	1427	1734	2	201	2809194	1051663	2809005	1051734
544	1427	5937	7	1484	2809194	1051663	2810677	1051606
545	1428	1713	2	391	2809130	1049398	2809392	1049107
546	1428	1732	2	2386	2809130	1049398	2808943	1051777
547	1428	5959	2	2882	2809130	1049398	2808813	1052263
548	1428	5960	2	1108	2809130	1049398	2808940	1050490
549	1428	6419	2	1048	2809130	1049398	2809275	1050436
550	1428	6420	2	477	2809130	1049398	2809584	1049251
551	1428	6425	2	2830	2809130	1049398	2808819	1052211
552	1429	1430	2	1222	2771389	1009824	2771366	1011046
553	1429	2019	2	657	2771389	1009824	2771914	1009428
554	1429	2022	2	626	2771389	1009824	2771934	1009515
555	1429	2080	2	1582	2771389	1009824	2772376	1008587
556	1429	2089	2	1592	2771389	1009824	2772420	1008610
557	1429	6688	2	985	2771389	1009824	2771501	1010803
558	1430	2022	2	1632	2771366	1011046	2771934	1009515
559	1430	2080	2	2658	2771366	1011046	2772376	1008587
560	1430	2089	2	2654	2771366	1011046	2772420	1008610
561	1430	6061	2	2689	2771366	1011046	2773798	1009897
562	1430	6466	2	1461	2771366	1011046	2771988	1009724
563	1430	6688	2	277	2771366	1011046	2771501	1010803
564	1431	2043	5	883	2768876	1030755	2769759	1030713
565	1431	2045	5	1998	2768876	1030755	2770843	1031109
566	1432	2030	2	1412	2767850	1030978	2766578	1031593
567	1432	2031	2	1312	2767850	1030978	2766648	1031504
568	1432	2038	2	2286	2767850	1030978	2766917	1028890
569	1432	2040	2	2059	2767850	1030978	2766838	1029184
570	1433	1434	2	563	2765409	1036269	2765068	1036718
571	1433	2010	2	963	2765409	1036269	2765393	1037232
572	1433	2011	2	1149	2765409	1036269	2765410	1037418
573	1433	4075	2	473	2765409	1036269	2765033	1035981
574	1434	2010	2	608	2765068	1036718	2765393	1037232
575	1434	2013	2	512	2765068	1036718	2765472	1036402
576	1435	4646	2	1482	2830092	1058461	2828610	1058429
577	1435	4647	2	2162	2830092	1058461	2828639	1056860
578	1435	6359	2	2911	2830092	1058461	2828101	1060586
579	1435	6360	2	2525	2830092	1058461	2828192	1060125
580	1436	1438	2	1332	2808725	941776	2808512	943091
581	1437	1436	2	1001	2808550	942762	2808725	941776
582	1437	1438	2	331	2808550	942762	2808512	943091
583	1437	1439	2	1032	2808550	942762	2808238	941778
584	1438	1436	2	1332	2808512	943091	2808725	941776
585	1438	1437	2	331	2808512	943091	2808550	942762
586	1439	1437	2	1032	2808238	941778	2808550	942762
587	1439	1438	2	1341	2808238	941778	2808512	943091
588	1440	1444	2	1713	2809394	946770	2809988	948377
589	1440	1445	2	1271	2809394	946770	2809581	948028
590	1440	5792	2	978	2809394	946770	2810357	946946
591	1441	1442	2	1010	2809326	946731	2809904	947560
592	1441	1443	2	1530	2809326	946731	2809939	948133
593	1441	1444	2	1774	2809326	946731	2809988	948377
594	1441	1445	2	1321	2809326	946731	2809581	948028
595	1441	5792	2	1053	2809326	946731	2810357	946946
596	1442	1440	2	940	2809904	947560	2809394	946770
597	1442	1441	2	1010	2809904	947560	2809326	946731
598	1442	1444	2	821	2809904	947560	2809988	948377
599	1443	1440	2	1467	2809939	948133	2809394	946770
600	1443	1441	2	1530	2809939	948133	2809326	946731
601	1443	1442	2	574	2809939	948133	2809904	947560
602	1443	1444	2	248	2809939	948133	2809988	948377
603	1443	1445	2	373	2809939	948133	2809581	948028
604	1443	5792	2	1258	2809939	948133	2810357	946946
605	1444	1440	2	1713	2809988	948377	2809394	946770
606	1444	1442	2	821	2809988	948377	2809904	947560
607	1444	1443	2	248	2809988	948377	2809939	948133
608	1444	5792	2	1477	2809988	948377	2810357	946946
609	1445	1440	2	1271	2809581	948028	2809394	946770
610	1445	1443	2	373	2809581	948028	2809939	948133
611	1445	1444	2	536	2809581	948028	2809988	948377
612	1445	5792	5	1331	2809581	948028	2810357	946946
613	1446	1449	2	804	2811104	958816	2811301	959596
614	1446	1451	2	1349	2811104	958816	2810935	960155
615	1446	5794	2	2406	2811104	958816	2813505	958660
616	1448	1451	2	1343	2811153	958829	2810935	960155
617	1448	5794	2	2358	2811153	958829	2813505	958660
618	1449	1446	2	804	2811301	959596	2811104	958816
619	1449	1448	2	781	2811301	959596	2811153	958829
620	1449	1451	2	668	2811301	959596	2810935	960155
621	1450	1832	2	2292	2811008	962613	2812124	964615
622	1450	1834	2	2378	2811008	962613	2812671	964314
623	1450	1859	2	2544	2811008	962613	2811140	965154
624	1450	3165	2	2370	2811008	962613	2811575	964915
625	1450	6325	2	466	2811008	962613	2811057	962149
626	1450	6433	2	2503	2811008	962613	2812987	964146
627	1450	6687	2	757	2811008	962613	2811132	963360
628	1451	1448	2	1343	2810935	960155	2811153	958829
629	1451	1449	2	668	2810935	960155	2811301	959596
630	1451	5794	2	2973	2810935	960155	2813505	958660
631	1454	1456	2	299	2846738	1025252	2846800	1024959
632	1454	1458	2	2156	2846738	1025252	2847886	1023427
633	1454	7233	2	2750	2846738	1025252	2848132	1022881
634	1454	7234	2	2160	2846738	1025252	2847803	1023372
635	1454	7239	2	2623	2846738	1025252	2846603	1027872
636	1454	7240	2	2235	2846738	1025252	2846391	1027460
637	1454	7241	2	2974	2846738	1025252	2846251	1028186
638	1455	1454	2	675	2846641	1025921	2846738	1025252
639	1455	1456	2	975	2846641	1025921	2846800	1024959
640	1455	1458	2	2787	2846641	1025921	2847886	1023427
641	1455	7234	2	2801	2846641	1025921	2847803	1023372
642	1455	7236	2	924	2846641	1025921	2846404	1026815
643	1455	7240	2	1559	2846641	1025921	2846391	1027460
644	1455	7241	2	2298	2846641	1025921	2846251	1028186
645	1456	1454	2	299	2846800	1024959	2846738	1025252
646	1456	1455	2	975	2846800	1024959	2846641	1025921
647	1456	1458	2	1877	2846800	1024959	2847886	1023427
648	1456	7233	2	2468	2846800	1024959	2848132	1022881
649	1456	7236	2	1897	2846800	1024959	2846404	1026815
650	1456	7239	2	2919	2846800	1024959	2846603	1027872
651	1456	7240	2	2534	2846800	1024959	2846391	1027460
652	1457	6222	5	1714	2846285	1025705	2845055	1024511
653	1458	1455	2	2787	2847886	1023427	2846641	1025921
654	1458	1456	2	1877	2847886	1023427	2846800	1024959
655	1458	7233	2	598	2847886	1023427	2848132	1022881
656	1459	1461	2	854	2848339	1033074	2849151	1033341
657	1459	1463	2	1144	2848339	1033074	2849424	1033439
658	1459	7246	2	1608	2848339	1033074	2846769	1032726
659	1459	7247	2	1675	2848339	1033074	2846683	1032816
660	1460	1461	2	2937	2846228	1033046	2849151	1033341
661	1460	1462	5	2120	2846228	1033046	2848339	1033246
662	1460	1464	5	2166	2846228	1033046	2848337	1033542
663	1460	1465	5	2225	2846228	1033046	2848337	1033757
664	1460	3585	5	3061	2846228	1033046	2849289	1033086
665	1460	3589	5	1353	2846228	1033046	2846639	1034336
666	1460	7246	2	628	2846228	1033046	2846769	1032726
667	1460	7247	2	509	2846228	1033046	2846683	1032816
668	1461	1459	2	854	2849151	1033341	2848339	1033074
669	1461	1460	2	2937	2849151	1033341	2846228	1033046
670	1461	1462	2	817	2849151	1033341	2848339	1033246
671	1461	1463	2	290	2849151	1033341	2849424	1033439
672	1461	1464	2	838	2849151	1033341	2848337	1033542
673	1461	1465	2	914	2849151	1033341	2848337	1033757
674	1461	1469	2	2200	2849151	1033341	2851092	1034378
675	1461	1470	2	1546	2849151	1033341	2850304	1034372
676	1461	3585	2	289	2849151	1033341	2849289	1033086
677	1461	6220	2	3110	2849151	1033341	2852075	1034401
678	1461	7246	2	2460	2849151	1033341	2846769	1032726
679	1461	7247	2	2523	2849151	1033341	2846683	1032816
680	1462	1460	5	2120	2848339	1033246	2846228	1033046
681	1462	1463	2	1102	2848339	1033246	2849424	1033439
682	1462	1465	7	511	2848339	1033246	2848337	1033757
683	1462	7246	2	1653	2848339	1033246	2846769	1032726
684	1462	7247	2	1710	2848339	1033246	2846683	1032816
685	1463	1459	2	1144	2849424	1033439	2848339	1033074
686	1463	1461	2	290	2849424	1033439	2849151	1033341
687	1463	1462	2	1102	2849424	1033439	2848339	1033246
688	1463	1465	2	1132	2849424	1033439	2848337	1033757
689	1463	1468	2	2793	2849424	1033439	2851640	1035140
690	1463	1469	2	1914	2849424	1033439	2851092	1034378
691	1463	1470	2	1282	2849424	1033439	2850304	1034372
692	1463	3585	2	377	2849424	1033439	2849289	1033086
693	1463	6220	2	2820	2849424	1033439	2852075	1034401
694	1463	6870	2	3173	2849424	1033439	2851915	1035405
695	1463	7246	2	2749	2849424	1033439	2846769	1032726
696	1464	1460	5	2166	2848337	1033542	2846228	1033046
697	1464	1461	2	838	2848337	1033542	2849151	1033341
698	1464	1463	2	1091	2848337	1033542	2849424	1033439
699	1464	7246	2	1767	2848337	1033542	2846769	1032726
700	1464	7247	2	1806	2848337	1033542	2846683	1032816
701	1465	1460	5	2225	2848337	1033757	2846228	1033046
702	1465	1461	2	914	2848337	1033757	2849151	1033341
703	1465	1462	7	511	2848337	1033757	2848339	1033246
704	1465	1463	2	1132	2848337	1033757	2849424	1033439
705	1465	7246	2	1876	2848337	1033757	2846769	1032726
706	1465	7247	2	1902	2848337	1033757	2846683	1032816
707	1466	1987	5	1581	2760435	1046941	2761974	1046579
708	1466	6117	7	1589	2760435	1046941	2761783	1046099
709	1467	4122	5	2466	2767145	1046773	2768987	1045132
710	1467	6114	7	482	2767145	1046773	2766685	1046920
711	1468	1461	2	3071	2851640	1035140	2849151	1033341
712	1468	1463	2	2793	2851640	1035140	2849424	1033439
713	1468	1469	2	938	2851640	1035140	2851092	1034378
714	1468	1470	2	1541	2851640	1035140	2850304	1034372
715	1468	1473	2	3189	2851640	1035140	2854243	1036983
716	1468	1474	2	2336	2851640	1035140	2853562	1036469
717	1468	1475	2	2349	2851640	1035140	2853475	1036607
718	1468	1478	2	2374	2851640	1035140	2853079	1037029
719	1468	3568	2	2970	2851640	1035140	2853555	1037411
720	1468	3575	2	2986	2851640	1035140	2854575	1035690
721	1468	3585	2	3121	2851640	1035140	2849289	1033086
722	1468	3590	2	3193	2851640	1035140	2848544	1034355
723	1468	6220	2	857	2851640	1035140	2852075	1034401
724	1468	6870	2	381	2851640	1035140	2851915	1035405
725	1469	1461	2	2200	2851092	1034378	2849151	1033341
726	1469	1463	2	1914	2851092	1034378	2849424	1033439
727	1469	3590	7	2548	2851092	1034378	2848544	1034355
728	1469	6870	2	1316	2851092	1034378	2851915	1035405
729	1470	1461	2	1546	2850304	1034372	2849151	1033341
730	1470	1463	2	1282	2850304	1034372	2849424	1033439
731	1470	1468	2	1541	2850304	1034372	2851640	1035140
732	1470	6870	2	1913	2850304	1034372	2851915	1035405
733	1471	1472	2	880	2854425	1036789	2853616	1036442
734	1471	1474	2	920	2854425	1036789	2853562	1036469
735	1471	6797	2	2014	2854425	1036789	2855757	1038300
736	1471	6798	2	2106	2854425	1036789	2855886	1038307
737	1471	6870	2	2866	2854425	1036789	2851915	1035405
738	1472	1468	2	2366	2853616	1036442	2851640	1035140
739	1472	1473	2	828	2853616	1036442	2854243	1036983
740	1472	1475	2	217	2853616	1036442	2853475	1036607
741	1472	1476	2	1290	2853616	1036442	2854762	1037035
742	1472	1477	2	917	2853616	1036442	2854318	1037032
743	1472	1478	2	795	2853616	1036442	2853079	1037029
744	1472	3563	2	1669	2853616	1036442	2855284	1036382
745	1472	3568	2	970	2853616	1036442	2853555	1037411
746	1472	3575	2	1218	2853616	1036442	2854575	1035690
747	1472	6215	2	2506	2853616	1036442	2853526	1038947
748	1472	6219	2	1657	2853616	1036442	2855162	1037040
749	1472	6220	2	2557	2853616	1036442	2852075	1034401
750	1472	6797	2	2834	2853616	1036442	2855757	1038300
751	1472	6870	2	1992	2853616	1036442	2851915	1035405
752	1472	7325	2	2693	2853616	1036442	2854580	1038957
753	1473	1468	2	3189	2854243	1036983	2851640	1035140
754	1473	1472	2	828	2854243	1036983	2853616	1036442
755	1473	3568	5	810	2854243	1036983	2853555	1037411
756	1473	6532	5	2432	2854243	1036983	2855656	1038963
757	1473	6797	2	2006	2854243	1036983	2855757	1038300
758	1473	6798	2	2110	2854243	1036983	2855886	1038307
759	1473	6870	2	2812	2854243	1036983	2851915	1035405
760	1474	1468	2	2336	2853562	1036469	2851640	1035140
761	1474	1471	2	920	2853562	1036469	2854425	1036789
762	1474	1473	2	853	2853562	1036469	2854243	1036983
763	1474	1476	2	1326	2853562	1036469	2854762	1037035
764	1474	1477	2	942	2853562	1036469	2854318	1037032
765	1474	1478	2	739	2853562	1036469	2853079	1037029
766	1474	3563	2	1724	2853562	1036469	2855284	1036382
767	1474	3568	2	942	2853562	1036469	2853555	1037411
768	1474	3575	2	1277	2853562	1036469	2854575	1035690
769	1474	6219	2	1698	2853562	1036469	2855162	1037040
770	1474	6220	2	2547	2853562	1036469	2852075	1034401
771	1474	6797	2	2858	2853562	1036469	2855757	1038300
772	1474	6798	2	2962	2853562	1036469	2855886	1038307
773	1474	7325	2	2688	2853562	1036469	2854580	1038957
774	1475	1468	2	2349	2853475	1036607	2851640	1035140
775	1475	1472	2	217	2853475	1036607	2853616	1036442
776	1475	1473	5	855	2853475	1036607	2854243	1036983
777	1475	1476	5	1356	2853475	1036607	2854762	1037035
778	1475	1477	5	944	2853475	1036607	2854318	1037032
779	1475	6797	2	2841	2853475	1036607	2855757	1038300
780	1475	6798	2	2950	2853475	1036607	2855886	1038307
781	1475	6870	2	1969	2853475	1036607	2851915	1035405
782	1475	7325	5	2596	2853475	1036607	2854580	1038957
783	1476	1472	2	1290	2854762	1037035	2853616	1036442
784	1476	1474	2	1326	2854762	1037035	2853562	1036469
785	1476	1475	5	1356	2854762	1037035	2853475	1036607
786	1476	1478	5	1683	2854762	1037035	2853079	1037029
787	1476	3568	5	1264	2854762	1037035	2853555	1037411
788	1476	6532	5	2125	2854762	1037035	2855656	1038963
789	1476	6797	2	1609	2854762	1037035	2855757	1038300
790	1476	6798	2	1697	2854762	1037035	2855886	1038307
791	1477	1472	2	917	2854318	1037032	2853616	1036442
792	1477	1474	2	942	2854318	1037032	2853562	1036469
793	1477	1475	5	944	2854318	1037032	2853475	1036607
794	1477	3568	5	851	2854318	1037032	2853555	1037411
795	1477	6532	5	2349	2854318	1037032	2855656	1038963
796	1477	6797	2	1917	2854318	1037032	2855757	1038300
797	1477	6798	2	2020	2854318	1037032	2855886	1038307
798	1477	6870	2	2901	2854318	1037032	2851915	1035405
799	1478	1468	2	2374	2853079	1037029	2851640	1035140
800	1478	1472	2	795	2853079	1037029	2853616	1036442
801	1478	1474	2	739	2853079	1037029	2853562	1036469
802	1478	1476	5	1683	2853079	1037029	2854762	1037035
803	1478	6797	2	2964	2853079	1037029	2855757	1038300
804	1478	6798	2	3084	2853079	1037029	2855886	1038307
805	1478	6870	2	1998	2853079	1037029	2851915	1035405
806	1479	2888	2	1891	2859932	1042636	2858139	1042034
807	1479	2889	2	2069	2859932	1042636	2857879	1042373
808	1479	2896	2	2481	2859932	1042636	2857465	1042365
809	1479	2903	2	2977	2859932	1042636	2857924	1040437
810	1479	2905	2	886	2859932	1042636	2859068	1042835
811	1479	2906	2	1529	2859932	1042636	2858423	1042388
812	1479	2907	2	628	2859932	1042636	2859532	1043121
813	1479	2908	2	514	2859932	1042636	2859800	1043133
814	1479	2933	2	2621	2859932	1042636	2858251	1040625
815	1479	2934	2	2571	2859932	1042636	2858026	1040910
816	1479	2936	2	1805	2859932	1042636	2858660	1041354
817	1479	2937	2	1394	2859932	1042636	2859004	1041595
818	1479	5711	2	2925	2859932	1042636	2857742	1040696
819	1479	6212	2	1315	2859932	1042636	2859891	1043951
820	1479	6338	2	426	2859932	1042636	2859740	1043017
821	1479	6339	2	759	2859932	1042636	2859414	1042080
822	1479	6795	2	1238	2859932	1042636	2859121	1041700
823	1479	6796	2	659	2859932	1042636	2859805	1041989
824	1479	6800	2	2495	2859932	1042636	2858285	1040761
825	1479	6802	2	3168	2859932	1042636	2857593	1040499
826	1479	6809	2	786	2859932	1042636	2859759	1041869
827	1480	1484	2	3144	2854859	1040296	2851745	1040735
828	1480	1486	2	2762	2854859	1040296	2852139	1040780
829	1480	6815	2	710	2854859	1040296	2855567	1040236
830	1481	1484	2	1999	2853735	1040545	2851745	1040735
831	1481	1485	2	2591	2853735	1040545	2851145	1040641
832	1481	1486	2	1613	2853735	1040545	2852139	1040780
833	1481	1487	2	2703	2853735	1040545	2851068	1040989
834	1481	6857	2	1000	2853735	1040545	2854735	1040532
835	1483	1484	2	1908	2849837	1040758	2851745	1040735
836	1483	1486	2	2302	2849837	1040758	2852139	1040780
837	1483	1863	2	3026	2849837	1040758	2846812	1040661
838	1484	1480	2	3144	2851745	1040735	2854859	1040296
839	1484	1483	2	1908	2851745	1040735	2849837	1040758
840	1484	1486	2	396	2851745	1040735	2852139	1040780
841	1484	1488	2	2002	2851745	1040735	2853743	1040595
842	1484	1489	2	1733	2851745	1040735	2850012	1040713
843	1484	1490	2	3034	2851745	1040735	2854779	1040729
844	1484	6215	2	2523	2851745	1040735	2853526	1038947
845	1484	6857	2	2996	2851745	1040735	2854735	1040532
846	1484	6858	2	2904	2851745	1040735	2854638	1040482
847	1484	7324	2	2045	2851745	1040735	2853517	1039713
848	1485	1481	2	2591	2851145	1040641	2853735	1040545
849	1485	1488	2	2598	2851145	1040641	2853743	1040595
850	1485	7324	7	2547	2851145	1040641	2853517	1039713
851	1486	1480	2	2762	2852139	1040780	2854859	1040296
852	1486	1481	2	1613	2852139	1040780	2853735	1040545
853	1486	1484	2	396	2852139	1040780	2851745	1040735
854	1486	1488	2	1614	2852139	1040780	2853743	1040595
855	1486	1489	2	2128	2852139	1040780	2850012	1040713
856	1486	3542	2	3024	2852139	1040780	2855123	1040284
857	1486	6214	2	2223	2852139	1040780	2850892	1038939
858	1486	6858	2	2516	2852139	1040780	2854638	1040482
859	1486	7326	2	2984	2852139	1040780	2850911	1038060
860	1487	1481	2	2703	2851068	1040989	2853735	1040545
861	1487	1488	2	2703	2851068	1040989	2853743	1040595
862	1487	3564	7	2439	2851068	1040989	2853503	1040844
863	1488	1484	2	2002	2853743	1040595	2851745	1040735
864	1488	1485	2	2598	2853743	1040595	2851145	1040641
865	1488	1487	2	2703	2853743	1040595	2851068	1040989
866	1488	1873	2	3124	2853743	1040595	2850619	1040625
867	1488	3565	2	2886	2853743	1040595	2850857	1040629
868	1488	3566	2	2925	2853743	1040595	2850844	1040989
869	1488	6857	2	993	2853743	1040595	2854735	1040532
870	1488	6858	2	902	2853743	1040595	2854638	1040482
871	1489	1486	2	2128	2850012	1040713	2852139	1040780
872	1489	1861	2	2902	2850012	1040713	2847110	1040715
873	1490	1484	2	3034	2854779	1040729	2851745	1040735
874	1490	3540	5	330	2854779	1040729	2855109	1040735
875	1490	3569	7	1597	2854779	1040729	2853493	1041676
876	1492	2908	2	1544	2859882	1041591	2859800	1043133
877	1492	2937	2	878	2859882	1041591	2859004	1041595
878	1492	6338	2	1433	2859882	1041591	2859740	1043017
879	1492	6795	2	768	2859882	1041591	2859121	1041700
880	1492	6796	2	405	2859882	1041591	2859805	1041989
881	1492	6809	2	303	2859882	1041591	2859759	1041869
882	1492	6864	2	512	2859882	1041591	2859437	1041846
883	1493	1242	2	922	2859232	1041289	2859979	1041831
884	1493	6795	7	425	2859232	1041289	2859121	1041700
885	1493	6796	2	904	2859232	1041289	2859805	1041989
886	1493	6800	2	1084	2859232	1041289	2858285	1040761
887	1493	6802	2	1819	2859232	1041289	2857593	1040499
888	1493	6809	2	783	2859232	1041289	2859759	1041869
889	1493	6810	2	394	2859232	1041289	2858840	1041243
890	1493	6864	2	593	2859232	1041289	2859437	1041846
891	1494	1495	2	2801	2860039	1044028	2859175	1041363
892	1494	1522	2	358	2860039	1044028	2860232	1044330
893	1494	1523	2	569	2860039	1044028	2860111	1043463
894	1494	1524	2	820	2860039	1044028	2860062	1044848
895	1494	2905	2	1538	2860039	1044028	2859068	1042835
896	1494	2907	2	1039	2860039	1044028	2859532	1043121
897	1494	3535	2	929	2860039	1044028	2860260	1043125
898	1494	3536	2	395	2860039	1044028	2860324	1044302
899	1494	6338	2	1054	2860039	1044028	2859740	1043017
900	1494	6339	2	2045	2860039	1044028	2859414	1042080
901	1494	6865	2	284	2860039	1044028	2860100	1043750
902	1495	1242	2	930	2859175	1041363	2859979	1041831
903	1495	1494	2	2801	2859175	1041363	2860039	1044028
904	1495	1522	2	3149	2859175	1041363	2860232	1044330
905	1495	2891	2	617	2859175	1041363	2859061	1040756
906	1495	2894	2	442	2859175	1041363	2858868	1041044
907	1495	2902	2	1592	2859175	1041363	2858099	1040189
908	1495	2903	2	1556	2859175	1041363	2857924	1040437
909	1495	2908	2	1877	2859175	1041363	2859800	1043133
910	1495	2932	2	1220	2859175	1041363	2858412	1040410
911	1495	2933	2	1182	2859175	1041363	2858251	1040625
912	1495	2934	2	1235	2859175	1041363	2858026	1040910
913	1495	2935	2	1243	2859175	1041363	2858463	1040343
914	1495	2936	2	515	2859175	1041363	2858660	1041354
915	1495	2937	2	288	2859175	1041363	2859004	1041595
916	1495	2951	2	905	2859175	1041363	2858767	1040555
917	1495	5711	2	1580	2859175	1041363	2857742	1040696
918	1495	6210	2	1345	2859175	1041363	2860239	1042186
919	1495	6212	2	2685	2859175	1041363	2859891	1043951
920	1495	6213	2	700	2859175	1041363	2858758	1041926
921	1495	6338	2	1747	2859175	1041363	2859740	1043017
922	1495	6339	2	755	2859175	1041363	2859414	1042080
923	1495	6795	2	341	2859175	1041363	2859121	1041700
924	1495	6796	2	888	2859175	1041363	2859805	1041989
925	1495	6800	2	1074	2859175	1041363	2858285	1040761
926	1495	6802	2	1802	2859175	1041363	2857593	1040499
927	1495	6810	2	355	2859175	1041363	2858840	1041243
928	1495	6862	2	3183	2859175	1041363	2857091	1038956
929	1495	6864	2	549	2859175	1041363	2859437	1041846
930	1496	1497	2	941	2864280	1042509	2863526	1041945
931	1496	1499	2	912	2864280	1042509	2863470	1042088
932	1496	1500	2	2541	2864280	1042509	2866354	1041040
933	1496	1501	5	1558	2864280	1042509	2865378	1041403
934	1496	1502	2	2584	2864280	1042509	2866372	1040991
935	1496	6868	2	493	2864280	1042509	2864050	1042072
936	1496	6869	2	490	2864280	1042509	2863877	1042230
937	1497	1498	2	934	2863526	1041945	2864254	1042531
938	1497	3507	2	557	2863526	1041945	2863239	1042423
939	1497	6869	2	452	2863526	1041945	2863877	1042230
940	1498	1497	2	934	2864254	1042531	2863526	1041945
941	1498	1500	2	2575	2864254	1042531	2866354	1041040
942	1498	1502	2	2618	2864254	1042531	2866372	1040991
943	1498	6868	2	502	2864254	1042531	2864050	1042072
944	1498	6869	2	482	2864254	1042531	2863877	1042230
945	1499	1496	2	912	2863470	1042088	2864280	1042509
946	1499	1498	2	900	2863470	1042088	2864254	1042531
947	1499	3497	2	1490	2863470	1042088	2864944	1041870
948	1499	3507	2	406	2863470	1042088	2863239	1042423
949	1499	6868	2	580	2863470	1042088	2864050	1042072
950	1499	6869	2	431	2863470	1042088	2863877	1042230
951	1500	1496	2	2541	2866354	1041040	2864280	1042509
952	1500	1498	2	2575	2866354	1041040	2864254	1042531
953	1500	1503	2	743	2866354	1041040	2865633	1040860
954	1500	3497	2	1636	2866354	1041040	2864944	1041870
955	1500	3503	2	3063	2866354	1041040	2863921	1042901
956	1500	6868	2	2524	2866354	1041040	2864050	1042072
957	1501	1496	5	1558	2865378	1041403	2864280	1042509
958	1501	1500	2	1041	2865378	1041403	2866354	1041040
959	1501	1502	2	1076	2865378	1041403	2866372	1040991
960	1501	6868	2	1486	2865378	1041403	2864050	1042072
961	1501	6869	2	1713	2865378	1041403	2863877	1042230
962	1502	1496	2	2584	2866372	1040991	2864280	1042509
963	1502	1498	2	2618	2866372	1040991	2864254	1042531
964	1502	1501	2	1076	2866372	1040991	2865378	1041403
965	1502	1503	2	750	2866372	1040991	2865633	1040860
966	1502	3497	2	1676	2866372	1040991	2864944	1041870
967	1502	3503	2	3107	2866372	1040991	2863921	1042901
968	1502	6868	2	2561	2866372	1040991	2864050	1042072
969	1502	6869	2	2785	2866372	1040991	2863877	1042230
970	1503	1500	2	743	2865633	1040860	2866354	1041040
971	1503	6868	2	1993	2865633	1040860	2864050	1042072
972	1503	6869	2	2227	2865633	1040860	2863877	1042230
973	1504	1238	2	2804	2874221	1041224	2871417	1041235
974	1504	1240	2	2797	2874221	1041224	2871424	1041185
975	1504	1505	2	951	2874221	1041224	2873270	1041212
976	1504	1511	2	2185	2874221	1041224	2876389	1040951
977	1504	1512	2	2857	2874221	1041224	2877033	1040714
978	1504	1514	2	2803	2874221	1041224	2877022	1041111
979	1505	1238	2	1853	2873270	1041212	2871417	1041235
980	1505	1240	2	1846	2873270	1041212	2871424	1041185
981	1505	1506	2	1045	2873270	1041212	2874314	1041260
982	1506	1240	2	2890	2874314	1041260	2871424	1041185
983	1506	1505	2	1045	2874314	1041260	2873270	1041212
984	1506	1510	2	2054	2874314	1041260	2876338	1040907
985	1506	1511	2	2097	2874314	1041260	2876389	1040951
986	1506	1512	2	2773	2874314	1041260	2877033	1040714
987	1506	1514	2	2712	2874314	1041260	2877022	1041111
988	1506	3486	2	1681	2874314	1041260	2873277	1039936
989	1506	3487	2	1827	2874314	1041260	2873059	1039931
990	1506	3488	2	2289	2874314	1041260	2873143	1039293
991	1506	6879	2	1863	2874314	1041260	2873009	1039930
992	1507	1237	5	330	2873069	1041100	2873059	1040770
993	1507	5716	5	2374	2873069	1041100	2875160	1039974
994	1508	6208	5	2753	2879661	1041252	2876998	1041951
995	1509	1511	2	2224	2878612	1041029	2876389	1040951
996	1509	1512	2	1610	2878612	1041029	2877033	1040714
997	1509	1513	2	836	2878612	1041029	2877786	1040897
998	1509	1518	2	3165	2878612	1041029	2881757	1040667
999	1509	1519	2	2758	2878612	1041029	2881359	1040777
1000	1509	6343	2	1103	2878612	1041029	2879679	1040747
1001	1510	1504	2	2140	2876338	1040907	2874221	1041224
1002	1510	1506	2	2054	2876338	1040907	2874314	1041260
1003	1510	3484	2	2937	2876338	1040907	2877104	1038071
1004	1510	5717	2	1158	2876338	1040907	2877052	1039995
1005	1510	6202	2	2024	2876338	1040907	2878279	1040331
1006	1510	6342	2	926	2876338	1040907	2877044	1040307
1007	1511	1504	2	2185	2876389	1040951	2874221	1041224
1008	1511	1509	2	2224	2876389	1040951	2878612	1041029
1009	1511	1514	2	652	2876389	1040951	2877022	1041111
1010	1511	1515	2	1419	2876389	1040951	2877808	1040949
1011	1511	1516	2	2193	2876389	1040951	2878582	1040975
1012	1511	3480	2	2765	2876389	1040951	2878306	1042944
1013	1511	3481	2	2052	2876389	1040951	2876970	1042920
1014	1511	4851	2	3158	2876389	1040951	2876953	1044059
1015	1511	6208	2	1170	2876389	1040951	2876998	1041951
1016	1511	6341	2	778	2876389	1040951	2877013	1041416
1017	1512	1504	2	2857	2877033	1040714	2874221	1041224
1018	1512	1506	2	2773	2877033	1040714	2874314	1041260
1019	1512	1509	2	1610	2877033	1040714	2878612	1041029
1020	1512	1510	2	721	2877033	1040714	2876338	1040907
1021	1512	1516	2	1570	2877033	1040714	2878582	1040975
1022	1513	1509	2	836	2877786	1040897	2878612	1041029
1023	1513	1510	2	1448	2877786	1040897	2876338	1040907
1024	1513	1512	2	774	2877786	1040897	2877033	1040714
1025	1513	3484	2	2907	2877786	1040897	2877104	1038071
1026	1513	3485	2	3057	2877786	1040897	2875713	1038650
1027	1513	5716	2	2783	2877786	1040897	2875160	1039974
1028	1513	5717	2	1162	2877786	1040897	2877052	1039995
1029	1513	6342	2	947	2877786	1040897	2877044	1040307
1030	1514	1504	2	2803	2877022	1041111	2874221	1041224
1031	1514	1506	2	2712	2877022	1041111	2874314	1041260
1032	1514	1515	2	802	2877022	1041111	2877808	1040949
1033	1514	6208	5	840	2877022	1041111	2876998	1041951
1034	1515	1509	2	807	2877808	1040949	2878612	1041029
1035	1515	1516	2	774	2877808	1040949	2878582	1040975
1036	1515	3481	2	2141	2877808	1040949	2876970	1042920
1037	1515	6208	2	1288	2877808	1040949	2876998	1041951
1038	1515	6341	2	922	2877808	1040949	2877013	1041416
1039	1516	1511	2	2193	2878582	1040975	2876389	1040951
1040	1516	1512	2	1570	2878582	1040975	2877033	1040714
1041	1516	1513	2	799	2878582	1040975	2877786	1040897
1042	1516	1515	2	774	2878582	1040975	2877808	1040949
1043	1516	1519	2	2784	2878582	1040975	2881359	1040777
1044	1517	1518	2	576	2882276	1040417	2881757	1040667
1045	1517	1519	2	985	2882276	1040417	2881359	1040777
1046	1517	6345	2	1958	2882276	1040417	2884230	1040282
1047	1517	7157	2	279	2882276	1040417	2882519	1040555
1048	1517	7159	2	1045	2882276	1040417	2883319	1040490
1049	1518	1509	2	3165	2881757	1040667	2878612	1041029
1050	1518	1516	2	3189	2881757	1040667	2878582	1040975
1051	1518	1519	2	412	2881757	1040667	2881359	1040777
1052	1518	6343	2	2079	2881757	1040667	2879679	1040747
1053	1518	6344	2	1741	2881757	1040667	2883434	1040199
1054	1518	6345	2	2502	2881757	1040667	2884230	1040282
1055	1518	7159	2	1571	2881757	1040667	2883319	1040490
1056	1518	7160	2	1998	2881757	1040667	2883751	1040535
1057	1519	1516	2	2784	2881359	1040777	2878582	1040975
1058	1519	1517	2	985	2881359	1040777	2882276	1040417
1059	1519	1518	2	412	2881359	1040777	2881757	1040667
1060	1519	6343	2	1680	2881359	1040777	2879679	1040747
1061	1519	6344	2	2153	2881359	1040777	2883434	1040199
1062	1519	6345	2	2913	2881359	1040777	2884230	1040282
1063	1519	7157	2	1181	2881359	1040777	2882519	1040555
1064	1519	7158	2	486	2881359	1040777	2881845	1040789
1065	1519	7159	2	1980	2881359	1040777	2883319	1040490
1066	1519	7160	2	2404	2881359	1040777	2883751	1040535
1067	1520	2906	2	3071	2860007	1045020	2858423	1042388
1068	1520	4735	2	2082	2860007	1045020	2858083	1044222
1069	1520	4736	2	2662	2860007	1045020	2857923	1043363
1070	1521	1520	2	513	2859840	1044534	2860007	1045020
1071	1522	1494	2	358	2860232	1044330	2860039	1044028
1072	1522	1495	2	3149	2860232	1044330	2859175	1041363
1073	1522	1523	2	875	2860232	1044330	2860111	1043463
1074	1522	6865	2	594	2860232	1044330	2860100	1043750
1075	1523	1494	2	569	2860111	1043463	2860039	1044028
1076	1523	1524	2	1385	2860111	1043463	2860062	1044848
1077	1523	3535	2	369	2860111	1043463	2860260	1043125
1078	1523	3536	2	865	2860111	1043463	2860324	1044302
1079	1524	1494	2	820	2860062	1044848	2860039	1044028
1080	1524	1522	2	545	2860062	1044848	2860232	1044330
1081	1524	1523	2	1385	2860062	1044848	2860111	1043463
1082	1524	2908	2	1734	2860062	1044848	2859800	1043133
1083	1524	3535	2	1734	2860062	1044848	2860260	1043125
1084	1524	3536	2	605	2860062	1044848	2860324	1044302
1085	1524	6865	2	1098	2860062	1044848	2860100	1043750
1086	1525	1536	2	2377	2860259	1056560	2860396	1054186
1087	1525	1541	2	751	2860259	1056560	2860281	1057311
1088	1525	1542	2	548	2860259	1056560	2860239	1057108
1089	1526	1536	2	1341	2860104	1055495	2860396	1054186
1090	1527	1528	2	224	2860581	1049166	2860537	1048946
1091	1527	1529	2	2055	2860581	1049166	2860455	1051218
1092	1527	4829	2	2119	2860581	1049166	2862059	1047647
1093	1527	6211	2	2163	2860581	1049166	2862450	1050255
1094	1528	1527	2	224	2860537	1048946	2860581	1049166
1095	1528	1529	2	2273	2860537	1048946	2860455	1051218
1096	1528	1531	2	1248	2860537	1048946	2860775	1050172
1097	1528	1532	2	2214	2860537	1048946	2860507	1051160
1098	1528	4829	2	2000	2860537	1048946	2862059	1047647
1099	1528	6211	2	2317	2860537	1048946	2862450	1050255
1100	1529	1527	2	2055	2860455	1051218	2860581	1049166
1101	1529	1531	2	1093	2860455	1051218	2860775	1050172
1102	1529	6211	2	2215	2860455	1051218	2862450	1050255
1103	1531	1527	2	1024	2860775	1050172	2860581	1049166
1104	1531	1528	2	1248	2860775	1050172	2860537	1048946
1105	1531	1529	2	1093	2860775	1050172	2860455	1051218
1106	1532	1527	2	1995	2860507	1051160	2860581	1049166
1107	1532	1528	2	2214	2860507	1051160	2860537	1048946
1108	1532	1531	2	1023	2860507	1051160	2860775	1050172
1109	1532	4753	2	2953	2860507	1051160	2862877	1052923
1110	1532	6211	2	2143	2860507	1051160	2862450	1050255
1111	1534	7011	7	1741	2773186	1046823	2771446	1046886
1112	1535	1525	2	3071	2860372	1053491	2860259	1056560
1113	1535	1536	2	695	2860372	1053491	2860396	1054186
1114	1535	1540	2	3018	2860372	1053491	2860311	1056509
1115	1536	1525	2	2377	2860396	1054186	2860259	1056560
1116	1536	1526	2	1341	2860396	1054186	2860104	1055495
1117	1536	1535	2	695	2860396	1054186	2860372	1053491
1118	1536	1537	2	928	2860396	1054186	2860103	1055067
1119	1536	1541	2	3127	2860396	1054186	2860281	1057311
1120	1536	4756	2	2134	2860396	1054186	2858455	1055074
1121	1536	4758	2	2338	2860396	1054186	2858449	1055481
1122	1537	1536	2	928	2860103	1055067	2860396	1054186
1123	1538	1540	2	1465	2860559	1055065	2860311	1056509
1124	1538	1542	2	2067	2860559	1055065	2860239	1057108
1125	1539	1542	2	1637	2860544	1055499	2860239	1057108
1126	1540	1535	2	3018	2860311	1056509	2860372	1053491
1127	1540	1536	2	2324	2860311	1056509	2860396	1054186
1128	1540	1538	2	1465	2860311	1056509	2860559	1055065
1129	1540	1539	2	1036	2860311	1056509	2860544	1055499
1130	1540	1542	2	603	2860311	1056509	2860239	1057108
1131	1540	1544	2	2482	2860311	1056509	2860230	1058990
1132	1541	1525	2	751	2860281	1057311	2860259	1056560
1133	1541	1536	2	3127	2860281	1057311	2860396	1054186
1134	1541	1540	2	802	2860281	1057311	2860311	1056509
1135	1542	1538	2	2067	2860239	1057108	2860559	1055065
1136	1542	1539	2	1637	2860239	1057108	2860544	1055499
1137	1542	1540	2	603	2860239	1057108	2860311	1056509
1138	1542	1544	2	1882	2860239	1057108	2860230	1058990
1139	1543	2359	2	3164	2860430	1058163	2860187	1061318
1140	1544	1540	2	2482	2860230	1058990	2860311	1056509
1141	1544	1541	2	1679	2860230	1058990	2860281	1057311
1142	1544	1542	2	1882	2860230	1058990	2860239	1057108
1143	1544	2362	2	2433	2860230	1058990	2860134	1061422
1144	1544	6235	2	2749	2860230	1058990	2858122	1060756
1145	1545	2362	2	2298	2860177	1059124	2860134	1061422
1146	1545	2368	2	3120	2860177	1059124	2860116	1062244
1147	1545	6234	2	2174	2860177	1059124	2858244	1058129
1148	1545	6235	2	2624	2860177	1059124	2858122	1060756
1149	1546	6742	2	2795	2874634	1118435	2877429	1118509
1150	1547	5103	2	358	2873254	1109816	2873597	1109919
1151	1550	6996	2	1396	2834267	1108781	2834248	1110177
1152	1551	7020	2	516	2776110	1047211	2776188	1047722
1153	1551	7021	2	522	2776110	1047211	2775636	1047432
1154	1551	7022	2	1416	2776110	1047211	2774696	1047122
1155	1551	7023	2	2003	2776110	1047211	2774107	1047179
1156	1551	7043	2	2508	2776110	1047211	2778514	1047926
1157	1551	7045	2	2035	2776110	1047211	2777983	1048009
1158	1552	1555	2	877	2834265	1098797	2834198	1099672
1159	1552	1559	2	2620	2834265	1098797	2834317	1096177
1160	1552	1560	2	1492	2834265	1098797	2834294	1097305
1161	1552	1561	2	1263	2834265	1098797	2834672	1097601
1162	1553	1552	2	854	2834248	1099651	2834265	1098797
1163	1553	1560	2	2346	2834248	1099651	2834294	1097305
1164	1553	1561	2	2093	2834248	1099651	2834672	1097601
1165	1554	1556	2	1339	2833345	1100494	2834161	1101556
1166	1554	6351	5	433	2833345	1100494	2832926	1100604
1167	1554	6733	2	3152	2833345	1100494	2834086	1103558
1168	1555	1552	2	877	2834198	1099672	2834265	1098797
1169	1555	1561	2	2124	2834198	1099672	2834672	1097601
1170	1556	1554	2	1339	2834161	1101556	2833345	1100494
1171	1556	6732	2	2776	2834161	1101556	2832226	1103547
1172	1556	6733	2	2003	2834161	1101556	2834086	1103558
1173	1556	6997	2	2664	2834161	1101556	2833593	1104159
1174	1556	6999	2	2069	2834161	1101556	2833607	1103550
1175	1556	7000	2	2518	2834161	1101556	2833952	1104066
1176	1557	1558	2	1082	2834266	1096200	2834245	1097282
1177	1557	1564	2	3029	2834266	1096200	2834327	1093171
1178	1557	2832	2	3169	2834266	1096200	2832594	1093507
1179	1557	6353	2	1478	2834266	1096200	2833781	1097597
1180	1558	1555	2	2390	2834245	1097282	2834198	1099672
1181	1558	1563	2	3040	2834245	1097282	2834304	1094242
1182	1559	1552	2	2620	2834317	1096177	2834265	1098797
1183	1559	2830	2	3179	2834317	1096177	2834612	1093011
1184	1560	1553	2	2346	2834294	1097305	2834248	1099651
1185	1560	1559	2	1128	2834294	1097305	2834317	1096177
1186	1560	1561	2	480	2834294	1097305	2834672	1097601
1187	1561	1552	2	1263	2834672	1097601	2834265	1098797
1188	1561	1553	2	2093	2834672	1097601	2834248	1099651
1189	1561	1555	2	2124	2834672	1097601	2834198	1099672
1190	1561	1559	2	1467	2834672	1097601	2834317	1096177
1191	1562	1349	2	1135	2834365	1093786	2834388	1092651
1192	1562	1353	2	2355	2834365	1093786	2834569	1091439
1193	1563	1351	2	1985	2834304	1094242	2834344	1092257
1194	1563	1354	2	1842	2834304	1094242	2833254	1092728
1195	1563	1557	2	1958	2834304	1094242	2834266	1096200
1196	1563	1558	2	3040	2834304	1094242	2834245	1097282
1197	1563	1567	2	1886	2834304	1094242	2833218	1092700
1198	1563	2832	2	1861	2834304	1094242	2832594	1093507
1199	1563	5192	2	2018	2834304	1094242	2833123	1092605
1200	1563	6354	2	1271	2834304	1094242	2834023	1093002
1201	1564	1354	2	1160	2834327	1093171	2833254	1092728
1202	1564	1557	2	3029	2834327	1093171	2834266	1096200
1203	1564	1563	2	1071	2834327	1093171	2834304	1094242
1204	1564	1565	2	2357	2834327	1093171	2834234	1090815
1205	1564	1566	2	2164	2834327	1093171	2834080	1091021
1206	1564	1567	2	1204	2834327	1093171	2833218	1092700
1207	1564	2831	2	569	2834327	1093171	2833792	1092976
1208	1564	2832	2	1765	2834327	1093171	2832594	1093507
1209	1564	5192	2	1330	2834327	1093171	2833123	1092605
1210	1564	6354	2	347	2834327	1093171	2834023	1093002
1211	1565	1350	2	886	2834234	1090815	2834564	1089992
1212	1565	1351	2	1446	2834234	1090815	2834344	1092257
1213	1565	1352	2	895	2834234	1090815	2834612	1090003
1214	1565	1353	7	708	2834234	1090815	2834569	1091439
1215	1565	1564	2	2357	2834234	1090815	2834327	1093171
1216	1565	1566	7	257	2834234	1090815	2834080	1091021
1217	1565	6873	2	2798	2834234	1090815	2835020	1088129
1218	1565	6874	2	2527	2834234	1090815	2834945	1088390
1219	1566	1351	2	1263	2834080	1091021	2834344	1092257
1220	1566	1352	2	1148	2834080	1091021	2834612	1090003
1221	1566	1353	7	643	2834080	1091021	2834569	1091439
1222	1566	1564	2	2164	2834080	1091021	2834327	1093171
1223	1566	6873	2	3040	2834080	1091021	2835020	1088129
1224	1566	6874	2	2769	2834080	1091021	2834945	1088390
1225	1567	1350	2	3024	2833218	1092700	2834564	1089992
1226	1567	1351	2	1210	2833218	1092700	2834344	1092257
1227	1567	1352	2	3035	2833218	1092700	2834612	1090003
1228	1567	1563	2	1886	2833218	1092700	2834304	1094242
1229	1567	1564	2	1204	2833218	1092700	2834327	1093171
1230	1567	2831	5	636	2833218	1092700	2833792	1092976
1231	1570	1582	2	1861	2834684	1063788	2835202	1062000
1232	1570	1583	2	1804	2834684	1063788	2834874	1061994
1233	1570	1585	2	1851	2834684	1063788	2834854	1061944
1234	1570	1588	2	976	2834684	1063788	2835022	1062872
1235	1570	1589	2	1626	2834684	1063788	2835059	1062205
1236	1570	4702	2	1933	2834684	1063788	2834817	1065717
1237	1570	4703	2	2821	2834684	1063788	2837489	1063485
1238	1570	6241	2	1587	2834684	1063788	2836271	1063766
1239	1570	6356	2	296	2834684	1063788	2834977	1063742
1240	1570	7106	2	2587	2834684	1063788	2834800	1066373
1241	1571	1297	2	581	2833408	1062009	2833986	1061945
1242	1571	1575	2	1794	2833408	1062009	2831614	1062048
1243	1571	1584	2	857	2833408	1062009	2834263	1061943
1244	1571	6243	2	2104	2833408	1062009	2831593	1063074
1245	1571	6700	2	2263	2833408	1062009	2831148	1062130
1246	1573	1295	2	2107	2830391	1060456	2831890	1061937
1247	1573	1574	2	2067	2830391	1060456	2831748	1062016
1248	1574	1296	2	2035	2831748	1062016	2830441	1060456
1249	1574	1571	2	1660	2831748	1062016	2833408	1062009
1250	1574	1573	2	2067	2831748	1062016	2830391	1060456
1251	1574	1590	2	1237	2831748	1062016	2830574	1061625
1252	1574	6243	2	1069	2831748	1062016	2831593	1063074
1253	1574	6700	2	610	2831748	1062016	2831148	1062130
1254	1575	1295	2	297	2831614	1062048	2831890	1061937
1255	1575	1571	2	1794	2831614	1062048	2833408	1062009
1256	1576	1577	7	404	2835037	1061417	2834914	1061032
1257	1576	1586	7	315	2835037	1061417	2835012	1061732
1258	1577	1576	7	404	2834914	1061032	2835037	1061417
1259	1577	1586	7	706	2834914	1061032	2835012	1061732
1260	1578	1579	2	1532	2837591	1061993	2836059	1061965
1261	1578	1580	2	216	2837591	1061993	2837800	1062048
1262	1578	1581	2	1412	2837591	1061993	2836179	1062017
1263	1578	1582	2	2389	2837591	1061993	2835202	1062000
1264	1578	1583	2	2717	2837591	1061993	2834874	1061994
1265	1578	1585	2	2737	2837591	1061993	2834854	1061944
1266	1578	6936	2	914	2837591	1061993	2838503	1062054
1267	1578	6937	2	2788	2837591	1061993	2840378	1062085
1268	1578	6939	2	2360	2837591	1061993	2839950	1062081
1269	1578	6941	2	2555	2837591	1061993	2840146	1062029
1270	1578	6942	2	1617	2837591	1061993	2839208	1062014
1271	1578	6945	2	2727	2837591	1061993	2840318	1062033
1272	1578	6946	2	1725	2837591	1061993	2839315	1062065
1273	1578	6947	2	2705	2837591	1061993	2840106	1062991
1274	1579	1580	2	1742	2836059	1061965	2837800	1062048
1275	1579	1582	2	857	2836059	1061965	2835202	1062000
1276	1579	1583	2	1185	2836059	1061965	2834874	1061994
1277	1579	1585	2	1205	2836059	1061965	2834854	1061944
1278	1579	6935	2	2697	2836059	1061965	2838756	1062008
1279	1579	6936	2	2445	2836059	1061965	2838503	1062054
1280	1579	6942	2	3149	2836059	1061965	2839208	1062014
1281	1580	1578	2	216	2837800	1062048	2837591	1061993
1282	1580	1579	2	1742	2837800	1062048	2836059	1061965
1283	1580	1582	2	2598	2837800	1062048	2835202	1062000
1284	1580	1583	2	2926	2837800	1062048	2834874	1061994
1285	1580	1585	2	2947	2837800	1062048	2834854	1061944
1286	1580	6935	2	956	2837800	1062048	2838756	1062008
1287	1580	6936	2	703	2837800	1062048	2838503	1062054
1288	1580	6937	2	2578	2837800	1062048	2840378	1062085
1289	1580	6939	2	2150	2837800	1062048	2839950	1062081
1290	1580	6941	2	2346	2837800	1062048	2840146	1062029
1291	1580	6942	2	1408	2837800	1062048	2839208	1062014
1292	1580	6945	2	2518	2837800	1062048	2840318	1062033
1293	1580	6946	2	1515	2837800	1062048	2839315	1062065
1294	1581	1578	2	1412	2836179	1062017	2837591	1061993
1295	1581	1580	2	1621	2836179	1062017	2837800	1062048
1296	1581	1583	2	1305	2836179	1062017	2834874	1061994
1297	1581	1585	2	1327	2836179	1062017	2834854	1061944
1298	1581	6935	2	2577	2836179	1062017	2838756	1062008
1299	1581	6936	2	2324	2836179	1062017	2838503	1062054
1300	1581	6942	2	3029	2836179	1062017	2839208	1062014
1301	1581	6946	2	3136	2836179	1062017	2839315	1062065
1302	1582	1298	2	1748	2835202	1062000	2834849	1063712
1303	1582	1570	2	1861	2835202	1062000	2834684	1063788
1304	1582	1578	2	2389	2835202	1062000	2837591	1061993
1305	1582	1579	2	857	2835202	1062000	2836059	1061965
1306	1582	1580	2	2598	2835202	1062000	2837800	1062048
1307	1582	1581	2	977	2835202	1062000	2836179	1062017
1308	1582	1585	2	352	2835202	1062000	2834854	1061944
1309	1582	1587	2	232	2835202	1062000	2835009	1062130
1310	1582	1588	2	890	2835202	1062000	2835022	1062872
1311	1582	1589	2	249	2835202	1062000	2835059	1062205
1312	1582	6356	2	1756	2835202	1062000	2834977	1063742
1313	1583	1298	2	1718	2834874	1061994	2834849	1063712
1314	1583	1570	2	1804	2834874	1061994	2834684	1063788
1315	1583	1578	2	2717	2834874	1061994	2837591	1061993
1316	1583	1579	2	1185	2834874	1061994	2836059	1061965
1317	1583	1580	2	2926	2834874	1061994	2837800	1062048
1318	1583	1581	2	1305	2834874	1061994	2836179	1062017
1319	1583	1582	2	328	2834874	1061994	2835202	1062000
1320	1584	1295	2	2373	2834263	1061943	2831890	1061937
1321	1584	1297	2	277	2834263	1061943	2833986	1061945
1322	1584	1571	2	857	2834263	1061943	2833408	1062009
1323	1585	1298	2	1768	2834854	1061944	2834849	1063712
1324	1585	1570	2	1851	2834854	1061944	2834684	1063788
1325	1585	1578	2	2737	2834854	1061944	2837591	1061993
1326	1585	1580	2	2947	2834854	1061944	2837800	1062048
1327	1585	1581	2	1327	2834854	1061944	2836179	1062017
1328	1585	1582	2	352	2834854	1061944	2835202	1062000
1329	1585	1587	2	242	2834854	1061944	2835009	1062130
1330	1585	1588	2	943	2834854	1061944	2835022	1062872
1331	1585	1589	2	331	2834854	1061944	2835059	1062205
1332	1585	4703	2	3052	2834854	1061944	2837489	1063485
1333	1585	6241	2	2308	2834854	1061944	2836271	1063766
1334	1585	6356	2	1802	2834854	1061944	2834977	1063742
1335	1586	1576	7	315	2835012	1061732	2835037	1061417
1336	1587	1298	2	1590	2835009	1062130	2834849	1063712
1337	1587	1570	2	1689	2835009	1062130	2834684	1063788
1338	1587	1582	2	232	2835009	1062130	2835202	1062000
1339	1587	1585	2	242	2835009	1062130	2834854	1061944
1340	1587	1588	7	742	2835009	1062130	2835022	1062872
1341	1587	6356	5	1612	2835009	1062130	2834977	1063742
1342	1588	1570	2	976	2835022	1062872	2834684	1063788
1343	1588	1582	2	890	2835022	1062872	2835202	1062000
1344	1588	1585	2	943	2835022	1062872	2834854	1061944
1345	1588	1587	7	742	2835022	1062872	2835009	1062130
1346	1588	1589	7	668	2835022	1062872	2835059	1062205
1347	1588	6356	5	871	2835022	1062872	2834977	1063742
1348	1589	1298	2	1521	2835059	1062205	2834849	1063712
1349	1589	1570	2	1626	2835059	1062205	2834684	1063788
1350	1589	1585	2	331	2835059	1062205	2834854	1061944
1351	1589	6356	5	1539	2835059	1062205	2834977	1063742
1352	1590	1295	2	1352	2830574	1061625	2831890	1061937
1353	1590	1574	2	1237	2830574	1061625	2831748	1062016
1354	1590	6700	7	764	2830574	1061625	2831148	1062130
1355	1591	1592	2	1198	2828522	1059475	2827424	1058995
1356	1591	1594	2	1199	2828522	1059475	2829370	1060324
1357	1591	1596	2	1090	2828522	1059475	2827496	1059106
1358	1591	1597	2	2557	2828522	1059475	2826148	1058525
1359	1591	1606	2	2637	2828522	1059475	2826086	1058463
1360	1591	6359	5	1188	2828522	1059475	2828101	1060586
1361	1591	6360	5	728	2828522	1059475	2828192	1060125
1362	1591	6849	2	1522	2828522	1059475	2829645	1060503
1363	1591	6850	2	1484	2828522	1059475	2829646	1060444
1364	1592	1594	2	2356	2827424	1058995	2829370	1060324
1365	1592	1595	2	1237	2827424	1058995	2828341	1059826
1366	1592	1597	2	1359	2827424	1058995	2826148	1058525
1367	1592	1600	2	2806	2827424	1058995	2824622	1058843
1368	1592	1606	2	1439	2827424	1058995	2826086	1058463
1369	1592	1607	2	2827	2827424	1058995	2824650	1058446
1370	1592	5980	2	2900	2827424	1058995	2824529	1059168
1371	1592	6359	2	1729	2827424	1058995	2828101	1060586
1372	1592	6360	2	1366	2827424	1058995	2828192	1060125
1373	1592	6848	2	2897	2827424	1058995	2829642	1060859
1374	1592	6849	2	2684	2827424	1058995	2829645	1060503
1375	1592	6850	2	2652	2827424	1058995	2829646	1060444
1376	1593	1591	2	1283	2829476	1060333	2828522	1059475
1377	1593	1592	2	2449	2829476	1060333	2827424	1058995
1378	1593	1595	2	1243	2829476	1060333	2828341	1059826
1379	1593	1596	2	2329	2829476	1060333	2827496	1059106
1380	1593	6359	2	1398	2829476	1060333	2828101	1060586
1381	1593	6360	2	1300	2829476	1060333	2828192	1060125
1382	1593	6849	2	239	2829476	1060333	2829645	1060503
1383	1594	1591	2	1199	2829370	1060324	2828522	1059475
1384	1594	1592	2	2356	2829370	1060324	2827424	1058995
1385	1594	6359	2	1295	2829370	1060324	2828101	1060586
1386	1594	6360	2	1194	2829370	1060324	2828192	1060125
1387	1594	6849	2	328	2829370	1060324	2829645	1060503
1388	1594	6850	2	300	2829370	1060324	2829646	1060444
1389	1594	6851	2	1895	2829370	1060324	2829666	1058452
1390	1595	1592	2	1237	2828341	1059826	2827424	1058995
1391	1595	1593	2	1243	2828341	1059826	2829476	1060333
1392	1595	1594	2	1143	2828341	1059826	2829370	1060324
1393	1595	1597	2	2549	2828341	1059826	2826148	1058525
1394	1595	1606	2	2634	2828341	1059826	2826086	1058463
1395	1595	6359	5	796	2828341	1059826	2828101	1060586
1396	1595	6849	2	1469	2828341	1059826	2829645	1060503
1397	1595	6850	2	1443	2828341	1059826	2829646	1060444
1398	1596	1591	2	1090	2827496	1059106	2828522	1059475
1399	1596	1593	2	2329	2827496	1059106	2829476	1060333
1400	1596	1594	2	2235	2827496	1059106	2829370	1060324
1401	1596	1595	2	1110	2827496	1059106	2828341	1059826
1402	1596	1600	2	2886	2827496	1059106	2824622	1058843
1403	1596	1606	2	1549	2827496	1059106	2826086	1058463
1404	1596	1607	2	2921	2827496	1059106	2824650	1058446
1405	1596	6359	2	1598	2827496	1059106	2828101	1060586
1406	1596	6360	2	1234	2827496	1059106	2828192	1060125
1407	1596	6848	2	2770	2827496	1059106	2829642	1060859
1408	1596	6849	2	2563	2827496	1059106	2829645	1060503
1409	1596	6850	2	2532	2827496	1059106	2829646	1060444
1410	1597	1591	2	2557	2826148	1058525	2828522	1059475
1411	1597	1592	2	1359	2826148	1058525	2827424	1058995
1412	1597	1595	2	2549	2826148	1058525	2828341	1059826
1413	1597	1596	2	1467	2826148	1058525	2827496	1059106
1414	1597	1598	2	2577	2826148	1058525	2823689	1059297
1415	1597	1601	2	2263	2826148	1058525	2823975	1059158
1416	1597	1604	2	2501	2826148	1058525	2823653	1058706
1417	1597	1607	2	1500	2826148	1058525	2824650	1058446
1418	1597	4623	2	2167	2826148	1058525	2824660	1060101
1419	1597	5979	2	1235	2826148	1058525	2825487	1059569
1420	1597	5980	2	1742	2826148	1058525	2824529	1059168
1421	1597	6358	2	1865	2826148	1058525	2824620	1059595
1422	1597	6360	2	2595	2826148	1058525	2828192	1060125
1423	1598	1597	2	2577	2823689	1059297	2826148	1058525
1424	1598	1606	2	2537	2823689	1059297	2826086	1058463
1425	1599	1598	2	974	2822748	1059045	2823689	1059297
1426	1599	1600	2	1884	2822748	1059045	2824622	1058843
1427	1599	1601	2	1232	2822748	1059045	2823975	1059158
1428	1599	1604	2	966	2822748	1059045	2823653	1058706
1429	1599	1605	2	845	2822748	1059045	2822256	1058358
1430	1599	1607	2	1994	2822748	1059045	2824650	1058446
1431	1599	1608	2	3003	2822748	1059045	2821823	1056187
1432	1599	4623	2	2184	2822748	1059045	2824660	1060101
1433	1599	4644	2	1424	2822748	1059045	2822656	1057623
1434	1599	5979	2	2788	2822748	1059045	2825487	1059569
1435	1599	5980	2	1785	2822748	1059045	2824529	1059168
1436	1599	6358	2	1951	2822748	1059045	2824620	1059595
1437	1599	6361	2	1613	2822748	1059045	2821996	1057618
1438	1599	6710	2	2018	2822748	1059045	2823339	1060975
1439	1599	7355	2	1388	2822748	1059045	2823344	1060299
1440	1600	1592	2	2806	2824622	1058843	2827424	1058995
1441	1600	1596	2	2886	2824622	1058843	2827496	1059106
1442	1600	1597	2	1558	2824622	1058843	2826148	1058525
1443	1600	1599	2	1884	2824622	1058843	2822748	1059045
1444	1600	1606	2	1512	2824622	1058843	2826086	1058463
1445	1601	1597	2	2263	2823975	1059158	2826148	1058525
1446	1601	1599	2	1232	2823975	1059158	2822748	1059045
1447	1601	1605	5	1896	2823975	1059158	2822256	1058358
1448	1601	1606	2	2222	2823975	1059158	2826086	1058463
1449	1601	5980	5	554	2823975	1059158	2824529	1059168
1450	1601	6358	5	779	2823975	1059158	2824620	1059595
1451	1602	2622	5	365	2837654	1020998	2837533	1020653
1452	1602	2624	5	474	2837654	1020998	2837712	1020527
1453	1602	6499	5	690	2837654	1020998	2837599	1020310
1454	1602	6501	5	292	2837654	1020998	2837865	1020795
1455	1602	7279	2	1607	2837654	1020998	2836735	1019679
1456	1603	1609	2	1594	2822027	1060175	2822156	1058586
1457	1603	5972	5	673	2822027	1060175	2822017	1060848
1458	1604	1597	2	2501	2823653	1058706	2826148	1058525
1459	1604	1599	2	966	2823653	1058706	2822748	1059045
1460	1604	1606	2	2445	2823653	1058706	2826086	1058463
1461	1604	4623	5	1720	2823653	1058706	2824660	1060101
1462	1604	5980	5	990	2823653	1058706	2824529	1059168
1463	1604	6358	5	1313	2823653	1058706	2824620	1059595
1464	1605	1599	2	845	2822256	1058358	2822748	1059045
1465	1605	1601	5	1896	2822256	1058358	2823975	1059158
1466	1605	1608	2	2213	2822256	1058358	2821823	1056187
1467	1605	1609	2	248	2822256	1058358	2822156	1058586
1468	1605	5980	5	2413	2822256	1058358	2824529	1059168
1469	1605	6358	5	2668	2822256	1058358	2824620	1059595
1470	1606	1591	2	2637	2826086	1058463	2828522	1059475
1471	1606	1595	2	2634	2826086	1058463	2828341	1059826
1472	1606	1596	2	1549	2826086	1058463	2827496	1059106
1473	1606	1598	2	2537	2826086	1058463	2823689	1059297
1474	1606	1600	2	1512	2826086	1058463	2824622	1058843
1475	1606	1601	2	2222	2826086	1058463	2823975	1059158
1476	1606	1604	2	2445	2826086	1058463	2823653	1058706
1477	1606	1607	2	1436	2826086	1058463	2824650	1058446
1478	1606	4623	2	2171	2826086	1058463	2824660	1060101
1479	1606	5979	2	1257	2826086	1058463	2825487	1059569
1480	1606	5980	2	1709	2826086	1058463	2824529	1059168
1481	1606	6358	2	1852	2826086	1058463	2824620	1059595
1482	1606	6360	2	2682	2826086	1058463	2828192	1060125
1483	1607	1592	2	2827	2824650	1058446	2827424	1058995
1484	1607	1596	2	2921	2824650	1058446	2827496	1059106
1485	1607	1597	2	1500	2824650	1058446	2826148	1058525
1486	1607	1599	2	1994	2824650	1058446	2822748	1059045
1487	1607	1609	2	2497	2824650	1058446	2822156	1058586
1488	1608	1599	2	3003	2821823	1056187	2822748	1059045
1489	1608	1609	2	2422	2821823	1056187	2822156	1058586
1490	1608	4508	2	2815	2821823	1056187	2819382	1057591
1491	1608	4626	2	3083	2821823	1056187	2819132	1054682
1492	1608	4641	2	2906	2821823	1056187	2824720	1056422
1493	1608	4643	2	2103	2821823	1056187	2823355	1057628
1494	1608	4644	2	1660	2821823	1056187	2822656	1057623
1495	1608	5962	2	2654	2821823	1056187	2820158	1054119
1496	1608	5968	2	1763	2821823	1056187	2820520	1054998
1497	1608	5969	2	1880	2821823	1056187	2820586	1057603
1498	1608	6361	2	1441	2821823	1056187	2821996	1057618
1499	1609	1603	2	1594	2822156	1058586	2822027	1060175
1500	1609	1605	2	248	2822156	1058586	2822256	1058358
1501	1609	1607	2	2497	2822156	1058586	2824650	1058446
1502	1609	1608	2	2422	2822156	1058586	2821823	1056187
1503	1609	1610	2	1477	2822156	1058586	2822030	1060058
1504	1609	4508	2	2947	2822156	1058586	2819382	1057591
1505	1609	4642	2	2696	2822156	1058586	2824680	1057638
1506	1609	4643	2	1534	2822156	1058586	2823355	1057628
1507	1609	4644	2	1085	2822156	1058586	2822656	1057623
1508	1609	5969	2	1852	2822156	1058586	2820586	1057603
1509	1609	5972	2	2266	2822156	1058586	2822017	1060848
1510	1609	6361	2	981	2822156	1058586	2821996	1057618
1511	1609	7386	2	1707	2822156	1058586	2822025	1060288
1512	1610	5972	5	790	2822030	1060058	2822017	1060848
1513	1610	7386	5	230	2822030	1060058	2822025	1060288
1514	1611	6600	5	553	2837926	1021910	2838240	1021454
1515	1611	7279	2	2529	2837926	1021910	2836735	1019679
1516	1612	1613	2	628	2822289	1054391	2822023	1054960
1517	1612	4641	2	3167	2822289	1054391	2824720	1056422
1518	1612	5962	2	2148	2822289	1054391	2820158	1054119
1519	1612	6364	2	670	2822289	1054391	2822021	1055006
1520	1612	6366	2	624	2822289	1054391	2822386	1055008
1521	1612	6367	2	1351	2822289	1054391	2822014	1055714
1522	1613	1614	2	2607	2822023	1054960	2820964	1052577
1523	1613	1615	2	2897	2822023	1054960	2820868	1052303
1524	1614	1613	2	2607	2820964	1052577	2822023	1054960
1525	1614	1615	2	290	2820964	1052577	2820868	1052303
1526	1614	1616	2	676	2820964	1052577	2820742	1051938
1527	1614	1617	2	1084	2820964	1052577	2820315	1051708
1528	1614	1619	2	1083	2820964	1052577	2820550	1051576
1529	1614	1621	2	1450	2820964	1052577	2820367	1051255
1530	1614	3697	2	773	2820964	1052577	2820982	1051804
1531	1614	3698	2	1146	2820964	1052577	2820783	1051445
1532	1614	4627	2	397	2820964	1052577	2821343	1052456
1533	1614	4628	2	1040	2820964	1052577	2821772	1053233
1534	1614	4630	2	2666	2820964	1052577	2823606	1052220
1535	1614	4631	2	1607	2820964	1052577	2822556	1052800
1536	1614	4632	2	2844	2820964	1052577	2823800	1052796
1537	1614	4633	2	3047	2820964	1052577	2823794	1053707
1538	1614	6364	2	2649	2820964	1052577	2822021	1055006
1539	1614	6365	2	1686	2820964	1052577	2822236	1053685
1540	1614	6366	2	2816	2820964	1052577	2822386	1055008
1541	1614	6368	2	964	2820964	1052577	2821443	1053414
1542	1615	1613	2	2897	2820868	1052303	2822023	1054960
1543	1615	1614	2	290	2820868	1052303	2820964	1052577
1544	1615	1616	2	386	2820868	1052303	2820742	1051938
1545	1615	1617	2	812	2820868	1052303	2820315	1051708
1546	1615	1618	2	1275	2820868	1052303	2820291	1051166
1547	1615	1619	2	793	2820868	1052303	2820550	1051576
1548	1615	1620	2	422	2820868	1052303	2820521	1052062
1549	1615	1621	2	1161	2820868	1052303	2820367	1051255
1550	1615	3697	2	511	2820868	1052303	2820982	1051804
1551	1615	3698	2	862	2820868	1052303	2820783	1051445
1552	1615	4627	2	499	2820868	1052303	2821343	1052456
1553	1615	4628	2	1296	2820868	1052303	2821772	1053233
1554	1615	4631	2	1759	2820868	1052303	2822556	1052800
1555	1615	4632	2	2973	2820868	1052303	2823800	1052796
1556	1615	6364	2	2938	2820868	1052303	2822021	1055006
1557	1615	6365	2	1944	2820868	1052303	2822236	1053685
1558	1615	6366	2	3101	2820868	1052303	2822386	1055008
1559	1615	6368	2	1250	2820868	1052303	2821443	1053414
1560	1616	1614	2	676	2820742	1051938	2820964	1052577
1561	1616	1618	2	894	2820742	1051938	2820291	1051166
1562	1616	1621	2	779	2820742	1051938	2820367	1051255
1563	1616	1622	2	2935	2820742	1051938	2819494	1049281
1564	1616	3697	5	274	2820742	1051938	2820982	1051804
1565	1617	1614	2	1084	2820315	1051708	2820964	1052577
1566	1617	1615	2	812	2820315	1051708	2820868	1052303
1567	1617	1621	2	455	2820315	1051708	2820367	1051255
1568	1617	1622	2	2562	2820315	1051708	2819494	1049281
1569	1617	1632	2	2981	2820315	1051708	2819250	1048923
1570	1617	3698	5	536	2820315	1051708	2820783	1051445
1571	1618	1614	2	1563	2820291	1051166	2820964	1052577
1572	1618	1615	2	1275	2820291	1051166	2820868	1052303
1573	1618	1616	2	894	2820291	1051166	2820742	1051938
1574	1618	1617	2	542	2820291	1051166	2820315	1051708
1575	1618	1619	2	484	2820291	1051166	2820550	1051576
1576	1618	1620	2	925	2820291	1051166	2820521	1052062
1577	1618	1623	2	2923	2820291	1051166	2818736	1048690
1578	1618	1624	2	3180	2820291	1051166	2818729	1048396
1579	1618	1632	2	2472	2820291	1051166	2819250	1048923
1580	1618	1633	2	2935	2820291	1051166	2819033	1048514
1581	1618	3697	2	940	2820291	1051166	2820982	1051804
1582	1618	3698	2	565	2820291	1051166	2820783	1051445
1583	1618	3699	2	2804	2820291	1051166	2819875	1048393
1584	1618	3700	2	2998	2820291	1051166	2819373	1048312
1585	1618	3705	2	3093	2820291	1051166	2817966	1049125
1586	1618	4627	2	1664	2820291	1051166	2821343	1052456
1587	1618	4628	2	2542	2820291	1051166	2821772	1053233
1588	1618	6365	2	3182	2820291	1051166	2822236	1053685
1589	1618	6368	2	2525	2820291	1051166	2821443	1053414
1590	1618	6369	2	3073	2820291	1051166	2819874	1048121
1591	1619	1614	2	1083	2820550	1051576	2820964	1052577
1592	1619	1615	2	793	2820550	1051576	2820868	1052303
1593	1619	1617	5	269	2820550	1051576	2820315	1051708
1594	1619	1618	2	484	2820550	1051576	2820291	1051166
1595	1619	1621	2	369	2820550	1051576	2820367	1051255
1596	1619	1622	2	2526	2820550	1051576	2819494	1049281
1597	1619	1632	2	2954	2820550	1051576	2819250	1048923
1598	1620	1614	2	679	2820521	1052062	2820964	1052577
1599	1620	1615	2	422	2820521	1052062	2820868	1052303
1600	1620	1616	5	253	2820521	1052062	2820742	1051938
1601	1620	1618	2	925	2820521	1052062	2820291	1051166
1602	1620	1621	2	821	2820521	1052062	2820367	1051255
1603	1620	1622	2	2964	2820521	1052062	2819494	1049281
1604	1620	3697	5	528	2820521	1052062	2820982	1051804
1605	1620	4628	5	1713	2820521	1052062	2821772	1053233
1606	1620	6365	5	2361	2820521	1052062	2822236	1053685
1607	1620	6368	5	1636	2820521	1052062	2821443	1053414
1608	1621	1614	2	1450	2820367	1051255	2820964	1052577
1609	1621	1616	2	779	2820367	1051255	2820742	1051938
1610	1621	1617	2	455	2820367	1051255	2820315	1051708
1611	1621	1620	2	821	2820367	1051255	2820521	1052062
1612	1621	1622	2	2158	2820367	1051255	2819494	1049281
1613	1621	1623	2	3039	2820367	1051255	2818736	1048690
1614	1621	1632	2	2585	2820367	1051255	2819250	1048923
1615	1621	1633	2	3048	2820367	1051255	2819033	1048514
1616	1621	3697	2	824	2820367	1051255	2820982	1051804
1617	1621	3698	2	457	2820367	1051255	2820783	1051445
1618	1621	3699	2	2903	2820367	1051255	2819875	1048393
1619	1621	3700	2	3106	2820367	1051255	2819373	1048312
1620	1621	4627	2	1547	2820367	1051255	2821343	1052456
1621	1621	4628	2	2426	2820367	1051255	2821772	1053233
1622	1621	6365	2	3065	2820367	1051255	2822236	1053685
1623	1621	6368	2	2412	2820367	1051255	2821443	1053414
1624	1621	6369	2	3172	2820367	1051255	2819874	1048121
1625	1622	1616	2	2935	2819494	1049281	2820742	1051938
1626	1622	1617	2	2562	2819494	1049281	2820315	1051708
1627	1622	1618	2	2046	2819494	1049281	2820291	1051166
1628	1622	1619	2	2526	2819494	1049281	2820550	1051576
1629	1622	1620	2	2964	2819494	1049281	2820521	1052062
1630	1622	1621	2	2158	2819494	1049281	2820367	1051255
1631	1622	1625	2	1618	2819494	1049281	2818416	1048074
1632	1622	1626	2	2130	2819494	1049281	2818158	1047621
1633	1622	1627	2	1914	2819494	1049281	2818074	1047997
1634	1622	1632	2	433	2819494	1049281	2819250	1048923
1635	1622	1633	2	894	2819494	1049281	2819033	1048514
1636	1622	1634	2	1779	2819494	1049281	2818604	1047740
1637	1622	1635	2	2102	2819494	1049281	2817644	1048283
1638	1622	1636	2	1987	2819494	1049281	2818478	1047573
1639	1622	1637	2	1661	2819494	1049281	2818710	1047816
1640	1622	1638	2	1547	2819494	1049281	2819178	1047766
1641	1622	1639	2	1582	2819494	1049281	2819489	1047699
1642	1622	1643	2	1312	2819494	1049281	2819488	1047969
1643	1622	1644	2	1611	2819494	1049281	2818729	1047863
1644	1622	1653	2	2947	2819494	1049281	2818023	1046727
1645	1622	1655	2	1906	2819494	1049281	2818272	1047818
1646	1622	1658	2	1397	2819494	1049281	2818484	1048315
1647	1622	1659	2	1709	2819494	1049281	2818469	1047913
1648	1622	3697	2	2929	2819494	1049281	2820982	1051804
1649	1622	3698	2	2518	2819494	1049281	2820783	1051445
1650	1622	3699	2	966	2819494	1049281	2819875	1048393
1651	1622	3700	2	976	2819494	1049281	2819373	1048312
1652	1622	3701	2	2018	2819494	1049281	2819491	1047263
1653	1622	3702	2	2383	2819494	1049281	2817398	1048147
1654	1622	3703	2	2524	2819494	1049281	2817316	1048005
1655	1622	3704	2	2182	2819494	1049281	2817518	1048354
1656	1622	3705	2	1535	2819494	1049281	2817966	1049125
1657	1622	3708	2	2412	2819494	1049281	2817125	1048827
1658	1622	3711	2	2874	2819494	1049281	2817118	1047664
1659	1622	3712	2	3088	2819494	1049281	2816676	1048018
1660	1622	6369	2	1220	2819494	1049281	2819874	1048121
1661	1622	6371	2	1689	2819494	1049281	2819490	1047592
1662	1623	1618	2	2923	2818736	1048690	2820291	1051166
1663	1623	1621	2	3039	2818736	1048690	2820367	1051255
1664	1623	1622	2	961	2818736	1048690	2819494	1049281
1665	1623	1624	2	294	2818736	1048690	2818729	1048396
1666	1623	1632	2	564	2818736	1048690	2819250	1048923
1667	1623	1653	2	2088	2818736	1048690	2818023	1046727
1668	1623	3700	5	740	2818736	1048690	2819373	1048312
1669	1623	3708	5	1616	2818736	1048690	2817125	1048827
1670	1623	3711	5	1915	2818736	1048690	2817118	1047664
1671	1624	1618	2	3180	2818729	1048396	2820291	1051166
1672	1624	1622	2	1169	2818729	1048396	2819494	1049281
1673	1624	1623	2	294	2818729	1048396	2818736	1048690
1674	1624	1626	2	962	2818729	1048396	2818158	1047621
1675	1624	1627	2	766	2818729	1048396	2818074	1047997
1676	1624	1632	2	741	2818729	1048396	2819250	1048923
1677	1624	1633	2	326	2818729	1048396	2819033	1048514
1678	1624	1634	2	667	2818729	1048396	2818604	1047740
1679	1624	1635	2	1090	2818729	1048396	2817644	1048283
1680	1624	1636	2	860	2818729	1048396	2818478	1047573
1681	1624	1637	2	580	2818729	1048396	2818710	1047816
1682	1624	1638	2	773	2818729	1048396	2819178	1047766
1683	1624	1639	2	1031	2818729	1048396	2819489	1047699
1684	1624	1641	2	2181	2818729	1048396	2817608	1046524
1685	1624	1642	2	2423	2818729	1048396	2817567	1046269
1686	1624	1643	2	870	2818729	1048396	2819488	1047969
1687	1624	1644	2	533	2818729	1048396	2818729	1047863
1688	1624	1652	2	2479	2818729	1048396	2817728	1046127
1689	1624	1653	2	1812	2818729	1048396	2818023	1046727
1690	1624	1655	2	736	2818729	1048396	2818272	1047818
1691	1624	1657	2	2137	2818729	1048396	2816901	1047289
1692	1624	1658	2	258	2818729	1048396	2818484	1048315
1693	1624	1659	2	548	2818729	1048396	2818469	1047913
1694	1624	2919	2	2668	2818729	1048396	2816684	1046681
1695	1624	2920	2	3199	2818729	1048396	2816028	1046681
1696	1624	3699	2	1146	2818729	1048396	2819875	1048393
1697	1624	3700	2	649	2818729	1048396	2819373	1048312
1698	1624	3701	2	1365	2818729	1048396	2819491	1047263
1699	1624	3702	2	1354	2818729	1048396	2817398	1048147
1700	1624	3703	2	1466	2818729	1048396	2817316	1048005
1701	1624	3704	2	1211	2818729	1048396	2817518	1048354
1702	1624	3705	2	1055	2818729	1048396	2817966	1049125
1703	1624	3708	2	1660	2818729	1048396	2817125	1048827
1704	1624	3711	2	1769	2818729	1048396	2817118	1047664
1705	1624	3712	2	2087	2818729	1048396	2816676	1048018
1706	1624	3713	2	2656	2818729	1048396	2816075	1048275
1707	1624	3720	2	2914	2818729	1048396	2815855	1047909
1708	1624	3743	2	2509	2818729	1048396	2816342	1047621
1709	1624	3744	2	2529	2818729	1048396	2816682	1046910
1710	1624	4707	2	2699	2818729	1048396	2818024	1045790
1711	1624	6369	2	1177	2818729	1048396	2819874	1048121
1712	1624	6371	2	1107	2818729	1048396	2819490	1047592
1713	1624	7361	2	2192	2818729	1048396	2818133	1046286
1714	1625	1622	2	1618	2818416	1048074	2819494	1049281
1715	1625	1624	2	449	2818416	1048074	2818729	1048396
1716	1625	1627	5	350	2818416	1048074	2818074	1047997
1717	1625	1632	2	1190	2818416	1048074	2819250	1048923
1718	1625	1635	5	799	2818416	1048074	2817644	1048283
1719	1625	1636	7	504	2818416	1048074	2818478	1047573
1720	1625	1649	2	2933	2818416	1048074	2816694	1045699
1721	1625	1653	2	1403	2818416	1048074	2818023	1046727
1722	1625	3701	5	1346	2818416	1048074	2819491	1047263
1723	1626	1622	2	2130	2818158	1047621	2819494	1049281
1724	1626	1624	2	962	2818158	1047621	2818729	1048396
1725	1626	1632	2	1699	2818158	1047621	2819250	1048923
1726	1626	1642	7	1475	2818158	1047621	2817567	1046269
1727	1626	1649	2	2416	2818158	1047621	2816694	1045699
1728	1626	1652	7	1554	2818158	1047621	2817728	1046127
1729	1626	1653	2	904	2818158	1047621	2818023	1046727
1730	1626	1657	5	1300	2818158	1047621	2816901	1047289
1731	1626	3701	5	1380	2818158	1047621	2819491	1047263
1732	1626	4707	7	1835	2818158	1047621	2818024	1045790
1733	1626	7361	7	1335	2818158	1047621	2818133	1046286
1734	1627	1622	2	1914	2818074	1047997	2819494	1049281
1735	1627	1624	2	766	2818074	1047997	2818729	1048396
1736	1627	1625	5	350	2818074	1047997	2818416	1048074
1737	1627	1632	2	1496	2818074	1047997	2819250	1048923
1738	1627	1634	5	589	2818074	1047997	2818604	1047740
1739	1627	1635	5	516	2818074	1047997	2817644	1048283
1740	1627	1636	5	585	2818074	1047997	2818478	1047573
1741	1627	1638	5	1127	2818074	1047997	2819178	1047766
1742	1627	1643	5	1414	2818074	1047997	2819488	1047969
1743	1627	1649	2	2680	2818074	1047997	2816694	1045699
1744	1627	1653	2	1271	2818074	1047997	2818023	1046727
1745	1627	1655	5	266	2818074	1047997	2818272	1047818
1746	1627	1659	5	403	2818074	1047997	2818469	1047913
1747	1627	3701	5	1595	2818074	1047997	2819491	1047263
1748	1627	3702	5	692	2818074	1047997	2817398	1048147
1749	1627	3703	5	758	2818074	1047997	2817316	1048005
1750	1627	3704	5	660	2818074	1047997	2817518	1048354
1751	1627	3708	5	1260	2818074	1047997	2817125	1048827
1752	1627	3712	5	1398	2818074	1047997	2816676	1048018
1753	1627	3713	5	2018	2818074	1047997	2816075	1048275
1754	1627	3716	5	2423	2818074	1047997	2815702	1048493
1755	1627	3717	5	2590	2818074	1047997	2815487	1048128
1756	1627	3720	5	2220	2818074	1047997	2815855	1047909
1757	1627	3732	5	3012	2818074	1047997	2815084	1048363
1758	1627	3746	5	2974	2818074	1047997	2815136	1047535
1759	1628	1629	2	365	2819861	1045329	2819498	1045371
1760	1628	1654	2	465	2819861	1045329	2819454	1045554
1761	1628	1717	2	921	2819861	1045329	2819025	1045717
1762	1628	1913	2	1685	2819861	1045329	2821521	1045039
1763	1628	3767	2	3060	2819861	1045329	2822810	1044511
1764	1628	3768	2	943	2819861	1045329	2820267	1044477
1765	1628	3771	2	2419	2819861	1045329	2820943	1043165
1766	1629	1630	2	537	2819498	1045371	2820031	1045300
1767	1629	1912	2	2319	2819498	1045371	2821786	1044992
1768	1629	1913	2	2050	2819498	1045371	2821521	1045039
1769	1630	1629	2	537	2820031	1045300	2819498	1045371
1770	1630	1654	2	630	2820031	1045300	2819454	1045554
1771	1630	1912	2	1781	2820031	1045300	2821786	1044992
1772	1630	1913	2	1512	2820031	1045300	2821521	1045039
1773	1630	3767	2	2888	2820031	1045300	2822810	1044511
1774	1631	1717	2	480	2819496	1045814	2819025	1045717
1775	1632	1617	2	2981	2819250	1048923	2820315	1051708
1776	1632	1618	2	2472	2819250	1048923	2820291	1051166
1777	1632	1619	2	2954	2819250	1048923	2820550	1051576
1778	1632	1622	2	433	2819250	1048923	2819494	1049281
1779	1632	1623	2	564	2819250	1048923	2818736	1048690
1780	1632	1624	2	741	2819250	1048923	2818729	1048396
1781	1632	1625	2	1190	2819250	1048923	2818416	1048074
1782	1632	1626	2	1699	2819250	1048923	2818158	1047621
1783	1632	1627	2	1496	2819250	1048923	2818074	1047997
1784	1632	1633	2	463	2819250	1048923	2819033	1048514
1785	1632	1634	2	1347	2819250	1048923	2818604	1047740
1786	1632	1635	2	1728	2819250	1048923	2817644	1048283
1787	1632	1636	2	1555	2819250	1048923	2818478	1047573
1788	1632	1637	2	1231	2819250	1048923	2818710	1047816
1789	1632	1638	2	1159	2819250	1048923	2819178	1047766
1790	1632	1639	2	1247	2819250	1048923	2819489	1047699
1791	1632	1641	2	2907	2819250	1048923	2817608	1046524
1792	1632	1642	2	3142	2819250	1048923	2817567	1046269
1793	1632	1643	2	983	2819250	1048923	2819488	1047969
1794	1632	1644	2	1181	2819250	1048923	2818729	1047863
1795	1632	1652	2	3183	2819250	1048923	2817728	1046127
1796	1632	1653	2	2515	2819250	1048923	2818023	1046727
1797	1632	1655	2	1475	2819250	1048923	2818272	1047818
1798	1632	1657	2	2861	2819250	1048923	2816901	1047289
1799	1632	1658	2	977	2819250	1048923	2818484	1048315
1800	1632	1659	2	1276	2819250	1048923	2818469	1047913
1801	1632	3698	2	2951	2819250	1048923	2820783	1051445
1802	1632	3699	2	819	2819250	1048923	2819875	1048393
1803	1632	3700	2	623	2819250	1048923	2819373	1048312
1804	1632	3701	2	1677	2819250	1048923	2819491	1047263
1805	1632	3702	2	2008	2819250	1048923	2817398	1048147
1806	1632	3703	2	2140	2819250	1048923	2817316	1048005
1807	1632	3704	2	1823	2819250	1048923	2817518	1048354
1808	1632	3705	2	1299	2819250	1048923	2817966	1049125
1809	1632	3708	2	2127	2819250	1048923	2817125	1048827
1810	1632	3711	2	2475	2819250	1048923	2817118	1047664
1811	1632	3712	2	2728	2819250	1048923	2816676	1048018
1812	1632	3743	2	3186	2819250	1048923	2816342	1047621
1813	1632	6369	2	1016	2819250	1048923	2819874	1048121
1814	1632	6371	2	1352	2819250	1048923	2819490	1047592
1815	1632	7361	2	2863	2819250	1048923	2818133	1046286
1816	1633	1618	2	2935	2819033	1048514	2820291	1051166
1817	1633	1621	2	3048	2819033	1048514	2820367	1051255
1818	1633	1622	2	894	2819033	1048514	2819494	1049281
1819	1633	1624	2	326	2819033	1048514	2818729	1048396
1820	1633	1653	2	2052	2819033	1048514	2818023	1046727
1821	1633	3705	5	1229	2819033	1048514	2817966	1049125
1822	1633	3708	5	1933	2819033	1048514	2817125	1048827
1823	1634	1622	2	1779	2818604	1047740	2819494	1049281
1824	1634	1624	2	667	2818604	1047740	2818729	1048396
1825	1634	1627	5	589	2818604	1047740	2818074	1047997
1826	1634	1632	2	1347	2818604	1047740	2819250	1048923
1827	1634	1636	7	209	2818604	1047740	2818478	1047573
1828	1634	1638	5	574	2818604	1047740	2819178	1047766
1829	1634	1649	2	2795	2818604	1047740	2816694	1045699
1830	1634	1652	7	1835	2818604	1047740	2817728	1046127
1831	1634	1653	2	1167	2818604	1047740	2818023	1046727
1832	1634	1655	7	341	2818604	1047740	2818272	1047818
1833	1634	3701	5	1007	2818604	1047740	2819491	1047263
1834	1634	3704	5	1247	2818604	1047740	2817518	1048354
1835	1634	4707	7	2034	2818604	1047740	2818024	1045790
1836	1634	7361	7	1528	2818604	1047740	2818133	1046286
1837	1635	1252	5	2867	2817644	1048283	2814788	1048536
1838	1635	1622	2	2102	2817644	1048283	2819494	1049281
1839	1635	1624	2	1090	2817644	1048283	2818729	1048396
1840	1635	1625	5	799	2817644	1048283	2818416	1048074
1841	1635	1632	2	1728	2817644	1048283	2819250	1048923
1842	1635	1634	5	1102	2817644	1048283	2818604	1047740
1843	1635	1636	5	1095	2817644	1048283	2818478	1047573
1844	1635	1649	2	2753	2817644	1048283	2816694	1045699
1845	1635	1653	2	1601	2817644	1048283	2818023	1046727
1846	1635	1655	5	781	2817644	1048283	2818272	1047818
1847	1635	1659	5	904	2817644	1048283	2818469	1047913
1848	1635	3701	5	2109	2817644	1048283	2819491	1047263
1849	1635	3708	5	751	2817644	1048283	2817125	1048827
1850	1635	3732	5	2561	2817644	1048283	2815084	1048363
1851	1636	1622	2	1987	2818478	1047573	2819494	1049281
1852	1636	1624	2	860	2818478	1047573	2818729	1048396
1853	1636	1625	7	504	2818478	1047573	2818416	1048074
1854	1636	1627	5	585	2818478	1047573	2818074	1047997
1855	1636	1632	2	1555	2818478	1047573	2819250	1048923
1856	1636	1635	5	1095	2818478	1047573	2817644	1048283
1857	1636	1637	5	335	2818478	1047573	2818710	1047816
1858	1636	1649	2	2587	2818478	1047573	2816694	1045699
1859	1636	1653	2	960	2818478	1047573	2818023	1046727
1860	1636	1655	7	320	2818478	1047573	2818272	1047818
1861	1636	3701	5	1059	2818478	1047573	2819491	1047263
1862	1636	3704	5	1237	2818478	1047573	2817518	1048354
1863	1636	4707	7	1839	2818478	1047573	2818024	1045790
1864	1636	7361	7	1332	2818478	1047573	2818133	1046286
1865	1637	1622	2	1661	2818710	1047816	2819494	1049281
1866	1637	1624	2	580	2818710	1047816	2818729	1048396
1867	1637	1632	2	1231	2818710	1047816	2819250	1048923
1868	1637	1636	5	335	2818710	1047816	2818478	1047573
1869	1637	1641	5	1698	2818710	1047816	2817608	1046524
1870	1637	1642	5	1923	2818710	1047816	2817567	1046269
1871	1637	1649	2	2923	2818710	1047816	2816694	1045699
1872	1637	1652	5	1953	2818710	1047816	2817728	1046127
1873	1637	1653	2	1287	2818710	1047816	2818023	1046727
1874	1637	1655	5	438	2818710	1047816	2818272	1047818
1875	1637	3701	5	956	2818710	1047816	2819491	1047263
1876	1637	3703	5	1406	2818710	1047816	2817316	1048005
1877	1637	3712	5	2044	2818710	1047816	2816676	1048018
1878	1637	3713	5	2674	2818710	1047816	2816075	1048275
1879	1637	4707	5	2138	2818710	1047816	2818024	1045790
1880	1637	7361	5	1635	2818710	1047816	2818133	1046286
1881	1638	1622	2	1547	2819178	1047766	2819494	1049281
1882	1638	1624	2	773	2819178	1047766	2818729	1048396
1883	1638	1627	5	1127	2819178	1047766	2818074	1047997
1884	1638	1632	2	1159	2819178	1047766	2819250	1048923
1885	1638	1634	5	574	2819178	1047766	2818604	1047740
1886	1638	1636	5	726	2819178	1047766	2818478	1047573
1887	1638	1641	5	2001	2819178	1047766	2817608	1046524
1888	1638	1642	5	2199	2819178	1047766	2817567	1046269
1889	1638	1644	5	459	2819178	1047766	2818729	1047863
1890	1638	1652	5	2188	2819178	1047766	2817728	1046127
1891	1638	1653	2	1553	2819178	1047766	2818023	1046727
1892	1638	1655	5	907	2819178	1047766	2818272	1047818
1893	1638	1659	5	724	2819178	1047766	2818469	1047913
1894	1638	3712	5	2514	2819178	1047766	2816676	1048018
1895	1638	3713	5	3144	2819178	1047766	2816075	1048275
1896	1638	4707	5	2288	2819178	1047766	2818024	1045790
1897	1638	7361	5	1811	2819178	1047766	2818133	1046286
1898	1639	1622	2	1582	2819489	1047699	2819494	1049281
1899	1639	1624	2	1031	2819489	1047699	2818729	1048396
1900	1639	1632	2	1247	2819489	1047699	2819250	1048923
1901	1639	1653	2	1758	2819489	1047699	2818023	1046727
1902	1639	1717	2	2035	2819489	1047699	2819025	1045717
1903	1640	1645	5	254	2820162	1047917	2820392	1048026
1904	1640	1717	2	2476	2820162	1047917	2819025	1045717
1905	1641	1624	2	2181	2817608	1046524	2818729	1048396
1906	1641	1626	7	1227	2817608	1046524	2818158	1047621
1907	1641	1632	2	2907	2817608	1046524	2819250	1048923
1908	1641	1637	5	1698	2817608	1046524	2818710	1047816
1909	1641	1638	5	2001	2817608	1046524	2819178	1047766
1910	1641	1649	2	1231	2817608	1046524	2816694	1045699
1911	1641	1653	2	461	2817608	1046524	2818023	1046727
1912	1641	1657	5	1041	2817608	1046524	2816901	1047289
1913	1641	2919	5	937	2817608	1046524	2816684	1046681
1914	1641	4707	7	843	2817608	1046524	2818024	1045790
1915	1641	7361	7	576	2817608	1046524	2818133	1046286
1916	1642	1624	2	2423	2817567	1046269	2818729	1048396
1917	1642	1626	7	1475	2817567	1046269	2818158	1047621
1918	1642	1632	2	3142	2817567	1046269	2819250	1048923
1919	1642	1637	5	1923	2817567	1046269	2818710	1047816
1920	1642	1638	5	2199	2817567	1046269	2819178	1047766
1921	1642	1641	7	258	2817567	1046269	2817608	1046524
1922	1642	1649	2	1042	2817567	1046269	2816694	1045699
1923	1642	1652	7	214	2817567	1046269	2817728	1046127
1924	1642	1653	2	646	2817567	1046269	2818023	1046727
1925	1642	1657	5	1218	2817567	1046269	2816901	1047289
1926	1642	2919	5	974	2817567	1046269	2816684	1046681
1927	1642	4707	7	662	2817567	1046269	2818024	1045790
1928	1642	6377	5	2040	2817567	1046269	2815532	1046413
1929	1642	7361	7	566	2817567	1046269	2818133	1046286
1930	1643	1622	2	1312	2819488	1047969	2819494	1049281
1931	1643	1624	2	870	2819488	1047969	2818729	1048396
1932	1643	1627	5	1414	2819488	1047969	2818074	1047997
1933	1643	1632	2	983	2819488	1047969	2819250	1048923
1934	1643	1653	2	1920	2819488	1047969	2818023	1046727
1935	1643	3703	5	2172	2819488	1047969	2817316	1048005
1936	1643	3712	5	2812	2819488	1047969	2816676	1048018
1937	1644	1622	2	1611	2818729	1047863	2819494	1049281
1938	1644	1624	2	533	2818729	1047863	2818729	1048396
1939	1644	1632	2	1181	2818729	1047863	2819250	1048923
1940	1644	1638	5	459	2818729	1047863	2819178	1047766
1941	1644	1649	2	2970	2818729	1047863	2816694	1045699
1942	1644	1653	2	1337	2818729	1047863	2818023	1046727
1943	1644	3701	5	969	2818729	1047863	2819491	1047263
1944	1644	3703	5	1420	2818729	1047863	2817316	1048005
1945	1644	3712	5	2058	2818729	1047863	2816676	1048018
1946	1644	3713	5	2685	2818729	1047863	2816075	1048275
1947	1645	1640	5	254	2820392	1048026	2820162	1047917
1948	1645	1717	2	2683	2820392	1048026	2819025	1045717
1949	1646	1651	2	1392	2816980	1045460	2818342	1045751
1950	1646	1667	2	1678	2816980	1045460	2815302	1045442
1951	1646	1719	2	2181	2816980	1045460	2814799	1045438
1952	1647	1651	2	1663	2816693	1045532	2818342	1045751
1953	1647	1666	2	2253	2816693	1045532	2814440	1045504
1954	1647	1668	2	2143	2816693	1045532	2814550	1045586
1955	1647	1716	2	230	2816693	1045532	2816477	1045612
1956	1647	1718	2	1407	2816693	1045532	2815286	1045517
1957	1647	6376	2	266	2816693	1045532	2816693	1045798
1958	1648	1650	5	712	2819050	1044476	2818668	1045077
1959	1649	1625	2	2933	2816694	1045699	2818416	1048074
1960	1649	1626	2	2416	2816694	1045699	2818158	1047621
1961	1649	1627	2	2680	2816694	1045699	2818074	1047997
1962	1649	1634	2	2795	2816694	1045699	2818604	1047740
1963	1649	1635	2	2753	2816694	1045699	2817644	1048283
1964	1649	1636	2	2587	2816694	1045699	2818478	1047573
1965	1649	1637	2	2923	2816694	1045699	2818710	1047816
1966	1649	1641	2	1231	2816694	1045699	2817608	1046524
1967	1649	1642	2	1042	2816694	1045699	2817567	1046269
1968	1649	1644	2	2970	2816694	1045699	2818729	1047863
1969	1649	1651	2	1648	2816694	1045699	2818342	1045751
1970	1649	1652	2	1119	2816694	1045699	2817728	1046127
1971	1649	1653	2	1680	2816694	1045699	2818023	1046727
1972	1649	1655	2	2642	2816694	1045699	2818272	1047818
1973	1649	1657	2	1603	2816694	1045699	2816901	1047289
1974	1649	1658	2	3169	2816694	1045699	2818484	1048315
1975	1649	1659	2	2837	2816694	1045699	2818469	1047913
1976	1649	1721	2	1973	2816694	1045699	2814721	1045668
1977	1649	3702	2	2547	2816694	1045699	2817398	1048147
1978	1649	3703	2	2388	2816694	1045699	2817316	1048005
1979	1649	3704	2	2779	2816694	1045699	2817518	1048354
1980	1649	3708	2	3157	2816694	1045699	2817125	1048827
1981	1649	3711	2	2010	2816694	1045699	2817118	1047664
1982	1649	7361	2	1554	2816694	1045699	2818133	1046286
1983	1649	7382	2	440	2816694	1045699	2817112	1045561
1984	1650	1648	5	712	2818668	1045077	2819050	1044476
1985	1651	1646	2	1392	2818342	1045751	2816980	1045460
1986	1651	1647	2	1663	2818342	1045751	2816693	1045532
1987	1651	1649	2	1648	2818342	1045751	2816694	1045699
1988	1651	1715	2	1543	2818342	1045751	2816801	1045664
1989	1651	1718	2	3064	2818342	1045751	2815286	1045517
1990	1651	1720	2	1938	2818342	1045751	2816404	1045694
1991	1651	7382	2	1244	2818342	1045751	2817112	1045561
1992	1652	1624	2	2479	2817728	1046127	2818729	1048396
1993	1652	1626	7	1554	2817728	1046127	2818158	1047621
1994	1652	1632	2	3183	2817728	1046127	2819250	1048923
1995	1652	1634	7	1835	2817728	1046127	2818604	1047740
1996	1652	1637	5	1953	2817728	1046127	2818710	1047816
1997	1652	1638	5	2188	2817728	1046127	2819178	1047766
1998	1652	1641	7	414	2817728	1046127	2817608	1046524
1999	1652	1642	7	214	2817728	1046127	2817567	1046269
2000	1652	1649	2	1119	2817728	1046127	2816694	1045699
2001	1652	1653	2	668	2817728	1046127	2818023	1046727
2002	1652	1657	5	1426	2817728	1046127	2816901	1047289
2003	1652	2919	5	1181	2817728	1046127	2816684	1046681
2004	1652	7361	7	435	2817728	1046127	2818133	1046286
2005	1653	1622	2	2947	2818023	1046727	2819494	1049281
2006	1653	1623	2	2088	2818023	1046727	2818736	1048690
2007	1653	1624	2	1812	2818023	1046727	2818729	1048396
2008	1653	1625	2	1403	2818023	1046727	2818416	1048074
2009	1653	1626	2	904	2818023	1046727	2818158	1047621
2010	1653	1627	2	1271	2818023	1046727	2818074	1047997
2011	1653	1633	2	2052	2818023	1046727	2819033	1048514
2012	1653	1634	2	1167	2818023	1046727	2818604	1047740
2013	1653	1635	2	1601	2818023	1046727	2817644	1048283
2014	1653	1636	2	960	2818023	1046727	2818478	1047573
2015	1653	1637	2	1287	2818023	1046727	2818710	1047816
2016	1653	1638	2	1553	2818023	1046727	2819178	1047766
2017	1653	1639	2	1758	2818023	1046727	2819489	1047699
2018	1653	1641	2	461	2818023	1046727	2817608	1046524
2019	1653	1642	2	646	2818023	1046727	2817567	1046269
2020	1653	1643	2	1920	2818023	1046727	2819488	1047969
2021	1653	1644	2	1337	2818023	1046727	2818729	1047863
2022	1653	1649	2	1680	2818023	1046727	2816694	1045699
2023	1653	1652	2	668	2818023	1046727	2817728	1046127
2024	1653	1655	2	1119	2818023	1046727	2818272	1047818
2025	1653	1657	2	1254	2818023	1046727	2816901	1047289
2026	1653	1658	2	1653	2818023	1046727	2818484	1048315
2027	1653	1659	2	1267	2818023	1046727	2818469	1047913
2028	1653	2914	2	3178	2818023	1046727	2814860	1046411
2029	1653	2915	2	3167	2818023	1046727	2814856	1046681
2030	1653	2919	2	1339	2818023	1046727	2816684	1046681
2031	1653	2920	2	1995	2818023	1046727	2816028	1046681
2032	1653	2921	2	2495	2818023	1046727	2815528	1046681
2033	1653	3699	2	2491	2818023	1046727	2819875	1048393
2034	1653	3700	2	2082	2818023	1046727	2819373	1048312
2035	1653	3701	2	1562	2818023	1046727	2819491	1047263
2036	1653	3702	2	1551	2818023	1046727	2817398	1048147
2037	1653	3703	2	1460	2818023	1046727	2817316	1048005
2038	1653	3704	2	1703	2818023	1046727	2817518	1048354
2039	1653	3705	2	2398	2818023	1046727	2817966	1049125
2040	1653	3708	2	2283	2818023	1046727	2817125	1048827
2041	1653	3711	2	1302	2818023	1046727	2817118	1047664
2042	1653	3712	2	1865	2818023	1046727	2816676	1048018
2043	1653	3713	2	2488	2818023	1046727	2816075	1048275
2044	1653	3715	2	2999	2818023	1046727	2815925	1048870
2045	1653	3716	2	2916	2818023	1046727	2815702	1048493
2046	1653	3717	2	2897	2818023	1046727	2815487	1048128
2047	1653	3720	2	2469	2818023	1046727	2815855	1047909
2048	1653	3743	2	1903	2818023	1046727	2816342	1047621
2049	1653	3744	2	1353	2818023	1046727	2816682	1046910
2050	1653	3745	2	2642	2818023	1046727	2815420	1047184
2051	1653	3746	2	2997	2818023	1046727	2815136	1047535
2052	1653	4707	2	937	2818023	1046727	2818024	1045790
2053	1653	6369	2	2317	2818023	1046727	2819874	1048121
2054	1653	6371	2	1703	2818023	1046727	2819490	1047592
2055	1653	6375	2	2664	2818023	1046727	2815541	1045758
2056	1653	6376	2	1622	2818023	1046727	2816693	1045798
2057	1653	6377	2	2510	2818023	1046727	2815532	1046413
2058	1653	6382	2	3189	2818023	1046727	2814851	1047060
2059	1653	7361	2	454	2818023	1046727	2818133	1046286
2060	1654	1630	2	630	2819454	1045554	2820031	1045300
2061	1654	1717	2	458	2819454	1045554	2819025	1045717
2062	1654	1912	2	2398	2819454	1045554	2821786	1044992
2063	1654	1913	2	2130	2819454	1045554	2821521	1045039
2064	1655	1622	2	1906	2818272	1047818	2819494	1049281
2065	1655	1624	2	736	2818272	1047818	2818729	1048396
2066	1655	1625	7	293	2818272	1047818	2818416	1048074
2067	1655	1627	5	266	2818272	1047818	2818074	1047997
2068	1655	1632	2	1475	2818272	1047818	2819250	1048923
2069	1655	1634	7	341	2818272	1047818	2818604	1047740
2070	1655	1635	5	781	2818272	1047818	2817644	1048283
2071	1655	1636	7	320	2818272	1047818	2818478	1047573
2072	1655	1637	5	438	2818272	1047818	2818710	1047816
2073	1655	1638	5	907	2818272	1047818	2819178	1047766
2074	1655	1649	2	2642	2818272	1047818	2816694	1045699
2075	1655	1653	2	1119	2818272	1047818	2818023	1046727
2076	1655	1659	5	218	2818272	1047818	2818469	1047913
2077	1655	3701	5	1339	2818272	1047818	2819491	1047263
2078	1655	3704	5	925	2818272	1047818	2817518	1048354
2079	1657	1624	2	2137	2816901	1047289	2818729	1048396
2080	1657	1626	5	1300	2816901	1047289	2818158	1047621
2081	1657	1632	2	2861	2816901	1047289	2819250	1048923
2082	1657	1641	5	1041	2816901	1047289	2817608	1046524
2083	1657	1642	5	1218	2816901	1047289	2817567	1046269
2084	1657	1649	2	1603	2816901	1047289	2816694	1045699
2085	1657	1652	5	1426	2816901	1047289	2817728	1046127
2086	1657	1653	2	1254	2816901	1047289	2818023	1046727
2087	1657	3701	5	2590	2816901	1047289	2819491	1047263
2088	1657	3702	5	991	2816901	1047289	2817398	1048147
2089	1657	3703	5	827	2816901	1047289	2817316	1048005
2090	1657	3704	5	1230	2816901	1047289	2817518	1048354
2091	1657	3708	5	1554	2816901	1047289	2817125	1048827
2092	1657	3710	5	1487	2816901	1047289	2816300	1048650
2093	1657	3712	5	762	2816901	1047289	2816676	1048018
2094	1657	3714	5	2060	2816901	1047289	2816117	1049195
2095	1657	3715	5	1857	2816901	1047289	2815925	1048870
2096	1657	4707	5	1873	2816901	1047289	2818024	1045790
2097	1657	7361	5	1588	2816901	1047289	2818133	1046286
2098	1658	1622	2	1397	2818484	1048315	2819494	1049281
2099	1658	1623	5	451	2818484	1048315	2818736	1048690
2100	1658	1624	2	258	2818484	1048315	2818729	1048396
2101	1658	1632	2	977	2818484	1048315	2819250	1048923
2102	1658	1649	2	3169	2818484	1048315	2816694	1045699
2103	1658	1653	2	1653	2818484	1048315	2818023	1046727
2104	1658	3700	5	889	2818484	1048315	2819373	1048312
2105	1658	3708	7	1452	2818484	1048315	2817125	1048827
2106	1659	1622	2	1709	2818469	1047913	2819494	1049281
2107	1659	1624	2	548	2818469	1047913	2818729	1048396
2108	1659	1627	5	403	2818469	1047913	2818074	1047997
2109	1659	1632	2	1276	2818469	1047913	2819250	1048923
2110	1659	1638	5	724	2818469	1047913	2819178	1047766
2111	1659	1649	2	2837	2818469	1047913	2816694	1045699
2112	1659	1653	2	1267	2818469	1047913	2818023	1046727
2113	1659	1655	5	218	2818469	1047913	2818272	1047818
2114	1659	3702	5	1096	2818469	1047913	2817398	1048147
2115	1659	3703	5	1156	2818469	1047913	2817316	1048005
2116	1659	3704	5	1048	2818469	1047913	2817518	1048354
2117	1659	3712	5	1796	2818469	1047913	2816676	1048018
2118	1659	3713	5	2421	2818469	1047913	2816075	1048275
2119	1659	3716	5	2827	2818469	1047913	2815702	1048493
2120	1659	3717	5	2989	2818469	1047913	2815487	1048128
2121	1660	1663	2	317	2813634	1045279	2813695	1044967
2122	1660	1664	2	385	2813634	1045279	2814016	1045231
2123	1660	1665	2	901	2813634	1045279	2813889	1044414
2124	1660	1666	2	836	2813634	1045279	2814440	1045504
2125	1660	1668	2	966	2813634	1045279	2814550	1045586
2126	1660	1719	2	1175	2813634	1045279	2814799	1045438
2127	1660	2926	2	2150	2813634	1045279	2812915	1043252
2128	1660	3748	2	3185	2813634	1045279	2816707	1044441
2129	1660	3749	2	2106	2813634	1045279	2815561	1044429
2130	1660	5703	2	2389	2813634	1045279	2814900	1043252
2131	1660	5704	2	1526	2813634	1045279	2814898	1044423
2132	1660	5705	2	2892	2813634	1045279	2815571	1043131
2133	1660	5914	2	1234	2813634	1045279	2814520	1044419
2134	1660	6372	2	3064	2813634	1045279	2816698	1045357
2135	1660	6373	2	1914	2813634	1045279	2815547	1045364
2136	1660	6374	2	1245	2813634	1045279	2814877	1045352
2137	1661	1671	2	506	2812961	1045781	2813430	1045971
2138	1661	1672	2	589	2812961	1045781	2812378	1045865
2139	1661	2918	2	2858	2812961	1045781	2811772	1048381
2140	1661	2923	2	2246	2812961	1045781	2812473	1047974
2141	1661	3750	2	1754	2812961	1045781	2811209	1045867
2142	1661	6381	2	858	2812961	1045781	2812886	1046636
2143	1661	6405	2	620	2812961	1045781	2812889	1046397
2144	1661	6406	2	1127	2812961	1045781	2811961	1046301
2145	1661	6624	2	2265	2812961	1045781	2811962	1047814
2146	1661	6907	2	2655	2812961	1045781	2811561	1048037
2147	1662	1664	2	2527	2813856	1042709	2814016	1045231
2148	1662	1665	2	1705	2813856	1042709	2813889	1044414
2149	1662	1719	2	2887	2813856	1042709	2814799	1045438
2150	1662	2926	2	1086	2813856	1042709	2812915	1043252
2151	1662	3749	2	2421	2813856	1042709	2815561	1044429
2152	1662	5703	2	1176	2813856	1042709	2814900	1043252
2153	1662	5704	2	2005	2813856	1042709	2814898	1044423
2154	1662	5705	2	1766	2813856	1042709	2815571	1043131
2155	1662	5914	2	1834	2813856	1042709	2814520	1044419
2156	1662	6373	2	3147	2813856	1042709	2815547	1045364
2157	1662	6374	2	2833	2813856	1042709	2814877	1045352
2158	1663	1660	2	317	2813695	1044967	2813634	1045279
2159	1663	1662	2	2263	2813695	1044967	2813856	1042709
2160	1663	1664	2	415	2813695	1044967	2814016	1045231
2161	1663	1665	2	586	2813695	1044967	2813889	1044414
2162	1663	1666	2	918	2813695	1044967	2814440	1045504
2163	1663	1668	2	1055	2813695	1044967	2814550	1045586
2164	1663	1719	2	1200	2813695	1044967	2814799	1045438
2165	1663	3748	2	3057	2813695	1044967	2816707	1044441
2166	1663	3749	2	1942	2813695	1044967	2815561	1044429
2167	1663	5703	2	2096	2813695	1044967	2814900	1043252
2168	1663	5704	2	1320	2813695	1044967	2814898	1044423
2169	1663	5705	2	2624	2813695	1044967	2815571	1043131
2170	1663	5914	2	990	2813695	1044967	2814520	1044419
2171	1663	6372	2	3028	2813695	1044967	2816698	1045357
2172	1663	6373	2	1894	2813695	1044967	2815547	1045364
2173	1663	6374	2	1243	2813695	1044967	2814877	1045352
2174	1664	1660	2	385	2814016	1045231	2813634	1045279
2175	1664	1662	2	2527	2814016	1045231	2813856	1042709
2176	1664	1663	2	415	2814016	1045231	2813695	1044967
2177	1664	1668	2	641	2814016	1045231	2814550	1045586
2178	1664	1669	2	445	2814016	1045231	2813919	1045666
2179	1664	1719	2	809	2814016	1045231	2814799	1045438
2180	1665	1660	2	901	2813889	1044414	2813634	1045279
2181	1665	1662	2	1705	2813889	1044414	2813856	1042709
2182	1665	1663	2	586	2813889	1044414	2813695	1044967
2183	1665	1666	2	1221	2813889	1044414	2814440	1045504
2184	1665	1719	2	1369	2813889	1044414	2814799	1045438
2185	1666	1647	2	2253	2814440	1045504	2816693	1045532
2186	1666	1660	2	836	2814440	1045504	2813634	1045279
2187	1666	1662	2	2855	2814440	1045504	2813856	1042709
2188	1666	1663	2	918	2814440	1045504	2813695	1044967
2189	1666	1664	2	504	2814440	1045504	2814016	1045231
2190	1666	1665	2	1221	2814440	1045504	2813889	1044414
2191	1666	1669	2	545	2814440	1045504	2813919	1045666
2192	1666	1716	2	2039	2814440	1045504	2816477	1045612
2193	1666	7382	2	2672	2814440	1045504	2817112	1045561
2194	1667	1719	2	503	2815302	1045442	2814799	1045438
2195	1668	1647	2	2143	2814550	1045586	2816693	1045532
2196	1668	1660	2	966	2814550	1045586	2813634	1045279
2197	1668	1663	2	1055	2814550	1045586	2813695	1044967
2198	1668	1664	2	641	2814550	1045586	2814016	1045231
2199	1668	1716	2	1927	2814550	1045586	2816477	1045612
2200	1668	1718	2	739	2814550	1045586	2815286	1045517
2201	1668	7382	2	2562	2814550	1045586	2817112	1045561
2202	1669	1664	2	445	2813919	1045666	2814016	1045231
2203	1669	1666	2	545	2813919	1045666	2814440	1045504
2204	1669	1668	2	636	2813919	1045666	2814550	1045586
2205	1669	1715	2	2882	2813919	1045666	2816801	1045664
2206	1669	1718	2	1375	2813919	1045666	2815286	1045517
2207	1669	1721	2	802	2813919	1045666	2814721	1045668
2208	1669	3748	2	3045	2813919	1045666	2816707	1044441
2209	1669	3749	2	2055	2813919	1045666	2815561	1044429
2210	1669	5703	2	2605	2813919	1045666	2814900	1043252
2211	1669	5704	2	1582	2813919	1045666	2814898	1044423
2212	1669	5705	2	3025	2813919	1045666	2815571	1043131
2213	1669	5914	2	1384	2813919	1045666	2814520	1044419
2214	1670	1253	2	2964	2813678	1046021	2814061	1048961
2215	1670	3738	2	2257	2813678	1046021	2813663	1048278
2216	1670	6380	2	1657	2813678	1046021	2813816	1047673
2217	1670	7390	2	831	2813678	1046021	2813843	1046836
2218	1671	1203	2	3063	2813430	1045971	2810466	1045198
2219	1671	1661	2	506	2813430	1045971	2812961	1045781
2220	1672	1203	2	2025	2812378	1045865	2810466	1045198
2221	1672	1204	2	2904	2812378	1045865	2809616	1044968
2222	1672	1661	2	589	2812378	1045865	2812961	1045781
2223	1672	1671	2	1057	2812378	1045865	2813430	1045971
2224	1672	2922	2	1874	2812378	1045865	2813231	1047534
2225	1672	2923	2	2111	2812378	1045865	2812473	1047974
2226	1672	3750	2	1169	2812378	1045865	2811209	1045867
2227	1672	3752	2	1479	2812378	1045865	2811223	1044940
2228	1672	5708	2	2796	2812378	1045865	2810004	1044387
2229	1672	6378	2	1462	2812378	1045865	2813024	1047177
2230	1672	6379	2	1470	2812378	1045865	2813295	1047014
2231	1672	6381	2	923	2812378	1045865	2812886	1046636
2232	1672	6383	2	2284	2812378	1045865	2813439	1047888
2233	1672	6400	2	2856	2812378	1045865	2809535	1045583
2234	1672	6405	2	737	2812378	1045865	2812889	1046397
2235	1672	6406	2	603	2812378	1045865	2811961	1046301
2236	1672	6410	2	1022	2812378	1045865	2813249	1046401
2237	1672	6696	2	1295	2812378	1045865	2813556	1046405
2238	1672	7392	2	1402	2812378	1045865	2813629	1046500
2239	1673	2926	2	1418	2813631	1042028	2812915	1043252
2240	1673	2927	2	744	2813631	1042028	2812926	1041790
2241	1673	3760	2	2919	2813631	1042028	2811164	1040467
2242	1673	3761	2	2485	2813631	1042028	2811158	1041775
2243	1673	3762	2	1327	2813631	1042028	2812326	1041785
2244	1673	5895	2	2844	2813631	1042028	2813812	1039189
2245	1673	6384	2	2028	2813631	1042028	2812324	1040477
2246	1673	6386	2	3017	2813631	1042028	2812628	1039182
2247	1674	1675	2	818	2812477	1037587	2812325	1038391
2248	1674	1681	2	1262	2812477	1037587	2812360	1036330
2249	1674	1683	2	2535	2812477	1037587	2812378	1035053
2250	1674	3759	2	2052	2812477	1037587	2811170	1039170
2251	1674	3760	2	3165	2812477	1037587	2811164	1040467
2252	1674	3817	2	1810	2812477	1037587	2811697	1035953
2253	1674	3818	2	841	2812477	1037587	2811677	1037325
2254	1674	3819	2	1791	2812477	1037587	2811651	1039177
2255	1674	3824	2	2818	2812477	1037587	2810135	1039155
2256	1674	5647	2	2408	2812477	1037587	2811700	1035307
2257	1674	6384	2	2894	2812477	1037587	2812324	1040477
2258	1674	6388	2	2273	2812477	1037587	2812375	1035316
2259	1674	6389	2	1600	2812477	1037587	2812322	1039180
2260	1674	6391	2	1628	2812477	1037587	2812368	1035962
2261	1674	6626	2	2585	2812477	1037587	2810483	1035941
2262	1675	1680	2	1135	2812325	1038391	2812477	1037266
2263	1676	1677	2	843	2812636	1038403	2812518	1037568
2264	1676	1678	7	2087	2812636	1038403	2812659	1036316
2265	1676	1679	2	1421	2812636	1038403	2812527	1036986
2266	1676	3815	5	2444	2812636	1038403	2814959	1037643
2267	1677	1678	2	1259	2812518	1037568	2812659	1036316
2268	1677	1679	2	582	2812518	1037568	2812527	1036986
2269	1677	1684	2	2571	2812518	1037568	2812670	1035001
2270	1677	3814	2	2916	2812518	1037568	2814938	1039196
2271	1677	3815	2	2442	2812518	1037568	2814959	1037643
2272	1677	5895	2	2074	2812518	1037568	2813812	1039189
2273	1677	6386	2	1617	2812518	1037568	2812628	1039182
2274	1677	6387	2	2252	2812518	1037568	2812667	1035320
2275	1677	6390	2	1608	2812518	1037568	2812662	1035966
2276	1678	1677	2	1259	2812659	1036316	2812518	1037568
2277	1678	1685	2	2177	2812659	1036316	2812552	1034141
2278	1679	1676	2	1421	2812527	1036986	2812636	1038403
2279	1679	1678	2	682	2812527	1036986	2812659	1036316
2280	1679	1684	2	1990	2812527	1036986	2812670	1035001
2281	1679	1685	2	2845	2812527	1036986	2812552	1034141
2282	1679	5653	2	2988	2812527	1036986	2812679	1034001
2283	1679	5895	2	2550	2812527	1036986	2813812	1039189
2284	1679	6386	2	2198	2812527	1036986	2812628	1039182
2285	1679	6387	2	1671	2812527	1036986	2812667	1035320
2286	1679	6390	2	1028	2812527	1036986	2812662	1035966
2287	1680	1674	2	321	2812477	1037266	2812477	1037587
2288	1680	1675	2	1135	2812477	1037266	2812325	1038391
2289	1680	1683	2	2215	2812477	1037266	2812378	1035053
2290	1680	3759	2	2309	2812477	1037266	2811170	1039170
2291	1680	3817	2	1527	2812477	1037266	2811697	1035953
2292	1680	3818	2	802	2812477	1037266	2811677	1037325
2293	1680	3819	2	2081	2812477	1037266	2811651	1039177
2294	1680	3824	2	3008	2812477	1037266	2810135	1039155
2295	1680	5647	2	2107	2812477	1037266	2811700	1035307
2296	1680	6388	2	1952	2812477	1037266	2812375	1035316
2297	1680	6389	2	1920	2812477	1037266	2812322	1039180
2298	1680	6391	2	1308	2812477	1037266	2812368	1035962
2299	1680	6626	2	2394	2812477	1037266	2810483	1035941
2300	1681	1674	2	1262	2812360	1036330	2812477	1037587
2301	1681	1675	7	2061	2812360	1036330	2812325	1038391
2302	1681	1680	2	943	2812360	1036330	2812477	1037266
2303	1681	1682	2	2280	2812360	1036330	2812503	1034054
2304	1681	3818	5	1206	2812360	1036330	2811677	1037325
2305	1682	1681	2	2280	2812503	1034054	2812360	1036330
2306	1682	1683	2	1006	2812503	1034054	2812378	1035053
2307	1682	3817	2	2062	2812503	1034054	2811697	1035953
2308	1682	5647	2	1488	2812503	1034054	2811700	1035307
2309	1682	5648	2	798	2812503	1034054	2811706	1034002
2310	1682	5649	2	2819	2812503	1034054	2811714	1031347
2311	1682	5650	2	1191	2812503	1034054	2811708	1033166
2312	1682	6388	2	1268	2812503	1034054	2812375	1035316
2313	1682	6391	2	1912	2812503	1034054	2812368	1035962
2314	1682	6393	2	2697	2812503	1034054	2812372	1031360
2315	1682	6596	2	1716	2812503	1034054	2810788	1033987
2316	1682	6626	2	2764	2812503	1034054	2810483	1035941
2317	1683	1674	2	2535	2812378	1035053	2812477	1037587
2318	1683	1680	2	2215	2812378	1035053	2812477	1037266
2319	1683	6388	5	263	2812378	1035053	2812375	1035316
2320	1684	1677	2	2571	2812670	1035001	2812518	1037568
2321	1684	1679	2	1990	2812670	1035001	2812527	1036986
2322	1684	1685	2	868	2812670	1035001	2812552	1034141
2323	1685	1678	2	2177	2812552	1034141	2812659	1036316
2324	1685	6387	2	1184	2812552	1034141	2812667	1035320
2325	1685	6390	2	1828	2812552	1034141	2812662	1035966
2326	1686	1691	2	1901	2812534	1030241	2812392	1028345
2327	1686	5649	2	1376	2812534	1030241	2811714	1031347
2328	1686	5650	2	3039	2812534	1030241	2811708	1033166
2329	1686	5675	2	1736	2812534	1030241	2811733	1028700
2330	1686	5676	2	2461	2812534	1030241	2810627	1028685
2331	1686	5677	2	2349	2812534	1030241	2810452	1031330
2332	1686	6393	2	1130	2812534	1030241	2812372	1031360
2333	1686	6395	2	1538	2812534	1030241	2812388	1028709
2334	1686	6593	2	852	2812534	1030241	2811724	1029976
2335	1687	1686	2	1154	2812386	1029096	2812534	1030241
2336	1687	1690	2	1852	2812386	1029096	2812554	1027251
2337	1687	6393	5	2264	2812386	1029096	2812372	1031360
2338	1687	6593	5	1101	2812386	1029096	2811724	1029976
2339	1688	1692	7	647	2812721	1028966	2812721	1028319
2340	1688	1693	2	1364	2812721	1028966	2812602	1027607
2341	1688	6394	5	250	2812721	1028966	2812722	1028716
2342	1689	1688	2	944	2812587	1029901	2812721	1028966
2343	1689	1692	2	1587	2812587	1029901	2812721	1028319
2344	1689	1693	2	2294	2812587	1029901	2812602	1027607
2345	1689	5655	2	2858	2812587	1029901	2815022	1031399
2346	1689	5679	2	2695	2812587	1029901	2815033	1028769
2347	1689	5680	2	2145	2812587	1029901	2814406	1028763
2348	1689	5879	2	3164	2812587	1029901	2814405	1027311
2349	1689	5898	2	1871	2812587	1029901	2813736	1031378
2350	1689	6392	2	1471	2812587	1029901	2812710	1031367
2351	1689	6394	2	1192	2812587	1029901	2812722	1028716
2352	1689	6594	2	2461	2812587	1029901	2815027	1030223
2353	1689	6595	2	3114	2812587	1029901	2815701	1029929
2354	1690	1686	2	2990	2812554	1027251	2812534	1030241
2355	1690	1687	2	1852	2812554	1027251	2812386	1029096
2356	1690	1691	2	1105	2812554	1027251	2812392	1028345
2357	1690	3973	2	1341	2812554	1027251	2811733	1026190
2358	1690	3977	2	2120	2812554	1027251	2810720	1026186
2359	1690	5675	2	1665	2812554	1027251	2811733	1028700
2360	1690	5676	2	2402	2812554	1027251	2810627	1028685
2361	1690	5678	2	971	2812554	1027251	2811733	1026731
2362	1690	6395	2	1467	2812554	1027251	2812388	1028709
2363	1690	6396	2	1175	2812554	1027251	2812389	1026087
2364	1690	6593	2	2848	2812554	1027251	2811724	1029976
2365	1691	1686	2	1901	2812392	1028345	2812534	1030241
2366	1691	6393	5	3015	2812392	1028345	2812372	1031360
2367	1691	6395	5	364	2812392	1028345	2812388	1028709
2368	1692	1688	7	647	2812721	1028319	2812721	1028966
2369	1692	1689	2	1587	2812721	1028319	2812587	1029901
2370	1692	1693	2	721	2812721	1028319	2812602	1027607
2371	1692	3983	5	2790	2812721	1028319	2814405	1026094
2372	1692	5879	5	1962	2812721	1028319	2814405	1027311
2373	1693	1688	2	1364	2812602	1027607	2812721	1028966
2374	1693	3983	2	2353	2812602	1027607	2814405	1026094
2375	1693	5679	2	2694	2812602	1027607	2815033	1028769
2376	1693	5680	2	2142	2812602	1027607	2814406	1028763
2377	1693	5681	2	3124	2812602	1027607	2815715	1027341
2378	1693	5879	2	1827	2812602	1027607	2814405	1027311
2379	1693	6394	2	1115	2812602	1027607	2812722	1028716
2380	1693	6397	2	1518	2812602	1027607	2812714	1026093
2381	1694	1695	2	1755	2812807	1022819	2812615	1021074
2382	1694	1698	2	1394	2812807	1022819	2812561	1024192
2383	1694	1702	2	2789	2812807	1022819	2812616	1020036
2384	1695	1702	2	1038	2812615	1021074	2812616	1020036
2385	1695	1774	2	3086	2812615	1021074	2813733	1018197
2386	1695	3970	2	2135	2812615	1021074	2814721	1021425
2387	1695	3971	2	2422	2812615	1021074	2814455	1019499
2388	1695	3972	2	2718	2812615	1021074	2814537	1022997
2389	1695	3978	2	3082	2812615	1021074	2814552	1023472
2390	1695	6398	2	1593	2812615	1021074	2812743	1019486
2391	1695	6693	2	2219	2812615	1021074	2812624	1018855
2392	1696	1258	2	2066	2812565	1021114	2812500	1019049
2393	1697	1698	2	1313	2812372	1022892	2812561	1024192
2394	1698	1690	2	3059	2812561	1024192	2812554	1027251
2395	1698	1694	2	1394	2812561	1024192	2812807	1022819
2396	1698	1699	2	440	2812561	1024192	2812611	1023754
2397	1698	3968	2	2269	2812561	1024192	2811755	1022070
2398	1698	3969	2	1435	2812561	1024192	2811748	1023009
2399	1698	3972	2	2309	2812561	1024192	2814537	1022997
2400	1698	3973	2	2162	2812561	1024192	2811733	1026190
2401	1698	3974	2	2165	2812561	1024192	2810624	1023224
2402	1698	3977	2	2713	2812561	1024192	2810720	1026186
2403	1698	3978	2	2117	2812561	1024192	2814552	1023472
2404	1698	5678	2	2670	2812561	1024192	2811733	1026731
2405	1698	6396	2	1902	2812561	1024192	2812389	1026087
2406	1699	1694	2	955	2812611	1023754	2812807	1022819
2407	1699	1695	2	2680	2812611	1023754	2812615	1021074
2408	1699	1698	2	440	2812611	1023754	2812561	1024192
2409	1699	3970	2	3142	2812611	1023754	2814721	1021425
2410	1699	3972	2	2069	2812611	1023754	2814537	1022997
2411	1699	3973	2	2589	2812611	1023754	2811733	1026190
2412	1699	3977	2	3080	2812611	1023754	2810720	1026186
2413	1699	3978	2	1961	2812611	1023754	2814552	1023472
2414	1699	3979	2	3146	2812611	1023754	2815746	1023487
2415	1699	3983	2	2948	2812611	1023754	2814405	1026094
2416	1699	5678	2	3103	2812611	1023754	2811733	1026731
2417	1699	6397	2	2341	2812611	1023754	2812714	1026093
2418	1700	1260	2	1751	2810188	1018015	2811936	1018123
2419	1700	1705	2	1957	2810188	1018015	2812145	1018023
2420	1700	5882	2	1708	2810188	1018015	2809132	1019358
2421	1700	5883	2	3019	2810188	1018015	2808861	1020727
2422	1700	5884	2	3070	2810188	1018015	2808745	1020725
2423	1700	6529	2	2914	2810188	1018015	2809121	1020727
2424	1701	1700	2	1057	2809141	1018161	2810188	1018015
2425	1701	1705	2	3007	2809141	1018161	2812145	1018023
2426	1701	1790	2	821	2809141	1018161	2808328	1018041
2427	1702	1694	2	2789	2812616	1020036	2812807	1022819
2428	1702	1774	2	2151	2812616	1020036	2813733	1018197
2429	1702	1779	2	2494	2812616	1020036	2814455	1018351
2430	1702	3970	2	2521	2812616	1020036	2814721	1021425
2431	1702	3971	2	1915	2812616	1020036	2814455	1019499
2432	1702	6398	2	564	2812616	1020036	2812743	1019486
2433	1702	6693	2	1181	2812616	1020036	2812624	1018855
2434	1703	1696	2	859	2812566	1020255	2812565	1021114
2435	1703	3966	2	1109	2812566	1020255	2811773	1019479
2436	1704	1258	2	442	2812417	1019484	2812500	1019049
2437	1704	1703	2	785	2812417	1019484	2812566	1020255
2438	1705	1260	2	231	2812145	1018023	2811936	1018123
2439	1705	1700	2	1957	2812145	1018023	2810188	1018015
2440	1705	1701	2	3007	2812145	1018023	2809141	1018161
2441	1705	1780	2	1928	2812145	1018023	2810217	1017964
2442	1707	1203	2	1735	2808742	1045395	2810466	1045198
2443	1707	1205	5	636	2808742	1045395	2808968	1044800
2444	1707	1209	2	1570	2808742	1045395	2810300	1045196
2445	1707	1709	5	518	2808742	1045395	2808428	1044982
2446	1707	1710	5	726	2808742	1045395	2808391	1044759
2447	1707	1711	2	2780	2808742	1045395	2809049	1048158
2448	1707	1712	2	2920	2808742	1045395	2809007	1048303
2449	1707	2887	5	981	2808742	1045395	2808227	1044560
2450	1707	2911	5	620	2808742	1045395	2808936	1045984
2451	1707	5923	5	1622	2808742	1045395	2808932	1047006
2452	1707	6399	5	573	2808742	1045395	2808832	1045961
2453	1707	6401	5	710	2808742	1045395	2808936	1046078
2454	1707	6403	5	1251	2808742	1045395	2808897	1046637
2455	1707	7373	2	3184	2808742	1045395	2807500	1048327
2456	1708	1210	5	1042	2808979	1044501	2808946	1045543
2457	1708	6399	5	1467	2808979	1044501	2808832	1045961
2458	1709	1205	5	569	2808428	1044982	2808968	1044800
2459	1709	1707	5	518	2808428	1044982	2808742	1045395
2460	1709	1710	5	226	2808428	1044982	2808391	1044759
2461	1709	2911	5	1123	2808428	1044982	2808936	1045984
2462	1709	5923	5	2085	2808428	1044982	2808932	1047006
2463	1709	6399	5	1059	2808428	1044982	2808832	1045961
2464	1709	6401	5	1208	2808428	1044982	2808936	1046078
2465	1709	6415	5	2206	2808428	1044982	2809160	1047064
2466	1710	1707	5	726	2808391	1044759	2808742	1045395
2467	1710	1709	5	226	2808391	1044759	2808428	1044982
2468	1710	2887	5	257	2808391	1044759	2808227	1044560
2469	1710	5923	5	2311	2808391	1044759	2808932	1047006
2470	1710	6399	5	1280	2808391	1044759	2808832	1045961
2471	1710	6401	5	1427	2808391	1044759	2808936	1046078
2472	1711	1210	2	2617	2809049	1048158	2808946	1045543
2473	1711	1400	2	3091	2809049	1048158	2806107	1047209
2474	1711	1401	2	2851	2809049	1048158	2806322	1047326
2475	1711	1707	2	2780	2809049	1048158	2808742	1045395
2476	1711	1728	2	2640	2809049	1048158	2806529	1047371
2477	1711	1737	2	436	2809049	1048158	2808927	1048577
2478	1711	2911	2	2176	2809049	1048158	2808936	1045984
2479	1711	5922	2	918	2809049	1048158	2808203	1047800
2480	1711	5923	2	1157	2809049	1048158	2808932	1047006
2481	1711	6399	2	2207	2809049	1048158	2808832	1045961
2482	1711	6401	2	2083	2809049	1048158	2808936	1046078
2483	1711	6403	2	1528	2809049	1048158	2808897	1046637
2484	1711	6416	2	376	2809049	1048158	2808926	1047802
2485	1711	6417	2	1477	2809049	1048158	2807614	1047807
2486	1711	7356	2	1047	2809049	1048158	2808090	1048579
2487	1711	7363	2	1163	2809049	1048158	2808077	1048797
2488	1711	7365	2	353	2809049	1048158	2808899	1048478
2489	1712	1210	2	2760	2809007	1048303	2808946	1045543
2490	1712	1400	2	3099	2809007	1048303	2806107	1047209
2491	1712	1401	2	2857	2809007	1048303	2806322	1047326
2492	1712	1707	2	2920	2809007	1048303	2808742	1045395
2493	1712	1728	2	2647	2809007	1048303	2806529	1047371
2494	1712	1737	2	285	2809007	1048303	2808927	1048577
2495	1712	2911	2	2320	2809007	1048303	2808936	1045984
2496	1712	5922	2	948	2809007	1048303	2808203	1047800
2497	1712	5923	2	1299	2809007	1048303	2808932	1047006
2498	1712	6399	2	2348	2809007	1048303	2808832	1045961
2499	1712	6401	2	2226	2809007	1048303	2808936	1046078
2500	1712	6403	2	1669	2809007	1048303	2808897	1046637
2501	1712	6416	2	507	2809007	1048303	2808926	1047802
2502	1712	6417	2	1478	2809007	1048303	2807614	1047807
2503	1712	7356	2	957	2809007	1048303	2808090	1048579
2504	1712	7365	2	205	2809007	1048303	2808899	1048478
2505	1713	1428	2	391	2809392	1049107	2809130	1049398
2506	1714	1428	2	1708	2809127	1051106	2809130	1049398
2507	1714	1713	2	2016	2809127	1051106	2809392	1049107
2508	1714	1735	2	2073	2809127	1051106	2808729	1049071
2509	1714	1736	2	1777	2809127	1051106	2809010	1049332
2510	1714	5924	2	3042	2809127	1051106	2806089	1050941
2511	1714	5925	2	3048	2809127	1051106	2806300	1052247
2512	1714	5960	2	643	2809127	1051106	2808940	1050490
2513	1714	6418	2	1872	2809127	1051106	2808935	1049243
2514	1714	6419	2	686	2809127	1051106	2809275	1050436
2515	1714	6420	2	1910	2809127	1051106	2809584	1049251
2516	1714	7351	2	2045	2809127	1051106	2808887	1049075
2517	1714	7364	2	2432	2809127	1051106	2808579	1048736
2518	1715	1651	2	1543	2816801	1045664	2818342	1045751
2519	1715	1669	2	2882	2816801	1045664	2813919	1045666
2520	1715	1721	2	2080	2816801	1045664	2814721	1045668
2521	1715	2873	2	3198	2816801	1045664	2814159	1047467
2522	1715	2914	2	2079	2816801	1045664	2814860	1046411
2523	1715	2915	2	2194	2816801	1045664	2814856	1046681
2524	1715	2919	2	1023	2816801	1045664	2816684	1046681
2525	1715	2920	2	1277	2816801	1045664	2816028	1046681
2526	1715	2921	2	1629	2816801	1045664	2815528	1046681
2527	1715	3709	2	3164	2816801	1045664	2816391	1048802
2528	1715	3710	2	3027	2816801	1045664	2816300	1048650
2529	1715	3712	2	2357	2816801	1045664	2816676	1048018
2530	1715	3713	2	2710	2816801	1045664	2816075	1048275
2531	1715	3716	2	3034	2816801	1045664	2815702	1048493
2532	1715	3717	2	2792	2816801	1045664	2815487	1048128
2533	1715	3720	2	2436	2816801	1045664	2815855	1047909
2534	1715	3732	2	3198	2816801	1045664	2815084	1048363
2535	1715	3743	2	2010	2816801	1045664	2816342	1047621
2536	1715	3744	2	1251	2816801	1045664	2816682	1046910
2537	1715	3745	2	2053	2816801	1045664	2815420	1047184
2538	1715	3746	2	2504	2816801	1045664	2815136	1047535
2539	1715	6377	2	1473	2816801	1045664	2815532	1046413
2540	1715	6382	2	2398	2816801	1045664	2814851	1047060
2541	1715	7382	2	327	2816801	1045664	2817112	1045561
2542	1716	1647	2	230	2816477	1045612	2816693	1045532
2543	1716	1666	2	2039	2816477	1045612	2814440	1045504
2544	1716	1718	2	1194	2816477	1045612	2815286	1045517
2545	1716	7382	2	637	2816477	1045612	2817112	1045561
2546	1717	1628	2	921	2819025	1045717	2819861	1045329
2547	1717	1630	2	1089	2819025	1045717	2820031	1045300
2548	1717	1631	2	480	2819025	1045717	2819496	1045814
2549	1717	1639	2	2035	2819025	1045717	2819489	1047699
2550	1717	1640	2	2476	2819025	1045717	2820162	1047917
2551	1717	1645	2	2683	2819025	1045717	2820392	1048026
2552	1717	1654	2	458	2819025	1045717	2819454	1045554
2553	1717	1912	2	2854	2819025	1045717	2821786	1044992
2554	1717	1913	2	2586	2819025	1045717	2821521	1045039
2555	1717	3691	2	2749	2819025	1045717	2821336	1047207
2556	1717	3692	2	2130	2819025	1045717	2820558	1047197
2557	1717	3693	2	1958	2819025	1045717	2820308	1047197
2558	1717	3694	2	1704	2819025	1045717	2819873	1047196
2559	1717	3695	2	1587	2819025	1045717	2819603	1047196
2560	1717	5908	2	2185	2819025	1045717	2821135	1046288
2561	1717	5909	2	1666	2819025	1045717	2820311	1046777
2562	1717	5910	2	1568	2819025	1045717	2819875	1047035
2563	1717	5912	2	1002	2819025	1045717	2819493	1046604
2564	1717	6370	2	2052	2819025	1045717	2819868	1047588
2565	1717	6371	2	1931	2819025	1045717	2819490	1047592
2566	1717	6616	2	1315	2819025	1045717	2820316	1045972
2567	1718	1651	2	3064	2815286	1045517	2818342	1045751
2568	1718	1666	2	846	2815286	1045517	2814440	1045504
2569	1718	1668	2	739	2815286	1045517	2814550	1045586
2570	1718	1669	2	1375	2815286	1045517	2813919	1045666
2571	1718	1716	2	1194	2815286	1045517	2816477	1045612
2572	1718	7382	2	1826	2815286	1045517	2817112	1045561
2573	1719	1646	2	2181	2814799	1045438	2816980	1045460
2574	1719	1660	2	1175	2814799	1045438	2813634	1045279
2575	1719	1662	2	2887	2814799	1045438	2813856	1042709
2576	1719	1663	2	1200	2814799	1045438	2813695	1044967
2577	1719	1664	2	809	2814799	1045438	2814016	1045231
2578	1719	1665	2	1369	2814799	1045438	2813889	1044414
2579	1719	5914	2	1056	2814799	1045438	2814520	1044419
2580	1720	1649	2	290	2816404	1045694	2816694	1045699
2581	1720	1651	2	1938	2816404	1045694	2818342	1045751
2582	1720	1715	2	398	2816404	1045694	2816801	1045664
2583	1721	1649	2	1973	2814721	1045668	2816694	1045699
2584	1721	1715	2	2080	2814721	1045668	2816801	1045664
2585	1721	1720	2	1683	2814721	1045668	2816404	1045694
2586	1722	3751	5	2990	2810713	1049161	2811204	1046211
2587	1723	3751	5	3158	2810623	1049316	2811204	1046211
2588	1724	3751	5	3175	2810319	1049261	2811204	1046211
2589	1725	3751	2	3112	2809811	1048994	2811204	1046211
2590	1725	6402	2	2869	2809811	1048994	2810509	1046211
2591	1725	6411	2	716	2809811	1048994	2810060	1048322
2592	1725	6421	2	334	2809811	1048994	2809580	1048752
2593	1726	3751	5	2885	2810351	1048968	2811204	1046211
2594	1727	3751	2	3070	2809820	1048952	2811204	1046211
2595	1727	6402	2	2826	2809820	1048952	2810509	1046211
2596	1727	6408	2	3181	2809820	1048952	2811574	1046298
2597	1727	6409	2	2507	2809820	1048952	2811565	1047151
2598	1727	6411	2	674	2809820	1048952	2810060	1048322
2599	1727	6421	2	312	2809820	1048952	2809580	1048752
2600	1728	1398	2	2323	2806529	1047371	2808511	1048584
2601	1728	1400	2	452	2806529	1047371	2806107	1047209
2602	1728	1401	2	211	2806529	1047371	2806322	1047326
2603	1728	1711	2	2640	2806529	1047371	2809049	1048158
2604	1728	1712	2	2647	2806529	1047371	2809007	1048303
2605	1728	1729	2	1029	2806529	1047371	2807174	1048174
2606	1728	1735	2	2780	2806529	1047371	2808729	1049071
2607	1728	1736	2	3162	2806529	1047371	2809010	1049332
2608	1728	1737	2	2684	2806529	1047371	2808927	1048577
2609	1728	2874	2	2084	2806529	1047371	2804483	1046971
2610	1728	2875	2	1863	2806529	1047371	2804733	1046873
2611	1728	2878	2	2980	2806529	1047371	2803552	1047217
2612	1728	5921	2	2804	2806529	1047371	2805230	1049857
2613	1728	5922	2	1728	2806529	1047371	2808203	1047800
2614	1728	6416	2	2435	2806529	1047371	2808926	1047802
2615	1728	6418	2	3048	2806529	1047371	2808935	1049243
2616	1728	7356	2	1973	2806529	1047371	2808090	1048579
2617	1728	7363	2	2104	2806529	1047371	2808077	1048797
2618	1728	7364	2	2462	2806529	1047371	2808579	1048736
2619	1728	7365	2	2615	2806529	1047371	2808899	1048478
2620	1728	7366	2	1432	2806529	1047371	2807495	1048429
2621	1728	7369	2	2646	2806529	1047371	2808715	1048863
2622	1728	7373	2	1362	2806529	1047371	2807500	1048327
2623	1729	1399	2	569	2807174	1048174	2807717	1048345
2624	1729	1400	7	1438	2807174	1048174	2806107	1047209
2625	1729	1728	2	1029	2807174	1048174	2806529	1047371
2626	1729	7364	2	1513	2807174	1048174	2808579	1048736
2627	1729	7369	2	1688	2807174	1048174	2808715	1048863
2628	1729	7373	2	360	2807174	1048174	2807500	1048327
2629	1732	1428	2	2386	2808943	1051777	2809130	1049398
2630	1732	1733	2	951	2808943	1051777	2808833	1052722
2631	1732	6425	7	451	2808943	1051777	2808819	1052211
2632	1733	4482	2	3012	2808833	1052722	2806899	1055032
2633	1733	4483	2	2789	2808833	1052722	2807274	1055035
2634	1733	5925	2	2577	2808833	1052722	2806300	1052247
2635	1733	5926	2	1210	2808833	1052722	2808413	1053857
2636	1733	5954	2	1448	2808833	1052722	2808626	1054156
2637	1733	5956	2	1052	2808833	1052722	2808529	1053730
2638	1733	5959	2	459	2808833	1052722	2808813	1052263
2639	1733	5960	2	2234	2808833	1052722	2808940	1050490
2640	1733	6425	2	511	2808833	1052722	2808819	1052211
2641	1734	1427	2	201	2809005	1051734	2809194	1051663
2642	1734	1733	2	1002	2809005	1051734	2808833	1052722
2643	1734	1735	2	2677	2809005	1051734	2808729	1049071
2644	1734	1736	2	2402	2809005	1051734	2809010	1049332
2645	1734	5924	2	3021	2809005	1051734	2806089	1050941
2646	1734	5925	2	2753	2809005	1051734	2806300	1052247
2647	1734	5926	2	2203	2809005	1051734	2808413	1053857
2648	1734	5937	2	1676	2809005	1051734	2810677	1051606
2649	1734	5954	2	2451	2809005	1051734	2808626	1054156
2650	1734	5956	2	2051	2809005	1051734	2808529	1053730
2651	1734	5959	2	562	2809005	1051734	2808813	1052263
2652	1734	5960	2	1245	2809005	1051734	2808940	1050490
2653	1734	6418	2	2491	2809005	1051734	2808935	1049243
2654	1734	6425	2	511	2809005	1051734	2808819	1052211
2655	1734	6882	2	3030	2809005	1051734	2812024	1051476
2656	1734	6890	2	2586	2809005	1051734	2811442	1050866
2657	1734	6891	2	2983	2809005	1051734	2811750	1050566
2658	1734	6892	2	2949	2809005	1051734	2811601	1050333
2659	1734	6898	2	3033	2809005	1051734	2811961	1051054
2660	1734	6900	2	3151	2809005	1051734	2812032	1050858
2661	1734	6902	2	2968	2809005	1051734	2811955	1051404
2662	1734	6904	2	2566	2809005	1051734	2811406	1050828
2663	1734	7351	2	2661	2809005	1051734	2808887	1049075
2664	1735	1398	7	533	2808729	1049071	2808511	1048584
2665	1735	1399	2	1245	2808729	1049071	2807717	1048345
2666	1735	1401	2	2972	2808729	1049071	2806322	1047326
2667	1735	1714	2	2073	2808729	1049071	2809127	1051106
2668	1735	1728	2	2780	2808729	1049071	2806529	1047371
2669	1735	1734	2	2677	2808729	1049071	2809005	1051734
2670	1735	7356	7	806	2808729	1049071	2808090	1048579
2671	1735	7363	7	707	2808729	1049071	2808077	1048797
2672	1735	7364	2	367	2808729	1049071	2808579	1048736
2673	1735	7366	7	1391	2808729	1049071	2807495	1048429
2674	1736	1399	2	1626	2809010	1049332	2807717	1048345
2675	1736	1714	2	1777	2809010	1049332	2809127	1051106
2676	1736	1728	2	3162	2809010	1049332	2806529	1047371
2677	1736	1734	2	2402	2809010	1049332	2809005	1051734
2678	1736	7373	2	1813	2809010	1049332	2807500	1048327
2679	1737	1399	2	1232	2808927	1048577	2807717	1048345
2680	1737	1401	2	2889	2808927	1048577	2806322	1047326
2681	1737	1711	2	436	2808927	1048577	2809049	1048158
2682	1737	1712	2	285	2808927	1048577	2809007	1048303
2683	1737	1728	2	2684	2808927	1048577	2806529	1047371
2684	1737	6404	5	1944	2808927	1048577	2809059	1046637
2685	1737	7373	2	1448	2808927	1048577	2807500	1048327
2686	1738	1208	2	349	2805540	1083111	2805695	1083424
2687	1738	1761	2	1527	2805540	1083111	2807046	1083365
2688	1738	1762	2	930	2805540	1083111	2805650	1084035
2689	1738	1765	2	336	2805540	1083111	2805755	1083370
2690	1738	1768	2	2052	2805540	1083111	2803657	1083927
2691	1738	2881	2	1590	2805540	1083111	2804032	1083617
2692	1738	2882	2	1980	2805540	1083111	2803594	1083477
2693	1739	6167	5	1619	2803999	1083252	2803197	1081845
2694	1740	1744	2	1077	2812323	1083155	2811255	1083299
2695	1740	2446	2	1651	2812323	1083155	2813974	1083136
2696	1740	6717	2	2125	2812323	1083155	2810202	1083299
2697	1741	1752	2	1221	2810783	1082451	2809930	1083326
2698	1741	1755	2	1559	2810783	1082451	2809344	1081849
2699	1741	1757	5	1443	2810783	1082451	2809352	1082265
2700	1741	6717	2	1027	2810783	1082451	2810202	1083299
2701	1742	1746	2	1194	2812348	1083203	2811155	1083257
2702	1742	2444	2	1582	2812348	1083203	2813926	1083085
2703	1742	2446	2	1627	2812348	1083203	2813974	1083136
2704	1743	2446	2	2528	2811782	1084397	2813974	1083136
2705	1743	6716	2	1880	2811782	1084397	2810220	1083349
2706	1744	1740	2	1077	2811255	1083299	2812323	1083155
2707	1744	1742	2	1097	2811255	1083299	2812348	1083203
2708	1744	1749	2	2140	2811255	1083299	2809214	1083945
2709	1744	1753	2	1847	2811255	1083299	2809409	1083381
2710	1744	2444	2	2679	2811255	1083299	2813926	1083085
2711	1744	6717	2	1053	2811255	1083299	2810202	1083299
2712	1745	6716	2	1032	2811214	1083629	2810220	1083349
2713	1746	1742	2	1194	2811155	1083257	2812348	1083203
2714	1746	1753	2	1750	2811155	1083257	2809409	1083381
2715	1746	2444	2	2776	2811155	1083257	2813926	1083085
2716	1746	2446	2	2821	2811155	1083257	2813974	1083136
2717	1747	1752	2	1051	2810960	1083115	2809930	1083326
2718	1747	1755	2	2052	2810960	1083115	2809344	1081849
2719	1747	5759	5	2587	2810960	1083115	2810426	1080583
2720	1747	6717	2	780	2810960	1083115	2810202	1083299
2721	1748	1759	2	1730	2809030	1085192	2808870	1083469
2722	1749	1744	2	2140	2809214	1083945	2811255	1083299
2723	1749	6716	2	1169	2809214	1083945	2810220	1083349
2724	1750	1759	2	386	2809113	1083769	2808870	1083469
2725	1752	1741	2	1221	2809930	1083326	2810783	1082451
2726	1752	1747	2	1051	2809930	1083326	2810960	1083115
2727	1752	1753	2	523	2809930	1083326	2809409	1083381
2728	1752	1754	2	765	2809930	1083326	2809213	1083058
2729	1752	1755	2	1589	2809930	1083326	2809344	1081849
2730	1752	1757	2	1208	2809930	1083326	2809352	1082265
2731	1752	5759	2	2787	2809930	1083326	2810426	1080583
2732	1753	1744	2	1847	2809409	1083381	2811255	1083299
2733	1753	1746	2	1750	2809409	1083381	2811155	1083257
2734	1753	1758	2	402	2809409	1083381	2809811	1083392
2735	1753	6716	2	811	2809409	1083381	2810220	1083349
2736	1753	6717	2	797	2809409	1083381	2810202	1083299
2737	1754	1752	2	765	2809213	1083058	2809930	1083326
2738	1754	1755	2	1216	2809213	1083058	2809344	1081849
2739	1754	6717	2	1017	2809213	1083058	2810202	1083299
2740	1755	1741	2	1559	2809344	1081849	2810783	1082451
2741	1755	1747	2	2052	2809344	1081849	2810960	1083115
2742	1755	1752	2	1589	2809344	1081849	2809930	1083326
2743	1755	1754	2	1216	2809344	1081849	2809213	1083058
2744	1755	5759	2	1665	2809344	1081849	2810426	1080583
2745	1755	6717	2	1684	2809344	1081849	2810202	1083299
2746	1757	1741	5	1443	2809352	1082265	2810783	1082451
2747	1757	1755	2	416	2809352	1082265	2809344	1081849
2748	1757	5759	5	1995	2809352	1082265	2810426	1080583
2749	1757	6717	2	1338	2809352	1082265	2810202	1083299
2750	1758	1753	2	402	2809811	1083392	2809409	1083381
2751	1758	6716	2	411	2809811	1083392	2810220	1083349
2752	1759	1206	2	1141	2808870	1083469	2809107	1084586
2753	1759	1748	2	1730	2808870	1083469	2809030	1085192
2754	1759	4575	2	2170	2808870	1083469	2806988	1084551
2755	1760	4575	2	2298	2808973	1083393	2806988	1084551
2756	1761	1738	2	1527	2807046	1083365	2805540	1083111
2757	1761	1763	2	2539	2807046	1083365	2805428	1081408
2758	1761	1764	2	1492	2807046	1083365	2805678	1082767
2759	1761	1765	2	1291	2807046	1083365	2805755	1083370
2760	1761	1766	2	269	2807046	1083365	2807271	1083514
2761	1762	1201	7	1327	2805650	1084035	2806900	1083589
2762	1762	1208	2	612	2805650	1084035	2805695	1083424
2763	1762	1738	2	930	2805650	1084035	2805540	1083111
2764	1762	1767	2	953	2805650	1084035	2806372	1083412
2765	1763	1764	5	1381	2805428	1081408	2805678	1082767
2766	1763	2827	5	2296	2805428	1081408	2803769	1079820
2767	1764	1761	2	1492	2805678	1082767	2807046	1083365
2768	1764	1763	5	1381	2805678	1082767	2805428	1081408
2769	1764	1765	2	607	2805678	1082767	2805755	1083370
2770	1764	6167	5	2646	2805678	1082767	2803197	1081845
2771	1765	1738	2	336	2805755	1083370	2805540	1083111
2772	1765	1764	2	607	2805755	1083370	2805678	1082767
2773	1765	1768	2	2170	2805755	1083370	2803657	1083927
2774	1765	2881	2	1740	2805755	1083370	2804032	1083617
2775	1765	2882	2	2163	2805755	1083370	2803594	1083477
2776	1766	1208	2	1578	2807271	1083514	2805695	1083424
2777	1766	1761	2	269	2807271	1083514	2807046	1083365
2778	1767	1202	2	321	2806372	1083412	2806673	1083526
2779	1767	1762	2	953	2806372	1083412	2805650	1084035
2780	1767	1766	2	904	2806372	1083412	2807271	1083514
2781	1767	1768	2	2763	2806372	1083412	2803657	1083927
2782	1767	1771	2	2633	2806372	1083412	2803878	1084258
2783	1767	1772	2	2632	2806372	1083412	2803900	1084316
2784	1767	2881	2	2348	2806372	1083412	2804032	1083617
2785	1767	2882	2	2778	2806372	1083412	2803594	1083477
2786	1767	4574	2	2666	2806372	1083412	2804027	1084681
2787	1768	1208	2	2099	2803657	1083927	2805695	1083424
2788	1768	1738	2	2052	2803657	1083927	2805540	1083111
2789	1768	1765	2	2170	2803657	1083927	2805755	1083370
2790	1768	1767	2	2763	2803657	1083927	2806372	1083412
2791	1768	1772	2	458	2803657	1083927	2803900	1084316
2792	1768	1773	2	1423	2803657	1083927	2802305	1084374
2793	1768	2881	2	486	2803657	1083927	2804032	1083617
2794	1768	2882	2	454	2803657	1083927	2803594	1083477
2795	1769	1768	2	1566	2802188	1084471	2803657	1083927
2796	1769	1771	2	1703	2802188	1084471	2803878	1084258
2797	1769	1772	2	1719	2802188	1084471	2803900	1084316
2798	1769	2881	2	2032	2802188	1084471	2804032	1083617
2799	1769	2882	2	1721	2802188	1084471	2803594	1083477
2800	1771	1767	2	2633	2803878	1084258	2806372	1083412
2801	1771	1768	2	397	2803878	1084258	2803657	1083927
2802	1771	1769	2	1703	2803878	1084258	2802188	1084471
2803	1771	1773	2	1577	2803878	1084258	2802305	1084374
2804	1771	2881	2	659	2803878	1084258	2804032	1083617
2805	1772	1767	2	2632	2803900	1084316	2806372	1083412
2806	1772	1768	2	458	2803900	1084316	2803657	1083927
2807	1772	1773	2	1596	2803900	1084316	2802305	1084374
2808	1772	2881	2	711	2803900	1084316	2804032	1083617
2809	1773	1768	2	1423	2802305	1084374	2803657	1083927
2810	1773	1771	2	1577	2802305	1084374	2803878	1084258
2811	1773	1772	2	1596	2802305	1084374	2803900	1084316
2812	1773	2882	2	1570	2802305	1084374	2803594	1083477
2813	1774	1695	2	3086	2813733	1018197	2812615	1021074
2814	1774	1702	2	2151	2813733	1018197	2812616	1020036
2815	1774	1775	2	1547	2813733	1018197	2815280	1018211
2816	1774	1777	2	1239	2813733	1018197	2814972	1018166
2817	1774	6398	2	1625	2813733	1018197	2812743	1019486
2818	1774	6693	2	1289	2813733	1018197	2812624	1018855
2819	1775	1259	2	1981	2815280	1018211	2813299	1018200
2820	1775	1776	2	1356	2815280	1018211	2813925	1018150
2821	1775	1777	2	311	2815280	1018211	2814972	1018166
2822	1775	2640	2	3198	2815280	1018211	2818398	1018923
2823	1775	2641	2	2881	2815280	1018211	2818063	1018958
2824	1775	5984	2	3113	2815280	1018211	2818035	1019661
2825	1775	5985	2	3019	2815280	1018211	2818283	1018527
2826	1775	5987	2	1520	2815280	1018211	2814454	1016935
2827	1776	1257	2	798	2813925	1018150	2813130	1018078
2828	1776	1775	2	1356	2813925	1018150	2815280	1018211
2829	1777	1774	2	1239	2814972	1018166	2813733	1018197
2830	1777	1775	2	311	2814972	1018166	2815280	1018211
2831	1777	1776	2	1047	2814972	1018166	2813925	1018150
2832	1779	1259	2	1165	2814455	1018351	2813299	1018200
2833	1779	1702	2	2494	2814455	1018351	2812616	1020036
2834	1779	6693	2	1899	2814455	1018351	2812624	1018855
2835	1780	1260	2	1726	2810217	1017964	2811936	1018123
2836	1780	1781	2	1083	2810217	1017964	2809141	1017838
2837	1780	1782	2	1887	2810217	1017964	2808334	1017828
2838	1780	1783	2	1275	2810217	1017964	2808942	1017983
2839	1780	3955	2	2542	2810217	1017964	2809624	1015492
2840	1780	5989	2	1571	2810217	1017964	2809183	1016780
2841	1780	5991	2	1952	2810217	1017964	2809773	1016063
2842	1780	5992	2	3148	2810217	1017964	2808575	1015278
2843	1780	6432	2	3132	2810217	1017964	2807096	1017693
2844	1781	1260	2	2809	2809141	1017838	2811936	1018123
2845	1781	1782	2	807	2809141	1017838	2808334	1017828
2846	1781	1783	2	246	2809141	1017838	2808942	1017983
2847	1781	1788	2	2218	2809141	1017838	2807161	1016837
2848	1781	1789	2	2321	2809141	1017838	2807147	1016649
2849	1781	1791	2	1640	2809141	1017838	2807513	1018038
2850	1782	1780	2	1887	2808334	1017828	2810217	1017964
2851	1782	1784	2	2665	2808334	1017828	2807044	1015496
2852	1782	1788	2	1535	2808334	1017828	2807161	1016837
2853	1782	1789	2	1673	2808334	1017828	2807147	1016649
2854	1782	1791	2	847	2808334	1017828	2807513	1018038
2855	1782	6432	2	1245	2808334	1017828	2807096	1017693
2856	1783	1781	2	246	2808942	1017983	2809141	1017838
2857	1783	1782	2	627	2808942	1017983	2808334	1017828
2858	1783	1791	2	1430	2808942	1017983	2807513	1018038
2859	1783	3955	2	2582	2808942	1017983	2809624	1015492
2860	1783	3956	2	2953	2808942	1017983	2810552	1015507
2861	1783	3965	2	3060	2808942	1017983	2811775	1016824
2862	1783	5989	2	1226	2808942	1017983	2809183	1016780
2863	1783	5991	2	2092	2808942	1017983	2809773	1016063
2864	1783	6432	2	1868	2808942	1017983	2807096	1017693
2865	1784	1782	2	2665	2807044	1015496	2808334	1017828
2866	1784	1787	2	891	2807044	1015496	2807115	1014607
2867	1784	1788	2	1346	2807044	1015496	2807161	1016837
2868	1784	1789	2	1157	2807044	1015496	2807147	1016649
2869	1784	1792	2	1255	2807044	1015496	2807116	1016749
2870	1784	6692	2	1064	2807044	1015496	2807118	1016558
2871	1785	1784	2	1008	2807035	1014488	2807044	1015496
2872	1785	1786	2	1043	2807035	1014488	2807307	1015495
2873	1785	1788	2	2352	2807035	1014488	2807161	1016837
2874	1785	1789	2	2163	2807035	1014488	2807147	1016649
2875	1785	1792	2	2262	2807035	1014488	2807116	1016749
2876	1785	3952	2	3148	2807035	1014488	2803894	1014264
2877	1785	5989	2	3141	2807035	1014488	2809183	1016780
2878	1785	6692	2	2071	2807035	1014488	2807118	1016558
2879	1786	1785	2	1043	2807307	1015495	2807035	1014488
2880	1786	1787	2	908	2807307	1015495	2807115	1014607
2881	1787	1784	2	891	2807115	1014607	2807044	1015496
2882	1787	1792	2	2142	2807115	1014607	2807116	1016749
2883	1787	3955	2	2660	2807115	1014607	2809624	1015492
2884	1787	5989	2	2999	2807115	1014607	2809183	1016780
2885	1787	5991	2	3030	2807115	1014607	2809773	1016063
2886	1787	5992	2	1606	2807115	1014607	2808575	1015278
2887	1787	6432	2	3086	2807115	1014607	2807096	1017693
2888	1787	6692	2	1951	2807115	1014607	2807118	1016558
2889	1788	1781	2	2218	2807161	1016837	2809141	1017838
2890	1788	1782	2	1535	2807161	1016837	2808334	1017828
2891	1788	1784	2	1346	2807161	1016837	2807044	1015496
2892	1788	1785	2	2352	2807161	1016837	2807035	1014488
2893	1788	6432	2	858	2807161	1016837	2807096	1017693
2894	1788	6692	2	282	2807161	1016837	2807118	1016558
2895	1789	1781	2	2321	2807147	1016649	2809141	1017838
2896	1789	1782	2	1673	2807147	1016649	2808334	1017828
2897	1789	1784	2	1157	2807147	1016649	2807044	1015496
2898	1789	1785	2	2163	2807147	1016649	2807035	1014488
2899	1789	1787	2	2042	2807147	1016649	2807115	1014607
2900	1789	6432	2	1045	2807147	1016649	2807096	1017693
2901	1790	1700	2	1860	2808328	1018041	2810188	1018015
2902	1790	1701	2	821	2808328	1018041	2809141	1018161
2903	1790	5882	2	1543	2808328	1018041	2809132	1019358
2904	1790	5883	2	2738	2808328	1018041	2808861	1020727
2905	1790	5884	2	2716	2808328	1018041	2808745	1020725
2906	1790	6529	2	2800	2808328	1018041	2809121	1020727
2907	1791	1781	2	1640	2807513	1018038	2809141	1017838
2908	1791	1782	2	847	2807513	1018038	2808334	1017828
2909	1791	1783	2	1430	2807513	1018038	2808942	1017983
2910	1791	5989	2	2090	2807513	1018038	2809183	1016780
2911	1792	1784	2	1255	2807116	1016749	2807044	1015496
2912	1792	1785	2	2262	2807116	1016749	2807035	1014488
2913	1792	1787	2	2142	2807116	1016749	2807115	1014607
2914	1792	6432	2	944	2807116	1016749	2807096	1017693
2915	1793	2647	2	2121	2806676	1018064	2804555	1018075
2916	1794	5884	5	2941	2807227	1018206	2808745	1020725
2917	1794	5885	5	2551	2807227	1018206	2806692	1020701
2918	1795	2647	2	2135	2806690	1018013	2804555	1018075
2919	1795	2649	2	2137	2806690	1018013	2804555	1018125
2920	1795	5993	2	2763	2806690	1018013	2805562	1015490
2921	1796	1808	2	2053	2809774	1007680	2807723	1007578
2922	1796	1810	2	2414	2809774	1007680	2807360	1007622
2923	1796	1811	2	2930	2809774	1007680	2806844	1007612
2924	1796	2182	2	1232	2809774	1007680	2808544	1007603
2925	1796	2188	2	1349	2809774	1007680	2811123	1007658
2926	1796	2189	2	2665	2809774	1007680	2812438	1007603
2927	1796	2191	2	2055	2809774	1007680	2811828	1007752
2928	1796	3935	2	2413	2809774	1007680	2811819	1008962
2929	1796	3936	2	1398	2809774	1007680	2810390	1008935
2930	1797	2188	2	1943	2809185	1007803	2811123	1007658
2931	1798	1799	2	295	2806407	1009593	2806355	1009884
2932	1798	1800	2	1164	2806407	1009593	2806500	1008432
2933	1798	1801	2	1272	2806407	1009593	2806459	1008322
2934	1798	1804	2	1783	2806407	1009593	2806506	1007812
2935	1798	1805	2	1797	2806407	1009593	2806557	1007802
2936	1798	1812	2	827	2806407	1009593	2806875	1008911
2937	1798	1813	2	720	2806407	1009593	2806197	1008904
2938	1798	2142	2	2809	2806407	1009593	2804406	1007621
2939	1798	2146	2	3095	2806407	1009593	2803915	1007756
2940	1798	3924	2	2590	2806407	1009593	2803912	1008896
2941	1798	3926	2	2800	2806407	1009593	2803905	1010852
2942	1798	3932	2	3056	2806407	1009593	2809166	1010908
2943	1798	5995	2	1474	2806407	1009593	2805111	1008889
2944	1798	5997	2	2830	2806407	1009593	2803914	1008253
2945	1799	1798	2	295	2806355	1009884	2806407	1009593
2946	1799	1800	2	1459	2806355	1009884	2806500	1008432
2947	1799	1804	2	2077	2806355	1009884	2806506	1007812
2948	1799	1812	2	1103	2806355	1009884	2806875	1008911
2949	1799	2142	2	2986	2806355	1009884	2804406	1007621
2950	1799	3924	2	2635	2806355	1009884	2803912	1008896
2951	1799	3926	2	2634	2806355	1009884	2803905	1010852
2952	1799	3931	2	2980	2806355	1009884	2809175	1008920
2953	1799	5995	2	1592	2806355	1009884	2805111	1008889
2954	1799	5997	2	2935	2806355	1009884	2803914	1008253
2955	1800	1799	2	1459	2806500	1008432	2806355	1009884
2956	1800	1805	2	632	2806500	1008432	2806557	1007802
2957	1801	1798	2	1272	2806459	1008322	2806407	1009593
2958	1801	1799	2	1565	2806459	1008322	2806355	1009884
2959	1801	1813	2	638	2806459	1008322	2806197	1008904
2960	1802	1807	2	644	2806256	1007603	2805614	1007546
2961	1802	2147	2	2345	2806256	1007603	2803916	1007443
2962	1803	1802	2	554	2805702	1007597	2806256	1007603
2963	1803	1806	2	656	2805702	1007597	2806357	1007555
2964	1803	2146	2	1794	2805702	1007597	2803915	1007756
2965	1803	3924	2	2211	2805702	1007597	2803912	1008896
2966	1803	5995	2	1420	2805702	1007597	2805111	1008889
2967	1803	5997	2	1904	2805702	1007597	2803914	1008253
2968	1804	1798	2	1783	2806506	1007812	2806407	1009593
2969	1804	1799	2	2077	2806506	1007812	2806355	1009884
2970	1804	1801	2	512	2806506	1007812	2806459	1008322
2971	1805	1798	2	1797	2806557	1007802	2806407	1009593
2972	1806	1803	2	656	2806357	1007555	2805702	1007597
2973	1806	1807	2	743	2806357	1007555	2805614	1007546
2974	1806	2142	2	1952	2806357	1007555	2804406	1007621
2975	1806	2143	2	1687	2806357	1007555	2804670	1007563
2976	1806	3924	2	2788	2806357	1007555	2803912	1008896
2977	1807	1802	2	644	2805614	1007546	2806256	1007603
2978	1807	2143	2	944	2805614	1007546	2804670	1007563
2979	1807	2147	2	1701	2805614	1007546	2803916	1007443
2980	1807	3919	2	2017	2805614	1007546	2803921	1006449
2981	1807	5628	2	2822	2805614	1007546	2803928	1005283
2982	1807	6018	2	2434	2805614	1007546	2805601	1005112
2983	1808	1796	2	2053	2807723	1007578	2809774	1007680
2984	1808	1810	2	365	2807723	1007578	2807360	1007622
2985	1808	1811	2	879	2807723	1007578	2806844	1007612
2986	1808	2183	2	2011	2807723	1007578	2809734	1007629
2987	1808	2184	2	704	2807723	1007578	2808424	1007649
2988	1810	1796	2	2414	2807360	1007622	2809774	1007680
2989	1810	1808	2	365	2807360	1007622	2807723	1007578
2990	1810	2182	2	1184	2807360	1007622	2808544	1007603
2991	1810	2183	2	2374	2807360	1007622	2809734	1007629
2992	1810	2184	2	1064	2807360	1007622	2808424	1007649
2993	1811	1796	2	2930	2806844	1007612	2809774	1007680
2994	1811	1808	2	879	2806844	1007612	2807723	1007578
2995	1811	1810	2	516	2806844	1007612	2807360	1007622
2996	1811	2182	2	1700	2806844	1007612	2808544	1007603
2997	1811	2183	2	2890	2806844	1007612	2809734	1007629
2998	1811	2184	2	1580	2806844	1007612	2808424	1007649
2999	1812	1799	2	1103	2806875	1008911	2806355	1009884
3000	1812	5995	7	1764	2806875	1008911	2805111	1008889
3001	1813	1798	2	720	2806197	1008904	2806407	1009593
3002	1813	1799	2	992	2806197	1008904	2806355	1009884
3003	1813	1801	2	638	2806197	1008904	2806459	1008322
3004	1813	2142	2	2203	2806197	1008904	2804406	1007621
3005	1813	2145	2	3177	2806197	1008904	2803290	1007622
3006	1813	3926	5	3007	2806197	1008904	2803905	1010852
3007	1814	1817	2	582	2806578	1006736	2806533	1007317
3008	1814	2143	2	2079	2806578	1006736	2804670	1007563
3009	1814	2147	2	2754	2806578	1006736	2803916	1007443
3010	1814	3919	2	2672	2806578	1006736	2803921	1006449
3011	1814	5628	2	3022	2806578	1006736	2803928	1005283
3012	1814	6018	2	1895	2806578	1006736	2805601	1005112
3013	1817	6018	2	2393	2806533	1007317	2805601	1005112
3014	1818	1819	2	907	2808511	993773	2808363	994668
3015	1818	1821	2	256	2808511	993773	2808562	993522
3016	1818	1823	2	1799	2808511	993773	2808315	995562
3017	1818	1853	2	1784	2808511	993773	2808269	995541
3018	1818	3904	2	1918	2808511	993773	2806808	994657
3019	1818	6004	2	1603	2808511	993773	2809299	992377
3020	1818	6013	2	1293	2808511	993773	2807571	994662
3021	1819	1821	2	1163	2808363	994668	2808562	993522
3022	1819	1823	2	895	2808363	994668	2808315	995562
3023	1819	1853	2	878	2808363	994668	2808269	995541
3024	1820	1821	2	800	2808699	994311	2808562	993522
3025	1820	6011	7	2987	2808699	994311	2808699	997298
3026	1821	1818	2	256	2808562	993522	2808511	993773
3027	1821	1819	2	1163	2808562	993522	2808363	994668
3028	1821	1822	2	1157	2808562	993522	2808698	994671
3029	1821	1854	2	1293	2808562	993522	2807957	994665
3030	1821	3878	2	2296	2808562	993522	2810540	994688
3031	1821	3879	2	1353	2808562	993522	2809269	994676
3032	1821	3904	2	2089	2808562	993522	2806808	994657
3033	1821	6004	2	1361	2808562	993522	2809299	992377
3034	1821	6012	2	1219	2808562	993522	2808964	994673
3035	1821	6013	2	1510	2808562	993522	2807571	994662
3036	1822	1821	2	1157	2808698	994671	2808562	993522
3037	1822	3878	5	1842	2808698	994671	2810540	994688
3038	1822	3879	5	571	2808698	994671	2809269	994676
3039	1823	1818	2	1799	2808315	995562	2808511	993773
3040	1823	1819	2	895	2808315	995562	2808363	994668
3041	1823	1847	2	2498	2808315	995562	2807252	997823
3042	1823	1848	2	2539	2808315	995562	2807281	997882
3043	1823	1849	2	1087	2808315	995562	2807862	996551
3044	1823	1851	2	1951	2808315	995562	2807397	997284
3045	1823	1852	2	1807	2808315	995562	2807777	997288
3046	1823	6015	2	2886	2808315	995562	2805985	997266
3047	1824	1830	2	1409	2808712	990146	2808594	988741
3048	1825	1824	2	509	2808571	990636	2808712	990146
3049	1825	1829	2	1292	2808571	990636	2808713	989351
3050	1825	1830	2	1895	2808571	990636	2808594	988741
3051	1826	6014	2	2368	2808522	990152	2806285	989375
3052	1827	1826	2	804	2808439	989352	2808522	990152
3053	1828	1826	2	1423	2808544	988729	2808522	990152
3054	1828	1827	2	631	2808544	988729	2808439	989352
3055	1828	6014	2	2349	2808544	988729	2806285	989375
3056	1829	1825	2	1292	2808713	989351	2808571	990636
3057	1829	1830	2	621	2808713	989351	2808594	988741
3058	1830	1824	2	1409	2808594	988741	2808712	990146
3059	1831	1833	2	536	2814003	965936	2813643	965538
3060	1831	1834	2	2098	2814003	965936	2812671	964314
3061	1831	1859	2	2967	2814003	965936	2811140	965154
3062	1831	1860	2	3112	2814003	965936	2811737	963802
3063	1831	3164	2	1736	2814003	965936	2812270	966049
3064	1831	3165	2	2633	2814003	965936	2811575	964915
3065	1831	3166	2	2991	2814003	965936	2814781	963047
3066	1831	5801	2	923	2814003	965936	2814714	965346
3067	1831	5802	2	1607	2814003	965936	2814675	967396
3068	1831	6324	2	2394	2814003	965936	2814701	968227
3069	1831	6433	2	2058	2814003	965936	2812987	964146
3070	1832	1450	2	2292	2812124	964615	2811008	962613
3071	1832	1831	2	2296	2812124	964615	2814003	965936
3072	1832	1833	2	1777	2812124	964615	2813643	965538
3073	1832	1860	2	900	2812124	964615	2811737	963802
3074	1833	1831	2	536	2813643	965538	2814003	965936
3075	1833	1832	2	1777	2813643	965538	2812124	964615
3076	1833	1834	2	1562	2813643	965538	2812671	964314
3077	1833	1859	2	2532	2813643	965538	2811140	965154
3078	1833	1860	2	2578	2813643	965538	2811737	963802
3079	1833	3164	2	1465	2813643	965538	2812270	966049
3080	1833	3165	2	2159	2813643	965538	2811575	964915
3081	1833	3166	2	2738	2813643	965538	2814781	963047
3082	1833	5801	2	1088	2813643	965538	2814714	965346
3083	1833	5802	2	2125	2813643	965538	2814675	967396
3084	1833	6324	2	2889	2813643	965538	2814701	968227
3085	1833	6433	2	1538	2813643	965538	2812987	964146
3086	1834	1450	2	2378	2812671	964314	2811008	962613
3087	1834	1831	2	2098	2812671	964314	2814003	965936
3088	1834	1860	2	1065	2812671	964314	2811737	963802
3089	1834	6687	2	1810	2812671	964314	2811132	963360
3090	1836	1835	2	1140	2806614	1004567	2806605	1005707
3091	1836	1840	2	577	2806614	1004567	2806492	1005131
3092	1836	3895	2	2636	2806614	1004567	2809173	1003933
3093	1836	3916	2	2777	2806614	1004567	2803936	1003831
3094	1836	6009	2	2373	2806614	1004567	2807838	1002534
3095	1836	6017	2	2302	2806614	1004567	2805564	1002518
3096	1837	1838	2	1474	2806656	1005941	2806665	1004467
3097	1837	1839	2	829	2806656	1005941	2806837	1005132
3098	1837	2185	2	2940	2806656	1005941	2809185	1007442
3099	1837	3896	2	2635	2806656	1005941	2809171	1005154
3100	1837	6007	2	2583	2806656	1005941	2809179	1006499
3101	1837	6008	2	1507	2806656	1005941	2807934	1005142
3102	1838	1840	2	686	2806665	1004467	2806492	1005131
3103	1838	3889	2	3157	2806665	1004467	2809175	1002551
3104	1838	3895	2	2564	2806665	1004467	2809173	1003933
3105	1838	3896	2	2598	2806665	1004467	2809171	1005154
3106	1838	5628	2	2856	2806665	1004467	2803928	1005283
3107	1838	6008	2	1437	2806665	1004467	2807934	1005142
3108	1838	6009	2	2261	2806665	1004467	2807838	1002534
3109	1839	1838	2	686	2806837	1005132	2806665	1004467
3110	1839	3896	7	2334	2806837	1005132	2809171	1005154
3111	1840	1835	2	586	2806492	1005131	2806605	1005707
3112	1840	1838	2	686	2806492	1005131	2806665	1004467
3113	1841	1843	2	859	2806701	1000725	2806849	999878
3114	1841	1844	2	1611	2806701	1000725	2806797	999116
3115	1841	1845	2	1296	2806701	1000725	2806696	999429
3116	1841	1847	2	2953	2806701	1000725	2807252	997823
3117	1841	1848	2	2901	2806701	1000725	2807281	997882
3118	1842	3898	2	2749	2806658	1000479	2803978	999866
3119	1842	6016	2	1427	2806658	1000479	2805366	999872
3120	1842	6017	2	2313	2806658	1000479	2805564	1002518
3121	1843	1844	2	763	2806849	999878	2806797	999116
3122	1843	1845	2	474	2806849	999878	2806696	999429
3123	1843	1847	2	2094	2806849	999878	2807252	997823
3124	1843	1848	2	2042	2806849	999878	2807281	997882
3125	1844	1845	2	328	2806797	999116	2806696	999429
3126	1844	1847	2	1370	2806797	999116	2807252	997823
3127	1844	1848	2	1325	2806797	999116	2807281	997882
3128	1844	1849	2	2777	2806797	999116	2807862	996551
3129	1844	1851	2	1927	2806797	999116	2807397	997284
3130	1844	1852	2	2074	2806797	999116	2807777	997288
3131	1844	3886	2	2551	2806797	999116	2809229	999888
3132	1844	6010	2	1413	2806797	999116	2807984	999883
3133	1845	1841	2	1296	2806696	999429	2806701	1000725
3134	1845	1843	2	474	2806696	999429	2806849	999878
3135	1845	1844	2	328	2806696	999429	2806797	999116
3136	1845	1848	2	1653	2806696	999429	2807281	997882
3137	1845	1849	2	3105	2806696	999429	2807862	996551
3138	1845	1851	2	2256	2806696	999429	2807397	997284
3139	1845	1852	2	2398	2806696	999429	2807777	997288
3140	1846	1842	2	607	2806575	999877	2806658	1000479
3141	1847	1823	2	2498	2807252	997823	2808315	995562
3142	1847	1841	2	2953	2807252	997823	2806701	1000725
3143	1847	1843	2	2094	2807252	997823	2806849	999878
3144	1847	1844	2	1370	2807252	997823	2806797	999116
3145	1847	1845	2	1699	2807252	997823	2806696	999429
3146	1847	1850	2	1857	2807252	997823	2808086	996163
3147	1847	1852	2	749	2807252	997823	2807777	997288
3148	1847	1853	2	2498	2807252	997823	2808269	995541
3149	1847	3887	2	2052	2807252	997823	2809238	997304
3150	1848	1823	2	2539	2807281	997882	2808315	995562
3151	1848	1841	2	2901	2807281	997882	2806701	1000725
3152	1848	1843	2	2042	2807281	997882	2806849	999878
3153	1848	1845	2	1653	2807281	997882	2806696	999429
3154	1848	1849	2	1452	2807281	997882	2807862	996551
3155	1848	1850	2	1898	2807281	997882	2808086	996163
3156	1848	1851	2	609	2807281	997882	2807397	997284
3157	1848	1852	2	773	2807281	997882	2807777	997288
3158	1848	1853	2	2540	2807281	997882	2808269	995541
3159	1848	3887	2	2040	2807281	997882	2809238	997304
3160	1849	1823	2	1087	2807862	996551	2808315	995562
3161	1849	1844	2	2777	2807862	996551	2806797	999116
3162	1849	1845	2	3105	2807862	996551	2806696	999429
3163	1849	1847	2	1410	2807862	996551	2807252	997823
3164	1849	1848	2	1452	2807862	996551	2807281	997882
3165	1849	1850	2	448	2807862	996551	2808086	996163
3166	1849	1851	2	868	2807862	996551	2807397	997284
3167	1849	1852	2	741	2807862	996551	2807777	997288
3168	1850	1823	2	643	2808086	996163	2808315	995562
3169	1850	1847	2	1857	2808086	996163	2807252	997823
3170	1850	1849	2	448	2808086	996163	2807862	996551
3171	1850	1851	2	1315	2808086	996163	2807397	997284
3172	1850	1853	2	648	2808086	996163	2808269	995541
3173	1850	6015	2	2372	2808086	996163	2805985	997266
3174	1851	1823	2	1951	2807397	997284	2808315	995562
3175	1851	1844	2	1927	2807397	997284	2806797	999116
3176	1851	1845	2	2256	2807397	997284	2806696	999429
3177	1851	1847	2	558	2807397	997284	2807252	997823
3178	1851	1848	2	609	2807397	997284	2807281	997882
3179	1851	1850	2	1315	2807397	997284	2808086	996163
3180	1851	1853	2	1948	2807397	997284	2808269	995541
3181	1852	1823	2	1807	2807777	997288	2808315	995562
3182	1852	1844	2	2074	2807777	997288	2806797	999116
3183	1852	1845	2	2398	2807777	997288	2806696	999429
3184	1852	1847	2	749	2807777	997288	2807252	997823
3185	1852	1849	2	741	2807777	997288	2807862	996551
3186	1852	1850	2	1166	2807777	997288	2808086	996163
3187	1852	1853	2	1814	2807777	997288	2808269	995541
3188	1853	1819	2	878	2808269	995541	2808363	994668
3189	1853	1847	2	2498	2808269	995541	2807252	997823
3190	1853	1848	2	2540	2808269	995541	2807281	997882
3191	1853	1849	2	1088	2808269	995541	2807862	996551
3192	1853	1850	2	648	2808269	995541	2808086	996163
3193	1853	1851	2	1948	2808269	995541	2807397	997284
3194	1853	1852	2	1814	2808269	995541	2807777	997288
3195	1853	6015	2	2862	2808269	995541	2805985	997266
3196	1854	1821	2	1293	2807957	994665	2808562	993522
3197	1854	3904	5	1149	2807957	994665	2806808	994657
3198	1855	1857	2	749	2810719	966203	2810557	965471
3199	1855	1858	2	421	2810719	966203	2810515	966572
3200	1855	3180	2	2432	2810719	966203	2808295	966411
3201	1855	5797	2	2764	2810719	966203	2808274	967494
3202	1856	3138	2	2060	2809429	972532	2807406	972921
3203	1856	3139	2	1565	2809429	972532	2809025	974044
3204	1856	7270	2	2679	2809429	972532	2809424	975211
3205	1856	7271	2	1185	2809429	972532	2809384	973717
3206	1857	1855	2	749	2810557	965471	2810719	966203
3207	1857	1858	2	1101	2810557	965471	2810515	966572
3208	1858	1855	2	421	2810515	966572	2810719	966203
3209	1858	3180	2	2225	2810515	966572	2808295	966411
3210	1858	5797	2	2423	2810515	966572	2808274	967494
3211	1859	1450	2	2544	2811140	965154	2811008	962613
3212	1859	1831	2	2967	2811140	965154	2814003	965936
3213	1859	1833	2	2532	2811140	965154	2813643	965538
3214	1859	1860	2	1477	2811140	965154	2811737	963802
3215	1859	6687	2	1794	2811140	965154	2811132	963360
3216	1860	1450	2	1394	2811737	963802	2811008	962613
3217	1860	1831	2	3112	2811737	963802	2814003	965936
3218	1860	1832	2	900	2811737	963802	2812124	964615
3219	1860	1859	2	1477	2811737	963802	2811140	965154
3220	1860	3164	2	2309	2811737	963802	2812270	966049
3221	1860	3165	2	1124	2811737	963802	2811575	964915
3222	1860	6325	2	1787	2811737	963802	2811057	962149
3223	1860	6433	2	1296	2811737	963802	2812987	964146
3224	1860	6687	2	749	2811737	963802	2811132	963360
3225	1861	1483	2	2727	2847110	1040715	2849837	1040758
3226	1861	1489	2	2902	2847110	1040715	2850012	1040713
3227	1861	1863	2	302	2847110	1040715	2846812	1040661
3228	1861	1866	2	2853	2847110	1040715	2844257	1040656
3229	1861	1874	2	2710	2847110	1040715	2844400	1040704
3230	1862	1874	2	1705	2846096	1040882	2844400	1040704
3231	1863	1483	2	3026	2846812	1040661	2849837	1040758
3232	1863	1861	2	302	2846812	1040661	2847110	1040715
3233	1863	1866	2	2555	2846812	1040661	2844257	1040656
3234	1863	1868	2	2104	2846812	1040661	2844708	1040700
3235	1863	1874	2	2412	2846812	1040661	2844400	1040704
3236	1865	6441	5	2504	2845432	1040531	2842928	1040549
3237	1866	1861	2	2853	2844257	1040656	2847110	1040715
3238	1866	1869	2	2868	2844257	1040656	2841389	1040604
3239	1866	1875	2	2710	2844257	1040656	2841547	1040653
3240	1866	7307	2	3043	2844257	1040656	2846893	1042177
3241	1867	1874	2	1059	2845443	1040888	2844400	1040704
3242	1868	1245	2	2293	2844708	1040700	2842909	1042123
3243	1868	1861	2	2402	2844708	1040700	2847110	1040715
3244	1868	1863	2	2104	2844708	1040700	2846812	1040661
3245	1868	6216	2	3136	2844708	1040700	2841650	1041397
3246	1869	1870	2	856	2841389	1040604	2840542	1040475
3247	1869	1874	2	3012	2841389	1040604	2844400	1040704
3248	1869	1876	2	1045	2841389	1040604	2840352	1040472
3249	1869	1877	2	1543	2841389	1040604	2840337	1039475
3250	1869	1879	2	2066	2841389	1040604	2839323	1040616
3251	1869	3606	2	2082	2841389	1040604	2840353	1038797
3252	1870	1879	2	1227	2840542	1040475	2839323	1040616
3253	1871	1889	2	1387	2831366	1045693	2831147	1047063
3254	1871	1894	2	583	2831366	1045693	2831292	1045114
3255	1871	1897	2	1381	2831366	1045693	2831091	1047047
3256	1872	1250	2	759	2831196	1046340	2831367	1045600
3257	1872	1394	2	1043	2831196	1046340	2831210	1045297
3258	1872	1871	2	668	2831196	1046340	2831366	1045693
3259	1872	1891	2	1502	2831196	1046340	2831383	1044849
3260	1872	1892	2	1694	2831196	1046340	2831329	1044651
3261	1872	1893	2	2170	2831196	1046340	2831332	1044174
3262	1872	1894	2	1229	2831196	1046340	2831292	1045114
3263	1872	1897	2	714	2831196	1046340	2831091	1047047
3264	1872	3672	2	2673	2831196	1046340	2833207	1044578
3265	1872	3673	2	1734	2831196	1046340	2832355	1045050
3266	1872	3674	2	1206	2831196	1046340	2831853	1045328
3267	1872	3675	2	1057	2831196	1046340	2831373	1045297
3268	1872	4648	2	1378	2831196	1046340	2832376	1045627
3269	1872	4649	2	1016	2831196	1046340	2832140	1046716
3270	1872	4651	2	3169	2831196	1046340	2833120	1048859
3271	1872	6228	2	2309	2831196	1046340	2833301	1045391
3272	1872	6442	2	2400	2831196	1046340	2831719	1043997
3273	1872	6443	2	1152	2831196	1046340	2831704	1045305
3274	1873	1488	2	3124	2850619	1040625	2853743	1040595
3275	1873	6214	5	1707	2850619	1040625	2850892	1038939
3276	1874	1244	2	1869	2844400	1040704	2845570	1042162
3277	1874	1861	2	2710	2844400	1040704	2847110	1040715
3278	1874	1862	2	1705	2844400	1040704	2846096	1040882
3279	1874	1863	2	2412	2844400	1040704	2846812	1040661
3280	1874	1867	2	1059	2844400	1040704	2845443	1040888
3281	1874	1868	2	308	2844400	1040704	2844708	1040700
3282	1874	1869	2	3012	2844400	1040704	2841389	1040604
3283	1874	4708	2	3048	2844400	1040704	2845576	1043516
3284	1874	6438	2	1220	2844400	1040704	2845607	1040887
3285	1874	7307	2	2895	2844400	1040704	2846893	1042177
3286	1875	1866	2	2710	2841547	1040653	2844257	1040656
3287	1875	1874	2	2853	2841547	1040653	2844400	1040704
3288	1875	1878	2	1204	2841547	1040653	2840352	1040803
3289	1875	3602	2	1547	2841547	1040653	2840984	1042094
3290	1875	3603	2	1863	2841547	1040653	2840354	1042084
3291	1875	6611	2	1421	2841547	1040653	2840353	1041425
3292	1875	7305	2	3124	2841547	1040653	2840313	1043523
3293	1875	7315	2	2926	2841547	1040653	2838992	1042079
3294	1876	1869	2	1045	2840352	1040472	2841389	1040604
3295	1876	1879	2	1039	2840352	1040472	2839323	1040616
3296	1877	1869	2	1543	2840337	1039475	2841389	1040604
3297	1877	1879	2	1526	2840337	1039475	2839323	1040616
3298	1878	1875	2	1204	2840352	1040803	2841547	1040653
3299	1879	1870	2	1227	2839323	1040616	2840542	1040475
3300	1879	1877	2	1526	2839323	1040616	2840337	1039475
3301	1879	3605	2	2601	2839323	1040616	2841671	1039495
3302	1879	3606	2	2090	2839323	1040616	2840353	1038797
3303	1879	6335	2	2340	2839323	1040616	2841660	1040491
3304	1879	6534	2	2809	2839323	1040616	2841478	1038813
3305	1880	1875	2	2461	2839086	1040668	2841547	1040653
3306	1880	1878	2	1273	2839086	1040668	2840352	1040803
3307	1880	3601	2	2940	2839086	1040668	2841652	1042104
3308	1880	3602	2	2374	2839086	1040668	2840984	1042094
3309	1880	3603	2	1900	2839086	1040668	2840354	1042084
3310	1880	3668	2	2016	2839086	1040668	2837703	1042136
3311	1880	6216	2	2665	2839086	1040668	2841650	1041397
3312	1880	6336	2	2576	2839086	1040668	2841656	1040846
3313	1880	6611	2	1475	2839086	1040668	2840353	1041425
3314	1880	6699	2	1636	2839086	1040668	2840716	1040808
3315	1880	7305	2	3107	2839086	1040668	2840313	1043523
3316	1881	1246	2	2859	2834581	1041857	2831996	1043079
3317	1881	1885	2	854	2834581	1041857	2833730	1041935
3318	1881	1886	2	2959	2834581	1041857	2831982	1043272
3319	1881	1888	2	2303	2834581	1041857	2832486	1042814
3320	1881	3668	2	3134	2834581	1041857	2837703	1042136
3321	1881	6612	2	867	2834581	1041857	2833733	1041672
3322	1882	1246	2	2844	2834546	1041819	2831996	1043079
3323	1882	1883	2	1042	2834546	1041819	2833738	1042478
3324	1882	1884	2	2057	2834546	1041819	2832709	1042745
3325	1882	1885	2	824	2834546	1041819	2833730	1041935
3326	1882	1886	2	2947	2834546	1041819	2831982	1043272
3327	1882	1888	2	2287	2834546	1041819	2832486	1042814
3328	1882	3668	2	3172	2834546	1041819	2837703	1042136
3329	1882	6612	2	826	2834546	1041819	2833733	1041672
3330	1883	1246	2	1842	2833738	1042478	2831996	1043079
3331	1883	1881	2	1047	2833738	1042478	2834581	1041857
3332	1883	1882	2	1042	2833738	1042478	2834546	1041819
3333	1883	1886	2	1927	2833738	1042478	2831982	1043272
3334	1883	1887	2	2497	2833738	1042478	2831509	1043604
3335	1883	1888	2	1296	2833738	1042478	2832486	1042814
3336	1883	6612	5	806	2833738	1042478	2833733	1041672
3337	1883	6613	5	2180	2833738	1042478	2831745	1041593
3338	1884	1246	2	787	2832709	1042745	2831996	1043079
3339	1884	1250	2	3154	2832709	1042745	2831367	1045600
3340	1884	1394	2	2959	2832709	1042745	2831210	1045297
3341	1884	1881	2	2071	2832709	1042745	2834581	1041857
3342	1884	1882	2	2057	2832709	1042745	2834546	1041819
3343	1884	1883	2	1063	2832709	1042745	2833738	1042478
3344	1884	1885	2	1303	2832709	1042745	2833730	1041935
3345	1884	1887	2	1475	2832709	1042745	2831509	1043604
3346	1884	1888	2	233	2832709	1042745	2832486	1042814
3347	1884	1891	2	2486	2832709	1042745	2831383	1044849
3348	1884	1894	2	2760	2832709	1042745	2831292	1045114
3349	1884	3674	2	2721	2832709	1042745	2831853	1045328
3350	1884	3675	2	2880	2832709	1042745	2831373	1045297
3351	1884	6443	2	2750	2832709	1042745	2831704	1045305
3352	1884	6612	2	1483	2832709	1042745	2833733	1041672
3353	1885	1246	2	2077	2833730	1041935	2831996	1043079
3354	1885	1881	2	854	2833730	1041935	2834581	1041857
3355	1885	1884	2	1303	2833730	1041935	2832709	1042745
3356	1885	1886	2	2200	2833730	1041935	2831982	1043272
3357	1885	1887	2	2778	2833730	1041935	2831509	1043604
3358	1885	1888	2	1523	2833730	1041935	2832486	1042814
3359	1885	6442	5	2880	2833730	1041935	2831719	1043997
3360	1886	1247	2	1295	2831982	1043272	2830701	1043465
3361	1886	1881	2	2959	2831982	1043272	2834581	1041857
3362	1886	1882	2	2947	2831982	1043272	2834546	1041819
3363	1886	1883	2	1927	2831982	1043272	2833738	1042478
3364	1886	1884	2	897	2831982	1043272	2832709	1042745
3365	1886	1885	2	2200	2831982	1043272	2833730	1041935
3366	1886	1888	2	681	2831982	1043272	2832486	1042814
3367	1886	1890	2	2167	2831982	1043272	2829840	1043601
3368	1886	4648	2	2387	2831982	1043272	2832376	1045627
3369	1886	6612	2	2371	2831982	1043272	2833733	1041672
3370	1887	1246	2	716	2831509	1043604	2831996	1043079
3371	1887	1247	2	819	2831509	1043604	2830701	1043465
3372	1887	1883	2	2497	2831509	1043604	2833738	1042478
3373	1887	1884	2	1475	2831509	1043604	2832709	1042745
3374	1887	1885	2	2778	2831509	1043604	2833730	1041935
3375	1887	1886	2	577	2831509	1043604	2831982	1043272
3376	1887	1888	2	1256	2831509	1043604	2832486	1042814
3377	1887	5902	2	3179	2831509	1043604	2828337	1043392
3378	1887	6612	2	2945	2831509	1043604	2833733	1041672
3379	1887	6855	2	1696	2831509	1043604	2829819	1043459
3380	1887	6856	2	2538	2831509	1043604	2829837	1041694
3381	1888	1246	2	557	2832486	1042814	2831996	1043079
3382	1888	1881	2	2303	2832486	1042814	2834581	1041857
3383	1888	1883	2	1296	2832486	1042814	2833738	1042478
3384	1888	1884	2	233	2832486	1042814	2832709	1042745
3385	1888	1885	2	1523	2832486	1042814	2833730	1041935
3386	1888	1886	2	681	2832486	1042814	2831982	1043272
3387	1888	1887	2	1256	2832486	1042814	2831509	1043604
3388	1888	6612	2	1690	2832486	1042814	2833733	1041672
3389	1889	1249	2	2333	2831147	1047063	2831145	1044730
3390	1889	1250	2	1479	2831147	1047063	2831367	1045600
3391	1889	1394	2	1767	2831147	1047063	2831210	1045297
3392	1889	1871	2	1387	2831147	1047063	2831366	1045693
3393	1889	1872	2	724	2831147	1047063	2831196	1046340
3394	1889	1891	2	2226	2831147	1047063	2831383	1044849
3395	1889	1892	2	2418	2831147	1047063	2831329	1044651
3396	1889	1893	2	2894	2831147	1047063	2831332	1044174
3397	1889	1894	2	1954	2831147	1047063	2831292	1045114
3398	1889	1898	2	835	2831147	1047063	2831358	1046255
3399	1889	3673	2	2347	2831147	1047063	2832355	1045050
3400	1889	3674	2	1873	2831147	1047063	2831853	1045328
3401	1889	3675	2	1780	2831147	1047063	2831373	1045297
3402	1889	4648	2	1890	2831147	1047063	2832376	1045627
3403	1889	4649	2	1051	2831147	1047063	2832140	1046716
3404	1889	4651	2	2668	2831147	1047063	2833120	1048859
3405	1889	6228	2	2726	2831147	1047063	2833301	1045391
3406	1889	6442	2	3118	2831147	1047063	2831719	1043997
3407	1889	6443	2	1844	2831147	1047063	2831704	1045305
3408	1890	1247	2	871	2829840	1043601	2830701	1043465
3409	1890	1886	2	2167	2829840	1043601	2831982	1043272
3410	1890	1887	2	1669	2829840	1043601	2831509	1043604
3411	1890	5901	2	3146	2829840	1043601	2827164	1045257
3412	1890	5902	2	1517	2829840	1043601	2828337	1043392
3413	1890	5903	2	2159	2829840	1043601	2828470	1045270
3414	1890	6445	2	1684	2829840	1043601	2829733	1045282
3415	1890	6447	2	2301	2829840	1043601	2829741	1045900
3416	1891	1394	5	480	2831383	1044849	2831210	1045297
3417	1891	1872	2	1502	2831383	1044849	2831196	1046340
3418	1891	1884	2	2486	2831383	1044849	2832709	1042745
3419	1891	1889	2	2226	2831383	1044849	2831147	1047063
3420	1891	1894	2	280	2831383	1044849	2831292	1045114
3421	1891	1897	2	2217	2831383	1044849	2831091	1047047
3422	1891	6442	7	915	2831383	1044849	2831719	1043997
3423	1892	1394	5	656	2831329	1044651	2831210	1045297
3424	1892	1872	2	1694	2831329	1044651	2831196	1046340
3425	1892	1889	2	2418	2831329	1044651	2831147	1047063
3426	1892	1893	7	477	2831329	1044651	2831332	1044174
3427	1892	1897	2	2407	2831329	1044651	2831091	1047047
3428	1892	3675	5	647	2831329	1044651	2831373	1045297
3429	1893	1394	5	1129	2831332	1044174	2831210	1045297
3430	1893	1872	2	2170	2831332	1044174	2831196	1046340
3431	1893	1889	2	2894	2831332	1044174	2831147	1047063
3432	1893	1892	7	477	2831332	1044174	2831329	1044651
3433	1893	1897	2	2883	2831332	1044174	2831091	1047047
3434	1893	3675	5	1123	2831332	1044174	2831373	1045297
3435	1893	6442	7	425	2831332	1044174	2831719	1043997
3436	1894	1250	2	491	2831292	1045114	2831367	1045600
3437	1894	1394	2	200	2831292	1045114	2831210	1045297
3438	1894	1871	2	583	2831292	1045114	2831366	1045693
3439	1894	1884	2	2760	2831292	1045114	2832709	1042745
3440	1894	1889	2	1954	2831292	1045114	2831147	1047063
3441	1894	1891	2	280	2831292	1045114	2831383	1044849
3442	1894	1892	2	464	2831292	1045114	2831329	1044651
3443	1894	1893	2	940	2831292	1045114	2831332	1044174
3444	1894	1897	2	1943	2831292	1045114	2831091	1047047
3445	1894	1898	2	1142	2831292	1045114	2831358	1046255
3446	1894	3672	2	1988	2831292	1045114	2833207	1044578
3447	1894	3673	2	1064	2831292	1045114	2832355	1045050
3448	1894	3674	2	600	2831292	1045114	2831853	1045328
3449	1894	3675	2	200	2831292	1045114	2831373	1045297
3450	1894	4648	2	1199	2831292	1045114	2832376	1045627
3451	1894	4649	2	1812	2831292	1045114	2832140	1046716
3452	1894	6228	2	2028	2831292	1045114	2833301	1045391
3453	1894	6442	2	1195	2831292	1045114	2831719	1043997
3454	1894	6443	2	454	2831292	1045114	2831704	1045305
3455	1895	1534	7	671	2773856	1046775	2773186	1046823
3456	1895	7011	7	2412	2773856	1046775	2771446	1046886
3457	1895	7020	2	2516	2773856	1046775	2776188	1047722
3458	1895	7021	2	1897	2773856	1046775	2775636	1047432
3459	1896	1900	7	678	2831143	1044513	2831064	1045187
3460	1897	1248	2	2636	2831091	1047047	2831190	1044412
3461	1897	1250	2	1473	2831091	1047047	2831367	1045600
3462	1897	1394	2	1754	2831091	1047047	2831210	1045297
3463	1897	1871	2	1381	2831091	1047047	2831366	1045693
3464	1897	1872	2	714	2831091	1047047	2831196	1046340
3465	1897	1891	2	2217	2831091	1047047	2831383	1044849
3466	1897	1892	2	2407	2831091	1047047	2831329	1044651
3467	1897	1893	2	2883	2831091	1047047	2831332	1044174
3468	1897	1894	2	1943	2831091	1047047	2831292	1045114
3469	1897	1898	2	835	2831091	1047047	2831358	1046255
3470	1897	1901	2	2514	2831091	1047047	2831028	1049561
3471	1897	3673	2	2363	2831091	1047047	2832355	1045050
3472	1897	3674	2	1880	2831091	1047047	2831853	1045328
3473	1897	3675	2	1772	2831091	1047047	2831373	1045297
3474	1897	4648	2	1915	2831091	1047047	2832376	1045627
3475	1897	4649	2	1099	2831091	1047047	2832140	1046716
3476	1897	6228	2	2761	2831091	1047047	2833301	1045391
3477	1897	6442	2	3113	2831091	1047047	2831719	1043997
3478	1897	6443	2	1846	2831091	1047047	2831704	1045305
3479	1898	1894	2	1142	2831358	1046255	2831292	1045114
3480	1898	1897	2	835	2831358	1046255	2831091	1047047
3481	1898	4649	5	907	2831358	1046255	2832140	1046716
3482	1901	4649	2	3054	2831028	1049561	2832140	1046716
3483	1901	4651	2	2206	2831028	1049561	2833120	1048859
3484	1901	4652	2	2708	2831028	1049561	2833735	1049473
3485	1902	1904	2	3080	2823858	1045081	2826799	1045996
3486	1902	1907	2	1935	2823858	1045081	2825509	1046091
3487	1902	1908	2	2655	2823858	1045081	2825868	1046817
3488	1902	1910	2	888	2823858	1045081	2822977	1045194
3489	1902	1912	2	2073	2823858	1045081	2821786	1044992
3490	1902	1913	2	2337	2823858	1045081	2821521	1045039
3491	1902	1914	2	1473	2823858	1045081	2822388	1045189
3492	1902	3679	2	2519	2823858	1045081	2826366	1045325
3493	1902	3680	2	2505	2823858	1045081	2826353	1045314
3494	1902	3766	2	597	2823858	1045081	2824095	1044532
3495	1902	6450	2	2961	2823858	1045081	2825800	1047317
3496	1902	6451	2	2670	2823858	1045081	2825781	1046934
3497	1904	1902	2	3080	2826799	1045996	2823858	1045081
3498	1904	1905	2	1171	2826799	1045996	2825631	1046088
3499	1904	1907	2	1293	2826799	1045996	2825509	1046091
3500	1904	1909	2	2912	2826799	1045996	2824008	1045162
3501	1904	3679	2	798	2826799	1045996	2826366	1045325
3502	1904	3680	2	814	2826799	1045996	2826353	1045314
3503	1904	3681	2	1926	2826799	1045996	2825472	1044599
3504	1904	3682	2	2070	2826799	1045996	2826941	1048062
3505	1904	3766	2	3074	2826799	1045996	2824095	1044532
3506	1904	5901	2	824	2826799	1045996	2827164	1045257
3507	1904	5902	2	3024	2826799	1045996	2828337	1043392
3508	1904	5903	2	1821	2826799	1045996	2828470	1045270
3509	1904	6445	2	3019	2826799	1045996	2829733	1045282
3510	1904	6447	2	2943	2826799	1045996	2829741	1045900
3511	1905	1902	2	2039	2825631	1046088	2823858	1045081
3512	1905	1909	2	1868	2825631	1046088	2824008	1045162
3513	1905	3679	2	1059	2825631	1046088	2826366	1045325
3514	1905	3680	2	1058	2825631	1046088	2826353	1045314
3515	1905	3766	2	2186	2825631	1046088	2824095	1044532
3516	1905	5901	2	1743	2825631	1046088	2827164	1045257
3517	1905	5903	2	2954	2825631	1046088	2828470	1045270
3518	1906	3682	2	1934	2826349	1046220	2826941	1048062
3519	1906	3683	2	921	2826349	1046220	2826426	1047138
3520	1907	1902	2	1935	2825509	1046091	2823858	1045081
3521	1907	1904	2	1293	2825509	1046091	2826799	1045996
3522	1907	3679	2	1149	2825509	1046091	2826366	1045325
3523	1907	3680	2	1147	2825509	1046091	2826353	1045314
3524	1907	3766	2	2104	2825509	1046091	2824095	1044532
3525	1907	5901	2	1853	2825509	1046091	2827164	1045257
3526	1907	5903	2	3072	2825509	1046091	2828470	1045270
3527	1907	5911	2	3166	2825509	1046091	2822390	1045544
3528	1908	1902	2	2655	2825868	1046817	2823858	1045081
3529	1908	1909	2	2489	2825868	1046817	2824008	1045162
3530	1908	3683	5	643	2825868	1046817	2826426	1047138
3531	1909	1904	2	2912	2824008	1045162	2826799	1045996
3532	1909	1905	2	1868	2824008	1045162	2825631	1046088
3533	1909	1907	2	1765	2824008	1045162	2825509	1046091
3534	1909	1908	2	2489	2824008	1045162	2825868	1046817
3535	1909	1912	2	2228	2824008	1045162	2821786	1044992
3536	1909	1914	2	1620	2824008	1045162	2822388	1045189
3537	1909	3679	2	2363	2824008	1045162	2826366	1045325
3538	1909	3680	2	2349	2824008	1045162	2826353	1045314
3539	1909	3683	2	3122	2824008	1045162	2826426	1047138
3540	1909	3766	2	635	2824008	1045162	2824095	1044532
3541	1909	5901	2	3157	2824008	1045162	2827164	1045257
3542	1909	6450	2	2802	2824008	1045162	2825800	1047317
3543	1909	6451	2	2506	2824008	1045162	2825781	1046934
3544	1910	1902	2	888	2822977	1045194	2823858	1045081
3545	1910	1909	2	1031	2822977	1045194	2824008	1045162
3546	1910	1912	2	1208	2822977	1045194	2821786	1044992
3547	1910	1913	2	1464	2822977	1045194	2821521	1045039
3548	1912	1628	2	1954	2821786	1044992	2819861	1045329
3549	1912	1629	2	2319	2821786	1044992	2819498	1045371
3550	1912	1630	2	1781	2821786	1044992	2820031	1045300
3551	1912	1654	2	2398	2821786	1044992	2819454	1045554
3552	1912	1717	2	2854	2821786	1044992	2819025	1045717
3553	1912	1909	2	2228	2821786	1044992	2824008	1045162
3554	1912	1910	2	1208	2821786	1044992	2822977	1045194
3555	1912	1913	2	269	2821786	1044992	2821521	1045039
3556	1912	1914	2	633	2821786	1044992	2822388	1045189
3557	1912	3771	2	2012	2821786	1044992	2820943	1043165
3558	1912	6615	2	2619	2821786	1044992	2819914	1043159
3559	1913	1628	2	1685	2821521	1045039	2819861	1045329
3560	1913	1629	2	2050	2821521	1045039	2819498	1045371
3561	1913	1654	2	2130	2821521	1045039	2819454	1045554
3562	1913	1717	2	2586	2821521	1045039	2819025	1045717
3563	1913	1902	2	2337	2821521	1045039	2823858	1045081
3564	1913	1909	2	2490	2821521	1045039	2824008	1045162
3565	1913	1910	2	1464	2821521	1045039	2822977	1045194
3566	1913	1912	2	269	2821521	1045039	2821786	1044992
3567	1913	1914	2	879	2821521	1045039	2822388	1045189
3568	1914	1902	2	1473	2822388	1045189	2823858	1045081
3569	1914	1909	2	1620	2822388	1045189	2824008	1045162
3570	1914	1912	2	633	2822388	1045189	2821786	1044992
3571	1915	1917	2	1989	2798098	1085548	2796109	1085592
3572	1915	1918	2	2201	2798098	1085548	2795897	1085546
3573	1915	5541	2	1652	2798098	1085548	2797564	1087112
3574	1915	5542	2	2651	2798098	1085548	2795940	1087089
3575	1915	5545	2	2999	2798098	1085548	2797519	1088491
3576	1916	1918	2	2094	2797991	1085599	2795897	1085546
3577	1917	1915	2	1989	2796109	1085592	2798098	1085548
3578	1917	1916	2	1882	2796109	1085592	2797991	1085599
3579	1917	1918	2	216	2796109	1085592	2795897	1085546
3580	1917	5542	2	1506	2796109	1085592	2795940	1087089
3581	1918	1916	2	2094	2795897	1085546	2797991	1085599
3582	1918	1917	2	216	2795897	1085546	2796109	1085592
3583	1918	1920	2	1065	2795897	1085546	2796926	1085822
3584	1918	5541	2	2287	2795897	1085546	2797564	1087112
3585	1918	5542	2	1543	2795897	1085546	2795940	1087089
3586	1920	1918	2	1065	2796926	1085822	2795897	1085546
3587	1921	1922	2	473	2788106	1086134	2787643	1086235
3588	1921	1923	2	1358	2788106	1086134	2786757	1086291
3589	1921	1925	2	1419	2788106	1086134	2786784	1085617
3590	1921	1928	2	1444	2788106	1086134	2786704	1085788
3591	1921	5574	2	796	2788106	1086134	2788780	1086559
3592	1921	6174	2	3073	2788106	1086134	2785955	1083939
3593	1922	1921	2	473	2787643	1086235	2788106	1086134
3594	1922	1924	2	957	2787643	1086235	2786686	1086245
3595	1923	1921	2	1358	2786757	1086291	2788106	1086134
3596	1923	1922	2	887	2786757	1086291	2787643	1086235
3597	1924	1922	2	957	2786686	1086245	2787643	1086235
3598	1926	5575	5	1559	2786205	1086861	2786089	1088416
3599	1928	1921	2	1444	2786704	1085788	2788106	1086134
3600	1929	1930	2	210	2783203	1086449	2783411	1086483
3601	1929	1931	2	1537	2783203	1086449	2781750	1086951
3602	1929	1932	2	1517	2783203	1086449	2781753	1086895
3603	1929	1935	2	3029	2783203	1086449	2780365	1087510
3604	1930	1929	2	210	2783411	1086483	2783203	1086449
3605	1930	1932	2	1708	2783411	1086483	2781753	1086895
3606	1931	1929	2	1537	2781750	1086951	2783203	1086449
3607	1931	1930	2	1725	2781750	1086951	2783411	1086483
3608	1931	1935	2	1493	2781750	1086951	2780365	1087510
3609	1932	1930	2	1708	2781753	1086895	2783411	1086483
3610	1932	1935	2	1518	2781753	1086895	2780365	1087510
3611	1932	1936	2	1757	2781753	1086895	2780167	1087653
3612	1933	1935	2	1858	2781771	1086295	2780365	1087510
3613	1933	1936	2	2101	2781771	1086295	2780167	1087653
3614	1934	1935	2	1392	2781757	1087483	2780365	1087510
3615	1934	1936	2	1599	2781757	1087483	2780167	1087653
3616	1934	1937	2	2674	2781757	1087483	2779182	1086761
3617	1935	1929	2	3029	2780365	1087510	2783203	1086449
3618	1935	1931	2	1493	2780365	1087510	2781750	1086951
3619	1935	1933	2	1858	2780365	1087510	2781771	1086295
3620	1935	1934	2	1392	2780365	1087510	2781757	1087483
3621	1935	1936	2	244	2780365	1087510	2780167	1087653
3622	1936	1931	2	1731	2780167	1087653	2781750	1086951
3623	1936	1932	2	1757	2780167	1087653	2781753	1086895
3624	1936	1933	2	2101	2780167	1087653	2781771	1086295
3625	1936	1934	2	1599	2780167	1087653	2781757	1087483
3626	1936	1935	2	244	2780167	1087653	2780365	1087510
3627	1937	1934	2	2674	2779182	1086761	2781757	1087483
3628	1937	1942	2	2623	2779182	1086761	2777478	1088756
3629	1938	1937	2	996	2779154	1087757	2779182	1086761
3630	1939	1940	2	956	2779125	1086878	2779102	1087834
3631	1939	1942	2	2497	2779125	1086878	2777478	1088756
3632	1939	1950	2	1098	2779125	1086878	2779389	1087944
3633	1940	1942	2	1867	2779102	1087834	2777478	1088756
3634	1940	1944	2	1391	2779102	1087834	2777968	1088640
3635	1941	1942	2	1569	2778926	1088151	2777478	1088756
3636	1941	1944	2	1075	2778926	1088151	2777968	1088640
3637	1942	1937	2	2623	2777478	1088756	2779182	1086761
3638	1942	1940	2	1867	2777478	1088756	2779102	1087834
3639	1942	1943	2	1522	2777478	1088756	2778902	1088217
3640	1942	1944	2	503	2777478	1088756	2777968	1088640
3641	1942	1945	2	1660	2777478	1088756	2779093	1088369
3642	1943	1942	2	1522	2778902	1088217	2777478	1088756
3643	1943	1946	2	1226	2778902	1088217	2779076	1089431
3644	1943	2586	2	2830	2778902	1088217	2779049	1091044
3645	1944	1940	2	1391	2777968	1088640	2779102	1087834
3646	1944	1941	2	1075	2777968	1088640	2778926	1088151
3647	1944	1942	2	503	2777968	1088640	2777478	1088756
3648	1944	1943	2	1025	2777968	1088640	2778902	1088217
3649	1944	1945	2	1157	2777968	1088640	2779093	1088369
3650	1945	1942	2	1660	2779093	1088369	2777478	1088756
3651	1945	1944	2	1157	2779093	1088369	2777968	1088640
3652	1945	1946	2	1062	2779093	1088369	2779076	1089431
3653	1945	2586	2	2675	2779093	1088369	2779049	1091044
3654	1946	1943	2	1226	2779076	1089431	2778902	1088217
3655	1946	2586	2	1613	2779076	1089431	2779049	1091044
3656	1946	2589	2	2854	2779076	1089431	2778526	1092232
3657	1946	5582	2	2935	2779076	1089431	2778202	1092233
3658	1947	1950	2	385	2779145	1088242	2779389	1087944
3659	1949	1947	2	277	2779321	1088028	2779145	1088242
3660	1950	1939	2	1098	2779389	1087944	2779125	1086878
3661	1950	1947	2	385	2779389	1087944	2779145	1088242
3662	1951	1954	2	1750	2773403	1090063	2771677	1090353
3663	1952	1281	2	2545	2771525	1090432	2768993	1090697
3664	1952	1951	2	1913	2771525	1090432	2773403	1090063
3665	1952	1953	2	1945	2771525	1090432	2773424	1090007
3666	1953	1952	2	1945	2773424	1090007	2771525	1090432
3667	1953	1954	2	1780	2773424	1090007	2771677	1090353
3668	1954	1281	2	2705	2771677	1090353	2768993	1090697
3669	1954	1951	2	1750	2771677	1090353	2773403	1090063
3670	1955	1283	2	2724	2771498	1091020	2768776	1091126
3671	1956	1281	2	2697	2771535	1089794	2768993	1090697
3672	1956	1283	2	3063	2771535	1089794	2768776	1091126
3673	1957	1283	2	2733	2771501	1090906	2768776	1091126
3674	1958	4463	2	1770	2764717	1095053	2766237	1095960
3675	1958	4464	2	1390	2764717	1095053	2763431	1095581
3676	1958	4466	2	1534	2764717	1095053	2766251	1095018
3677	1960	1961	2	639	2767597	1082713	2767631	1083352
3678	1960	1962	2	1528	2767597	1082713	2767089	1081271
3679	1960	1963	2	1657	2767597	1082713	2767144	1081119
3680	1960	1964	2	678	2767597	1082713	2767054	1082306
3681	1961	1960	2	639	2767631	1083352	2767597	1082713
3682	1961	1963	2	2285	2767631	1083352	2767144	1081119
3683	1961	1965	2	1443	2767631	1083352	2767657	1081909
3684	1961	6145	2	2297	2767631	1083352	2768823	1081388
3685	1962	1960	2	1528	2767089	1081271	2767597	1082713
3686	1962	1961	2	2150	2767089	1081271	2767631	1083352
3687	1962	1964	2	1035	2767089	1081271	2767054	1082306
3688	1963	1961	2	2285	2767144	1081119	2767631	1083352
3689	1963	1964	2	1190	2767144	1081119	2767054	1082306
3690	1964	1960	2	678	2767054	1082306	2767597	1082713
3691	1964	1961	2	1194	2767054	1082306	2767631	1083352
3692	1964	1963	2	1190	2767054	1082306	2767144	1081119
3693	1965	1961	2	1443	2767657	1081909	2767631	1083352
3694	1966	1967	2	249	2766269	1068825	2766217	1069069
3695	1966	1968	2	1715	2766269	1068825	2766153	1067113
3696	1966	1969	2	2033	2766269	1068825	2766046	1066804
3697	1966	1970	2	983	2766269	1068825	2766502	1067869
3698	1966	1971	2	748	2766269	1068825	2765862	1068197
3699	1967	1966	2	249	2766217	1069069	2766269	1068825
3700	1967	1968	2	1957	2766217	1069069	2766153	1067113
3701	1967	1970	2	1233	2766217	1069069	2766502	1067869
3702	1968	1967	2	1957	2766153	1067113	2766217	1069069
3703	1968	1969	2	327	2766153	1067113	2766046	1066804
3704	1968	1971	2	1122	2766153	1067113	2765862	1068197
3705	1969	1966	2	2033	2766046	1066804	2766269	1068825
3706	1969	1967	2	2271	2766046	1066804	2766217	1069069
3707	1969	1968	2	327	2766046	1066804	2766153	1067113
3708	1969	1970	2	1158	2766046	1066804	2766502	1067869
3709	1969	1971	2	1405	2766046	1066804	2765862	1068197
3710	1970	1967	2	1233	2766502	1067869	2766217	1069069
3711	1970	1968	2	832	2766502	1067869	2766153	1067113
3712	1970	1969	2	1158	2766502	1067869	2766046	1066804
3713	1971	1966	2	748	2765862	1068197	2766269	1068825
3714	1971	1967	2	941	2765862	1068197	2766217	1069069
3715	1971	1968	2	1122	2765862	1068197	2766153	1067113
3716	1973	1976	2	1454	2765451	1061408	2765083	1062815
3717	1973	1977	2	972	2765451	1061408	2765069	1060514
3718	1973	1978	2	1033	2765451	1061408	2765120	1060429
3719	1974	1975	2	888	2764719	1061786	2765102	1062588
3720	1974	1976	2	1091	2764719	1061786	2765083	1062815
3721	1974	1978	2	1415	2764719	1061786	2765120	1060429
3722	1975	1973	2	1230	2765102	1062588	2765451	1061408
3723	1975	1974	2	888	2765102	1062588	2764719	1061786
3724	1975	1976	2	227	2765102	1062588	2765083	1062815
3725	1975	1977	2	2074	2765102	1062588	2765069	1060514
3726	1975	1978	2	2159	2765102	1062588	2765120	1060429
3727	1976	1973	2	1454	2765083	1062815	2765451	1061408
3728	1976	1975	2	227	2765083	1062815	2765102	1062588
3729	1976	1978	2	2386	2765083	1062815	2765120	1060429
3730	1977	1973	2	972	2765069	1060514	2765451	1061408
3731	1977	1974	2	1319	2765069	1060514	2764719	1061786
3732	1977	1975	2	2074	2765069	1060514	2765102	1062588
3733	1977	1976	2	2301	2765069	1060514	2765083	1062815
3734	1977	6620	2	1605	2765069	1060514	2763946	1059366
3735	1978	1974	2	1415	2765120	1060429	2764719	1061786
3736	1978	1976	2	2386	2765120	1060429	2765083	1062815
3737	1979	1980	2	532	2764517	1052648	2764496	1053180
3738	1979	1981	2	2609	2764517	1052648	2764380	1050042
3739	1979	1982	2	2394	2764517	1052648	2764438	1050255
3740	1979	1984	2	1410	2764517	1052648	2764133	1051291
3741	1979	4366	2	2413	2764517	1052648	2762951	1050812
3742	1979	4367	2	2026	2764517	1052648	2763610	1050836
3743	1980	1979	2	532	2764496	1053180	2764517	1052648
3744	1980	1982	2	2925	2764496	1053180	2764438	1050255
3745	1980	4366	2	2827	2764496	1053180	2762951	1050812
3746	1980	4367	2	2505	2764496	1053180	2763610	1050836
3747	1981	1979	2	2609	2764380	1050042	2764517	1052648
3748	1981	1980	2	3140	2764380	1050042	2764496	1053180
3749	1981	1982	2	220	2764380	1050042	2764438	1050255
3750	1981	1995	2	1748	2764380	1050042	2764370	1048294
3751	1981	1997	2	3048	2764380	1050042	2763327	1047181
3752	1981	2000	2	2873	2764380	1050042	2764107	1047182
3753	1981	2004	2	2651	2764380	1050042	2764356	1047391
3754	1981	6132	2	2547	2764380	1050042	2762155	1048802
3755	1981	6133	2	1244	2764380	1050042	2763718	1048988
3756	1981	6458	2	1299	2764380	1050042	2763175	1049555
3757	1981	6460	2	3191	2764380	1050042	2761944	1047980
3758	1982	1980	2	2925	2764438	1050255	2764496	1053180
3759	1982	1981	2	220	2764438	1050255	2764380	1050042
3760	1982	1995	2	1962	2764438	1050255	2764370	1048294
3761	1982	1996	2	1945	2764438	1050255	2764320	1048313
3762	1982	2004	2	2865	2764438	1050255	2764356	1047391
3763	1984	1979	2	1410	2764133	1051291	2764517	1052648
3764	1984	1980	2	1923	2764133	1051291	2764496	1053180
3765	1984	6132	5	3179	2764133	1051291	2762155	1048802
3766	1985	1995	2	2542	2761955	1047498	2764370	1048294
3767	1985	1996	2	2501	2761955	1047498	2764320	1048313
3768	1986	1995	2	2691	2761929	1047159	2764370	1048294
3769	1986	1996	2	2654	2761929	1047159	2764320	1048313
3770	1986	2002	2	2384	2761929	1047159	2764305	1047359
3771	1986	6460	5	821	2761929	1047159	2761944	1047980
3772	1987	1466	5	1581	2761974	1046579	2760435	1046941
3773	1987	2003	2	2351	2761974	1046579	2764302	1046914
3774	1987	2008	2	2430	2761974	1046579	2764357	1046100
3775	1987	2009	2	2407	2761974	1046579	2764308	1045987
3776	1988	1990	2	1892	2762477	1047062	2760585	1047052
3777	1988	1992	2	1733	2762477	1047062	2760744	1047103
3778	1988	1999	2	1671	2762477	1047062	2764148	1047067
3779	1989	2003	2	2359	2761974	1046532	2764302	1046914
3780	1989	2008	2	2421	2761974	1046532	2764357	1046100
3781	1989	2009	2	2396	2761974	1046532	2764308	1045987
3782	1990	1998	2	2709	2760585	1047052	2763294	1047065
3783	1991	1986	7	881	2761048	1047140	2761929	1047159
3784	1991	6132	5	1996	2761048	1047140	2762155	1048802
3785	1991	6460	5	1228	2761048	1047140	2761944	1047980
3786	1992	1988	2	1733	2760744	1047103	2762477	1047062
3787	1992	1998	2	2550	2760744	1047103	2763294	1047065
3788	1993	2006	2	877	2766296	1047127	2765420	1047073
3789	1993	2857	2	1311	2766296	1047127	2767607	1047083
3790	1993	7006	2	1652	2766296	1047127	2767948	1047134
3791	1995	1981	2	1748	2764370	1048294	2764380	1050042
3792	1995	1985	2	2542	2764370	1048294	2761955	1047498
3793	1995	1986	2	2691	2764370	1048294	2761929	1047159
3794	1995	1997	2	1525	2764370	1048294	2763327	1047181
3795	1995	2000	2	1142	2764370	1048294	2764107	1047182
3796	1995	2004	2	903	2764370	1048294	2764356	1047391
3797	1995	6132	2	2272	2764370	1048294	2762155	1048802
3798	1995	6460	2	2446	2764370	1048294	2761944	1047980
3799	1996	1981	2	1730	2764320	1048313	2764380	1050042
3800	1996	1982	2	1945	2764320	1048313	2764438	1050255
3801	1996	1985	2	2501	2764320	1048313	2761955	1047498
3802	1996	1986	2	2654	2764320	1048313	2761929	1047159
3803	1996	2000	2	1150	2764320	1048313	2764107	1047182
3804	1996	2004	2	922	2764320	1048313	2764356	1047391
3805	1996	6460	2	2399	2764320	1048313	2761944	1047980
3806	1997	1981	2	3048	2763327	1047181	2764380	1050042
3807	1997	1995	2	1525	2763327	1047181	2764370	1048294
3808	1997	1996	2	1505	2763327	1047181	2764320	1048313
3809	1997	2000	7	780	2763327	1047181	2764107	1047182
3810	1997	2002	2	994	2763327	1047181	2764305	1047359
3811	1998	1988	2	817	2763294	1047065	2762477	1047062
3812	1998	1990	2	2709	2763294	1047065	2760585	1047052
3813	1998	1992	2	2550	2763294	1047065	2760744	1047103
3814	1999	1988	2	1671	2764148	1047067	2762477	1047062
3815	1999	1998	2	854	2764148	1047067	2763294	1047065
3816	2000	1981	2	2873	2764107	1047182	2764380	1050042
3817	2000	1995	2	1142	2764107	1047182	2764370	1048294
3818	2000	1996	2	1150	2764107	1047182	2764320	1048313
3819	2001	6459	7	1389	2764521	1047182	2764521	1045793
3820	2002	1986	2	2384	2764305	1047359	2761929	1047159
3821	2002	1997	2	994	2764305	1047359	2763327	1047181
3822	2002	2000	2	265	2764305	1047359	2764107	1047182
3823	2003	1987	2	2351	2764302	1046914	2761974	1046579
3824	2003	1989	2	2359	2764302	1046914	2761974	1046532
3825	2003	2008	2	815	2764302	1046914	2764357	1046100
3826	2003	6117	2	2647	2764302	1046914	2761783	1046099
3827	2004	1981	2	2651	2764356	1047391	2764380	1050042
3828	2004	1982	2	2865	2764356	1047391	2764438	1050255
3829	2004	1996	2	922	2764356	1047391	2764320	1048313
3830	2005	2009	2	968	2764352	1046954	2764308	1045987
3831	2006	1993	2	877	2765420	1047073	2766296	1047127
3832	2006	7006	2	2528	2765420	1047073	2767948	1047134
3833	2008	1987	2	2430	2764357	1046100	2761974	1046579
3834	2008	1989	2	2421	2764357	1046100	2761974	1046532
3835	2008	2003	2	815	2764357	1046100	2764302	1046914
3836	2008	6459	2	348	2764357	1046100	2764521	1045793
3837	2009	1987	2	2407	2764308	1045987	2761974	1046579
3838	2009	1989	2	2396	2764308	1045987	2761974	1046532
3839	2009	2003	2	927	2764308	1045987	2764302	1046914
3840	2009	2005	2	968	2764308	1045987	2764352	1046954
3841	2009	6117	2	2527	2764308	1045987	2761783	1046099
3842	2010	2012	2	1210	2765393	1037232	2765850	1036111
3843	2010	2013	2	833	2765393	1037232	2765472	1036402
3844	2010	4075	2	1301	2765393	1037232	2765033	1035981
3845	2011	1433	2	1149	2765410	1037418	2765409	1036269
3846	2011	2012	2	1379	2765410	1037418	2765850	1036111
3847	2011	2013	2	1017	2765410	1037418	2765472	1036402
3848	2012	2010	2	1210	2765850	1036111	2765393	1037232
3849	2012	2013	2	477	2765850	1036111	2765472	1036402
3850	2013	1434	2	512	2765472	1036402	2765068	1036718
3851	2013	2010	2	833	2765472	1036402	2765393	1037232
3852	2013	4073	2	2004	2765472	1036402	2767440	1036019
3853	2015	2016	2	2257	2773681	1018484	2775930	1018674
3854	2015	2017	2	2034	2773681	1018484	2775710	1018639
3855	2015	2018	2	1260	2773681	1018484	2774941	1018435
3856	2016	2017	2	222	2775930	1018674	2775710	1018639
3857	2016	2018	2	1017	2775930	1018674	2774941	1018435
3858	2016	2100	2	2311	2775930	1018674	2773632	1018428
3859	2016	6059	2	1877	2775930	1018674	2775187	1016950
3860	2017	2015	2	2034	2775710	1018639	2773681	1018484
3861	2017	2016	2	222	2775710	1018639	2775930	1018674
3862	2017	2018	2	795	2775710	1018639	2774941	1018435
3863	2017	2100	2	2088	2775710	1018639	2773632	1018428
3864	2018	2015	2	1260	2774941	1018435	2773681	1018484
3865	2018	2016	2	1017	2774941	1018435	2775930	1018674
3866	2018	2100	2	1309	2774941	1018435	2773632	1018428
3867	2019	1429	2	657	2771914	1009428	2771389	1009824
3868	2019	1430	2	1708	2771914	1009428	2771366	1011046
3869	2019	2089	2	961	2771914	1009428	2772420	1008610
3870	2019	6466	2	305	2771914	1009428	2771988	1009724
3871	2019	6470	2	3035	2771914	1009428	2774933	1009116
3872	2019	6688	2	1435	2771914	1009428	2771501	1010803
3873	2021	2074	2	1493	2773863	1008624	2775353	1008726
3874	2021	2082	2	1742	2773863	1008624	2775526	1009143
3875	2021	2083	2	1457	2773863	1008624	2775311	1008790
3876	2021	2084	2	2289	2773863	1008624	2775916	1009637
3877	2021	2086	2	2085	2773863	1008624	2775770	1009469
3878	2021	2087	2	2235	2773863	1008624	2775578	1010058
3879	2021	6470	2	1177	2773863	1008624	2774933	1009116
3880	2022	1429	2	626	2771934	1009515	2771389	1009824
3881	2022	1430	2	1632	2771934	1009515	2771366	1011046
3882	2022	2080	2	1027	2771934	1009515	2772376	1008587
3883	2022	2089	2	1027	2771934	1009515	2772420	1008610
3884	2022	6466	2	215	2771934	1009515	2771988	1009724
3885	2024	2025	5	2636	2762537	1029170	2765105	1029766
3886	2025	2024	5	2636	2765105	1029766	2762537	1029170
3887	2026	2030	2	1776	2765918	1029944	2766578	1031593
3888	2026	2031	2	1722	2765918	1029944	2766648	1031504
3889	2026	2035	5	747	2765918	1029944	2766615	1030215
3890	2026	2038	2	1452	2765918	1029944	2766917	1028890
3891	2028	2030	2	1586	2767804	1030586	2766578	1031593
3892	2028	2038	2	1913	2767804	1030586	2766917	1028890
3893	2028	2040	2	1702	2767804	1030586	2766838	1029184
3894	2029	2030	2	1326	2766982	1030329	2766578	1031593
3895	2029	2031	2	1221	2766982	1030329	2766648	1031504
3896	2029	2036	5	735	2766982	1030329	2767697	1030500
3897	2029	2038	2	1440	2766982	1030329	2766917	1028890
3898	2029	2040	2	1154	2766982	1030329	2766838	1029184
3899	2030	1432	2	1412	2766578	1031593	2767850	1030978
3900	2030	2026	2	1776	2766578	1031593	2765918	1029944
3901	2030	2028	2	1586	2766578	1031593	2767804	1030586
3902	2030	2029	2	1326	2766578	1031593	2766982	1030329
3903	2030	2034	2	1469	2766578	1031593	2766500	1030126
3904	2030	2035	2	1378	2766578	1031593	2766615	1030215
3905	2030	2036	2	1564	2766578	1031593	2767697	1030500
3906	2030	2037	2	1375	2766578	1031593	2766930	1030263
3907	2030	2038	2	2724	2766578	1031593	2766917	1028890
3908	2030	2039	2	1542	2766578	1031593	2766802	1030067
3909	2030	2040	2	2422	2766578	1031593	2766838	1029184
3910	2030	2041	2	1595	2766578	1031593	2766758	1030008
3911	2030	2044	2	1813	2766578	1031593	2767829	1030280
3912	2030	6109	2	2881	2766578	1031593	2767723	1028949
3913	2031	1432	2	1312	2766648	1031504	2767850	1030978
3914	2031	2026	2	1722	2766648	1031504	2765918	1029944
3915	2031	2028	2	1476	2766648	1031504	2767804	1030586
3916	2031	2029	2	1221	2766648	1031504	2766982	1030329
3917	2031	2032	2	942	2766648	1031504	2766753	1030567
3918	2031	2033	2	1066	2766648	1031504	2766715	1030440
3919	2031	2034	2	1385	2766648	1031504	2766500	1030126
3920	2031	2035	2	1289	2766648	1031504	2766615	1030215
3921	2031	2036	2	1452	2766648	1031504	2767697	1030500
3922	2031	2037	2	1272	2766648	1031504	2766930	1030263
3923	2031	2038	2	2627	2766648	1031504	2766917	1028890
3924	2031	2039	2	1445	2766648	1031504	2766802	1030067
3925	2031	2040	2	2327	2766648	1031504	2766838	1029184
3926	2031	2044	2	1700	2766648	1031504	2767829	1030280
3927	2031	6109	2	2771	2766648	1031504	2767723	1028949
3928	2032	2038	2	1685	2766753	1030567	2766917	1028890
3929	2032	2039	2	502	2766753	1030567	2766802	1030067
3930	2032	2040	2	1385	2766753	1030567	2766838	1029184
3931	2033	2030	2	1161	2766715	1030440	2766578	1031593
3932	2033	2031	2	1066	2766715	1030440	2766648	1031504
3933	2033	2038	2	1563	2766715	1030440	2766917	1028890
3934	2033	2039	2	383	2766715	1030440	2766802	1030067
3935	2033	2040	2	1262	2766715	1030440	2766838	1029184
3936	2034	2026	5	609	2766500	1030126	2765918	1029944
3937	2034	2030	2	1469	2766500	1030126	2766578	1031593
3938	2034	2031	2	1385	2766500	1030126	2766648	1031504
3939	2034	2038	2	1304	2766500	1030126	2766917	1028890
3940	2034	2040	2	1000	2766500	1030126	2766838	1029184
3941	2035	2026	5	747	2766615	1030215	2765918	1029944
3942	2035	2030	2	1378	2766615	1030215	2766578	1031593
3943	2035	2031	2	1289	2766615	1030215	2766648	1031504
3944	2035	2038	2	1358	2766615	1030215	2766917	1028890
3945	2035	2040	2	1054	2766615	1030215	2766838	1029184
3946	2036	2029	5	735	2767697	1030500	2766982	1030329
3947	2036	2030	2	1564	2767697	1030500	2766578	1031593
3948	2036	2031	2	1452	2767697	1030500	2766648	1031504
3949	2036	2037	5	802	2767697	1030500	2766930	1030263
3950	2036	2038	2	1788	2767697	1030500	2766917	1028890
3951	2036	2040	2	1571	2767697	1030500	2766838	1029184
3952	2037	2030	2	1375	2766930	1030263	2766578	1031593
3953	2037	2031	2	1272	2766930	1030263	2766648	1031504
3954	2037	2038	2	1373	2766930	1030263	2766917	1028890
3955	2037	2040	2	1082	2766930	1030263	2766838	1029184
3956	2038	1432	2	2286	2766917	1028890	2767850	1030978
3957	2038	2026	2	1452	2766917	1028890	2765918	1029944
3958	2038	2028	2	1913	2766917	1028890	2767804	1030586
3959	2038	2029	2	1440	2766917	1028890	2766982	1030329
3960	2038	2030	2	2724	2766917	1028890	2766578	1031593
3961	2038	2031	2	2627	2766917	1028890	2766648	1031504
3962	2038	2032	2	1685	2766917	1028890	2766753	1030567
3963	2038	2033	2	1563	2766917	1028890	2766715	1030440
3964	2038	2034	2	1304	2766917	1028890	2766500	1030126
3965	2038	2035	2	1358	2766917	1028890	2766615	1030215
3966	2038	2037	2	1373	2766917	1028890	2766930	1030263
3967	2038	2040	2	304	2766917	1028890	2766838	1029184
3968	2038	2044	2	1662	2766917	1028890	2767829	1030280
3969	2038	6101	2	2109	2766917	1028890	2767803	1026976
3970	2038	6109	2	808	2766917	1028890	2767723	1028949
3971	2039	2030	2	1542	2766802	1030067	2766578	1031593
3972	2039	2031	2	1445	2766802	1030067	2766648	1031504
3973	2039	2033	2	383	2766802	1030067	2766715	1030440
3974	2039	2038	2	1182	2766802	1030067	2766917	1028890
3975	2039	2040	2	883	2766802	1030067	2766838	1029184
3976	2040	1432	2	2059	2766838	1029184	2767850	1030978
3977	2040	2026	2	1193	2766838	1029184	2765918	1029944
3978	2040	2028	2	1702	2766838	1029184	2767804	1030586
3979	2040	2029	2	1154	2766838	1029184	2766982	1030329
3980	2040	2030	2	2422	2766838	1029184	2766578	1031593
3981	2040	2031	2	2327	2766838	1029184	2766648	1031504
3982	2040	2032	2	1385	2766838	1029184	2766753	1030567
3983	2040	2033	2	1262	2766838	1029184	2766715	1030440
3984	2040	2034	2	1000	2766838	1029184	2766500	1030126
3985	2040	2035	2	1054	2766838	1029184	2766615	1030215
3986	2040	2036	2	1571	2766838	1029184	2767697	1030500
3987	2040	2037	2	1082	2766838	1029184	2766930	1030263
3988	2040	2038	2	304	2766838	1029184	2766917	1028890
3989	2040	2039	2	883	2766838	1029184	2766802	1030067
3990	2040	2041	2	827	2766838	1029184	2766758	1030008
3991	2040	2044	2	1477	2766838	1029184	2767829	1030280
3992	2040	6101	2	2409	2766838	1029184	2767803	1026976
3993	2040	6109	2	915	2766838	1029184	2767723	1028949
3994	2041	2030	2	1595	2766758	1030008	2766578	1031593
3995	2041	2033	2	434	2766758	1030008	2766715	1030440
3996	2042	2045	5	2057	2768826	1030705	2770843	1031109
3997	2043	1431	5	883	2769759	1030713	2768876	1030755
3998	2043	2042	5	933	2769759	1030713	2768826	1030705
3999	2043	2045	5	1154	2769759	1030713	2770843	1031109
4000	2044	2030	2	1813	2767829	1030280	2766578	1031593
4001	2044	2031	2	1700	2767829	1030280	2766648	1031504
4002	2044	2038	2	1662	2767829	1030280	2766917	1028890
4003	2044	2040	2	1477	2767829	1030280	2766838	1029184
4004	2045	2042	5	2057	2770843	1031109	2768826	1030705
4005	2045	2043	5	1154	2770843	1031109	2769759	1030713
4006	2046	2048	2	1150	2768263	1018119	2768838	1019116
4007	2046	2049	2	1106	2768263	1018119	2768790	1019092
4008	2046	2050	2	1223	2768263	1018119	2769011	1017151
4009	2046	2051	2	1244	2768263	1018119	2769060	1017163
4010	2046	2052	5	913	2768263	1018119	2769173	1018044
4011	2046	2054	5	464	2768263	1018119	2768726	1018076
4012	2046	2101	2	1776	2768263	1018119	2770039	1018167
4013	2046	2102	2	1766	2768263	1018119	2770027	1018216
4014	2047	2048	2	1257	2768013	1018167	2768838	1019116
4015	2047	2049	2	1208	2768013	1018167	2768790	1019092
4016	2047	2050	2	1424	2768013	1018167	2769011	1017151
4017	2047	2051	2	1450	2768013	1018167	2769060	1017163
4018	2047	2052	5	1166	2768013	1018167	2769173	1018044
4019	2047	2054	5	718	2768013	1018167	2768726	1018076
4020	2047	2101	2	2026	2768013	1018167	2770039	1018167
4021	2047	2102	2	2014	2768013	1018167	2770027	1018216
4022	2048	2046	2	1150	2768838	1019116	2768263	1018119
4023	2048	2047	2	1257	2768838	1019116	2768013	1018167
4024	2048	2050	2	1972	2768838	1019116	2769011	1017151
4025	2048	2051	2	1965	2768838	1019116	2769060	1017163
4026	2048	2052	2	1123	2768838	1019116	2769173	1018044
4027	2048	2053	2	1071	2768838	1019116	2769162	1018095
4028	2048	2054	2	1046	2768838	1019116	2768726	1018076
4029	2048	2055	2	1094	2768838	1019116	2768734	1018026
4030	2048	2101	2	1530	2768838	1019116	2770039	1018167
4031	2048	2102	2	1491	2768838	1019116	2770027	1018216
4032	2048	4092	2	2550	2768838	1019116	2767806	1016784
4033	2048	6098	2	2227	2768838	1019116	2767877	1021125
4034	2049	2046	2	1106	2768790	1019092	2768263	1018119
4035	2049	2047	2	1208	2768790	1019092	2768013	1018167
4036	2049	2051	2	1947	2768790	1019092	2769060	1017163
4037	2049	2052	2	1115	2768790	1019092	2769173	1018044
4038	2049	2053	2	1064	2768790	1019092	2769162	1018095
4039	2049	2055	2	1067	2768790	1019092	2768734	1018026
4040	2049	2101	2	1554	2768790	1019092	2770039	1018167
4041	2049	2102	2	1515	2768790	1019092	2770027	1018216
4042	2049	4092	2	2509	2768790	1019092	2767806	1016784
4043	2049	6098	2	2228	2768790	1019092	2767877	1021125
4044	2050	2046	2	1223	2769011	1017151	2768263	1018119
4045	2050	2047	2	1424	2769011	1017151	2768013	1018167
4046	2050	2048	2	1972	2769011	1017151	2768838	1019116
4047	2050	2049	2	1953	2769011	1017151	2768790	1019092
4048	2050	2052	2	907	2769011	1017151	2769173	1018044
4049	2050	2053	2	956	2769011	1017151	2769162	1018095
4050	2050	2054	2	967	2769011	1017151	2768726	1018076
4051	2050	2055	2	917	2769011	1017151	2768734	1018026
4052	2050	2101	2	1445	2769011	1017151	2770039	1018167
4053	2050	2102	2	1471	2769011	1017151	2770027	1018216
4054	2051	2046	2	1244	2769060	1017163	2768263	1018119
4055	2051	2047	2	1450	2769060	1017163	2768013	1018167
4056	2051	2049	2	1947	2769060	1017163	2768790	1019092
4057	2051	2053	2	937	2769060	1017163	2769162	1018095
4058	2051	2054	2	972	2769060	1017163	2768726	1018076
4059	2051	2055	2	922	2769060	1017163	2768734	1018026
4060	2051	2101	2	1402	2769060	1017163	2770039	1018167
4061	2051	2102	2	1429	2769060	1017163	2770027	1018216
4062	2052	2046	5	913	2769173	1018044	2768263	1018119
4063	2052	2047	5	1166	2769173	1018044	2768013	1018167
4064	2052	2048	2	1123	2769173	1018044	2768838	1019116
4065	2052	2049	2	1115	2769173	1018044	2768790	1019092
4066	2052	2050	2	907	2769173	1018044	2769011	1017151
4067	2052	2051	2	888	2769173	1018044	2769060	1017163
4068	2052	2054	5	448	2769173	1018044	2768726	1018076
4069	2052	2055	5	439	2769173	1018044	2768734	1018026
4070	2052	2102	2	871	2769173	1018044	2770027	1018216
4071	2053	2049	2	1064	2769162	1018095	2768790	1019092
4072	2053	2050	2	956	2769162	1018095	2769011	1017151
4073	2053	2051	2	937	2769162	1018095	2769060	1017163
4074	2053	2055	5	433	2769162	1018095	2768734	1018026
4075	2053	2101	2	879	2769162	1018095	2770039	1018167
4076	2053	2102	2	873	2769162	1018095	2770027	1018216
4077	2054	2047	5	718	2768726	1018076	2768013	1018167
4078	2054	2048	2	1046	2768726	1018076	2768838	1019116
4079	2054	2049	2	1018	2768726	1018076	2768790	1019092
4080	2054	2050	2	967	2768726	1018076	2769011	1017151
4081	2054	2051	2	972	2768726	1018076	2769060	1017163
4082	2054	2052	5	448	2768726	1018076	2769173	1018044
4083	2054	2053	5	436	2768726	1018076	2769162	1018095
4084	2054	2101	2	1316	2768726	1018076	2770039	1018167
4085	2054	2102	2	1308	2768726	1018076	2770027	1018216
4086	2055	2048	2	1094	2768734	1018026	2768838	1019116
4087	2055	2049	2	1067	2768734	1018026	2768790	1019092
4088	2055	2051	2	922	2768734	1018026	2769060	1017163
4089	2055	2053	5	433	2768734	1018026	2769162	1018095
4090	2055	2101	2	1312	2768734	1018026	2770039	1018167
4091	2055	2102	2	1306	2768734	1018026	2770027	1018216
4092	2056	2069	2	2509	2773713	1007606	2775988	1006547
4093	2056	2070	2	1594	2773713	1007606	2775235	1007131
4094	2056	2071	2	1309	2773713	1007606	2774878	1007008
4095	2056	2073	2	373	2773713	1007606	2773659	1007236
4096	2056	2075	2	340	2773713	1007606	2773955	1007846
4097	2056	2077	2	669	2773713	1007606	2773150	1007968
4098	2056	6575	2	1540	2773713	1007606	2773585	1006071
4099	2058	4088	2	725	2769078	1007500	2768946	1008213
4100	2058	4089	2	1475	2769078	1007500	2768939	1008969
4101	2058	6062	2	2773	2769078	1007500	2767043	1005616
4102	2060	2094	2	634	2782169	1006716	2781557	1006884
4103	2062	2093	2	317	2782038	1006293	2781721	1006315
4104	2062	6472	5	1106	2782038	1006293	2781884	1005197
4105	2064	2067	2	1966	2780687	1006469	2778721	1006417
4106	2065	2136	2	340	2781298	1006752	2781606	1006898
4107	2066	6056	2	922	2780724	1006520	2779835	1006768
4108	2067	6055	2	201	2778721	1006417	2778628	1006238
4109	2068	6066	5	940	2775094	1006408	2774308	1005892
4110	2069	2056	2	2509	2775988	1006547	2773713	1007606
4111	2069	2072	2	1213	2775988	1006547	2774849	1006966
4112	2069	2073	2	2428	2775988	1006547	2773659	1007236
4113	2069	2075	2	2412	2775988	1006547	2773955	1007846
4114	2069	2077	2	3173	2775988	1006547	2773150	1007968
4115	2069	2088	2	2579	2775988	1006547	2773672	1007683
4116	2070	2056	2	1594	2775235	1007131	2773713	1007606
4117	2070	2069	2	952	2775235	1007131	2775988	1006547
4118	2070	2071	2	377	2775235	1007131	2774878	1007008
4119	2070	2072	2	419	2775235	1007131	2774849	1006966
4120	2070	2077	2	2246	2775235	1007131	2773150	1007968
4121	2070	2088	2	1657	2775235	1007131	2773672	1007683
4122	2070	2090	2	2682	2775235	1007131	2772886	1008427
4123	2071	2056	2	1309	2774878	1007008	2773713	1007606
4124	2071	2069	2	1201	2774878	1007008	2775988	1006547
4125	2071	2070	2	377	2774878	1007008	2775235	1007131
4126	2071	2073	2	1240	2774878	1007008	2773659	1007236
4127	2071	2077	2	1976	2774878	1007008	2773150	1007968
4128	2072	2056	2	1303	2774849	1006966	2773713	1007606
4129	2072	2069	2	1213	2774849	1006966	2775988	1006547
4130	2072	2070	2	419	2774849	1006966	2775235	1007131
4131	2072	2073	2	1220	2774849	1006966	2773659	1007236
4132	2072	2075	2	1254	2774849	1006966	2773955	1007846
4133	2072	2077	2	1972	2774849	1006966	2773150	1007968
4134	2072	2088	2	1378	2774849	1006966	2773672	1007683
4135	2073	2056	2	373	2773659	1007236	2773713	1007606
4136	2073	2069	2	2428	2773659	1007236	2775988	1006547
4137	2073	2071	2	1240	2773659	1007236	2774878	1007008
4138	2074	2021	2	1493	2775353	1008726	2773863	1008624
4139	2074	2082	2	451	2775353	1008726	2775526	1009143
4140	2074	2085	2	2286	2775353	1008726	2776113	1010883
4141	2074	2086	2	852	2775353	1008726	2775770	1009469
4142	2074	2087	5	1350	2775353	1008726	2775578	1010058
4143	2074	2091	2	1498	2775353	1008726	2773862	1008573
4144	2074	4093	5	2814	2775353	1008726	2777534	1010505
4145	2075	2056	2	340	2773955	1007846	2773713	1007606
4146	2075	2069	2	2412	2773955	1007846	2775988	1006547
4147	2075	2071	2	1246	2773955	1007846	2774878	1007008
4148	2075	2072	2	1254	2773955	1007846	2774849	1006966
4149	2075	2077	2	814	2773955	1007846	2773150	1007968
4150	2075	2088	2	326	2773955	1007846	2773672	1007683
4151	2075	2090	2	1216	2773955	1007846	2772886	1008427
4152	2076	2078	2	522	2773210	1008440	2772773	1008154
4153	2076	2079	2	957	2773210	1008440	2772278	1008220
4154	2076	2081	2	1031	2773210	1008440	2772195	1008259
4155	2076	2090	2	324	2773210	1008440	2772886	1008427
4156	2077	2056	2	669	2773150	1007968	2773713	1007606
4157	2077	2069	2	3173	2773150	1007968	2775988	1006547
4158	2077	2070	2	2246	2773150	1007968	2775235	1007131
4159	2077	2071	2	1976	2773150	1007968	2774878	1007008
4160	2077	2072	2	1972	2773150	1007968	2774849	1006966
4161	2077	2075	2	814	2773150	1007968	2773955	1007846
4162	2077	2088	2	594	2773150	1007968	2773672	1007683
4163	2078	2076	2	522	2772773	1008154	2773210	1008440
4164	2078	2081	2	587	2772773	1008154	2772195	1008259
4165	2078	2090	2	295	2772773	1008154	2772886	1008427
4166	2079	2078	2	499	2772278	1008220	2772773	1008154
4167	2079	2090	2	642	2772278	1008220	2772886	1008427
4168	2080	1429	2	1582	2772376	1008587	2771389	1009824
4169	2080	1430	2	2658	2772376	1008587	2771366	1011046
4170	2080	2019	2	959	2772376	1008587	2771914	1009428
4171	2080	2022	2	1027	2772376	1008587	2771934	1009515
4172	2080	6466	2	1201	2772376	1008587	2771988	1009724
4173	2080	6688	2	2382	2772376	1008587	2771501	1010803
4174	2081	2076	2	1031	2772195	1008259	2773210	1008440
4175	2081	2078	2	587	2772195	1008259	2772773	1008154
4176	2081	2090	2	711	2772195	1008259	2772886	1008427
4177	2082	2021	2	1742	2775526	1009143	2773863	1008624
4178	2082	2074	2	451	2775526	1009143	2775353	1008726
4179	2082	2085	2	1836	2775526	1009143	2776113	1010883
4180	2082	2086	2	407	2775526	1009143	2775770	1009469
4181	2082	2087	2	916	2775526	1009143	2775578	1010058
4182	2082	2091	2	1758	2775526	1009143	2773862	1008573
4183	2082	4093	2	2426	2775526	1009143	2777534	1010505
4184	2082	6470	2	593	2775526	1009143	2774933	1009116
4185	2083	2021	2	1457	2775311	1008790	2773863	1008624
4186	2083	2082	2	413	2775311	1008790	2775526	1009143
4187	2083	2084	2	1040	2775311	1008790	2775916	1009637
4188	2083	2085	2	2241	2775311	1008790	2776113	1010883
4189	2083	2086	2	819	2775311	1008790	2775770	1009469
4190	2083	2091	2	1465	2775311	1008790	2773862	1008573
4191	2084	2021	2	2289	2775916	1009637	2773863	1008624
4192	2084	2074	2	1070	2775916	1009637	2775353	1008726
4193	2084	2082	2	629	2775916	1009637	2775526	1009143
4194	2084	2083	2	1040	2775916	1009637	2775311	1008790
4195	2084	2085	2	1261	2775916	1009637	2776113	1010883
4196	2084	2086	2	222	2775916	1009637	2775770	1009469
4197	2084	2087	2	539	2775916	1009637	2775578	1010058
4198	2084	2091	2	2313	2775916	1009637	2773862	1008573
4199	2084	4093	2	1836	2775916	1009637	2777534	1010505
4200	2084	4095	2	2848	2775916	1009637	2778653	1010425
4201	2084	6470	2	1112	2775916	1009637	2774933	1009116
4202	2085	2074	2	2286	2776113	1010883	2775353	1008726
4203	2085	2082	2	1836	2776113	1010883	2775526	1009143
4204	2085	2083	2	2241	2776113	1010883	2775311	1008790
4205	2085	2084	2	1261	2776113	1010883	2775916	1009637
4206	2085	2095	2	3003	2776113	1010883	2776634	1013841
4207	2085	2098	2	2678	2776113	1010883	2776499	1013534
4208	2085	4093	2	1470	2776113	1010883	2777534	1010505
4209	2085	4095	2	2580	2776113	1010883	2778653	1010425
4210	2085	6061	2	2516	2776113	1010883	2773798	1009897
4211	2086	2074	2	852	2775770	1009469	2775353	1008726
4212	2086	2082	2	407	2775770	1009469	2775526	1009143
4213	2086	2083	2	819	2775770	1009469	2775311	1008790
4214	2086	2084	2	222	2775770	1009469	2775916	1009637
4215	2086	2085	2	1455	2775770	1009469	2776113	1010883
4216	2086	2087	2	619	2775770	1009469	2775578	1010058
4217	2086	2091	2	2107	2775770	1009469	2773862	1008573
4218	2086	4093	2	2045	2775770	1009469	2777534	1010505
4219	2086	4095	2	3037	2775770	1009469	2778653	1010425
4220	2086	6470	2	908	2775770	1009469	2774933	1009116
4221	2087	2021	2	2235	2775578	1010058	2773863	1008624
4222	2087	2074	5	1350	2775578	1010058	2775353	1008726
4223	2087	2082	2	916	2775578	1010058	2775526	1009143
4224	2087	2084	2	539	2775578	1010058	2775916	1009637
4225	2087	2091	2	2269	2775578	1010058	2773862	1008573
4226	2088	2069	2	2579	2773672	1007683	2775988	1006547
4227	2088	2070	2	1657	2773672	1007683	2775235	1007131
4228	2088	2071	2	1382	2773672	1007683	2774878	1007008
4229	2088	2072	2	1378	2773672	1007683	2774849	1006966
4230	2088	2075	2	326	2773672	1007683	2773955	1007846
4231	2089	1429	2	1592	2772420	1008610	2771389	1009824
4232	2089	1430	2	2654	2772420	1008610	2771366	1011046
4233	2089	2019	2	961	2772420	1008610	2771914	1009428
4234	2089	6466	2	1194	2772420	1008610	2771988	1009724
4235	2089	6688	2	2377	2772420	1008610	2771501	1010803
4236	2090	2070	2	2682	2772886	1008427	2775235	1007131
4237	2090	2075	2	1216	2772886	1008427	2773955	1007846
4238	2090	2076	2	324	2772886	1008427	2773210	1008440
4239	2090	2078	2	295	2772886	1008427	2772773	1008154
4240	2090	2079	2	642	2772886	1008427	2772278	1008220
4241	2091	2074	2	1498	2773862	1008573	2775353	1008726
4242	2091	2083	2	1465	2773862	1008573	2775311	1008790
4243	2091	2084	2	2313	2773862	1008573	2775916	1009637
4244	2091	2086	2	2107	2773862	1008573	2775770	1009469
4245	2091	2087	2	2269	2773862	1008573	2775578	1010058
4246	2091	6470	2	1200	2773862	1008573	2774933	1009116
4247	2093	2062	2	317	2781721	1006315	2782038	1006293
4248	2093	4015	2	2902	2781721	1006315	2783272	1003862
4249	2093	4016	2	2535	2781721	1006315	2783573	1004583
4250	2093	4018	2	3053	2781721	1006315	2784098	1004399
4251	2093	6468	2	2840	2781721	1006315	2784560	1006393
4252	2094	2060	2	634	2781557	1006884	2782169	1006716
4253	2095	2085	2	3003	2776634	1013841	2776113	1010883
4254	2095	2097	2	935	2776634	1013841	2776633	1014776
4255	2095	2098	2	335	2776634	1013841	2776499	1013534
4256	2095	2099	2	1791	2776634	1013841	2777288	1015509
4257	2095	2103	2	2749	2776634	1013841	2777758	1016350
4258	2095	2104	2	2866	2776634	1013841	2777768	1016474
4259	2095	6057	2	1549	2776634	1013841	2778148	1014173
4260	2095	6362	2	1704	2776634	1013841	2775923	1012292
4261	2096	2095	2	1923	2777390	1015610	2776634	1013841
4262	2096	2097	2	1126	2777390	1015610	2776633	1014776
4263	2096	2098	2	2259	2777390	1015610	2776499	1013534
4264	2096	2104	2	943	2777390	1015610	2777768	1016474
4265	2096	6471	2	1004	2777390	1015610	2777120	1014642
4266	2097	2095	2	935	2776633	1014776	2776634	1013841
4267	2097	2096	2	1126	2776633	1014776	2777390	1015610
4268	2097	2099	2	983	2776633	1014776	2777288	1015509
4269	2097	2103	2	1934	2776633	1014776	2777758	1016350
4270	2097	2104	2	2042	2776633	1014776	2777768	1016474
4271	2097	6057	5	1630	2776633	1014776	2778148	1014173
4272	2098	2095	2	335	2776499	1013534	2776634	1013841
4273	2098	2096	2	2259	2776499	1013534	2777390	1015610
4274	2098	2097	2	1249	2776499	1013534	2776633	1014776
4275	2098	2099	2	2126	2776499	1013534	2777288	1015509
4276	2098	2103	2	3084	2776499	1013534	2777758	1016350
4277	2098	6057	2	1768	2776499	1013534	2778148	1014173
4278	2098	6362	2	1369	2776499	1013534	2775923	1012292
4279	2098	6471	2	1270	2776499	1013534	2777120	1014642
4280	2099	2095	2	1791	2777288	1015509	2776634	1013841
4281	2099	2103	2	963	2777288	1015509	2777758	1016350
4282	2099	2104	2	1077	2777288	1015509	2777768	1016474
4283	2099	6471	2	883	2777288	1015509	2777120	1014642
4284	2100	2016	2	2311	2773632	1018428	2775930	1018674
4285	2101	2046	2	1776	2770039	1018167	2768263	1018119
4286	2101	2047	2	2026	2770039	1018167	2768013	1018167
4287	2101	2048	2	1530	2770039	1018167	2768838	1019116
4288	2101	2049	2	1554	2770039	1018167	2768790	1019092
4289	2101	2050	2	1445	2770039	1018167	2769011	1017151
4290	2101	2051	2	1402	2770039	1018167	2769060	1017163
4291	2101	2052	2	874	2770039	1018167	2769173	1018044
4292	2101	2053	2	879	2770039	1018167	2769162	1018095
4293	2101	2054	2	1316	2770039	1018167	2768726	1018076
4294	2101	2055	2	1312	2770039	1018167	2768734	1018026
4295	2101	4092	2	2626	2770039	1018167	2767806	1016784
4296	2102	2046	2	1766	2770027	1018216	2768263	1018119
4297	2102	2047	2	2014	2770027	1018216	2768013	1018167
4298	2102	2048	2	1491	2770027	1018216	2768838	1019116
4299	2102	2049	2	1515	2770027	1018216	2768790	1019092
4300	2102	2050	2	1471	2770027	1018216	2769011	1017151
4301	2102	2051	2	1429	2770027	1018216	2769060	1017163
4302	2102	2052	2	871	2770027	1018216	2769173	1018044
4303	2102	2054	2	1308	2770027	1018216	2768726	1018076
4304	2102	2055	2	1306	2770027	1018216	2768734	1018026
4305	2102	4092	2	2642	2770027	1018216	2767806	1016784
4306	2103	2095	2	2749	2777758	1016350	2776634	1013841
4307	2103	2096	2	826	2777758	1016350	2777390	1015610
4308	2103	2097	2	1934	2777758	1016350	2776633	1014776
4309	2103	2098	2	3084	2777758	1016350	2776499	1013534
4310	2103	2099	2	963	2777758	1016350	2777288	1015509
4311	2103	2112	2	2633	2777758	1016350	2780384	1016543
4312	2103	6471	2	1823	2777758	1016350	2777120	1014642
4313	2104	2095	2	2866	2777768	1016474	2776634	1013841
4314	2104	2096	2	943	2777768	1016474	2777390	1015610
4315	2104	2097	2	2042	2777768	1016474	2776633	1014776
4316	2104	2112	2	2616	2777768	1016474	2780384	1016543
4317	2104	6471	2	1943	2777768	1016474	2777120	1014642
4318	2105	2109	2	1303	2778774	1017338	2780006	1017765
4319	2106	2126	2	996	2778621	1017732	2779589	1017967
4320	2107	2105	2	808	2779513	1017665	2778774	1017338
4321	2108	2127	2	1017	2780570	1017762	2780425	1016755
4322	2109	2105	2	1303	2780006	1017765	2778774	1017338
4323	2109	2107	2	503	2780006	1017765	2779513	1017665
4324	2109	2112	2	1279	2780006	1017765	2780384	1016543
4325	2109	2127	2	1093	2780006	1017765	2780425	1016755
4326	2110	2123	2	2295	2781313	1017912	2783607	1017843
4327	2110	6689	2	814	2781313	1017912	2782120	1017803
4328	2112	2103	2	2633	2780384	1016543	2777758	1016350
4329	2112	2104	2	2616	2780384	1016543	2777768	1016474
4330	2112	2109	2	1279	2780384	1016543	2780006	1017765
4331	2113	2127	2	932	2780335	1017683	2780425	1016755
4332	2114	2108	2	212	2780386	1017656	2780570	1017762
4333	2114	2127	2	901	2780386	1017656	2780425	1016755
4334	2116	2128	2	908	2780317	1018124	2780187	1019023
4335	2116	2129	2	1115	2780317	1018124	2780069	1019212
4336	2116	2468	2	1691	2780317	1018124	2779915	1019767
4337	2116	2469	2	2061	2780317	1018124	2779925	1020148
4338	2118	2121	2	433	2783144	1017496	2782711	1017520
4339	2118	2122	2	1717	2783144	1017496	2784847	1017274
4340	2118	2125	2	2056	2783144	1017496	2781100	1017719
4341	2119	2122	2	1716	2783152	1017545	2784847	1017274
4342	2119	2124	2	1225	2783152	1017545	2784353	1017302
4343	2119	2125	2	2059	2783152	1017545	2781100	1017719
4344	2120	2125	2	2432	2783474	1017191	2781100	1017719
4345	2121	2122	2	2150	2782711	1017520	2784847	1017274
4346	2121	2124	2	1656	2782711	1017520	2784353	1017302
4347	2121	2125	2	1623	2782711	1017520	2781100	1017719
4348	2122	2118	2	1717	2784847	1017274	2783144	1017496
4349	2122	2121	2	2150	2784847	1017274	2782711	1017520
4350	2122	2124	2	494	2784847	1017274	2784353	1017302
4351	2122	2681	2	3195	2784847	1017274	2788002	1016768
4352	2122	2682	2	2869	2784847	1017274	2787714	1017145
4353	2122	2683	2	1855	2784847	1017274	2786679	1016980
4354	2122	2685	2	2568	2784847	1017274	2787375	1016818
4355	2123	2110	2	2295	2783607	1017843	2781313	1017912
4356	2123	2122	2	1364	2783607	1017843	2784847	1017274
4357	2123	2683	2	3190	2783607	1017843	2786679	1016980
4358	2124	2118	2	1224	2784353	1017302	2783144	1017496
4359	2124	2119	2	1225	2784353	1017302	2783152	1017545
4360	2124	2121	2	1656	2784353	1017302	2782711	1017520
4361	2124	2122	2	494	2784353	1017302	2784847	1017274
4362	2124	2683	2	2348	2784353	1017302	2786679	1016980
4363	2125	2118	2	2056	2781100	1017719	2783144	1017496
4364	2125	2119	2	2059	2781100	1017719	2783152	1017545
4365	2125	2120	2	2432	2781100	1017719	2783474	1017191
4366	2127	2108	2	1017	2780425	1016755	2780570	1017762
4367	2127	2109	2	1093	2780425	1016755	2780006	1017765
4368	2127	2113	2	932	2780425	1016755	2780335	1017683
4369	2128	2116	2	908	2780187	1019023	2780317	1018124
4370	2128	2129	2	222	2780187	1019023	2780069	1019212
4371	2128	2468	2	792	2780187	1019023	2779915	1019767
4372	2129	2128	2	222	2780069	1019212	2780187	1019023
4373	2129	2468	2	575	2780069	1019212	2779915	1019767
4374	2129	2469	2	947	2780069	1019212	2779925	1020148
4375	2130	2131	2	924	2781070	1010664	2780825	1011555
4376	2130	2132	2	1967	2781070	1010664	2781100	1012631
4377	2130	2133	2	822	2781070	1010664	2781342	1011440
4378	2130	2135	2	1365	2781070	1010664	2781153	1012027
4379	2131	2132	2	1110	2780825	1011555	2781100	1012631
4380	2131	2134	2	1078	2780825	1011555	2781116	1010516
4381	2131	2135	2	574	2780825	1011555	2781153	1012027
4382	2132	2133	2	1215	2781100	1012631	2781342	1011440
4383	2132	2134	2	2115	2781100	1012631	2781116	1010516
4384	2132	2135	2	606	2781100	1012631	2781153	1012027
4385	2132	6058	2	1730	2781100	1012631	2779577	1011809
4386	2133	2130	2	822	2781342	1011440	2781070	1010664
4387	2133	2132	2	1215	2781342	1011440	2781100	1012631
4388	2133	2134	2	951	2781342	1011440	2781116	1010516
4389	2134	2131	2	1078	2781116	1010516	2780825	1011555
4390	2134	2132	2	2115	2781116	1010516	2781100	1012631
4391	2134	6047	2	2663	2781116	1010516	2783658	1011312
4392	2135	2130	2	1365	2781153	1012027	2781070	1010664
4393	2135	2131	2	574	2781153	1012027	2780825	1011555
4394	2135	2132	2	606	2781153	1012027	2781100	1012631
4395	2135	2133	2	616	2781153	1012027	2781342	1011440
4396	2135	2134	2	1511	2781153	1012027	2781116	1010516
4397	2136	2065	2	340	2781606	1006898	2781298	1006752
4398	2137	4015	2	2872	2781774	1006313	2783272	1003862
4399	2137	4016	2	2495	2781774	1006313	2783573	1004583
4400	2137	4017	2	1465	2781774	1006313	2781791	1004848
4401	2137	4018	2	3010	2781774	1006313	2784098	1004399
4402	2137	6468	2	2787	2781774	1006313	2784560	1006393
4403	2137	6472	2	1121	2781774	1006313	2781884	1005197
4404	2138	2163	2	1476	2790834	1006553	2792309	1006487
4405	2138	2167	2	2217	2790834	1006553	2793045	1006388
4406	2138	2169	2	2142	2790834	1006553	2792974	1006443
4407	2138	6021	2	2549	2790834	1006553	2791649	1004137
4408	2139	6021	5	2798	2789981	1006384	2791649	1004137
4409	2140	2159	2	1190	2790957	1006594	2792139	1006452
4410	2140	2163	2	1356	2790957	1006594	2792309	1006487
4411	2140	2169	2	2022	2790957	1006594	2792974	1006443
4412	2140	4019	2	2287	2790957	1006594	2789946	1004542
4413	2140	6051	2	1354	2790957	1006594	2789936	1005704
4414	2141	2159	2	2123	2790039	1006768	2792139	1006452
4415	2141	2162	2	3153	2790039	1006768	2793177	1007084
4416	2141	2168	2	3136	2790039	1006768	2793172	1006623
4417	2142	1798	2	2809	2804406	1007621	2806407	1009593
4418	2142	1799	2	2986	2804406	1007621	2806355	1009884
4419	2142	1803	2	1296	2804406	1007621	2805702	1007597
4420	2142	1806	2	1952	2804406	1007621	2806357	1007555
4421	2142	1813	2	2203	2804406	1007621	2806197	1008904
4422	2142	3924	2	1367	2804406	1007621	2803912	1008896
4423	2142	3925	2	2268	2804406	1007621	2802520	1008882
4424	2142	5995	2	1450	2804406	1007621	2805111	1008889
4425	2142	5997	2	800	2804406	1007621	2803914	1008253
4426	2143	1806	2	1687	2804670	1007563	2806357	1007555
4427	2143	1814	2	2079	2804670	1007563	2806578	1006736
4428	2143	2144	2	1661	2804670	1007563	2803009	1007555
4429	2143	6018	2	2621	2804670	1007563	2805601	1005112
4430	2144	2145	2	288	2803009	1007555	2803290	1007622
4431	2144	3920	2	2018	2803009	1007555	2801325	1006442
4432	2144	3924	2	1616	2803009	1007555	2803912	1008896
4433	2144	5995	2	2489	2803009	1007555	2805111	1008889
4434	2144	5997	2	1142	2803009	1007555	2803914	1008253
4435	2144	6019	2	1824	2803009	1007555	2801325	1006852
4436	2145	1813	2	3177	2803290	1007622	2806197	1008904
4437	2145	2142	2	1116	2803290	1007622	2804406	1007621
4438	2145	2144	2	288	2803290	1007622	2803009	1007555
4439	2145	2146	2	639	2803290	1007622	2803915	1007756
4440	2145	3924	2	1417	2803290	1007622	2803912	1008896
4441	2145	5995	2	2218	2803290	1007622	2805111	1008889
4442	2145	5997	2	887	2803290	1007622	2803914	1008253
4443	2146	1798	2	3095	2803915	1007756	2806407	1009593
4444	2146	1803	2	1794	2803915	1007756	2805702	1007597
4445	2146	2142	2	509	2803915	1007756	2804406	1007621
4446	2146	3924	5	1140	2803915	1007756	2803912	1008896
4447	2146	3926	5	3096	2803915	1007756	2803905	1010852
4448	2147	1802	2	2345	2803916	1007443	2806256	1007603
4449	2147	1807	2	1701	2803916	1007443	2805614	1007546
4450	2147	1814	2	2754	2803916	1007443	2806578	1006736
4451	2147	5628	5	2160	2803916	1007443	2803928	1005283
4452	2148	2150	2	1036	2798681	1006718	2799703	1006889
4453	2148	2152	2	881	2798681	1006718	2799560	1006785
4454	2148	2154	2	320	2798681	1006718	2798614	1006405
4455	2149	2148	2	931	2797873	1006255	2798681	1006718
4456	2149	2150	2	1936	2797873	1006255	2799703	1006889
4457	2149	2152	2	1768	2797873	1006255	2799560	1006785
4458	2149	2153	2	807	2797873	1006255	2798680	1006267
4459	2149	2154	2	756	2797873	1006255	2798614	1006405
4460	2149	2155	2	925	2797873	1006255	2798762	1006514
4461	2149	6028	2	1992	2797873	1006255	2796868	1007975
4462	2150	2148	2	1036	2799703	1006889	2798681	1006718
4463	2150	2149	2	1936	2799703	1006889	2797873	1006255
4464	2150	2153	2	1197	2799703	1006889	2798680	1006267
4465	2150	2154	2	1191	2799703	1006889	2798614	1006405
4466	2150	3920	2	1682	2799703	1006889	2801325	1006442
4467	2150	6019	2	1622	2799703	1006889	2801325	1006852
4468	2151	5632	5	2094	2798682	1007030	2799707	1008857
4469	2152	2148	2	881	2799560	1006785	2798681	1006718
4470	2152	2149	2	1768	2799560	1006785	2797873	1006255
4471	2152	2153	2	1021	2799560	1006785	2798680	1006267
4472	2152	2154	2	1019	2799560	1006785	2798614	1006405
4473	2152	2155	2	842	2799560	1006785	2798762	1006514
4474	2152	3920	2	1798	2799560	1006785	2801325	1006442
4475	2152	6019	2	1766	2799560	1006785	2801325	1006852
4476	2153	2149	2	807	2798680	1006267	2797873	1006255
4477	2153	2150	2	1197	2798680	1006267	2799703	1006889
4478	2153	2155	2	260	2798680	1006267	2798762	1006514
4479	2154	2148	2	320	2798614	1006405	2798681	1006718
4480	2154	2149	2	756	2798614	1006405	2797873	1006255
4481	2154	2150	2	1191	2798614	1006405	2799703	1006889
4482	2154	3920	2	2711	2798614	1006405	2801325	1006442
4483	2154	6019	2	2747	2798614	1006405	2801325	1006852
4484	2155	2148	2	219	2798762	1006514	2798681	1006718
4485	2155	2150	2	1012	2798762	1006514	2799703	1006889
4486	2155	2152	2	842	2798762	1006514	2799560	1006785
4487	2155	2153	2	260	2798762	1006514	2798680	1006267
4488	2155	3920	2	2564	2798762	1006514	2801325	1006442
4489	2155	6019	2	2585	2798762	1006514	2801325	1006852
4490	2156	6020	2	2813	2797556	1006137	2795973	1003811
4491	2158	2166	2	580	2793178	1005546	2793172	1006126
4492	2158	2167	2	852	2793178	1005546	2793045	1006388
4493	2158	2172	2	623	2793178	1005546	2793222	1006168
4494	2158	2173	2	838	2793178	1005546	2793332	1006370
4495	2158	6021	2	2079	2793178	1005546	2791649	1004137
4496	2158	6517	2	1768	2793178	1005546	2793198	1003778
4497	2159	2138	2	1308	2792139	1006452	2790834	1006553
4498	2159	2140	2	1190	2792139	1006452	2790957	1006594
4499	2159	2141	2	2123	2792139	1006452	2790039	1006768
4500	2159	2166	2	1083	2792139	1006452	2793172	1006126
4501	2159	2169	2	835	2792139	1006452	2792974	1006443
4502	2160	2173	2	741	2794073	1006370	2793332	1006370
4503	2161	2174	2	1187	2793228	1007165	2793509	1008319
4504	2161	2179	2	2115	2793228	1007165	2793213	1009280
4505	2162	2141	2	3153	2793177	1007084	2790039	1006768
4506	2163	2138	2	1476	2792309	1006487	2790834	1006553
4507	2163	2169	2	666	2792309	1006487	2792974	1006443
4508	2164	2160	2	645	2793429	1006414	2794073	1006370
4509	2165	2172	2	445	2793222	1006613	2793222	1006168
4510	2165	2175	2	1832	2793222	1006613	2793222	1008445
4511	2165	2177	2	1739	2793222	1006613	2792849	1008312
4512	2166	2159	2	1083	2793172	1006126	2792139	1006452
4513	2166	2168	2	497	2793172	1006126	2793172	1006623
4514	2166	2171	2	471	2793172	1006126	2793227	1005658
4515	2166	2178	2	2276	2793172	1006126	2793172	1008402
4516	2166	2744	2	2096	2793172	1006126	2793220	1004030
4517	2166	6021	2	2505	2793172	1006126	2791649	1004137
4518	2166	6517	2	2348	2793172	1006126	2793198	1003778
4519	2167	2138	2	2217	2793045	1006388	2790834	1006553
4520	2167	2158	2	852	2793045	1006388	2793178	1005546
4521	2167	2159	2	908	2793045	1006388	2792139	1006452
4522	2167	2166	2	291	2793045	1006388	2793172	1006126
4523	2167	2171	2	752	2793045	1006388	2793227	1005658
4524	2167	2744	2	2364	2793045	1006388	2793220	1004030
4525	2167	6021	2	2648	2793045	1006388	2791649	1004137
4526	2167	6051	2	3183	2793045	1006388	2789936	1005704
4527	2167	6517	2	2614	2793045	1006388	2793198	1003778
4528	2168	2141	2	3136	2793172	1006623	2790039	1006768
4529	2168	2176	2	2781	2793172	1006623	2793161	1009404
4530	2168	2177	2	1719	2793172	1006623	2792849	1008312
4531	2168	2178	2	1779	2793172	1006623	2793172	1008402
4532	2168	4026	2	2998	2793172	1006623	2790310	1007517
4533	2168	6050	2	1862	2793172	1006623	2791895	1007979
4534	2169	2138	2	2142	2792974	1006443	2790834	1006553
4535	2169	2140	2	2022	2792974	1006443	2790957	1006594
4536	2169	2159	2	835	2792974	1006443	2792139	1006452
4537	2170	2171	2	1110	2794122	1006315	2793227	1005658
4538	2170	2173	2	791	2794122	1006315	2793332	1006370
4539	2171	2166	2	471	2793227	1005658	2793172	1006126
4540	2171	2167	2	752	2793227	1005658	2793045	1006388
4541	2171	2173	2	719	2793227	1005658	2793332	1006370
4542	2172	2158	2	623	2793222	1006168	2793178	1005546
4543	2172	2175	2	2277	2793222	1006168	2793222	1008445
4544	2172	2744	2	2138	2793222	1006168	2793220	1004030
4545	2172	6021	2	2568	2793222	1006168	2791649	1004137
4546	2172	6517	2	2390	2793222	1006168	2793198	1003778
4547	2173	2158	2	838	2793332	1006370	2793178	1005546
4548	2173	2160	2	741	2793332	1006370	2794073	1006370
4549	2173	2171	2	719	2793332	1006370	2793227	1005658
4550	2173	2744	2	2342	2793332	1006370	2793220	1004030
4551	2173	6517	2	2595	2793332	1006370	2793198	1003778
4552	2174	2161	2	1187	2793509	1008319	2793228	1007165
4553	2174	2175	2	313	2793509	1008319	2793222	1008445
4554	2175	2161	2	1280	2793222	1008445	2793228	1007165
4555	2175	2165	2	1832	2793222	1008445	2793222	1006613
4556	2175	2172	2	2277	2793222	1008445	2793222	1006168
4557	2176	2168	2	2781	2793161	1009404	2793172	1006623
4558	2176	2746	2	2277	2793161	1009404	2793136	1011681
4559	2176	6050	2	1906	2793161	1009404	2791895	1007979
4560	2177	2165	2	1739	2792849	1008312	2793222	1006613
4561	2177	2168	2	1719	2792849	1008312	2793172	1006623
4562	2177	2176	2	1135	2792849	1008312	2793161	1009404
4563	2177	4026	7	2660	2792849	1008312	2790310	1007517
4564	2178	2166	2	2276	2793172	1008402	2793172	1006126
4565	2178	2168	2	1779	2793172	1008402	2793172	1006623
4566	2178	2176	2	1002	2793172	1008402	2793161	1009404
4567	2178	2177	2	335	2793172	1008402	2792849	1008312
4568	2178	4026	2	2995	2793172	1008402	2790310	1007517
4569	2178	6050	2	1345	2793172	1008402	2791895	1007979
4570	2179	2161	2	2115	2793213	1009280	2793228	1007165
4571	2179	2174	2	1005	2793213	1009280	2793509	1008319
4572	2179	2175	2	835	2793213	1009280	2793222	1008445
4573	2180	2181	2	718	2814438	1007566	2813724	1007646
4574	2180	2187	2	1782	2814438	1007566	2812656	1007543
4575	2180	2189	2	2000	2814438	1007566	2812438	1007603
4576	2180	2193	2	553	2814438	1007566	2813905	1007714
4577	2181	2187	2	1072	2813724	1007646	2812656	1007543
4578	2181	2189	2	1286	2813724	1007646	2812438	1007603
4579	2181	2190	2	1912	2813724	1007646	2811831	1007376
4580	2181	2192	2	732	2813724	1007646	2814437	1007816
4581	2182	1796	2	1232	2808544	1007603	2809774	1007680
4582	2182	1808	2	821	2808544	1007603	2807723	1007578
4583	2182	1810	2	1184	2808544	1007603	2807360	1007622
4584	2182	1811	2	1700	2808544	1007603	2806844	1007612
4585	2182	2186	2	2464	2808544	1007603	2811008	1007613
4586	2183	1808	2	2011	2809734	1007629	2807723	1007578
4587	2183	1810	2	2374	2809734	1007629	2807360	1007622
4588	2183	1811	2	2890	2809734	1007629	2806844	1007612
4589	2183	2182	2	1190	2809734	1007629	2808544	1007603
4590	2183	2184	2	1310	2809734	1007629	2808424	1007649
4591	2183	2189	2	2704	2809734	1007629	2812438	1007603
4592	2183	2190	2	2112	2809734	1007629	2811831	1007376
4593	2183	5630	2	2603	2809734	1007629	2810579	1005166
4594	2183	6006	2	2438	2809734	1007629	2811836	1006392
4595	2184	1796	2	1350	2808424	1007649	2809774	1007680
4596	2184	1808	2	704	2808424	1007649	2807723	1007578
4597	2184	1811	2	1580	2808424	1007649	2806844	1007612
4598	2184	2183	2	1310	2808424	1007649	2809734	1007629
4599	2184	2186	2	2584	2808424	1007649	2811008	1007613
4600	2185	1837	2	2940	2809185	1007442	2806656	1005941
4601	2185	2186	2	1831	2809185	1007442	2811008	1007613
4602	2185	6006	7	2851	2809185	1007442	2811836	1006392
4603	2186	2182	2	2464	2811008	1007613	2808544	1007603
4604	2186	2183	2	1274	2811008	1007613	2809734	1007629
4605	2186	2184	2	2584	2811008	1007613	2808424	1007649
4606	2186	2185	2	1831	2811008	1007613	2809185	1007442
4607	2186	2189	2	1430	2811008	1007613	2812438	1007603
4608	2186	3891	2	3192	2811008	1007613	2813061	1005168
4609	2186	3892	2	2585	2811008	1007613	2811842	1005166
4610	2186	3896	2	3069	2811008	1007613	2809171	1005154
4611	2186	5630	2	2484	2811008	1007613	2810579	1005166
4612	2186	6006	2	1475	2811008	1007613	2811836	1006392
4613	2186	6007	2	2141	2811008	1007613	2809179	1006499
4614	2187	2180	2	1782	2812656	1007543	2814438	1007566
4615	2187	2186	2	1649	2812656	1007543	2811008	1007613
4616	2187	2188	2	1537	2812656	1007543	2811123	1007658
4617	2187	2189	2	226	2812656	1007543	2812438	1007603
4618	2187	2190	2	841	2812656	1007543	2811831	1007376
4619	2187	2192	2	1801	2812656	1007543	2814437	1007816
4620	2187	2193	2	1260	2812656	1007543	2813905	1007714
4621	2187	3892	2	2512	2812656	1007543	2811842	1005166
4622	2187	5630	2	3156	2812656	1007543	2810579	1005166
4623	2187	6006	2	1413	2812656	1007543	2811836	1006392
4624	2188	1797	2	1943	2811123	1007658	2809185	1007803
4625	2188	2187	2	1537	2811123	1007658	2812656	1007543
4626	2188	2189	2	1316	2811123	1007658	2812438	1007603
4627	2189	1796	2	2665	2812438	1007603	2809774	1007680
4628	2189	2180	2	2000	2812438	1007603	2814438	1007566
4629	2189	2181	2	1286	2812438	1007603	2813724	1007646
4630	2189	2183	2	2704	2812438	1007603	2809734	1007629
4631	2189	2186	2	1430	2812438	1007603	2811008	1007613
4632	2189	2187	2	226	2812438	1007603	2812656	1007543
4633	2189	3890	2	3154	2812438	1007603	2814446	1005170
4634	2189	3891	2	2513	2812438	1007603	2813061	1005168
4635	2190	2181	2	1912	2811831	1007376	2813724	1007646
4636	2190	2183	2	2112	2811831	1007376	2809734	1007629
4637	2190	2186	2	856	2811831	1007376	2811008	1007613
4638	2190	2193	2	2101	2811831	1007376	2813905	1007714
4639	2190	3892	7	2210	2811831	1007376	2811842	1005166
4640	2190	6005	5	2757	2811831	1007376	2814441	1006486
4641	2191	1796	2	2055	2811828	1007752	2809774	1007680
4642	2192	2181	2	732	2814437	1007816	2813724	1007646
4643	2192	2187	2	1801	2814437	1007816	2812656	1007543
4644	2193	2180	2	553	2813905	1007714	2814438	1007566
4645	2193	2187	2	1260	2813905	1007714	2812656	1007543
4646	2193	2190	2	2101	2813905	1007714	2811831	1007376
4647	2193	2192	2	541	2813905	1007714	2814437	1007816
4648	2193	2195	2	3193	2813905	1007714	2817097	1007630
4649	2193	2197	2	3194	2813905	1007714	2817095	1007879
4650	2194	2195	2	624	2817707	1007766	2817097	1007630
4651	2194	2197	2	622	2817707	1007766	2817095	1007879
4652	2194	2204	2	1344	2817707	1007766	2819049	1007848
4653	2194	2209	2	1931	2817707	1007766	2819637	1007852
4654	2195	2193	2	3193	2817097	1007630	2813905	1007714
4655	2195	2196	2	650	2817097	1007630	2817720	1007817
4656	2195	2211	2	2920	2817097	1007630	2819800	1008736
4657	2196	2195	2	650	2817720	1007817	2817097	1007630
4658	2196	2204	2	1329	2817720	1007817	2819049	1007848
4659	2196	2205	2	1372	2817720	1007817	2819092	1007798
4660	2196	2208	2	1992	2817720	1007817	2819712	1007802
4661	2196	2209	2	1917	2817720	1007817	2819637	1007852
4662	2197	2193	2	3194	2817095	1007879	2813905	1007714
4663	2197	2194	2	622	2817095	1007879	2817707	1007766
4664	2197	2196	2	628	2817095	1007879	2817720	1007817
4665	2197	2207	2	2826	2817095	1007879	2819808	1007087
4666	2197	2210	2	2715	2817095	1007879	2819807	1008013
4667	2198	2200	2	376	2830343	1008086	2830711	1008165
4668	2199	2222	2	2136	2827290	1007963	2825154	1007919
4669	2199	2223	2	2389	2827290	1007963	2824902	1007866
4670	2200	2198	2	376	2830711	1008165	2830343	1008086
4671	2201	2223	2	2389	2827287	1008013	2824902	1007866
4672	2202	2203	2	890	2830755	1009023	2830067	1008457
4673	2202	2225	2	1725	2830755	1009023	2829094	1008554
4674	2202	2227	2	663	2830755	1009023	2830153	1008745
4675	2202	2620	2	2584	2830755	1009023	2832480	1010947
4676	2202	6683	2	1451	2830755	1009023	2829478	1008333
4677	2203	2225	2	977	2830067	1008457	2829094	1008554
4678	2203	2227	2	300	2830067	1008457	2830153	1008745
4679	2203	2619	2	2383	2830067	1008457	2831858	1010030
4680	2203	6683	2	601	2830067	1008457	2829478	1008333
4681	2203	6684	2	3025	2830067	1008457	2827052	1008204
4682	2204	2194	2	1344	2819049	1007848	2817707	1007766
4683	2204	2208	2	664	2819049	1007848	2819712	1007802
4684	2204	2209	2	588	2819049	1007848	2819637	1007852
4685	2205	2194	2	1385	2819092	1007798	2817707	1007766
4686	2205	2196	2	1372	2819092	1007798	2817720	1007817
4687	2205	2209	2	547	2819092	1007798	2819637	1007852
4688	2206	6912	2	2790	2819809	1007601	2817096	1006947
4689	2206	6913	2	1979	2819809	1007601	2817939	1006953
4690	2206	6916	2	1036	2819809	1007601	2819664	1006575
4691	2206	6917	2	1698	2819809	1007601	2819666	1005909
4692	2206	6924	2	2238	2819809	1007601	2819865	1005363
4693	2207	2197	2	2826	2819808	1007087	2817095	1007879
4694	2207	2206	2	514	2819808	1007087	2819809	1007601
4695	2207	6002	2	2958	2819808	1007087	2817116	1005859
4696	2207	6912	2	2715	2819808	1007087	2817096	1006947
4697	2207	6913	2	1873	2819808	1007087	2817939	1006953
4698	2207	6917	2	1186	2819808	1007087	2819666	1005909
4699	2207	6919	2	2827	2819808	1007087	2819680	1004262
4700	2207	6924	2	1724	2819808	1007087	2819865	1005363
4701	2208	2196	2	1992	2819712	1007802	2817720	1007817
4702	2208	2204	2	664	2819712	1007802	2819049	1007848
4703	2208	2205	2	620	2819712	1007802	2819092	1007798
4704	2209	2194	2	1931	2819637	1007852	2817707	1007766
4705	2209	2196	2	1917	2819637	1007852	2817720	1007817
4706	2209	2205	2	547	2819637	1007852	2819092	1007798
4707	2210	2197	2	2715	2819807	1008013	2817095	1007879
4708	2210	2211	2	723	2819807	1008013	2819800	1008736
4709	2210	5986	2	3183	2819807	1008013	2817082	1009658
4710	2210	6927	2	536	2819807	1008013	2819276	1008088
4711	2211	2195	2	2920	2819800	1008736	2817097	1007630
4712	2211	5986	2	2870	2819800	1008736	2817082	1009658
4713	2213	2212	2	626	2819851	1008689	2819857	1008063
4714	2214	6924	2	2195	2819859	1007558	2819865	1005363
4715	2215	2217	2	1578	2819983	1007855	2821561	1007826
4716	2215	2218	2	3144	2819983	1007855	2823127	1007845
4717	2215	2220	2	1537	2819983	1007855	2821520	1007875
4718	2215	2221	2	3149	2819983	1007855	2823132	1007895
4719	2215	6926	2	2763	2819983	1007855	2822746	1007840
4720	2215	6930	2	2761	2819983	1007855	2822744	1007890
4721	2216	6925	5	1898	2822330	1007613	2820437	1007471
4722	2217	2215	2	1578	2821561	1007826	2819983	1007855
4723	2217	2218	2	1566	2821561	1007826	2823127	1007845
4724	2217	2221	2	1572	2821561	1007826	2823132	1007895
4725	2217	6685	2	1637	2821561	1007826	2819924	1007805
4726	2217	6930	2	1184	2821561	1007826	2822744	1007890
4727	2218	2215	2	3144	2823127	1007845	2819983	1007855
4728	2218	2217	2	1566	2823127	1007845	2821561	1007826
4729	2218	2220	2	1607	2823127	1007845	2821520	1007875
4730	2218	2222	2	2028	2823127	1007845	2825154	1007919
4731	2218	6926	2	381	2823127	1007845	2822746	1007840
4732	2218	6930	2	385	2823127	1007845	2822744	1007890
4733	2220	2218	2	1607	2821520	1007875	2823127	1007845
4734	2220	2221	2	1612	2821520	1007875	2823132	1007895
4735	2220	6685	2	1597	2821520	1007875	2819924	1007805
4736	2220	6926	2	1226	2821520	1007875	2822746	1007840
4737	2220	6930	2	1224	2821520	1007875	2822744	1007890
4738	2221	2215	2	3149	2823132	1007895	2819983	1007855
4739	2221	2217	2	1572	2823132	1007895	2821561	1007826
4740	2221	2220	2	1612	2823132	1007895	2821520	1007875
4741	2221	2222	2	2022	2823132	1007895	2825154	1007919
4742	2221	2223	2	1770	2823132	1007895	2824902	1007866
4743	2221	6926	2	389	2823132	1007895	2822746	1007840
4744	2222	2199	2	2136	2825154	1007919	2827290	1007963
4745	2222	2201	2	2135	2825154	1007919	2827287	1008013
4746	2222	2218	2	2028	2825154	1007919	2823127	1007845
4747	2222	2223	2	257	2825154	1007919	2824902	1007866
4748	2222	6915	2	2969	2825154	1007919	2822333	1006993
4749	2222	6926	2	2409	2825154	1007919	2822746	1007840
4750	2222	6930	2	2410	2825154	1007919	2822744	1007890
4751	2223	2201	2	2389	2824902	1007866	2827287	1008013
4752	2223	2218	2	1775	2824902	1007866	2823127	1007845
4753	2223	2221	2	1770	2824902	1007866	2823132	1007895
4754	2223	2222	2	257	2824902	1007866	2825154	1007919
4755	2223	6926	2	2156	2824902	1007866	2822746	1007840
4756	2223	6930	2	2158	2824902	1007866	2822744	1007890
4757	2225	2202	2	1725	2829094	1008554	2830755	1009023
4758	2225	2203	2	977	2829094	1008554	2830067	1008457
4759	2225	2227	2	1076	2829094	1008554	2830153	1008745
4760	2225	2619	2	3133	2829094	1008554	2831858	1010030
4761	2225	6683	7	443	2829094	1008554	2829478	1008333
4762	2226	2228	2	1241	2828699	1007599	2827463	1007712
4763	2226	2229	7	2601	2828699	1007599	2826098	1007618
4764	2226	5999	7	2845	2828699	1007599	2826115	1006408
4765	2227	2202	2	663	2830153	1008745	2830755	1009023
4766	2227	2203	2	300	2830153	1008745	2830067	1008457
4767	2227	2619	2	2135	2830153	1008745	2831858	1010030
4768	2227	6683	2	790	2830153	1008745	2829478	1008333
4769	2227	6684	2	3147	2830153	1008745	2827052	1008204
4770	2228	2229	2	1368	2827463	1007712	2826098	1007618
4771	2228	5999	2	1875	2827463	1007712	2826115	1006408
4772	2229	2226	7	2601	2826098	1007618	2828699	1007599
4773	2232	2235	2	3195	2843711	1001902	2842237	999067
4774	2232	2237	2	2382	2843711	1001902	2844784	1004029
4775	2232	2239	2	998	2843711	1001902	2843799	1002897
4776	2232	3276	2	2442	2843711	1001902	2845926	1002931
4777	2233	3250	2	2075	2842280	998919	2840693	997582
4778	2233	6326	2	1483	2842280	998919	2841641	997580
4779	2233	6327	2	1711	2842280	998919	2841213	997581
4780	2233	7217	2	1588	2842280	998919	2841527	997520
4781	2233	7219	2	2554	2842280	998919	2840699	996912
4782	2233	7220	2	2943	2842280	998919	2840711	996429
4783	2234	2236	2	2353	2843609	1001914	2844797	1003946
4784	2234	2237	2	2419	2843609	1001914	2844784	1004029
4785	2234	2238	2	1436	2843609	1001914	2844645	1002909
4786	2234	3276	2	2530	2843609	1001914	2845926	1002931
4787	2235	2232	2	3195	2842237	999067	2843711	1001902
4788	2235	2234	2	3160	2842237	999067	2843609	1001914
4789	2235	3250	2	2142	2842237	999067	2840693	997582
4790	2235	6326	2	1601	2842237	999067	2841641	997580
4791	2235	7217	2	1702	2842237	999067	2841527	997520
4792	2235	7219	2	2647	2842237	999067	2840699	996912
4793	2236	2232	2	2314	2844797	1003946	2843711	1001902
4794	2236	2234	2	2353	2844797	1003946	2843609	1001914
4795	2236	2238	2	1048	2844797	1003946	2844645	1002909
4796	2236	2239	2	1447	2844797	1003946	2843799	1002897
4797	2236	2240	2	1899	2844797	1003946	2845636	1005650
4798	2236	6601	2	1342	2844797	1003946	2845952	1004630
4799	2237	2232	2	2382	2844784	1004029	2843711	1001902
4800	2237	2238	2	1128	2844784	1004029	2844645	1002909
4801	2237	2240	2	1831	2844784	1004029	2845636	1005650
4802	2237	2253	2	1521	2844784	1004029	2845535	1005352
4803	2237	3278	2	3159	2844784	1004029	2846590	1006621
4804	2237	6601	2	1313	2844784	1004029	2845952	1004630
4805	2238	2234	2	1436	2844645	1002909	2843609	1001914
4806	2238	2237	2	1128	2844645	1002909	2844784	1004029
4807	2238	2240	2	2914	2844645	1002909	2845636	1005650
4808	2238	2253	2	2600	2844645	1002909	2845535	1005352
4809	2239	2232	2	998	2843799	1002897	2843711	1001902
4810	2239	2236	2	1447	2843799	1002897	2844797	1003946
4811	2239	2237	2	1500	2843799	1002897	2844784	1004029
4812	2239	2253	2	3006	2843799	1002897	2845535	1005352
4813	2240	2236	2	1899	2845636	1005650	2844797	1003946
4814	2240	2238	2	2914	2845636	1005650	2844645	1002909
4815	2240	2252	2	1423	2845636	1005650	2846292	1006913
4816	2240	2253	2	314	2845636	1005650	2845535	1005352
4817	2240	3276	2	2734	2845636	1005650	2845926	1002931
4818	2240	3278	2	1361	2845636	1005650	2846590	1006621
4819	2240	6601	2	1067	2845636	1005650	2845952	1004630
4820	2241	2247	2	450	2846560	1008362	2846285	1008005
4821	2241	2250	2	1246	2846560	1008362	2845633	1007528
4822	2241	2256	2	355	2846560	1008362	2846404	1008043
4823	2241	2257	2	221	2846560	1008362	2846446	1008552
4824	2241	2258	2	738	2846560	1008362	2845859	1008129
4825	2242	2249	2	1837	2844904	1008070	2843098	1007733
4826	2242	2250	2	908	2844904	1008070	2845633	1007528
4827	2242	2251	2	215	2844904	1008070	2845074	1007938
4828	2243	2269	2	2422	2847814	1008376	2850204	1008773
4829	2243	2270	2	2946	2847814	1008376	2850760	1008368
4830	2243	5864	2	1017	2847814	1008376	2848195	1009320
4831	2243	5871	2	2613	2847814	1008376	2850194	1009455
4832	2244	2246	2	363	2846501	1010007	2846368	1009669
4833	2245	2244	2	762	2846473	1010769	2846501	1010007
4834	2245	2246	2	1105	2846473	1010769	2846368	1009669
4835	2245	5856	2	2886	2846473	1010769	2848732	1012566
4836	2245	6682	2	2013	2846473	1010769	2846928	1008808
4837	2246	2244	2	363	2846368	1009669	2846501	1010007
4838	2246	2245	2	1105	2846368	1009669	2846473	1010769
4839	2246	6682	2	1027	2846368	1009669	2846928	1008808
4840	2247	2241	2	450	2846285	1008005	2846560	1008362
4841	2247	2249	2	3198	2846285	1008005	2843098	1007733
4842	2247	2250	2	807	2846285	1008005	2845633	1007528
4843	2247	2251	2	1212	2846285	1008005	2845074	1007938
4844	2247	2255	2	343	2846285	1008005	2846567	1008202
4845	2247	2257	2	570	2846285	1008005	2846446	1008552
4846	2248	2254	2	640	2848583	1008326	2847951	1008222
4847	2248	2266	2	1826	2848583	1008326	2850339	1007823
4848	2248	5822	2	2763	2848583	1008326	2850591	1006428
4849	2249	2242	2	1837	2843098	1007733	2844904	1008070
4850	2249	2247	2	3198	2843098	1007733	2846285	1008005
4851	2249	2250	2	2543	2843098	1007733	2845633	1007528
4852	2249	2260	2	787	2843098	1007733	2842311	1007734
4853	2249	2261	2	2260	2843098	1007733	2840838	1007735
4854	2249	2263	2	2560	2843098	1007733	2840600	1007173
4855	2250	2241	2	1246	2845633	1007528	2846560	1008362
4856	2250	2242	2	908	2845633	1007528	2844904	1008070
4857	2250	2247	2	807	2845633	1007528	2846285	1008005
4858	2250	2249	2	2543	2845633	1007528	2843098	1007733
4859	2250	2251	7	693	2845633	1007528	2845074	1007938
4860	2251	2242	2	215	2845074	1007938	2844904	1008070
4861	2251	2247	2	1212	2845074	1007938	2846285	1008005
4862	2251	2249	2	1986	2845074	1007938	2843098	1007733
4863	2251	2259	2	3181	2845074	1007938	2841896	1007784
4864	2252	2240	2	1423	2846292	1006913	2845636	1005650
4865	2252	2253	2	1734	2846292	1006913	2845535	1005352
4866	2252	3278	5	417	2846292	1006913	2846590	1006621
4867	2252	6601	5	2308	2846292	1006913	2845952	1004630
4868	2253	2236	2	1587	2845535	1005352	2844797	1003946
4869	2253	2237	2	1521	2845535	1005352	2844784	1004029
4870	2253	2238	2	2600	2845535	1005352	2844645	1002909
4871	2253	2239	2	3006	2845535	1005352	2843799	1002897
4872	2253	2240	2	314	2845535	1005352	2845636	1005650
4873	2253	3276	2	2452	2845535	1005352	2845926	1002931
4874	2253	3278	2	1650	2845535	1005352	2846590	1006621
4875	2253	6601	2	833	2845535	1005352	2845952	1004630
4876	2254	2265	2	2755	2847951	1008222	2850705	1008318
4877	2254	2266	5	2421	2847951	1008222	2850339	1007823
4878	2255	2247	2	343	2846567	1008202	2846285	1008005
4879	2256	2241	2	355	2846404	1008043	2846560	1008362
4880	2256	2258	7	551	2846404	1008043	2845859	1008129
4881	2257	2247	2	570	2846446	1008552	2846285	1008005
4882	2257	2256	7	510	2846446	1008552	2846404	1008043
4883	2257	2258	7	723	2846446	1008552	2845859	1008129
4884	2257	6682	7	545	2846446	1008552	2846928	1008808
4885	2258	2241	2	738	2845859	1008129	2846560	1008362
4886	2258	2247	2	443	2845859	1008129	2846285	1008005
4887	2258	2256	7	551	2845859	1008129	2846404	1008043
4888	2258	2257	7	723	2845859	1008129	2846446	1008552
4889	2259	2242	2	3021	2841896	1007784	2844904	1008070
4890	2259	2251	2	3181	2841896	1007784	2845074	1007938
4891	2259	5872	2	1511	2841896	1007784	2841522	1009249
4892	2259	5873	2	1951	2841896	1007784	2840588	1009232
4893	2259	5874	2	2684	2841896	1007784	2840583	1010126
4894	2260	2261	2	1473	2842311	1007734	2840838	1007735
4895	2260	2263	2	1800	2842311	1007734	2840600	1007173
4896	2260	5821	2	2935	2842311	1007734	2840617	1005336
4897	2261	2249	2	2260	2840838	1007735	2843098	1007733
4898	2262	2259	2	992	2840904	1007785	2841896	1007784
4899	2262	5872	2	1589	2840904	1007785	2841522	1009249
4900	2262	5873	2	1481	2840904	1007785	2840588	1009232
4901	2262	5874	2	2362	2840904	1007785	2840583	1010126
4902	2263	2249	2	2560	2840600	1007173	2843098	1007733
4903	2264	2259	2	1362	2840593	1008181	2841896	1007784
4904	2265	2248	2	2122	2850705	1008318	2848583	1008326
4905	2265	2254	2	2755	2850705	1008318	2847951	1008222
4906	2265	5822	2	1893	2850705	1008318	2850591	1006428
4907	2266	2248	2	1826	2850339	1007823	2848583	1008326
4908	2266	2254	5	2421	2850339	1007823	2847951	1008222
4909	2266	2265	2	615	2850339	1007823	2850705	1008318
4910	2267	2265	2	1491	2852196	1008306	2850705	1008318
4911	2267	2266	2	1918	2852196	1008306	2850339	1007823
4912	2267	5822	2	2470	2852196	1008306	2850591	1006428
4913	2268	5870	2	1969	2852301	1008355	2853579	1009854
4914	2268	5871	2	2376	2852301	1008355	2850194	1009455
4915	2269	2243	2	2422	2850204	1008773	2847814	1008376
4916	2269	2268	2	2138	2850204	1008773	2852301	1008355
4917	2270	2268	2	1541	2850760	1008368	2852301	1008355
4918	2270	2269	2	687	2850760	1008368	2850204	1008773
4919	2270	5864	2	2735	2850760	1008368	2848195	1009320
4920	2270	5870	2	3186	2850760	1008368	2853579	1009854
4921	2270	5871	2	1225	2850760	1008368	2850194	1009455
4922	2271	2276	5	1350	2860740	1015357	2861876	1014626
4923	2271	2277	2	2467	2860740	1015357	2862776	1013963
4924	2271	2278	2	2522	2860740	1015357	2862794	1013892
4925	2272	2277	2	2990	2860288	1015623	2862776	1013963
4926	2272	2278	2	3045	2860288	1015623	2862794	1013892
4927	2274	2277	2	615	2862996	1014538	2862776	1013963
4928	2274	2278	2	676	2862996	1014538	2862794	1013892
4929	2275	2271	5	1248	2861767	1014647	2860740	1015357
4930	2275	2277	2	1218	2861767	1014647	2862776	1013963
4931	2276	2277	2	1117	2861876	1014626	2862776	1013963
4932	2276	2278	2	1175	2861876	1014626	2862794	1013892
4933	2277	2271	2	2467	2862776	1013963	2860740	1015357
4934	2277	2272	2	2990	2862776	1013963	2860288	1015623
4935	2277	2275	2	1218	2862776	1013963	2861767	1014647
4936	2277	3309	2	2873	2862776	1013963	2860763	1016014
4937	2278	2271	2	2522	2862794	1013892	2860740	1015357
4938	2278	2272	2	3045	2862794	1013892	2860288	1015623
4939	2278	2274	2	676	2862794	1013892	2862996	1014538
4940	2278	2275	2	1274	2862794	1013892	2861767	1014647
4941	2278	2276	2	1175	2862794	1013892	2861876	1014626
4942	2278	3309	2	2937	2862794	1013892	2860763	1016014
4943	2279	2281	5	1649	2863027	1010850	2863016	1012499
4944	2279	2282	2	934	2863027	1010850	2862093	1010892
4945	2279	2283	2	835	2863027	1010850	2862286	1011237
4946	2279	2287	2	1762	2863027	1010850	2863375	1012578
4947	2279	2288	2	1746	2863027	1010850	2863293	1012576
4948	2280	2282	2	1147	2863023	1011564	2862093	1010892
4949	2280	2283	2	806	2863023	1011564	2862286	1011237
4950	2280	2287	2	1073	2863023	1011564	2863375	1012578
4951	2280	2288	2	1047	2863023	1011564	2863293	1012576
4952	2280	3344	5	1641	2863023	1011564	2864501	1010850
4953	2281	2279	5	1649	2863016	1012499	2863027	1010850
4954	2281	2282	2	1853	2863016	1012499	2862093	1010892
4955	2281	2287	2	367	2863016	1012499	2863375	1012578
4956	2281	2288	2	287	2863016	1012499	2863293	1012576
4957	2281	3344	5	2219	2863016	1012499	2864501	1010850
4958	2282	2279	2	934	2862093	1010892	2863027	1010850
4959	2282	2281	2	1853	2862093	1010892	2863016	1012499
4960	2282	2283	2	395	2862093	1010892	2862286	1011237
4961	2282	2288	2	2067	2862093	1010892	2863293	1012576
4962	2283	2279	2	835	2862286	1011237	2863027	1010850
4963	2283	2280	2	806	2862286	1011237	2863023	1011564
4964	2283	2281	2	1457	2862286	1011237	2863016	1012499
4965	2283	2282	2	395	2862286	1011237	2862093	1010892
4966	2283	2287	2	1727	2862286	1011237	2863375	1012578
4967	2283	2288	2	1675	2862286	1011237	2863293	1012576
4968	2283	3344	2	2248	2862286	1011237	2864501	1010850
4969	2284	2285	2	1975	2863012	1013020	2864983	1012886
4970	2284	2286	2	2830	2863012	1013020	2865842	1012986
4971	2284	6681	2	2826	2863012	1013020	2865838	1013037
4972	2285	2284	2	1975	2864983	1012886	2863012	1013020
4973	2285	2295	2	3110	2864983	1012886	2868089	1012725
4974	2285	6681	2	868	2864983	1012886	2865838	1013037
4975	2286	2284	2	2830	2865842	1012986	2863012	1013020
4976	2286	2285	2	864	2865842	1012986	2864983	1012886
4977	2286	2289	2	773	2865842	1012986	2865080	1012853
4978	2286	2294	2	2179	2865842	1012986	2868021	1012984
4979	2287	2279	2	1762	2863375	1012578	2863027	1010850
4980	2287	2280	2	1073	2863375	1012578	2863023	1011564
4981	2287	2281	2	367	2863375	1012578	2863016	1012499
4982	2287	2282	2	2118	2863375	1012578	2862093	1010892
4983	2287	2283	2	1727	2863375	1012578	2862286	1011237
4984	2288	2279	2	1746	2863293	1012576	2863027	1010850
4985	2288	2280	2	1047	2863293	1012576	2863023	1011564
4986	2288	2281	2	287	2863293	1012576	2863016	1012499
4987	2288	2282	2	2067	2863293	1012576	2862093	1010892
4988	2289	2286	2	773	2865080	1012853	2865842	1012986
4989	2289	2295	2	3011	2865080	1012853	2868089	1012725
4990	2289	6681	2	780	2865080	1012853	2865838	1013037
4991	2290	2693	2	1706	2868075	1014310	2867777	1015990
4992	2290	2697	2	2397	2868075	1014310	2867660	1016671
4993	2290	2698	2	2421	2868075	1014310	2867217	1016574
4994	2291	2297	2	1796	2870015	1012987	2868219	1012934
4995	2291	2308	2	2287	2870015	1012987	2872302	1012964
4996	2291	2313	2	2901	2870015	1012987	2872916	1013063
4997	2291	5837	2	583	2870015	1012987	2870234	1013528
4998	2291	5838	2	2947	2870015	1012987	2872910	1013542
4999	2292	2299	2	1553	2868124	1014522	2868341	1012984
5000	2292	5830	2	1614	2868124	1014522	2869303	1015625
5001	2292	5837	2	2332	2868124	1014522	2870234	1013528
5002	2293	2290	2	1158	2868085	1013152	2868075	1014310
5003	2293	2296	2	237	2868085	1013152	2867991	1012934
5004	2293	5828	2	2945	2868085	1013152	2866033	1015265
5005	2294	2286	2	2179	2868021	1012984	2865842	1012986
5006	2294	5828	2	3025	2868021	1012984	2866033	1015265
5007	2295	2285	2	3110	2868089	1012725	2864983	1012886
5008	2295	2289	2	3011	2868089	1012725	2865080	1012853
5009	2295	3343	2	2898	2868089	1012725	2866763	1010148
5010	2295	5829	2	1425	2868089	1012725	2867127	1011673
5011	2295	7286	2	3147	2868089	1012725	2867942	1009581
5012	2296	2286	2	2149	2867991	1012934	2865842	1012986
5013	2296	2293	2	237	2867991	1012934	2868085	1013152
5014	2296	6681	2	2155	2867991	1012934	2865838	1013037
5015	2297	2291	2	1796	2868219	1012934	2870015	1012987
5016	2298	2303	2	1151	2868139	1012749	2868205	1011599
5017	2298	7283	2	3118	2868139	1012749	2868375	1009639
5018	2298	7285	2	3124	2868139	1012749	2868444	1009639
5019	2299	2291	2	1674	2868341	1012984	2870015	1012987
5020	2299	2292	2	1553	2868341	1012984	2868124	1014522
5021	2299	2301	2	1216	2868341	1012984	2869557	1012936
5022	2299	2694	2	2441	2868341	1012984	2868081	1015412
5023	2301	2297	2	1338	2869557	1012936	2868219	1012934
5024	2301	2299	2	1216	2869557	1012936	2868341	1012984
5025	2301	5836	2	1885	2869557	1012936	2870306	1011206
5026	2302	2295	2	1287	2868127	1011438	2868089	1012725
5027	2302	3343	2	1877	2868127	1011438	2866763	1010148
5028	2302	5829	2	1027	2868127	1011438	2867127	1011673
5029	2302	7286	2	1866	2868127	1011438	2867942	1009581
5030	2303	5829	2	1080	2868205	1011599	2867127	1011673
5031	2303	7283	2	1967	2868205	1011599	2868375	1009639
5032	2303	7285	2	1974	2868205	1011599	2868444	1009639
5033	2306	2301	2	2545	2872102	1012909	2869557	1012936
5034	2306	2311	2	1481	2872102	1012909	2873567	1012690
5035	2306	5836	2	2475	2872102	1012909	2870306	1011206
5036	2306	5840	2	3029	2872102	1012909	2873582	1010266
5037	2306	5841	2	2783	2872102	1012909	2872960	1010261
5038	2306	5847	2	2190	2872102	1012909	2873569	1011282
5039	2307	2306	2	2254	2874356	1012897	2872102	1012909
5040	2307	2310	2	1442	2874356	1012897	2872921	1012746
5041	2307	2311	2	815	2874356	1012897	2873567	1012690
5042	2307	5840	2	2742	2874356	1012897	2873582	1010266
5043	2307	5841	2	2982	2874356	1012897	2872960	1010261
5044	2307	5847	2	1796	2874356	1012897	2873569	1011282
5045	2307	7173	2	1757	2874356	1012897	2876100	1013111
5046	2307	7174	2	617	2874356	1012897	2874961	1013023
5047	2308	2309	2	1926	2872302	1012964	2874228	1012937
5048	2308	2312	2	1264	2872302	1012964	2873564	1013045
5049	2308	2313	2	621	2872302	1012964	2872916	1013063
5050	2308	5837	2	2143	2872302	1012964	2870234	1013528
5051	2308	5838	2	838	2872302	1012964	2872910	1013542
5052	2308	5839	2	1391	2872302	1012964	2873564	1013551
5053	2308	6680	2	2749	2872302	1012964	2873568	1015405
5054	2308	7172	2	2517	2872302	1012964	2874819	1012929
5055	2308	7174	2	2659	2872302	1012964	2874961	1013023
5056	2309	2313	2	1318	2874228	1012937	2872916	1013063
5057	2309	5838	2	1450	2874228	1012937	2872910	1013542
5058	2309	5839	2	904	2874228	1012937	2873564	1013551
5059	2309	6680	2	2554	2874228	1012937	2873568	1015405
5060	2309	7172	2	591	2874228	1012937	2874819	1012929
5061	2309	7173	2	1880	2874228	1012937	2876100	1013111
5062	2309	7174	2	738	2874228	1012937	2874961	1013023
5063	2310	2306	2	835	2872921	1012746	2872102	1012909
5064	2310	2307	2	1442	2872921	1012746	2874356	1012897
5065	2310	7172	2	1906	2872921	1012746	2874819	1012929
5066	2311	2306	2	1481	2873567	1012690	2872102	1012909
5067	2311	3349	5	3163	2873567	1012690	2872966	1009584
5068	2311	7174	2	1433	2873567	1012690	2874961	1013023
5069	2312	2308	2	1264	2873564	1013045	2872302	1012964
5070	2312	2309	2	672	2873564	1013045	2874228	1012937
5071	2312	7172	2	1260	2873564	1013045	2874819	1012929
5072	2312	7175	2	2430	2873564	1013045	2875951	1013502
5073	2312	7176	2	2401	2873564	1013045	2875910	1013559
5074	2313	2291	2	2901	2872916	1013063	2870015	1012987
5075	2313	2309	2	1318	2872916	1013063	2874228	1012937
5076	2313	5837	5	2722	2872916	1013063	2870234	1013528
5077	2313	7172	2	1907	2872916	1013063	2874819	1012929
5078	2313	7175	2	3066	2872916	1013063	2875951	1013502
5079	2313	7176	2	3034	2872916	1013063	2875910	1013559
5080	2314	1225	5	2565	2883154	1015155	2883709	1012650
5081	2314	2333	5	671	2883154	1015155	2882987	1015805
5082	2315	2320	2	2765	2883672	1018775	2881502	1017061
5083	2315	2322	2	1011	2883672	1018775	2883326	1017824
5084	2315	2324	2	1571	2883672	1018775	2883019	1017346
5085	2315	2325	2	1886	2883672	1018775	2882955	1017030
5086	2315	2327	2	1262	2883672	1018775	2882829	1017835
5087	2315	2330	2	1947	2883672	1018775	2882686	1017096
5088	2315	2331	2	1620	2883672	1018775	2882889	1017356
5089	2315	2332	2	1444	2883672	1018775	2882228	1018771
5090	2315	2333	2	3047	2883672	1018775	2882987	1015805
5091	2315	3445	2	2302	2883672	1018775	2885897	1018181
5092	2315	3446	2	1785	2883672	1018775	2885341	1018141
5093	2315	6287	2	2461	2883672	1018775	2881437	1017744
5094	2315	6288	2	881	2883672	1018775	2884305	1018161
5095	2315	6841	2	1678	2883672	1018775	2885333	1019014
5096	2315	6842	2	225	2883672	1018775	2883757	1018984
5097	2315	6843	2	251	2883672	1018775	2883811	1018985
5098	2316	2315	2	755	2883227	1018164	2883672	1018775
5099	2316	2322	2	354	2883227	1018164	2883326	1017824
5100	2316	2324	2	844	2883227	1018164	2883019	1017346
5101	2316	2326	2	466	2883227	1018164	2883198	1017698
5102	2316	2330	2	1197	2883227	1018164	2882686	1017096
5103	2316	6842	2	976	2883227	1018164	2883757	1018984
5104	2316	6843	2	1007	2883227	1018164	2883811	1018985
5105	2317	2318	2	1671	2881337	1016436	2879728	1015982
5106	2317	2322	2	2425	2881337	1016436	2883326	1017824
5107	2317	2324	2	1912	2881337	1016436	2883019	1017346
5108	2317	2325	2	1723	2881337	1016436	2882955	1017030
5109	2317	2326	2	2248	2881337	1016436	2883198	1017698
5110	2317	2328	2	1274	2881337	1016436	2882497	1016964
5111	2317	2330	2	1501	2881337	1016436	2882686	1017096
5112	2317	2331	2	1804	2881337	1016436	2882889	1017356
5113	2317	6766	2	1671	2881337	1016436	2879704	1016079
5114	2318	2321	2	1652	2879728	1015982	2881304	1016479
5115	2318	2328	2	2937	2879728	1015982	2882497	1016964
5116	2318	2329	2	2740	2879728	1015982	2882345	1016796
5117	2318	2330	2	3160	2879728	1015982	2882686	1017096
5118	2318	6767	2	2426	2879728	1015982	2877459	1015122
5119	2318	7177	2	2398	2879728	1015982	2877521	1015043
5120	2320	2315	2	2765	2881502	1017061	2883672	1018775
5121	2320	2322	2	1977	2881502	1017061	2883326	1017824
5122	2320	6842	2	2963	2881502	1017061	2883757	1018984
5123	2320	6843	2	3005	2881502	1017061	2883811	1018985
5124	2321	2318	2	1652	2881304	1016479	2879728	1015982
5125	2321	2322	2	2428	2881304	1016479	2883326	1017824
5126	2321	2324	2	1921	2881304	1016479	2883019	1017346
5127	2321	2325	2	1740	2881304	1016479	2882955	1017030
5128	2321	2326	2	2252	2881304	1016479	2883198	1017698
5129	2321	2328	2	1287	2881304	1016479	2882497	1016964
5130	2321	2329	2	1088	2881304	1016479	2882345	1016796
5131	2321	2330	2	1513	2881304	1016479	2882686	1017096
5132	2321	2331	2	1811	2881304	1016479	2882889	1017356
5133	2322	2315	2	1011	2883326	1017824	2883672	1018775
5134	2322	2316	2	354	2883326	1017824	2883227	1018164
5135	2322	2317	2	2425	2883326	1017824	2881337	1016436
5136	2322	2320	2	1977	2883326	1017824	2881502	1017061
5137	2322	2321	2	2428	2883326	1017824	2881304	1016479
5138	2322	2324	2	568	2883326	1017824	2883019	1017346
5139	2322	2325	2	876	2883326	1017824	2882955	1017030
5140	2322	2327	2	497	2883326	1017824	2882829	1017835
5141	2322	2328	2	1194	2883326	1017824	2882497	1016964
5142	2322	2329	2	1420	2883326	1017824	2882345	1016796
5143	2322	2330	2	969	2883326	1017824	2882686	1017096
5144	2322	2331	2	640	2883326	1017824	2882889	1017356
5145	2322	3445	2	2595	2883326	1017824	2885897	1018181
5146	2322	3446	2	2039	2883326	1017824	2885341	1018141
5147	2322	6288	2	1035	2883326	1017824	2884305	1018161
5148	2322	6841	2	2333	2883326	1017824	2885333	1019014
5149	2322	6842	2	1237	2883326	1017824	2883757	1018984
5150	2323	1226	5	1687	2882994	1016346	2883288	1014684
5151	2323	2314	5	1201	2882994	1016346	2883154	1015155
5152	2323	2333	5	541	2882994	1016346	2882987	1015805
5153	2324	2315	2	1571	2883019	1017346	2883672	1018775
5154	2324	2316	2	844	2883019	1017346	2883227	1018164
5155	2324	2317	2	1912	2883019	1017346	2881337	1016436
5156	2324	2321	2	1921	2883019	1017346	2881304	1016479
5157	2324	2326	2	394	2883019	1017346	2883198	1017698
5158	2324	2327	2	524	2883019	1017346	2882829	1017835
5159	2324	2328	2	646	2883019	1017346	2882497	1016964
5160	2324	2329	2	869	2883019	1017346	2882345	1016796
5161	2324	2330	2	416	2883019	1017346	2882686	1017096
5162	2324	6196	2	2279	2883019	1017346	2881389	1018940
5163	2324	6287	2	1631	2883019	1017346	2881437	1017744
5164	2324	6288	2	1522	2883019	1017346	2884305	1018161
5165	2324	6841	2	2852	2883019	1017346	2885333	1019014
5166	2324	6842	2	1796	2883019	1017346	2883757	1018984
5167	2324	6843	2	1820	2883019	1017346	2883811	1018985
5168	2325	2315	2	1886	2882955	1017030	2883672	1018775
5169	2325	2317	2	1723	2882955	1017030	2881337	1016436
5170	2325	2321	2	1740	2882955	1017030	2881304	1016479
5171	2325	2322	2	876	2882955	1017030	2883326	1017824
5172	2325	2324	2	322	2882955	1017030	2883019	1017346
5173	2325	2326	2	710	2882955	1017030	2883198	1017698
5174	2325	2328	2	462	2882955	1017030	2882497	1016964
5175	2325	2329	2	653	2882955	1017030	2882345	1016796
5176	2325	2330	2	276	2882955	1017030	2882686	1017096
5177	2325	2331	5	332	2882955	1017030	2882889	1017356
5178	2325	6196	5	2469	2882955	1017030	2881389	1018940
5179	2325	6842	2	2112	2882955	1017030	2883757	1018984
5180	2325	6843	2	2134	2882955	1017030	2883811	1018985
5181	2326	2315	2	1176	2883198	1017698	2883672	1018775
5182	2326	2316	2	466	2883198	1017698	2883227	1018164
5183	2326	2317	2	2248	2883198	1017698	2881337	1016436
5184	2326	2321	2	2252	2883198	1017698	2881304	1016479
5185	2326	2324	2	394	2883198	1017698	2883019	1017346
5186	2326	2325	2	710	2883198	1017698	2882955	1017030
5187	2326	2327	2	393	2883198	1017698	2882829	1017835
5188	2326	2328	2	1014	2883198	1017698	2882497	1016964
5189	2326	2329	2	1241	2883198	1017698	2882345	1016796
5190	2326	2331	2	460	2883198	1017698	2882889	1017356
5191	2326	3446	2	2188	2883198	1017698	2885341	1018141
5192	2326	6288	2	1199	2883198	1017698	2884305	1018161
5193	2326	6841	2	2508	2883198	1017698	2885333	1019014
5194	2326	6842	2	1402	2883198	1017698	2883757	1018984
5195	2326	6843	2	1425	2883198	1017698	2883811	1018985
5196	2327	2315	2	1262	2882829	1017835	2883672	1018775
5197	2327	2322	2	497	2882829	1017835	2883326	1017824
5198	2327	2324	2	524	2882829	1017835	2883019	1017346
5199	2327	2329	2	1146	2882829	1017835	2882345	1016796
5200	2327	2330	2	752	2882829	1017835	2882686	1017096
5201	2327	6842	2	1476	2882829	1017835	2883757	1018984
5202	2327	6843	2	1512	2882829	1017835	2883811	1018985
5203	2328	2317	2	1274	2882497	1016964	2881337	1016436
5204	2328	2318	2	2937	2882497	1016964	2879728	1015982
5205	2328	2322	2	1194	2882497	1016964	2883326	1017824
5206	2328	2324	2	646	2882497	1016964	2883019	1017346
5207	2328	2325	2	462	2882497	1016964	2882955	1017030
5208	2328	2326	2	1014	2882497	1016964	2883198	1017698
5209	2328	2329	2	226	2882497	1016964	2882345	1016796
5210	2328	2330	2	230	2882497	1016964	2882686	1017096
5211	2328	2331	2	554	2882497	1016964	2882889	1017356
5212	2328	6288	2	2168	2882497	1016964	2884305	1018161
5213	2328	6766	2	2929	2882497	1016964	2879704	1016079
5214	2329	2317	2	1070	2882345	1016796	2881337	1016436
5215	2329	2318	2	2740	2882345	1016796	2879728	1015982
5216	2329	2321	2	1088	2882345	1016796	2881304	1016479
5217	2329	2322	2	1420	2882345	1016796	2883326	1017824
5218	2329	2325	2	653	2882345	1016796	2882955	1017030
5219	2329	2326	2	1241	2882345	1016796	2883198	1017698
5220	2329	2327	2	1146	2882345	1016796	2882829	1017835
5221	2329	2328	2	226	2882345	1016796	2882497	1016964
5222	2329	2330	2	454	2882345	1016796	2882686	1017096
5223	2329	2331	2	780	2882345	1016796	2882889	1017356
5224	2329	6766	2	2736	2882345	1016796	2879704	1016079
5225	2330	2315	2	1947	2882686	1017096	2883672	1018775
5226	2330	2316	2	1197	2882686	1017096	2883227	1018164
5227	2330	2317	2	1501	2882686	1017096	2881337	1016436
5228	2330	2318	2	3160	2882686	1017096	2879728	1015982
5229	2330	2321	2	1513	2882686	1017096	2881304	1016479
5230	2330	2322	2	969	2882686	1017096	2883326	1017824
5231	2330	2324	2	416	2882686	1017096	2883019	1017346
5232	2330	2325	2	276	2882686	1017096	2882955	1017030
5233	2330	2326	2	790	2882686	1017096	2883198	1017698
5234	2330	2327	2	752	2882686	1017096	2882829	1017835
5235	2330	2329	2	454	2882686	1017096	2882345	1016796
5236	2330	6288	2	1937	2882686	1017096	2884305	1018161
5237	2330	6766	2	3150	2882686	1017096	2879704	1016079
5238	2330	6842	2	2170	2882686	1017096	2883757	1018984
5239	2330	6843	2	2198	2882686	1017096	2883811	1018985
5240	2331	2315	2	1620	2882889	1017356	2883672	1018775
5241	2331	2317	2	1804	2882889	1017356	2881337	1016436
5242	2331	2321	2	1811	2882889	1017356	2881304	1016479
5243	2331	2322	2	640	2882889	1017356	2883326	1017824
5244	2331	2325	5	332	2882889	1017356	2882955	1017030
5245	2331	2326	2	460	2882889	1017356	2883198	1017698
5246	2331	2328	2	554	2882889	1017356	2882497	1016964
5247	2331	2329	2	780	2882889	1017356	2882345	1016796
5248	2331	2330	2	329	2882889	1017356	2882686	1017096
5249	2331	6196	5	2181	2882889	1017356	2881389	1018940
5250	2331	6842	2	1844	2882889	1017356	2883757	1018984
5251	2331	6843	2	1871	2882889	1017356	2883811	1018985
5252	2332	2315	2	1444	2882228	1018771	2883672	1018775
5253	2332	6196	5	855	2882228	1018771	2881389	1018940
5254	2332	6844	5	201	2882228	1018771	2882305	1018957
5255	2333	1226	5	1160	2882987	1015805	2883288	1014684
5256	2333	2315	2	3047	2882987	1015805	2883672	1018775
5257	2333	2323	5	541	2882987	1015805	2882994	1016346
5258	2334	2335	2	1311	2892080	1031776	2891092	1030913
5259	2334	2337	2	1006	2892080	1031776	2892392	1032733
5260	2334	2339	2	1253	2892080	1031776	2891095	1031000
5261	2334	6289	5	2238	2892080	1031776	2889903	1032295
5262	2335	2337	2	2236	2891092	1030913	2892392	1032733
5263	2335	2338	2	1072	2891092	1030913	2891499	1031905
5264	2335	3452	2	1612	2891092	1030913	2892506	1031689
5265	2335	6289	2	1823	2891092	1030913	2889903	1032295
5266	2336	2334	2	1462	2892705	1033098	2892080	1031776
5267	2336	2335	2	2715	2892705	1033098	2891092	1030913
5268	2336	2337	2	480	2892705	1033098	2892392	1032733
5269	2336	2338	2	1696	2892705	1033098	2891499	1031905
5270	2336	2339	2	2644	2892705	1033098	2891095	1031000
5271	2336	3452	2	1422	2892705	1033098	2892506	1031689
5272	2336	6289	2	2914	2892705	1033098	2889903	1032295
5273	2337	2334	2	1006	2892392	1032733	2892080	1031776
5274	2337	2335	2	2236	2892392	1032733	2891092	1030913
5275	2337	2336	2	480	2892392	1032733	2892705	1033098
5276	2337	3452	2	1050	2892392	1032733	2892506	1031689
5277	2337	6289	2	2527	2892392	1032733	2889903	1032295
5278	2338	2335	2	1072	2891499	1031905	2891092	1030913
5279	2338	2336	2	1696	2891499	1031905	2892705	1033098
5280	2338	2337	2	1217	2891499	1031905	2892392	1032733
5281	2338	3452	5	1029	2891499	1031905	2892506	1031689
5282	2339	2334	2	1253	2891095	1031000	2892080	1031776
5283	2339	2336	2	2644	2891095	1031000	2892705	1033098
5284	2339	2337	2	2164	2891095	1031000	2892392	1032733
5285	2339	2338	2	991	2891095	1031000	2891499	1031905
5286	2339	3452	2	1570	2891095	1031000	2892506	1031689
5287	2339	6289	2	1760	2891095	1031000	2889903	1032295
5288	2340	7144	2	882	2894193	1038992	2894187	1039874
5289	2340	7145	2	1092	2894193	1038992	2894092	1040080
5290	2341	6296	2	2277	2894282	1040549	2896301	1041603
5291	2341	7169	2	939	2894282	1040549	2895195	1040328
5292	2342	2343	2	2834	2894252	1041568	2894242	1044402
5293	2342	6296	2	2049	2894252	1041568	2896301	1041603
5294	2342	7151	2	261	2894252	1041568	2894198	1041312
5295	2343	2342	2	2834	2894242	1044402	2894252	1041568
5296	2343	2345	2	1260	2894242	1044402	2894825	1045520
5297	2343	2346	2	316	2894242	1044402	2894292	1044089
5298	2343	2347	2	1052	2894242	1044402	2894286	1045454
5299	2343	6291	2	2226	2894242	1044402	2896158	1045537
5300	2344	6295	2	2125	2894217	1046664	2892673	1048125
5301	2344	6347	2	1917	2894217	1046664	2892705	1045485
5302	2345	2343	2	1260	2894825	1045520	2894242	1044402
5303	2345	2346	2	1527	2894825	1045520	2894292	1044089
5304	2346	2343	2	316	2894292	1044089	2894242	1044402
5305	2346	6291	2	2361	2894292	1044089	2896158	1045537
5306	2346	6296	2	3196	2894292	1044089	2896301	1041603
5307	2347	2343	2	1052	2894286	1045454	2894242	1044402
5308	2347	2345	2	543	2894286	1045454	2894825	1045520
5309	2347	2346	2	1365	2894286	1045454	2894292	1044089
5310	2347	6291	2	1873	2894286	1045454	2896158	1045537
5311	2347	6292	2	2783	2894286	1045454	2894956	1048156
5312	2348	2344	2	1186	2893943	1045510	2894217	1046664
5313	2349	2352	2	511	2872795	1072199	2872483	1072604
5314	2349	2353	2	1220	2872795	1072199	2871580	1072310
5315	2352	2349	2	511	2872483	1072604	2872795	1072199
5316	2352	2351	2	647	2872483	1072604	2873020	1072243
5317	2353	2349	2	1220	2871580	1072310	2872795	1072199
5318	2353	2351	2	1441	2871580	1072310	2873020	1072243
5319	2353	2352	2	949	2871580	1072310	2872483	1072604
5320	2353	6246	2	3131	2871580	1072310	2873345	1074897
5321	2354	1323	2	2016	2877633	1072260	2879649	1072275
5322	2354	7111	2	2006	2877633	1072260	2879638	1072181
5323	2356	2358	2	2344	2863570	1062189	2861232	1062367
5324	2356	2360	2	2472	2863570	1062189	2861110	1062434
5325	2356	2858	2	665	2863570	1062189	2864222	1062055
5326	2357	2358	2	2007	2863220	1062091	2861232	1062367
5327	2357	2366	2	2939	2863220	1062091	2860298	1062407
5328	2357	2367	2	3055	2863220	1062091	2860167	1062225
5329	2357	2858	2	1002	2863220	1062091	2864222	1062055
5330	2357	2861	2	675	2863220	1062091	2863895	1062100
5331	2358	2356	2	2344	2861232	1062367	2863570	1062189
5332	2358	2357	2	2007	2861232	1062367	2863220	1062091
5333	2358	2359	2	1480	2861232	1062367	2860187	1061318
5334	2358	2366	2	934	2861232	1062367	2860298	1062407
5335	2358	2367	2	1074	2861232	1062367	2860167	1062225
5336	2358	2859	2	2420	2861232	1062367	2863575	1061758
5337	2359	1543	2	3164	2860187	1061318	2860430	1058163
5338	2359	6236	2	1624	2860187	1061318	2861723	1060790
5339	2360	2356	2	2472	2861110	1062434	2863570	1062189
5340	2360	2357	2	2137	2861110	1062434	2863220	1062091
5341	2360	2372	2	959	2861110	1062434	2860159	1062562
5342	2360	2860	2	1967	2861110	1062434	2863037	1062038
5343	2362	1544	2	2433	2860134	1061422	2860230	1058990
5344	2362	6236	2	1710	2860134	1061422	2861723	1060790
5345	2363	2368	2	1002	2859122	1062110	2860116	1062244
5346	2363	2370	2	858	2859122	1062110	2859932	1062394
5347	2363	6965	2	2498	2859122	1062110	2856760	1061294
5348	2363	6969	2	2163	2859122	1062110	2857111	1061312
5349	2364	2377	2	2427	2860092	1063302	2860049	1065729
5350	2365	2368	2	874	2859242	1062211	2860116	1062244
5351	2365	2369	2	646	2859242	1062211	2859877	1062332
5352	2365	2370	2	713	2859242	1062211	2859932	1062394
5353	2365	2371	2	924	2859242	1062211	2860110	1062530
5354	2365	6969	2	2312	2859242	1062211	2857111	1061312
5355	2366	2357	2	2939	2860298	1062407	2863220	1062091
5356	2366	2860	2	2763	2860298	1062407	2863037	1062038
5357	2366	6236	2	2155	2860298	1062407	2861723	1060790
5358	2367	2357	2	3055	2860167	1062225	2863220	1062091
5359	2367	2358	2	1074	2860167	1062225	2861232	1062367
5360	2367	2359	2	907	2860167	1062225	2860187	1061318
5361	2367	2860	2	2876	2860167	1062225	2863037	1062038
5362	2367	6236	2	2116	2860167	1062225	2861723	1060790
5363	2368	1545	2	3120	2860116	1062244	2860177	1059124
5364	2368	2363	2	1002	2860116	1062244	2859122	1062110
5365	2368	2365	2	874	2860116	1062244	2859242	1062211
5366	2368	6969	2	3146	2860116	1062244	2857111	1061312
5367	2369	2363	2	786	2859877	1062332	2859122	1062110
5368	2369	2365	2	646	2859877	1062332	2859242	1062211
5369	2369	6969	2	2948	2859877	1062332	2857111	1061312
5370	2370	2363	2	858	2859932	1062394	2859122	1062110
5371	2370	6969	2	3021	2859932	1062394	2857111	1061312
5372	2371	2364	2	772	2860110	1062530	2860092	1063302
5373	2371	2365	2	924	2860110	1062530	2859242	1062211
5374	2371	2377	2	3199	2860110	1062530	2860049	1065729
5375	2372	2360	2	959	2860159	1062562	2861110	1062434
5376	2373	2360	2	715	2860395	1062462	2861110	1062434
5377	2374	2375	2	930	2860275	1066715	2860099	1065801
5378	2375	2361	2	2281	2860099	1065801	2860137	1063520
5379	2375	6244	2	1607	2860099	1065801	2861677	1066108
5380	2376	2374	2	1005	2860094	1067704	2860275	1066715
5381	2376	2375	2	1903	2860094	1067704	2860099	1065801
5382	2376	6244	2	2247	2860094	1067704	2861677	1066108
5383	2377	2371	2	3199	2860049	1065729	2860110	1062530
5384	2377	2378	2	1192	2860049	1065729	2859818	1066899
5385	2377	2379	2	2465	2860049	1065729	2860043	1068194
5386	2377	4777	2	2910	2860049	1065729	2857843	1067628
5387	2377	4779	2	1804	2860049	1065729	2858921	1067138
5388	2377	4780	2	2233	2860049	1065729	2858022	1066666
5389	2378	2379	2	1314	2859818	1066899	2860043	1068194
5390	2379	1307	2	1882	2860043	1068194	2859870	1070069
5391	2379	4777	2	2271	2860043	1068194	2857843	1067628
5392	2379	4779	2	1540	2860043	1068194	2858921	1067138
5393	2379	4780	2	2533	2860043	1068194	2858022	1066666
5394	2380	1341	2	996	2856215	1074331	2855648	1075150
5395	2380	2382	2	1545	2856215	1074331	2855005	1075292
5396	2380	2383	2	1652	2856215	1074331	2854953	1075398
5397	2380	2384	2	937	2856215	1074331	2855649	1075078
5398	2380	2385	2	594	2856215	1074331	2855659	1074541
5399	2380	2386	2	661	2856215	1074331	2855669	1073957
5400	2381	1341	2	1070	2856318	1074315	2855648	1075150
5401	2381	2382	2	1636	2856318	1074315	2855005	1075292
5402	2381	2385	2	696	2856318	1074315	2855659	1074541
5403	2381	2386	2	741	2856318	1074315	2855669	1073957
5404	2382	1341	2	658	2855005	1075292	2855648	1075150
5405	2382	2381	2	1636	2855005	1075292	2856318	1074315
5406	2382	2384	2	678	2855005	1075292	2855649	1075078
5407	2382	2386	2	1491	2855005	1075292	2855669	1073957
5408	2383	1341	2	737	2854953	1075398	2855648	1075150
5409	2383	2380	2	1652	2854953	1075398	2856215	1074331
5410	2383	2381	2	1742	2854953	1075398	2856318	1074315
5411	2383	2384	2	766	2854953	1075398	2855649	1075078
5412	2383	2385	2	1110	2854953	1075398	2855659	1074541
5413	2383	2386	2	1609	2854953	1075398	2855669	1073957
5414	2384	2380	2	937	2855649	1075078	2856215	1074331
5415	2384	2381	2	1014	2855649	1075078	2856318	1074315
5416	2384	2382	2	678	2855649	1075078	2855005	1075292
5417	2385	2381	2	696	2855659	1074541	2856318	1074315
5418	2385	2382	2	995	2855659	1074541	2855005	1075292
5419	2385	2383	2	1110	2855659	1074541	2854953	1075398
5420	2386	2380	2	661	2855669	1073957	2856215	1074331
5421	2386	2381	2	741	2855669	1073957	2856318	1074315
5422	2386	2382	2	1491	2855669	1073957	2855005	1075292
5423	2386	2383	2	1609	2855669	1073957	2854953	1075398
5424	2387	2389	2	1055	2850064	1078547	2849068	1078896
5425	2387	2390	2	1661	2850064	1078547	2848472	1079022
5426	2387	2392	2	1013	2850064	1078547	2849053	1078617
5427	2388	2390	2	1757	2850170	1078567	2848472	1079022
5428	2388	2392	2	1118	2850170	1078567	2849053	1078617
5429	2389	2387	2	1055	2849068	1078896	2850064	1078547
5430	2389	2388	2	1150	2849068	1078896	2850170	1078567
5431	2389	2390	2	609	2849068	1078896	2848472	1079022
5432	2389	2392	2	279	2849068	1078896	2849053	1078617
5433	2389	2393	2	3099	2849068	1078896	2846084	1079734
5434	2390	2388	2	1757	2848472	1079022	2850170	1078567
5435	2390	2389	2	609	2848472	1079022	2849068	1078896
5436	2390	2393	2	2491	2848472	1079022	2846084	1079734
5437	2390	2394	2	2233	2848472	1079022	2846346	1079708
5438	2392	2388	2	1118	2849053	1078617	2850170	1078567
5439	2392	2389	2	279	2849053	1078617	2849068	1078896
5440	2392	2390	2	708	2849053	1078617	2848472	1079022
5441	2392	2393	2	3172	2849053	1078617	2846084	1079734
5442	2392	2394	2	2918	2849053	1078617	2846346	1079708
5443	2393	2389	2	3099	2846084	1079734	2849068	1078896
5444	2393	2392	2	3172	2846084	1079734	2849053	1078617
5445	2393	2394	2	263	2846084	1079734	2846346	1079708
5446	2393	2395	2	2217	2846084	1079734	2843968	1080398
5447	2393	2396	2	2123	2846084	1079734	2844081	1080440
5448	2393	2397	2	1013	2846084	1079734	2845071	1079748
5449	2393	2398	2	1229	2846084	1079734	2845061	1080416
5450	2394	2389	2	2840	2846346	1079708	2849068	1078896
5451	2394	2390	2	2233	2846346	1079708	2848472	1079022
5452	2394	2392	2	2918	2846346	1079708	2849053	1078617
5453	2394	2393	2	263	2846346	1079708	2846084	1079734
5454	2394	2395	2	2476	2846346	1079708	2843968	1080398
5455	2394	2397	2	1275	2846346	1079708	2845071	1079748
5456	2395	2394	2	2476	2843968	1080398	2846346	1079708
5457	2395	2398	2	1093	2843968	1080398	2845061	1080416
5458	2395	2401	2	1226	2843968	1080398	2842762	1080619
5459	2395	2403	2	1311	2843968	1080398	2842670	1080589
5460	2396	2393	2	2123	2844081	1080440	2846084	1079734
5461	2396	2394	2	2380	2844081	1080440	2846346	1079708
5462	2396	2397	2	1207	2844081	1080440	2845071	1079748
5463	2396	2398	2	980	2844081	1080440	2845061	1080416
5464	2396	2401	2	1331	2844081	1080440	2842762	1080619
5465	2396	2403	2	1418	2844081	1080440	2842670	1080589
5466	2396	5186	2	1513	2844081	1080440	2843725	1081911
5467	2397	2394	2	1275	2845071	1079748	2846346	1079708
5468	2397	2395	2	1280	2845071	1079748	2843968	1080398
5469	2397	2396	2	1207	2845071	1079748	2844081	1080440
5470	2397	2403	2	2544	2845071	1079748	2842670	1080589
5471	2398	2393	2	1229	2845061	1080416	2846084	1079734
5472	2398	2394	2	1467	2845061	1080416	2846346	1079708
5473	2398	2395	2	1093	2845061	1080416	2843968	1080398
5474	2398	2403	2	2397	2845061	1080416	2842670	1080589
5475	2398	2406	2	2911	2845061	1080416	2842304	1081351
5476	2398	2407	2	1716	2845061	1080416	2843368	1080701
5477	2399	1343	2	2196	2842554	1081653	2840409	1082128
5478	2399	1345	2	1915	2842554	1081653	2840736	1082256
5479	2399	2406	2	392	2842554	1081653	2842304	1081351
5480	2399	2407	2	1252	2842554	1081653	2843368	1080701
5481	2400	1343	2	2100	2842496	1081891	2840409	1082128
5482	2400	1345	2	1797	2842496	1081891	2840736	1082256
5483	2400	2406	2	573	2842496	1081891	2842304	1081351
5484	2400	2407	2	1475	2842496	1081891	2843368	1080701
5485	2401	1343	2	2795	2842762	1080619	2840409	1082128
5486	2401	1345	2	2604	2842762	1080619	2840736	1082256
5487	2401	2395	2	1226	2842762	1080619	2843968	1080398
5488	2401	2396	2	1331	2842762	1080619	2844081	1080440
5489	2401	2405	2	1195	2842762	1080619	2841662	1081086
5490	2401	6255	5	3152	2842762	1080619	2845090	1078493
5491	2403	1343	2	2735	2842670	1080589	2840409	1082128
5492	2403	1345	2	2553	2842670	1080589	2840736	1082256
5493	2403	2396	2	1418	2842670	1080589	2844081	1080440
5494	2403	2397	2	2544	2842670	1080589	2845071	1079748
5495	2403	2398	2	2397	2842670	1080589	2845061	1080416
5496	2403	2405	2	1123	2842670	1080589	2841662	1081086
5497	2403	2409	2	780	2842670	1080589	2842208	1081218
5498	2405	1343	2	1629	2841662	1081086	2840409	1082128
5499	2405	1344	2	3132	2841662	1081086	2839739	1083559
5500	2405	1345	2	1492	2841662	1081086	2840736	1082256
5501	2405	2401	2	1195	2841662	1081086	2842762	1080619
5502	2405	2407	2	1748	2841662	1081086	2843368	1080701
5503	2405	2409	2	561	2841662	1081086	2842208	1081218
5504	2406	1343	2	2048	2842304	1081351	2840409	1082128
5505	2406	2398	2	2911	2842304	1081351	2845061	1080416
5506	2406	2399	2	392	2842304	1081351	2842554	1081653
5507	2406	2400	2	573	2842304	1081351	2842496	1081891
5508	2406	2407	2	1246	2842304	1081351	2843368	1080701
5509	2406	2408	2	537	2842304	1081351	2842320	1081888
5510	2406	5176	2	2795	2842304	1081351	2845038	1081932
5511	2406	5177	2	2776	2842304	1081351	2845053	1080964
5512	2406	5184	2	3157	2842304	1081351	2842380	1084508
5513	2406	5185	2	1087	2842304	1081351	2842414	1082433
5514	2406	5186	2	1527	2842304	1081351	2843725	1081911
5515	2407	1345	2	3057	2843368	1080701	2840736	1082256
5516	2407	2398	2	1716	2843368	1080701	2845061	1080416
5517	2407	2400	2	1475	2843368	1080701	2842496	1081891
5518	2407	2405	2	1748	2843368	1080701	2841662	1081086
5519	2407	2408	2	1583	2843368	1080701	2842320	1081888
5520	2407	2409	2	1269	2843368	1080701	2842208	1081218
5521	2407	5176	2	2074	2843368	1080701	2845038	1081932
5522	2407	5185	2	1977	2843368	1080701	2842414	1082433
5523	2407	5186	2	1261	2843368	1080701	2843725	1081911
5524	2408	1343	2	1926	2842320	1081888	2840409	1082128
5525	2408	1345	2	1626	2842320	1081888	2840736	1082256
5526	2408	2406	2	537	2842320	1081888	2842304	1081351
5527	2408	2407	2	1583	2842320	1081888	2843368	1080701
5528	2409	1343	2	2016	2842208	1081218	2840409	1082128
5529	2409	2405	2	561	2842208	1081218	2841662	1081086
5530	2409	2407	2	1269	2842208	1081218	2843368	1080701
5531	2410	2411	2	909	2834865	1079171	2834608	1078299
5532	2410	2413	2	1040	2834865	1079171	2834791	1080209
5533	2410	2415	2	1098	2834865	1079171	2834536	1078123
5534	2410	2416	2	2675	2834865	1079171	2834943	1081845
5535	2410	2420	2	2742	2834865	1079171	2834998	1081910
5536	2411	2413	2	1918	2834608	1078299	2834791	1080209
5537	2411	2414	2	882	2834608	1078299	2834445	1079166
5538	2412	2410	2	591	2834786	1079757	2834865	1079171
5539	2412	2411	2	1468	2834786	1079757	2834608	1078299
5540	2412	2413	2	452	2834786	1079757	2834791	1080209
5541	2412	2414	2	682	2834786	1079757	2834445	1079166
5542	2412	2415	2	1653	2834786	1079757	2834536	1078123
5543	2412	2416	2	2093	2834786	1079757	2834943	1081845
5544	2412	2421	2	3113	2834786	1079757	2835914	1082659
5545	2412	2430	2	2742	2834786	1079757	2835044	1082487
5546	2412	2431	2	2749	2834786	1079757	2834995	1082499
5547	2413	2410	2	1040	2834791	1080209	2834865	1079171
5548	2413	2411	2	1918	2834791	1080209	2834608	1078299
5549	2413	2412	2	452	2834791	1080209	2834786	1079757
5550	2413	2416	2	1643	2834791	1080209	2834943	1081845
5551	2413	2420	2	1713	2834791	1080209	2834998	1081910
5552	2413	2421	2	2695	2834791	1080209	2835914	1082659
5553	2413	2430	2	2292	2834791	1080209	2835044	1082487
5554	2413	2431	2	2299	2834791	1080209	2834995	1082499
5555	2413	4825	2	1474	2834791	1080209	2835850	1079183
5556	2414	2411	2	882	2834445	1079166	2834608	1078299
5557	2414	2412	2	682	2834445	1079166	2834786	1079757
5558	2414	2413	2	1098	2834445	1079166	2834791	1080209
5559	2414	2416	2	2724	2834445	1079166	2834943	1081845
5560	2414	2420	2	2799	2834445	1079166	2834998	1081910
5561	2415	2410	2	1098	2834536	1078123	2834865	1079171
5562	2415	2412	2	1653	2834536	1078123	2834786	1079757
5563	2415	2413	2	2101	2834536	1078123	2834791	1080209
5564	2415	2414	2	1046	2834536	1078123	2834445	1079166
5565	2416	2410	2	2675	2834943	1081845	2834865	1079171
5566	2416	2412	2	2093	2834943	1081845	2834786	1079757
5567	2416	2414	2	2724	2834943	1081845	2834445	1079166
5568	2416	2430	2	649	2834943	1081845	2835044	1082487
5569	2416	2431	2	656	2834943	1081845	2834995	1082499
5570	2417	2419	2	1090	2833743	1082550	2834823	1082702
5571	2417	2432	2	2113	2833743	1082550	2831643	1082309
5572	2417	2433	2	2232	2833743	1082550	2831535	1082221
5573	2417	2436	2	2870	2833743	1082550	2830965	1081828
5574	2417	2437	2	3061	2833743	1082550	2830699	1082222
5575	2418	2425	2	820	2835026	1082888	2835085	1083706
5576	2418	2426	2	826	2835026	1082888	2835135	1083707
5577	2419	2417	2	1090	2834823	1082702	2833743	1082550
5578	2420	2410	2	2742	2834998	1081910	2834865	1079171
5579	2420	2412	2	2163	2834998	1081910	2834786	1079757
5580	2420	2413	2	1713	2834998	1081910	2834791	1080209
5581	2420	2414	2	2799	2834998	1081910	2834445	1079166
5582	2420	2431	2	589	2834998	1081910	2834995	1082499
5583	2421	2412	2	3113	2835914	1082659	2834786	1079757
5584	2421	2413	2	2695	2835914	1082659	2834791	1080209
5585	2421	2429	2	680	2835914	1082659	2835234	1082676
5586	2423	2417	2	953	2834693	1082637	2833743	1082550
5587	2423	2424	2	858	2834693	1082637	2833835	1082609
5588	2423	2432	2	3067	2834693	1082637	2831643	1082309
5589	2423	2433	2	3185	2834693	1082637	2831535	1082221
5590	2424	2419	2	992	2833835	1082609	2834823	1082702
5591	2424	2423	2	858	2833835	1082609	2834693	1082637
5592	2424	2433	2	2332	2833835	1082609	2831535	1082221
5593	2424	2436	2	2974	2833835	1082609	2830965	1081828
5594	2424	2437	2	3159	2833835	1082609	2830699	1082222
5595	2425	2427	2	762	2835085	1083706	2835081	1082944
5596	2426	2418	2	826	2835135	1083707	2835026	1082888
5597	2426	2427	2	764	2835135	1083707	2835081	1082944
5598	2427	2425	2	762	2835081	1082944	2835085	1083706
5599	2428	2422	2	834	2835294	1082727	2836128	1082700
5600	2430	2412	2	2742	2835044	1082487	2834786	1079757
5601	2430	2413	2	2292	2835044	1082487	2834791	1080209
5602	2430	2416	2	649	2835044	1082487	2834943	1081845
5603	2430	2420	2	578	2835044	1082487	2834998	1081910
5604	2431	2412	2	2749	2834995	1082499	2834786	1079757
5605	2431	2413	2	2299	2834995	1082499	2834791	1080209
5606	2431	2420	2	589	2834995	1082499	2834998	1081910
5607	2432	2417	2	2113	2831643	1082309	2833743	1082550
5608	2432	2423	2	3067	2831643	1082309	2834693	1082637
5609	2432	2424	2	2212	2831643	1082309	2833835	1082609
5610	2432	2434	2	1807	2831643	1082309	2829923	1081753
5611	2432	2436	2	831	2831643	1082309	2830965	1081828
5612	2433	2423	2	3185	2831535	1082221	2834693	1082637
5613	2433	2424	2	2332	2831535	1082221	2833835	1082609
5614	2433	2434	2	1678	2831535	1082221	2829923	1081753
5615	2433	2435	2	1699	2831535	1082221	2829889	1081798
5616	2433	2436	2	692	2831535	1082221	2830965	1081828
5617	2433	2437	2	836	2831535	1082221	2830699	1082222
5618	2434	2432	2	1807	2829923	1081753	2831643	1082309
5619	2434	2437	2	906	2829923	1081753	2830699	1082222
5620	2434	2440	2	2548	2829923	1081753	2827378	1081621
5621	2434	2441	2	1890	2829923	1081753	2828034	1081687
5622	2434	4590	2	1971	2829923	1081753	2831894	1081758
5623	2435	2432	2	1826	2829889	1081798	2831643	1082309
5624	2435	2433	2	1699	2829889	1081798	2831535	1082221
5625	2435	2436	2	1076	2829889	1081798	2830965	1081828
5626	2435	2437	2	914	2829889	1081798	2830699	1082222
5627	2435	2440	2	2517	2829889	1081798	2827378	1081621
5628	2435	4590	2	2005	2829889	1081798	2831894	1081758
5629	2436	2417	2	2870	2830965	1081828	2833743	1082550
5630	2436	2424	2	2974	2830965	1081828	2833835	1082609
5631	2436	2432	2	831	2830965	1081828	2831643	1082309
5632	2436	2434	2	1044	2830965	1081828	2829923	1081753
5633	2436	2435	2	1076	2830965	1081828	2829889	1081798
5634	2436	2441	2	2934	2830965	1081828	2828034	1081687
5635	2437	2417	2	3061	2830699	1082222	2833743	1082550
5636	2437	2424	2	3159	2830699	1082222	2833835	1082609
5637	2437	2432	2	948	2830699	1082222	2831643	1082309
5638	2437	2433	2	836	2830699	1082222	2831535	1082221
5639	2437	2434	2	906	2830699	1082222	2829923	1081753
5640	2438	2439	2	1206	2826691	1081421	2825510	1081668
5641	2438	6721	2	2328	2826691	1081421	2824404	1081858
5642	2438	6722	2	2317	2826691	1081421	2824406	1081807
5643	2439	2443	2	240	2825510	1081668	2825747	1081706
5644	2439	6721	2	1122	2825510	1081668	2824404	1081858
5645	2439	6722	2	1112	2825510	1081668	2824406	1081807
5646	2440	2435	2	2517	2827378	1081621	2829889	1081798
5647	2440	2438	2	715	2827378	1081621	2826691	1081421
5648	2440	2439	2	1868	2827378	1081621	2825510	1081668
5649	2440	4579	2	2701	2827378	1081621	2826740	1078996
5650	2440	4592	2	1417	2827378	1081621	2826749	1080351
5651	2441	2434	2	1890	2828034	1081687	2829923	1081753
5652	2441	2435	2	1858	2828034	1081687	2829889	1081798
5653	2441	2436	2	2934	2828034	1081687	2830965	1081828
5654	2441	6473	2	1794	2828034	1081687	2826599	1082765
5655	2442	2441	2	1421	2826633	1081930	2828034	1081687
5656	2443	2439	2	240	2825747	1081706	2825510	1081668
5657	2444	1740	2	1604	2813926	1083085	2812323	1083155
5658	2444	1742	2	1582	2813926	1083085	2812348	1083203
5659	2444	1744	2	2679	2813926	1083085	2811255	1083299
5660	2444	1746	2	2776	2813926	1083085	2811155	1083257
5661	2444	2447	2	1957	2813926	1083085	2815882	1083148
5662	2445	2444	2	2055	2815981	1083095	2813926	1083085
5663	2445	2446	2	2007	2815981	1083095	2813974	1083136
5664	2445	2450	2	1446	2815981	1083095	2815002	1084160
5665	2445	2458	2	3020	2815981	1083095	2818983	1082763
5666	2445	2462	2	3156	2815981	1083095	2819132	1082912
5667	2445	2463	2	3105	2815981	1083095	2819083	1082944
5668	2445	2464	2	2914	2815981	1083095	2818883	1082830
5669	2445	2465	2	1857	2815981	1083095	2817836	1082994
5670	2446	1740	2	1651	2813974	1083136	2812323	1083155
5671	2446	1743	2	2528	2813974	1083136	2811782	1084397
5672	2446	1746	2	2821	2813974	1083136	2811155	1083257
5673	2446	2445	2	2007	2813974	1083136	2815981	1083095
5674	2446	2447	2	1908	2813974	1083136	2815882	1083148
5675	2446	4578	2	1034	2813974	1083136	2813777	1084152
5676	2447	2444	2	1957	2815882	1083148	2813926	1083085
5677	2447	2456	2	1838	2815882	1083148	2817710	1082956
5678	2447	2458	2	3124	2815882	1083148	2818983	1082763
5679	2447	2464	2	3017	2815882	1083148	2818883	1082830
5680	2447	2465	2	1960	2815882	1083148	2817836	1082994
5681	2447	5763	2	1152	2815882	1083148	2816418	1084168
5682	2448	5765	5	1971	2815026	1082788	2816464	1081440
5683	2450	2445	2	1446	2815002	1084160	2815981	1083095
5684	2451	2456	2	2719	2820394	1082515	2817710	1082956
5685	2451	2458	2	1432	2820394	1082515	2818983	1082763
5686	2451	2459	2	1102	2820394	1082515	2819308	1082707
5687	2451	2461	2	1164	2820394	1082515	2819257	1082766
5688	2451	2462	2	1322	2820394	1082515	2819132	1082912
5689	2451	2463	2	1379	2820394	1082515	2819083	1082944
5690	2451	2464	2	1543	2820394	1082515	2818883	1082830
5691	2451	2465	2	2602	2820394	1082515	2817836	1082994
5692	2451	5766	2	1689	2820394	1082515	2821863	1081681
5693	2452	6932	5	434	2819159	1081998	2819177	1081564
5694	2453	2456	2	2752	2820434	1082558	2817710	1082956
5695	2453	2458	2	1465	2820434	1082558	2818983	1082763
5696	2453	2459	2	1135	2820434	1082558	2819308	1082707
5697	2453	2462	2	1349	2820434	1082558	2819132	1082912
5698	2453	2463	2	1405	2820434	1082558	2819083	1082944
5699	2453	2464	2	1574	2820434	1082558	2818883	1082830
5700	2453	2465	2	2634	2820434	1082558	2817836	1082994
5701	2453	5766	2	1676	2820434	1082558	2821863	1081681
5702	2454	2835	5	786	2819151	1083433	2819150	1084219
5703	2455	1291	5	3109	2819107	1082039	2819152	1078930
5704	2455	2457	5	404	2819107	1082039	2819089	1082443
5705	2455	5765	5	2710	2819107	1082039	2816464	1081440
5706	2455	6701	5	2854	2819107	1082039	2819150	1079185
5707	2456	2445	2	1734	2817710	1082956	2815981	1083095
5708	2456	2447	2	1838	2817710	1082956	2815882	1083148
5709	2456	2451	2	2719	2817710	1082956	2820394	1082515
5710	2456	2453	2	2752	2817710	1082956	2820434	1082558
5711	2456	2459	2	1617	2817710	1082956	2819308	1082707
5712	2456	2461	2	1558	2817710	1082956	2819257	1082766
5713	2456	2462	2	1422	2817710	1082956	2819132	1082912
5714	2456	2463	2	1373	2817710	1082956	2819083	1082944
5715	2456	2464	2	1179	2817710	1082956	2818883	1082830
5716	2457	2459	2	343	2819089	1082443	2819308	1082707
5717	2457	5764	5	857	2819089	1082443	2819127	1081586
5718	2457	5765	5	2810	2819089	1082443	2816464	1081440
5719	2458	2445	2	3020	2818983	1082763	2815981	1083095
5720	2458	2447	2	3124	2818983	1082763	2815882	1083148
5721	2458	2451	2	1432	2818983	1082763	2820394	1082515
5722	2458	2453	2	1465	2818983	1082763	2820434	1082558
5723	2458	2456	2	1287	2818983	1082763	2817710	1082956
5724	2458	2461	2	274	2818983	1082763	2819257	1082766
5725	2458	2465	2	1170	2818983	1082763	2817836	1082994
5726	2459	2453	2	1135	2819308	1082707	2820434	1082558
5727	2459	2456	2	1617	2819308	1082707	2817710	1082956
5728	2459	2457	2	343	2819308	1082707	2819089	1082443
5729	2459	2458	2	329	2819308	1082707	2818983	1082763
5730	2459	2464	2	442	2819308	1082707	2818883	1082830
5731	2459	2465	2	1499	2819308	1082707	2817836	1082994
5732	2459	5765	2	3113	2819308	1082707	2816464	1081440
5733	2460	2459	2	294	2819138	1082467	2819308	1082707
5734	2461	2451	2	1164	2819257	1082766	2820394	1082515
5735	2461	2453	2	1195	2819257	1082766	2820434	1082558
5736	2461	2456	2	1558	2819257	1082766	2817710	1082956
5737	2461	2458	2	274	2819257	1082766	2818983	1082763
5738	2461	2465	2	1439	2819257	1082766	2817836	1082994
5739	2462	2445	2	3156	2819132	1082912	2815981	1083095
5740	2462	2451	2	1322	2819132	1082912	2820394	1082515
5741	2462	2453	2	1349	2819132	1082912	2820434	1082558
5742	2462	2456	2	1422	2819132	1082912	2817710	1082956
5743	2462	2464	2	262	2819132	1082912	2818883	1082830
5744	2462	2465	2	1298	2819132	1082912	2817836	1082994
5745	2462	2467	5	791	2819132	1082912	2819110	1083703
5746	2462	5763	5	2990	2819132	1082912	2816418	1084168
5747	2463	2445	2	3105	2819083	1082944	2815981	1083095
5748	2463	2451	2	1379	2819083	1082944	2820394	1082515
5749	2463	2453	2	1405	2819083	1082944	2820434	1082558
5750	2463	2456	2	1373	2819083	1082944	2817710	1082956
5751	2463	2464	2	230	2819083	1082944	2818883	1082830
5752	2463	2465	2	1248	2819083	1082944	2817836	1082994
5753	2463	5763	5	2932	2819083	1082944	2816418	1084168
5754	2464	2445	2	2914	2818883	1082830	2815981	1083095
5755	2464	2447	2	3017	2818883	1082830	2815882	1083148
5756	2464	2451	2	1543	2818883	1082830	2820394	1082515
5757	2464	2453	2	1574	2818883	1082830	2820434	1082558
5758	2464	2456	2	1179	2818883	1082830	2817710	1082956
5759	2464	2459	2	442	2818883	1082830	2819308	1082707
5760	2464	2461	2	379	2818883	1082830	2819257	1082766
5761	2464	2462	2	262	2818883	1082830	2819132	1082912
5762	2464	5881	2	3102	2818883	1082830	2821868	1083674
5763	2465	2445	2	1857	2817836	1082994	2815981	1083095
5764	2465	2451	2	2602	2817836	1082994	2820394	1082515
5765	2465	2453	2	2634	2817836	1082994	2820434	1082558
5766	2465	2458	2	1170	2817836	1082994	2818983	1082763
5767	2465	2459	2	1499	2817836	1082994	2819308	1082707
5768	2465	2461	2	1439	2817836	1082994	2819257	1082766
5769	2465	2462	2	1298	2817836	1082994	2819132	1082912
5770	2465	2463	2	1248	2817836	1082994	2819083	1082944
5771	2465	2464	2	1059	2817836	1082994	2818883	1082830
5772	2465	5763	2	1840	2817836	1082994	2816418	1084168
5773	2466	5764	5	2443	2819127	1084029	2819127	1081586
5774	2467	2462	5	791	2819110	1083703	2819132	1082912
5775	2467	2466	5	326	2819110	1083703	2819127	1084029
5776	2468	2116	2	1691	2779915	1019767	2780317	1018124
5777	2468	2128	2	792	2779915	1019767	2780187	1019023
5778	2468	2469	2	381	2779915	1019767	2779925	1020148
5779	2469	2116	2	2061	2779925	1020148	2780317	1018124
5780	2469	2128	2	1155	2779925	1020148	2780187	1019023
5781	2469	2129	2	947	2779925	1020148	2780069	1019212
5782	2469	2468	2	381	2779925	1020148	2779915	1019767
5783	2470	2471	2	372	2779834	1021887	2779790	1022257
5784	2470	2472	2	1039	2779834	1021887	2779525	1020894
5785	2470	6094	2	2683	2779834	1021887	2781652	1023861
5786	2470	7281	2	3120	2779834	1021887	2777051	1023298
5787	2471	2470	2	372	2779790	1022257	2779834	1021887
5788	2471	7281	2	2930	2779790	1022257	2777051	1023298
5789	2472	2470	2	1039	2779525	1020894	2779834	1021887
5790	2472	2471	2	1388	2779525	1020894	2779790	1022257
5791	2474	2476	2	920	2780125	1026176	2779842	1025300
5792	2474	2478	2	913	2780125	1026176	2779892	1025293
5793	2474	6094	7	2773	2780125	1026176	2781652	1023861
5794	2476	2474	2	920	2779842	1025300	2780125	1026176
5795	2476	2479	2	1687	2779842	1025300	2779855	1026987
5796	2477	2481	2	2655	2779805	1027017	2779374	1029637
5797	2477	2482	2	2936	2779805	1027017	2779730	1029953
5798	2477	4066	2	2678	2779805	1027017	2778441	1029322
5799	2478	6094	2	2268	2779892	1025293	2781652	1023861
5800	2479	2474	2	854	2779855	1026987	2780125	1026176
5801	2479	2476	2	1687	2779855	1026987	2779842	1025300
5802	2479	2478	2	1694	2779855	1026987	2779892	1025293
5803	2479	2483	2	3126	2779855	1026987	2780272	1030086
5804	2480	2483	2	843	2779968	1030873	2780272	1030086
5805	2480	2484	2	449	2779968	1030873	2780200	1031258
5806	2480	2486	2	3184	2779968	1030873	2781076	1033859
5807	2480	2581	2	2278	2779968	1030873	2780824	1032985
5808	2480	2584	2	1884	2779968	1030873	2780653	1032629
5809	2481	2477	2	2655	2779374	1029637	2779805	1027017
5810	2481	2485	2	580	2779374	1029637	2779775	1030057
5811	2481	4067	5	3029	2779374	1029637	2776442	1028876
5812	2482	2481	2	476	2779730	1029953	2779374	1029637
5813	2482	4064	2	2574	2779730	1029953	2778524	1032227
5814	2482	4065	2	1940	2779730	1029953	2778502	1031456
5815	2482	4066	2	1435	2779730	1029953	2778441	1029322
5816	2483	2479	2	3126	2780272	1030086	2779855	1026987
5817	2483	2480	2	843	2780272	1030086	2779968	1030873
5818	2483	2581	2	2951	2780272	1030086	2780824	1032985
5819	2483	2584	2	2571	2780272	1030086	2780653	1032629
5820	2484	2480	2	449	2780200	1031258	2779968	1030873
5821	2484	2483	2	1174	2780200	1031258	2780272	1030086
5822	2484	2486	2	2744	2780200	1031258	2781076	1033859
5823	2484	2584	2	1443	2780200	1031258	2780653	1032629
5824	2485	2481	2	580	2779775	1030057	2779374	1029637
5825	2485	4064	2	2504	2779775	1030057	2778524	1032227
5826	2485	4065	2	1891	2779775	1030057	2778502	1031456
5827	2485	4066	2	1523	2779775	1030057	2778441	1029322
5828	2486	2480	2	3184	2781076	1033859	2779968	1030873
5829	2486	2484	2	2744	2781076	1033859	2780200	1031258
5830	2486	2580	2	2827	2781076	1033859	2780345	1036590
5831	2486	2581	2	909	2781076	1033859	2780824	1032985
5832	2486	2582	2	1612	2781076	1033859	2780844	1035455
5833	2486	2584	2	1300	2781076	1033859	2780653	1032629
5834	2487	2486	2	1221	2780943	1035073	2781076	1033859
5835	2487	2578	2	714	2780943	1035073	2780951	1035787
5836	2487	2582	2	394	2780943	1035073	2780844	1035455
5837	2487	4050	2	2914	2780943	1035073	2783748	1034283
5838	2487	4058	2	2636	2780943	1035073	2778551	1036182
5839	2487	6079	2	2467	2780943	1035073	2783365	1034600
5840	2487	6080	2	1167	2780943	1035073	2782028	1035504
5841	2487	6492	2	1911	2780943	1035073	2782829	1035386
5842	2488	1268	5	1511	2780945	1051776	2782417	1052120
5843	2488	2489	2	1615	2780945	1051776	2779795	1050641
5844	2488	2491	2	2384	2780945	1051776	2779735	1053831
5845	2488	2543	2	2584	2780945	1051776	2779679	1054029
5846	2488	2546	5	1050	2780945	1051776	2781964	1052030
5847	2488	2551	2	1455	2780945	1051776	2779767	1052631
5848	2488	2556	5	1004	2780945	1051776	2779948	1051654
5849	2488	2557	5	991	2780945	1051776	2779968	1051606
5850	2488	2560	2	1201	2780945	1051776	2779794	1051432
5851	2488	2561	2	1173	2780945	1051776	2779785	1051952
5852	2488	2564	2	2113	2780945	1051776	2779797	1050002
5853	2488	7039	2	2914	2780945	1051776	2779844	1049077
5854	2488	7047	2	2398	2780945	1051776	2779847	1049644
5855	2489	1268	2	3010	2779795	1050641	2782417	1052120
5856	2489	2546	2	2575	2779795	1050641	2781964	1052030
5857	2489	2547	2	2186	2779795	1050641	2781548	1051947
5858	2489	2548	2	1734	2779795	1050641	2781043	1051846
5859	2489	2551	2	1990	2779795	1050641	2779767	1052631
5860	2489	2556	2	1024	2779795	1050641	2779948	1051654
5861	2489	2557	2	980	2779795	1050641	2779968	1051606
5862	2489	2564	2	639	2779795	1050641	2779797	1050002
5863	2489	2566	2	619	2779795	1050641	2780168	1050146
5864	2489	6153	2	1122	2779795	1050641	2780899	1050436
5865	2489	6486	2	2713	2779795	1050641	2782435	1050014
5866	2489	6487	2	2902	2779795	1050641	2782390	1049340
5867	2489	7047	2	998	2779795	1050641	2779847	1049644
5868	2489	7051	2	3176	2779795	1050641	2782358	1048765
5869	2490	2491	2	430	2779903	1054227	2779735	1053831
5870	2490	2551	2	1601	2779903	1054227	2779767	1052631
5871	2490	2560	2	2797	2779903	1054227	2779794	1051432
5872	2490	2561	2	2278	2779903	1054227	2779785	1051952
5873	2491	1268	2	3181	2779735	1053831	2782417	1052120
5874	2491	2488	2	2384	2779735	1053831	2780945	1051776
5875	2491	2492	2	1619	2779735	1053831	2779879	1055444
5876	2491	2543	2	205	2779735	1053831	2779679	1054029
5877	2491	2546	2	2865	2779735	1053831	2781964	1052030
5878	2491	2547	2	2614	2779735	1053831	2781548	1051947
5879	2491	2548	2	2377	2779735	1053831	2781043	1051846
5880	2491	2551	2	1200	2779735	1053831	2779767	1052631
5881	2491	2552	2	1894	2779735	1053831	2779735	1051937
5882	2491	2556	2	2187	2779735	1053831	2779948	1051654
5883	2491	2557	2	2237	2779735	1053831	2779968	1051606
5884	2491	2560	2	2399	2779735	1053831	2779794	1051432
5885	2491	2561	2	1879	2779735	1053831	2779785	1051952
5886	2491	4378	2	2688	2779735	1053831	2782405	1053515
5887	2491	4379	2	2843	2779735	1053831	2782393	1054842
5888	2491	6152	2	1857	2779735	1053831	2781094	1055097
5889	2491	6481	2	1331	2779735	1053831	2779844	1055158
5890	2492	2491	2	1619	2779879	1055444	2779735	1053831
5891	2492	2494	2	420	2779879	1055444	2779614	1055771
5892	2492	2551	2	2815	2779879	1055444	2779767	1052631
5893	2493	2494	2	225	2779656	1055993	2779614	1055771
5894	2493	2543	2	1964	2779656	1055993	2779679	1054029
5895	2494	2492	2	420	2779614	1055771	2779879	1055444
5896	2494	2493	2	225	2779614	1055771	2779656	1055993
5897	2494	2550	2	3174	2779614	1055771	2779718	1052598
5898	2494	2551	2	3143	2779614	1055771	2779767	1052631
5899	2494	4379	2	2930	2779614	1055771	2782393	1054842
5900	2494	6152	2	1626	2779614	1055771	2781094	1055097
5901	2494	6481	2	654	2779614	1055771	2779844	1055158
5902	2496	2501	2	2503	2779562	1071072	2779590	1068569
5903	2496	2502	2	2383	2779562	1071072	2779541	1068689
5904	2496	2503	2	1470	2779562	1071072	2778740	1069853
5905	2496	2523	2	1382	2779562	1071072	2779600	1069690
5906	2496	2524	2	1488	2779562	1071072	2779549	1069584
5907	2496	2525	2	1223	2779562	1071072	2779398	1069860
5908	2496	2527	2	1179	2779562	1071072	2779366	1069909
5909	2496	2529	2	961	2779562	1071072	2779603	1070111
5910	2496	6149	2	2837	2779562	1071072	2777036	1069779
5911	2496	6475	2	1679	2779562	1071072	2778411	1069849
5912	2497	2496	2	1418	2778759	1069903	2779562	1071072
5913	2497	2521	2	3075	2778759	1069903	2779539	1072878
5914	2497	2525	5	640	2778759	1069903	2779398	1069860
5915	2497	2527	5	607	2778759	1069903	2779366	1069909
5916	2497	6149	5	1727	2778759	1069903	2777036	1069779
5917	2498	2501	2	1650	2780458	1069973	2779590	1068569
5918	2498	2502	2	1577	2780458	1069973	2779541	1068689
5919	2498	2519	2	3035	2780458	1069973	2779589	1072881
5920	2498	2522	5	719	2780458	1069973	2779748	1069859
5921	2498	6476	5	253	2780458	1069973	2780710	1069943
5922	2499	2498	2	1530	2779611	1071248	2780458	1069973
5923	2499	2500	2	1557	2779611	1071248	2780422	1069918
5924	2499	2518	2	2516	2779611	1071248	2779755	1073760
5925	2499	2522	2	1395	2779611	1071248	2779748	1069859
5926	2499	2528	2	1353	2779611	1071248	2779822	1069911
5927	2499	4402	2	2961	2779611	1071248	2782251	1069905
5928	2499	4425	2	2695	2779611	1071248	2782220	1071924
5929	2499	6158	2	1859	2779611	1071248	2780946	1069953
5930	2499	6159	2	2769	2779611	1071248	2780781	1073758
5931	2499	6476	2	1706	2779611	1071248	2780710	1069943
5932	2500	2499	2	1557	2780422	1069918	2779611	1071248
5933	2500	2501	2	1584	2780422	1069918	2779590	1068569
5934	2500	2502	2	1512	2780422	1069918	2779541	1068689
5935	2500	2519	2	3077	2780422	1069918	2779589	1072881
5936	2500	2522	5	676	2780422	1069918	2779748	1069859
5937	2500	2528	5	600	2780422	1069918	2779822	1069911
5938	2501	2496	2	2503	2779590	1068569	2779562	1071072
5939	2501	2498	2	1650	2779590	1068569	2780458	1069973
5940	2501	2522	2	1299	2779590	1068569	2779748	1069859
5941	2501	2524	2	1015	2779590	1068569	2779549	1069584
5942	2501	2526	2	1588	2779590	1068569	2779554	1070157
5943	2501	2528	2	1361	2779590	1068569	2779822	1069911
5944	2501	2529	2	1542	2779590	1068569	2779603	1070111
5945	2501	2533	2	1875	2779590	1068569	2779523	1066695
5946	2501	2534	2	1956	2779590	1068569	2779573	1066613
5947	2501	4402	2	2977	2779590	1068569	2782251	1069905
5948	2501	6158	2	1937	2779590	1068569	2780946	1069953
5949	2501	6476	2	1772	2779590	1068569	2780710	1069943
5950	2502	2496	2	2383	2779541	1068689	2779562	1071072
5951	2502	2498	2	1577	2779541	1068689	2780458	1069973
5952	2502	2500	2	1512	2779541	1068689	2780422	1069918
5953	2502	2523	2	1002	2779541	1068689	2779600	1069690
5954	2502	2524	2	895	2779541	1068689	2779549	1069584
5955	2502	2526	2	1468	2779541	1068689	2779554	1070157
5956	2502	2528	2	1253	2779541	1068689	2779822	1069911
5957	2502	2529	2	1423	2779541	1068689	2779603	1070111
5958	2502	2534	2	2076	2779541	1068689	2779573	1066613
5959	2502	4401	2	2825	2779541	1068689	2782270	1067955
5960	2502	4402	2	2970	2779541	1068689	2782251	1069905
5961	2502	6158	2	1889	2779541	1068689	2780946	1069953
5962	2502	6476	2	1714	2779541	1068689	2780710	1069943
5963	2503	2496	2	1470	2778740	1069853	2779562	1071072
5964	2503	2521	2	3128	2778740	1069853	2779539	1072878
5965	2503	2527	5	628	2778740	1069853	2779366	1069909
5966	2503	6475	5	329	2778740	1069853	2778411	1069849
5967	2504	2507	2	364	2779476	1077710	2779531	1077350
5968	2504	2508	2	1045	2779476	1077710	2779462	1078755
5969	2504	2509	2	1269	2779476	1077710	2779369	1078975
5970	2504	2510	2	2386	2779476	1077710	2779445	1080096
5971	2504	2512	2	1539	2779476	1077710	2779456	1079249
5972	2504	4430	2	2907	2779476	1077710	2782133	1076530
5973	2504	6477	2	1318	2779476	1077710	2779374	1079025
5974	2505	6147	5	1630	2778481	1079055	2776851	1079067
5975	2506	2507	2	1859	2780578	1078887	2779531	1077350
5976	2506	2511	2	1655	2780578	1078887	2779495	1080139
5977	2506	2513	2	1110	2780578	1078887	2779507	1079179
5978	2506	2514	2	1074	2780578	1078887	2779512	1078755
5979	2506	2515	5	896	2780578	1078887	2779683	1078939
5980	2506	2530	5	894	2780578	1078887	2779689	1078989
5981	2507	2504	2	364	2779531	1077350	2779476	1077710
5982	2507	2508	2	1406	2779531	1077350	2779462	1078755
5983	2507	2509	2	1633	2779531	1077350	2779369	1078975
5984	2507	2511	2	2789	2779531	1077350	2779495	1080139
5985	2507	2513	2	1829	2779531	1077350	2779507	1079179
5986	2507	2515	2	1596	2779531	1077350	2779683	1078939
5987	2507	2517	2	2765	2779531	1077350	2779567	1074585
5988	2507	2530	2	1646	2779531	1077350	2779689	1078989
5989	2507	2531	2	1900	2779531	1077350	2780576	1078937
5990	2507	4430	2	2728	2779531	1077350	2782133	1076530
5991	2507	4431	2	3026	2779531	1077350	2782161	1078847
5992	2507	6160	2	2291	2779531	1077350	2781148	1078974
5993	2507	6477	2	1682	2779531	1077350	2779374	1079025
5994	2507	6479	2	1991	2779531	1077350	2780782	1078899
5995	2508	2507	2	1406	2779462	1078755	2779531	1077350
5996	2508	2510	2	1341	2779462	1078755	2779445	1080096
5997	2508	2512	2	494	2779462	1078755	2779456	1079249
5998	2508	6477	2	283	2779462	1078755	2779374	1079025
5999	2509	2504	2	1269	2779369	1078975	2779476	1077710
6000	2509	2507	2	1633	2779369	1078975	2779531	1077350
6001	2509	2508	2	238	2779369	1078975	2779462	1078755
6002	2509	2510	2	1123	2779369	1078975	2779445	1080096
6003	2509	2512	2	287	2779369	1078975	2779456	1079249
6004	2510	2504	2	2386	2779445	1080096	2779476	1077710
6005	2510	2508	2	1341	2779445	1080096	2779462	1078755
6006	2510	2509	2	1123	2779445	1080096	2779369	1078975
6007	2510	6177	2	3157	2779445	1080096	2778397	1083075
6008	2510	6477	2	1073	2779445	1080096	2779374	1079025
6009	2511	2506	2	1655	2779495	1080139	2780578	1078887
6010	2511	2507	2	2789	2779495	1080139	2779531	1077350
6011	2511	2513	2	960	2779495	1080139	2779507	1079179
6012	2511	2514	2	1384	2779495	1080139	2779512	1078755
6013	2511	2515	2	1214	2779495	1080139	2779683	1078939
6014	2511	2530	2	1166	2779495	1080139	2779689	1078989
6015	2511	2531	2	1616	2779495	1080139	2780576	1078937
6016	2511	4431	2	2962	2779495	1080139	2782161	1078847
6017	2511	4458	2	2690	2779495	1080139	2782176	1080364
6018	2511	4459	2	3062	2779495	1080139	2782115	1081724
6019	2511	6160	2	2022	2779495	1080139	2781148	1078974
6020	2511	6176	2	3146	2779495	1080139	2780693	1083048
6021	2511	6479	2	1787	2779495	1080139	2780782	1078899
6022	2512	2504	2	1539	2779456	1079249	2779476	1077710
6023	2512	2509	2	287	2779456	1079249	2779369	1078975
6024	2512	2510	2	847	2779456	1079249	2779445	1080096
6025	2512	6477	2	238	2779456	1079249	2779374	1079025
6026	2513	2506	2	1110	2779507	1079179	2780578	1078887
6027	2513	2507	2	1829	2779507	1079179	2779531	1077350
6028	2513	2514	2	424	2779507	1079179	2779512	1078755
6029	2513	2515	2	297	2779507	1079179	2779683	1078939
6030	2513	2531	2	1096	2779507	1079179	2780576	1078937
6031	2513	4431	2	2674	2779507	1079179	2782161	1078847
6032	2513	4458	2	2920	2779507	1079179	2782176	1080364
6033	2513	6160	2	1653	2779507	1079179	2781148	1078974
6034	2513	6479	2	1305	2779507	1079179	2780782	1078899
6035	2514	2506	2	1074	2779512	1078755	2780578	1078887
6036	2514	2507	2	1405	2779512	1078755	2779531	1077350
6037	2514	2511	2	1384	2779512	1078755	2779495	1080139
6038	2514	2515	2	251	2779512	1078755	2779683	1078939
6039	2514	2530	2	293	2779512	1078755	2779689	1078989
6040	2514	2531	2	1079	2779512	1078755	2780576	1078937
6041	2514	4431	2	2650	2779512	1078755	2782161	1078847
6042	2514	4458	2	3112	2779512	1078755	2782176	1080364
6043	2514	6160	2	1650	2779512	1078755	2781148	1078974
6044	2514	6479	2	1278	2779512	1078755	2780782	1078899
6045	2515	2507	2	1596	2779683	1078939	2779531	1077350
6046	2515	2511	2	1214	2779683	1078939	2779495	1080139
6047	2515	2513	2	297	2779683	1078939	2779507	1079179
6048	2515	2531	5	893	2779683	1078939	2780576	1078937
6049	2515	6479	5	1099	2779683	1078939	2780782	1078899
6050	2516	2504	2	3014	2779515	1074696	2779476	1077710
6051	2516	4426	2	2837	2779515	1074696	2782192	1073755
6052	2517	2518	2	846	2779567	1074585	2779755	1073760
6053	2517	2519	2	1704	2779567	1074585	2779589	1072881
6054	2517	4426	2	2753	2779567	1074585	2782192	1073755
6055	2517	6159	2	1468	2779567	1074585	2780781	1073758
6056	2518	2499	2	2516	2779755	1073760	2779611	1071248
6057	2518	2519	2	894	2779755	1073760	2779589	1072881
6058	2518	4426	5	2437	2779755	1073760	2782192	1073755
6059	2519	2498	2	3035	2779589	1072881	2780458	1069973
6060	2519	2499	2	1633	2779589	1072881	2779611	1071248
6061	2519	2500	2	3077	2779589	1072881	2780422	1069918
6062	2519	2522	2	3026	2779589	1072881	2779748	1069859
6063	2519	2528	2	2979	2779589	1072881	2779822	1069911
6064	2519	4425	2	2799	2779589	1072881	2782220	1071924
6065	2519	4426	2	2745	2779589	1072881	2782192	1073755
6066	2519	6159	2	1479	2779589	1072881	2780781	1073758
6067	2519	6476	2	3144	2779589	1072881	2780710	1069943
6068	2521	2497	2	3075	2779539	1072878	2778759	1069903
6069	2521	2503	2	3128	2779539	1072878	2778740	1069853
6070	2521	2516	2	1818	2779539	1072878	2779515	1074696
6071	2521	2520	2	902	2779539	1072878	2779354	1073761
6072	2521	2525	2	3021	2779539	1072878	2779398	1069860
6073	2521	2527	2	2974	2779539	1072878	2779366	1069909
6074	2521	6148	2	2335	2779539	1072878	2777350	1073692
6075	2522	2498	5	719	2779748	1069859	2780458	1069973
6076	2522	2499	2	1395	2779748	1069859	2779611	1071248
6077	2522	2501	2	1299	2779748	1069859	2779590	1068569
6078	2522	2519	2	3026	2779748	1069859	2779589	1072881
6079	2523	2496	2	1382	2779600	1069690	2779562	1071072
6080	2523	2501	2	1121	2779600	1069690	2779590	1068569
6081	2523	2502	2	1002	2779600	1069690	2779541	1068689
6082	2523	2526	2	469	2779600	1069690	2779554	1070157
6083	2523	2533	2	2995	2779600	1069690	2779523	1066695
6084	2523	2534	2	3077	2779600	1069690	2779573	1066613
6085	2524	2496	2	1488	2779549	1069584	2779562	1071072
6086	2524	2501	2	1015	2779549	1069584	2779590	1068569
6087	2524	2526	2	573	2779549	1069584	2779554	1070157
6088	2524	2529	2	529	2779549	1069584	2779603	1070111
6089	2524	2533	2	2889	2779549	1069584	2779523	1066695
6090	2524	2534	2	2971	2779549	1069584	2779573	1066613
6091	2525	2496	2	1223	2779398	1069860	2779562	1071072
6092	2525	2497	5	640	2779398	1069860	2778759	1069903
6093	2525	2503	5	658	2779398	1069860	2778740	1069853
6094	2525	2521	2	3021	2779398	1069860	2779539	1072878
6095	2525	6475	5	987	2779398	1069860	2778411	1069849
6096	2526	2496	2	915	2779554	1070157	2779562	1071072
6097	2526	2501	2	1588	2779554	1070157	2779590	1068569
6098	2526	2502	2	1468	2779554	1070157	2779541	1068689
6099	2526	2523	2	469	2779554	1070157	2779600	1069690
6100	2527	2496	2	1179	2779366	1069909	2779562	1071072
6101	2527	2503	5	628	2779366	1069909	2778740	1069853
6102	2527	2521	2	2974	2779366	1069909	2779539	1072878
6103	2527	6149	5	2333	2779366	1069909	2777036	1069779
6104	2527	6475	5	956	2779366	1069909	2778411	1069849
6105	2528	2498	5	639	2779822	1069911	2780458	1069973
6106	2528	2499	2	1353	2779822	1069911	2779611	1071248
6107	2528	2500	5	600	2779822	1069911	2780422	1069918
6108	2528	2501	2	1361	2779822	1069911	2779590	1068569
6109	2528	2502	2	1253	2779822	1069911	2779541	1068689
6110	2528	2519	2	2979	2779822	1069911	2779589	1072881
6111	2529	2496	2	961	2779603	1070111	2779562	1071072
6112	2529	2501	2	1542	2779603	1070111	2779590	1068569
6113	2529	2502	2	1423	2779603	1070111	2779541	1068689
6114	2529	2523	2	421	2779603	1070111	2779600	1069690
6115	2529	2524	2	529	2779603	1070111	2779549	1069584
6116	2530	2506	5	894	2779689	1078989	2780578	1078887
6117	2530	2507	2	1646	2779689	1078989	2779531	1077350
6118	2530	2511	2	1166	2779689	1078989	2779495	1080139
6119	2530	2513	2	263	2779689	1078989	2779507	1079179
6120	2530	2514	2	293	2779689	1078989	2779512	1078755
6121	2530	2531	5	888	2779689	1078989	2780576	1078937
6122	2530	6479	5	1096	2779689	1078989	2780782	1078899
6123	2531	2507	2	1900	2780576	1078937	2779531	1077350
6124	2531	2513	2	1096	2780576	1078937	2779507	1079179
6125	2531	2514	2	1079	2780576	1078937	2779512	1078755
6126	2531	2515	5	893	2780576	1078937	2779683	1078939
6127	2531	6160	5	573	2780576	1078937	2781148	1078974
6128	2531	6479	5	209	2780576	1078937	2780782	1078899
6129	2532	6147	5	1633	2778484	1079105	2776851	1079067
6130	2533	2501	2	1875	2779523	1066695	2779590	1068569
6131	2533	2502	2	1994	2779523	1066695	2779541	1068689
6132	2533	2523	2	2995	2779523	1066695	2779600	1069690
6133	2533	2524	2	2889	2779523	1066695	2779549	1069584
6134	2533	2536	2	1841	2779523	1066695	2779562	1064854
6135	2533	4397	2	2913	2779523	1066695	2782290	1065783
6136	2533	4401	2	3022	2779523	1066695	2782270	1067955
6137	2533	6150	2	1671	2779523	1066695	2780923	1065781
6138	2534	2502	2	2076	2779573	1066613	2779541	1068689
6139	2534	2523	2	3077	2779573	1066613	2779600	1069690
6140	2534	2524	2	2971	2779573	1066613	2779549	1069584
6141	2534	2536	2	1759	2779573	1066613	2779562	1064854
6142	2534	2537	2	1372	2779573	1066613	2779514	1065242
6143	2534	4401	2	3012	2779573	1066613	2782270	1067955
6144	2536	2533	2	1841	2779562	1064854	2779523	1066695
6145	2536	2537	2	390	2779562	1064854	2779514	1065242
6146	2537	2533	2	1453	2779514	1065242	2779523	1066695
6147	2537	2534	2	1372	2779514	1065242	2779573	1066613
6148	2537	2536	2	390	2779514	1065242	2779562	1064854
6149	2539	2540	2	1136	2779860	1060477	2779568	1059379
6150	2539	4395	5	2481	2779860	1060477	2782341	1060468
6151	2539	6151	5	1046	2779860	1060477	2780906	1060473
6152	2540	4395	2	2979	2779568	1059379	2782341	1060468
6153	2540	6151	2	1728	2779568	1059379	2780906	1060473
6154	2540	6482	2	1330	2779568	1059379	2780321	1060476
6155	2541	2542	2	815	2779553	1061613	2779499	1060799
6156	2541	2585	2	1185	2779553	1061613	2779204	1060480
6157	2541	6139	2	1900	2779553	1061613	2778024	1060484
6158	2542	2541	2	815	2779499	1060799	2779553	1061613
6159	2542	2585	2	434	2779499	1060799	2779204	1060480
6160	2542	6139	2	1508	2779499	1060799	2778024	1060484
6161	2543	2488	2	2584	2779679	1054029	2780945	1051776
6162	2543	2491	2	205	2779679	1054029	2779735	1053831
6163	2543	2493	2	1964	2779679	1054029	2779656	1055993
6164	2543	2494	2	1743	2779679	1054029	2779614	1055771
6165	2543	2546	2	3035	2779679	1054029	2781964	1052030
6166	2543	2547	2	2797	2779679	1054029	2781548	1051947
6167	2543	2548	2	2574	2779679	1054029	2781043	1051846
6168	2543	2551	2	1400	2779679	1054029	2779767	1052631
6169	2543	2552	2	2092	2779679	1054029	2779735	1051937
6170	2543	2556	2	2390	2779679	1054029	2779948	1051654
6171	2543	2557	2	2440	2779679	1054029	2779968	1051606
6172	2543	2559	2	2673	2779679	1054029	2779744	1051356
6173	2543	2561	2	2079	2779679	1054029	2779785	1051952
6174	2543	4378	2	2774	2779679	1054029	2782405	1053515
6175	2544	2549	5	2629	2779470	1054216	2778465	1051786
6176	2545	4376	5	393	2775470	1052946	2775118	1052771
6177	2545	6483	5	1846	2775470	1052946	2777172	1052230
6178	2545	6484	5	1916	2775470	1052946	2777019	1051818
6179	2546	2488	5	1050	2781964	1052030	2780945	1051776
6180	2546	2489	2	2575	2781964	1052030	2779795	1050641
6181	2546	2491	2	2865	2781964	1052030	2779735	1053831
6182	2546	2543	2	3035	2781964	1052030	2779679	1054029
6183	2546	2548	5	939	2781964	1052030	2781043	1051846
6184	2546	2551	2	2277	2781964	1052030	2779767	1052631
6185	2546	2556	5	2050	2781964	1052030	2779948	1051654
6186	2546	2557	5	2040	2781964	1052030	2779968	1051606
6187	2546	2560	2	2250	2781964	1052030	2779794	1051432
6188	2546	2561	2	2180	2781964	1052030	2779785	1051952
6189	2546	2564	2	2967	2781964	1052030	2779797	1050002
6190	2546	7047	2	3189	2781964	1052030	2779847	1049644
6191	2547	1268	5	886	2781548	1051947	2782417	1052120
6192	2547	2488	5	626	2781548	1051947	2780945	1051776
6193	2547	2489	2	2186	2781548	1051947	2779795	1050641
6194	2547	2491	2	2614	2781548	1051947	2779735	1053831
6195	2547	2543	2	2797	2781548	1051947	2779679	1054029
6196	2547	2551	2	1907	2781548	1051947	2779767	1052631
6197	2547	2556	5	1626	2781548	1051947	2779948	1051654
6198	2547	2557	5	1616	2781548	1051947	2779968	1051606
6199	2547	2560	2	1828	2781548	1051947	2779794	1051432
6200	2547	2561	2	1763	2781548	1051947	2779785	1051952
6201	2547	2564	2	2617	2781548	1051947	2779797	1050002
6202	2547	7047	2	2863	2781548	1051947	2779847	1049644
6203	2548	1268	5	1401	2781043	1051846	2782417	1052120
6204	2548	2489	2	1734	2781043	1051846	2779795	1050641
6205	2548	2491	2	2377	2781043	1051846	2779735	1053831
6206	2548	2543	2	2574	2781043	1051846	2779679	1054029
6207	2548	2546	5	939	2781043	1051846	2781964	1052030
6208	2548	2547	5	515	2781043	1051846	2781548	1051947
6209	2548	2557	5	1101	2781043	1051846	2779968	1051606
6210	2548	2560	2	1315	2781043	1051846	2779794	1051432
6211	2548	2561	2	1262	2781043	1051846	2779785	1051952
6212	2548	2564	2	2225	2781043	1051846	2779797	1050002
6213	2548	7039	2	3017	2781043	1051846	2779844	1049077
6214	2548	7047	2	2505	2781043	1051846	2779847	1049644
6215	2549	2544	5	2629	2778465	1051786	2779470	1054216
6216	2549	2553	5	1126	2778465	1051786	2779573	1051582
6217	2549	2554	5	296	2778465	1051786	2778745	1051689
6218	2549	2555	5	1118	2778465	1051786	2779573	1051633
6219	2549	2562	2	2219	2778465	1051786	2779747	1049974
6220	2549	6483	5	1367	2778465	1051786	2777172	1052230
6221	2549	6484	5	1446	2778465	1051786	2777019	1051818
6222	2549	6485	5	2405	2778465	1051786	2779599	1053907
6223	2550	2494	2	3174	2779718	1052598	2779614	1055771
6224	2550	2543	2	1431	2779718	1052598	2779679	1054029
6225	2550	2559	2	1242	2779718	1052598	2779744	1051356
6226	2551	1268	2	2698	2779767	1052631	2782417	1052120
6227	2551	2488	2	1455	2779767	1052631	2780945	1051776
6228	2551	2489	2	1990	2779767	1052631	2779795	1050641
6229	2551	2490	2	1601	2779767	1052631	2779903	1054227
6230	2551	2492	2	2815	2779767	1052631	2779879	1055444
6231	2551	2494	2	3143	2779767	1052631	2779614	1055771
6232	2551	2543	2	1400	2779767	1052631	2779679	1054029
6233	2551	2546	2	2277	2779767	1052631	2781964	1052030
6234	2551	2547	2	1907	2779767	1052631	2781548	1051947
6235	2551	2548	2	1498	2779767	1052631	2781043	1051846
6236	2551	2556	2	993	2779767	1052631	2779948	1051654
6237	2551	2557	2	1044	2779767	1052631	2779968	1051606
6238	2551	2560	2	1199	2779767	1052631	2779794	1051432
6239	2551	2561	2	679	2779767	1052631	2779785	1051952
6240	2551	2566	2	2517	2779767	1052631	2780168	1050146
6241	2551	4378	2	2782	2779767	1052631	2782405	1053515
6242	2551	6152	2	2800	2779767	1052631	2781094	1055097
6243	2551	6153	2	2469	2779767	1052631	2780899	1050436
6244	2551	6481	2	2528	2779767	1052631	2779844	1055158
6245	2551	7047	2	2988	2779767	1052631	2779847	1049644
6246	2552	2491	2	1894	2779735	1051937	2779735	1053831
6247	2552	2543	2	2092	2779735	1051937	2779679	1054029
6248	2552	2550	2	661	2779735	1051937	2779718	1052598
6249	2552	2558	2	1233	2779735	1051937	2779745	1050704
6250	2553	2549	5	1126	2779573	1051582	2778465	1051786
6251	2553	2554	5	834	2779573	1051582	2778745	1051689
6252	2553	2562	2	1617	2779573	1051582	2779747	1049974
6253	2553	6484	5	2564	2779573	1051582	2777019	1051818
6254	2554	2549	5	296	2778745	1051689	2778465	1051786
6255	2554	2555	5	829	2778745	1051689	2779573	1051633
6256	2554	2562	2	1986	2778745	1051689	2779747	1049974
6257	2554	6483	5	1663	2778745	1051689	2777172	1052230
6258	2554	6484	5	1730	2778745	1051689	2777019	1051818
6259	2555	2554	5	829	2779573	1051633	2778745	1051689
6260	2555	2562	2	1668	2779573	1051633	2779747	1049974
6261	2555	6484	5	2560	2779573	1051633	2777019	1051818
6262	2556	1268	5	2512	2779948	1051654	2782417	1052120
6263	2556	2488	5	1004	2779948	1051654	2780945	1051776
6264	2556	2489	2	1024	2779948	1051654	2779795	1050641
6265	2556	2491	2	2187	2779948	1051654	2779735	1053831
6266	2556	2543	2	2390	2779948	1051654	2779679	1054029
6267	2556	2546	5	2050	2779948	1051654	2781964	1052030
6268	2556	2547	5	1626	2779948	1051654	2781548	1051947
6269	2556	2548	5	1111	2779948	1051654	2781043	1051846
6270	2556	2551	2	993	2779948	1051654	2779767	1052631
6271	2556	2560	2	270	2779948	1051654	2779794	1051432
6272	2556	2561	2	339	2779948	1051654	2779785	1051952
6273	2556	2564	2	1658	2779948	1051654	2779797	1050002
6274	2556	7039	2	2579	2779948	1051654	2779844	1049077
6275	2556	7047	2	2012	2779948	1051654	2779847	1049644
6276	2557	1268	5	2502	2779968	1051606	2782417	1052120
6277	2557	2489	2	980	2779968	1051606	2779795	1050641
6278	2557	2491	2	2237	2779968	1051606	2779735	1053831
6279	2557	2543	2	2440	2779968	1051606	2779679	1054029
6280	2557	2546	5	2040	2779968	1051606	2781964	1052030
6281	2557	2547	5	1616	2779968	1051606	2781548	1051947
6282	2557	2548	5	1101	2779968	1051606	2781043	1051846
6283	2557	2551	2	1044	2779968	1051606	2779767	1052631
6284	2557	2561	2	391	2779968	1051606	2779785	1051952
6285	2557	2564	2	1613	2779968	1051606	2779797	1050002
6286	2557	7039	2	2532	2779968	1051606	2779844	1049077
6287	2557	7047	2	1965	2779968	1051606	2779847	1049644
6288	2558	2552	2	1233	2779745	1050704	2779735	1051937
6289	2558	2559	2	652	2779745	1050704	2779744	1051356
6290	2558	6153	2	1184	2779745	1050704	2780899	1050436
6291	2558	6486	2	2777	2779745	1050704	2782435	1050014
6292	2558	6487	2	2975	2779745	1050704	2782390	1049340
6293	2559	2543	2	2673	2779744	1051356	2779679	1054029
6294	2559	2550	2	1242	2779744	1051356	2779718	1052598
6295	2559	2552	2	581	2779744	1051356	2779735	1051937
6296	2560	1268	2	2711	2779794	1051432	2782417	1052120
6297	2560	2488	2	1201	2779794	1051432	2780945	1051776
6298	2560	2489	2	791	2779794	1051432	2779795	1050641
6299	2560	2490	2	2797	2779794	1051432	2779903	1054227
6300	2560	2491	2	2399	2779794	1051432	2779735	1053831
6301	2560	2546	2	2250	2779794	1051432	2781964	1052030
6302	2560	2547	2	1828	2779794	1051432	2781548	1051947
6303	2560	2548	2	1315	2779794	1051432	2781043	1051846
6304	2560	2551	2	1199	2779794	1051432	2779767	1052631
6305	2560	2556	2	270	2779794	1051432	2779948	1051654
6306	2560	2557	2	246	2779794	1051432	2779968	1051606
6307	2560	2564	2	1430	2779794	1051432	2779797	1050002
6308	2560	2566	2	1339	2779794	1051432	2780168	1050146
6309	2560	6153	2	1487	2779794	1051432	2780899	1050436
6310	2560	6486	2	2997	2779794	1051432	2782435	1050014
6311	2560	7047	2	1788	2779794	1051432	2779847	1049644
6312	2561	1268	2	2637	2779785	1051952	2782417	1052120
6313	2561	2488	2	1173	2779785	1051952	2780945	1051776
6314	2561	2490	2	2278	2779785	1051952	2779903	1054227
6315	2561	2491	2	1879	2779785	1051952	2779735	1053831
6316	2561	2543	2	2079	2779785	1051952	2779679	1054029
6317	2561	2546	2	2180	2779785	1051952	2781964	1052030
6318	2561	2547	2	1763	2779785	1051952	2781548	1051947
6319	2561	2548	2	1262	2779785	1051952	2781043	1051846
6320	2561	2557	2	391	2779785	1051952	2779968	1051606
6321	2561	2560	2	520	2779785	1051952	2779794	1051432
6322	2561	2566	2	1846	2779785	1051952	2780168	1050146
6323	2561	4378	2	3050	2779785	1051952	2782405	1053515
6324	2561	6153	2	1881	2779785	1051952	2780899	1050436
6325	2561	7047	2	2308	2779785	1051952	2779847	1049644
6326	2562	2549	2	2219	2779747	1049974	2778465	1051786
6327	2562	2553	2	1617	2779747	1049974	2779573	1051582
6328	2562	2554	2	1986	2779747	1049974	2778745	1051689
6329	2562	2555	2	1668	2779747	1049974	2779573	1051633
6330	2562	6137	2	2555	2779747	1049974	2777283	1049295
6331	2563	2562	2	367	2779384	1050034	2779747	1049974
6332	2564	2488	2	2113	2779797	1050002	2780945	1051776
6333	2564	2546	2	2967	2779797	1050002	2781964	1052030
6334	2564	2547	2	2617	2779797	1050002	2781548	1051947
6335	2564	2548	2	2225	2779797	1050002	2781043	1051846
6336	2564	2556	2	1658	2779797	1050002	2779948	1051654
6337	2564	2557	2	1613	2779797	1050002	2779968	1051606
6338	2564	2560	2	1430	2779797	1050002	2779794	1051432
6339	2564	2566	2	397	2779797	1050002	2780168	1050146
6340	2564	6153	2	1184	2779797	1050002	2780899	1050436
6341	2564	6486	2	2638	2779797	1050002	2782435	1050014
6342	2564	6487	2	2676	2779797	1050002	2782390	1049340
6343	2564	7047	2	361	2779797	1050002	2779847	1049644
6344	2564	7051	2	2844	2779797	1050002	2782358	1048765
6345	2566	2489	2	619	2780168	1050146	2779795	1050641
6346	2566	2551	2	2517	2780168	1050146	2779767	1052631
6347	2566	2560	2	1339	2780168	1050146	2779794	1051432
6348	2566	2561	2	1846	2780168	1050146	2779785	1051952
6349	2566	7039	2	1117	2780168	1050146	2779844	1049077
6350	2566	7047	2	595	2780168	1050146	2779847	1049644
6351	2567	2574	2	2366	2780073	1041139	2779895	1038779
6352	2567	7027	2	2403	2780073	1041139	2779820	1043529
6353	2568	2572	2	2401	2779863	1040613	2780081	1038221
6354	2568	2574	2	1834	2779863	1040613	2779895	1038779
6355	2568	6081	2	2938	2779863	1040613	2782493	1039302
6356	2568	6488	2	3192	2779863	1040613	2781007	1043593
6357	2568	6491	2	1406	2779863	1040613	2781065	1041344
6358	2569	2576	2	2628	2779813	1040613	2779676	1037988
6359	2569	6111	2	2622	2779813	1040613	2777275	1041274
6360	2569	6112	2	2943	2779813	1040613	2778527	1043261
6361	2569	6490	2	1598	2779813	1040613	2778539	1041579
6362	2570	2577	2	2555	2779628	1041164	2779849	1038618
6363	2571	3591	2	2099	2779729	1046074	2778428	1047722
6364	2571	6112	2	3059	2779729	1046074	2778527	1043261
6365	2571	7025	2	2115	2779729	1046074	2778515	1047806
6366	2571	7027	2	2546	2779729	1046074	2779820	1043529
6367	2571	7029	2	844	2779729	1046074	2779741	1046918
6368	2572	2568	2	2401	2780081	1038221	2779863	1040613
6369	2573	2579	2	1202	2779950	1037587	2780460	1036498
6370	2573	2580	2	1072	2779950	1037587	2780345	1036590
6371	2574	2567	2	2366	2779895	1038779	2780073	1041139
6372	2574	2572	2	588	2779895	1038779	2780081	1038221
6373	2574	6081	2	2650	2779895	1038779	2782493	1039302
6374	2574	6491	2	2819	2779895	1038779	2781065	1041344
6375	2575	2579	2	1215	2779901	1037577	2780460	1036498
6376	2576	2569	2	2628	2779676	1037988	2779813	1040613
6377	2576	2577	2	653	2779676	1037988	2779849	1038618
6378	2577	2569	2	1995	2779849	1038618	2779813	1040613
6379	2577	2570	2	2555	2779849	1038618	2779628	1041164
6380	2577	4057	2	1628	2779849	1038618	2778551	1037634
6381	2577	4058	2	2760	2779849	1038618	2778551	1036182
6382	2577	4059	2	2620	2779849	1038618	2777457	1037547
6383	2578	2487	2	714	2780951	1035787	2780943	1035073
6384	2578	2582	2	348	2780951	1035787	2780844	1035455
6385	2578	6492	5	1920	2780951	1035787	2782829	1035386
6386	2579	2575	2	1215	2780460	1036498	2779901	1037577
6387	2580	2486	2	2827	2780345	1036590	2781076	1033859
6388	2580	2573	2	1072	2780345	1036590	2779950	1037587
6389	2580	2575	2	1082	2780345	1036590	2779901	1037577
6390	2581	2480	2	2278	2780824	1032985	2779968	1030873
6391	2581	2483	2	2951	2780824	1032985	2780272	1030086
6392	2581	2484	2	1836	2780824	1032985	2780200	1031258
6393	2581	2584	2	394	2780824	1032985	2780653	1032629
6394	2581	4050	2	3199	2780824	1032985	2783748	1034283
6395	2581	6079	2	3010	2780824	1032985	2783365	1034600
6396	2581	6080	2	2791	2780824	1032985	2782028	1035504
6397	2581	6492	2	3128	2780824	1032985	2782829	1035386
6398	2582	1263	2	2994	2780844	1035455	2778543	1033538
6399	2582	2486	2	1612	2780844	1035455	2781076	1033859
6400	2582	2487	2	394	2780844	1035455	2780943	1035073
6401	2582	2578	2	348	2780844	1035455	2780951	1035787
6402	2582	4050	2	3131	2780844	1035455	2783748	1034283
6403	2582	6079	2	2662	2780844	1035455	2783365	1034600
6404	2582	6080	2	1185	2780844	1035455	2782028	1035504
6405	2582	6492	2	1986	2780844	1035455	2782829	1035386
6406	2584	2483	2	2571	2780653	1032629	2780272	1030086
6407	2584	2484	2	1443	2780653	1032629	2780200	1031258
6408	2584	2486	2	1300	2780653	1032629	2781076	1033859
6409	2584	2581	2	394	2780653	1032629	2780824	1032985
6410	2584	6080	2	3186	2780653	1032629	2782028	1035504
6411	2585	2541	2	1185	2779204	1060480	2779553	1061613
6412	2586	1943	2	2830	2779049	1091044	2778902	1088217
6413	2586	1945	2	2675	2779049	1091044	2779093	1088369
6414	2586	2589	2	1298	2779049	1091044	2778526	1092232
6415	2586	2590	2	2451	2779049	1091044	2779016	1093495
6416	2586	5582	2	1459	2779049	1091044	2778202	1092233
6417	2586	6180	2	2576	2779049	1091044	2776766	1092238
6418	2587	1948	2	1799	2779096	1091237	2779126	1089438
6419	2588	5580	5	2283	2779383	1092231	2781666	1092241
6420	2589	1946	2	2854	2778526	1092232	2779076	1089431
6421	2589	2590	2	1354	2778526	1092232	2779016	1093495
6422	2589	2591	2	1415	2778526	1092232	2779069	1093539
6423	2589	6180	5	1760	2778526	1092232	2776766	1092238
6424	2590	5581	2	959	2779016	1093495	2779034	1094454
6425	2590	5582	2	1501	2779016	1093495	2778202	1092233
6426	2590	6180	2	2577	2779016	1093495	2776766	1092238
6427	2591	2589	2	1415	2779069	1093539	2778526	1092232
6428	2592	1389	2	2723	2780096	1095307	2781741	1097478
6429	2592	5584	2	2426	2780096	1095307	2782406	1094565
6430	2592	5586	2	2331	2780096	1095307	2780978	1097465
6431	2592	6171	2	3092	2780096	1095307	2780457	1092236
6432	2593	2596	2	3086	2809889	1116216	2812076	1114038
6433	2593	2597	2	2093	2809889	1116216	2811106	1114513
6434	2593	2599	2	3116	2809889	1116216	2812052	1113973
6435	2593	2600	2	3192	2809889	1116216	2811745	1113619
6436	2593	5748	2	2832	2809889	1116216	2807233	1117199
6437	2593	5749	2	1499	2809889	1116216	2809917	1117715
6438	2594	2595	2	1494	2811713	1113119	2811073	1114470
6439	2594	2596	5	988	2811713	1113119	2812076	1114038
6440	2594	2597	2	1520	2811713	1113119	2811106	1114513
6441	2594	2600	2	501	2811713	1113119	2811745	1113619
6442	2594	5323	5	2278	2811713	1113119	2813914	1113707
6443	2595	2593	2	2109	2811073	1114470	2809889	1116216
6444	2595	2596	2	1092	2811073	1114470	2812076	1114038
6445	2595	2599	2	1097	2811073	1114470	2812052	1113973
6446	2595	2600	2	1084	2811073	1114470	2811745	1113619
6447	2596	2593	2	3086	2812076	1114038	2809889	1116216
6448	2596	2594	5	988	2812076	1114038	2811713	1113119
6449	2596	2595	2	1092	2812076	1114038	2811073	1114470
6450	2596	2598	2	618	2812076	1114038	2811761	1113506
6451	2596	2600	2	533	2812076	1114038	2811745	1113619
6452	2596	5299	5	2278	2812076	1114038	2813905	1112680
6453	2597	2594	2	1520	2811106	1114513	2811713	1113119
6454	2597	2596	2	1080	2811106	1114513	2812076	1114038
6455	2597	2598	2	1201	2811106	1114513	2811761	1113506
6456	2597	2599	2	1089	2811106	1114513	2812052	1113973
6457	2597	2600	2	1098	2811106	1114513	2811745	1113619
6458	2598	2594	2	389	2811761	1113506	2811713	1113119
6459	2598	2595	2	1184	2811761	1113506	2811073	1114470
6460	2598	2596	2	618	2811761	1113506	2812076	1114038
6461	2598	2597	2	1201	2811761	1113506	2811106	1114513
6462	2598	2599	2	550	2811761	1113506	2812052	1113973
6463	2599	2593	2	3116	2812052	1113973	2809889	1116216
6464	2599	2595	2	1097	2812052	1113973	2811073	1114470
6465	2599	2597	2	1089	2812052	1113973	2811106	1114513
6466	2599	2598	2	550	2812052	1113973	2811761	1113506
6467	2599	2600	2	468	2812052	1113973	2811745	1113619
6468	2600	2593	2	3192	2811745	1113619	2809889	1116216
6469	2600	2594	2	501	2811745	1113619	2811713	1113119
6470	2600	2595	2	1084	2811745	1113619	2811073	1114470
6471	2600	2596	2	533	2811745	1113619	2812076	1114038
6472	2601	2604	2	1302	2810459	1110240	2809449	1109418
6473	2601	2609	2	2598	2810459	1110240	2812957	1110956
6474	2602	2601	2	1627	2809135	1109293	2810459	1110240
6475	2602	2603	2	1748	2809135	1109293	2810783	1109877
6476	2602	2604	2	337	2809135	1109293	2809449	1109418
6477	2602	5296	2	697	2809135	1109293	2808712	1109848
6478	2602	5297	2	1706	2809135	1109293	2809959	1110787
6479	2602	5751	2	2017	2809135	1109293	2808888	1111295
6480	2603	2602	2	1748	2810783	1109877	2809135	1109293
6481	2603	2604	2	1410	2810783	1109877	2809449	1109418
6482	2603	2609	2	2427	2810783	1109877	2812957	1110956
6483	2604	2601	2	1302	2809449	1109418	2810459	1110240
6484	2604	2602	2	337	2809449	1109418	2809135	1109293
6485	2604	5296	2	853	2809449	1109418	2808712	1109848
6486	2604	5297	2	1460	2809449	1109418	2809959	1110787
6487	2604	5751	2	1959	2809449	1109418	2808888	1111295
6488	2605	2608	2	1913	2807643	1108734	2806681	1107080
6489	2606	2605	2	1966	2806614	1107058	2807643	1108734
6490	2606	2607	2	1672	2806614	1107058	2807955	1108057
6491	2606	6714	2	2324	2806614	1107058	2805609	1104962
6492	2607	2606	2	1672	2807955	1108057	2806614	1107058
6493	2607	2608	2	1605	2807955	1108057	2806681	1107080
6494	2608	2605	2	1913	2806681	1107080	2807643	1108734
6495	2608	6714	2	2373	2806681	1107080	2805609	1104962
6496	2608	6715	2	2343	2806681	1107080	2805579	1105012
6497	2609	2601	2	2598	2812957	1110956	2810459	1110240
6498	2609	2603	2	2427	2812957	1110956	2810783	1109877
6499	2609	5297	2	3002	2812957	1110956	2809959	1110787
6500	2610	5298	2	1687	2813121	1109653	2813917	1108165
6501	2610	5299	2	3126	2813121	1109653	2813905	1112680
6502	2611	5298	2	1074	2812962	1108658	2813917	1108165
6503	2613	2614	2	455	2813098	1105935	2812965	1106371
6504	2613	2615	2	1787	2813098	1105935	2812731	1107684
6505	2613	2617	2	2740	2813098	1105935	2814519	1103592
6506	2613	2618	2	1875	2813098	1105935	2814055	1104322
6507	2613	5289	2	1591	2813098	1105935	2814685	1105817
6508	2613	5290	2	1361	2813098	1105935	2814044	1104956
6509	2613	5291	2	1619	2813098	1105935	2814712	1106063
6510	2613	6664	2	2885	2813098	1105935	2815855	1105082
6511	2614	2611	2	2287	2812965	1106371	2812962	1108658
6512	2614	2613	2	455	2812965	1106371	2813098	1105935
6513	2614	2615	2	1333	2812965	1106371	2812731	1107684
6514	2614	2616	2	847	2812965	1106371	2813263	1107164
6515	2614	2617	2	3183	2812965	1106371	2814519	1103592
6516	2614	5289	2	1807	2812965	1106371	2814685	1105817
6517	2614	5290	2	1779	2812965	1106371	2814044	1104956
6518	2614	5291	2	1773	2812965	1106371	2814712	1106063
6519	2614	6664	2	3164	2812965	1106371	2815855	1105082
6520	2615	2611	2	1001	2812731	1107684	2812962	1108658
6521	2615	2613	2	1787	2812731	1107684	2813098	1105935
6522	2616	2613	2	1240	2813263	1107164	2813098	1105935
6523	2616	2614	2	847	2813263	1107164	2812965	1106371
6524	2616	2618	2	2950	2813263	1107164	2814055	1104322
6525	2617	2613	2	2740	2814519	1103592	2813098	1105935
6526	2617	2614	2	3183	2814519	1103592	2812965	1106371
6527	2617	6711	5	2233	2814519	1103592	2816579	1102729
6528	2618	2614	2	2320	2814055	1104322	2812965	1106371
6529	2618	2616	2	2950	2814055	1104322	2813263	1107164
6530	2618	5289	2	1622	2814055	1104322	2814685	1105817
6531	2618	5290	2	634	2814055	1104322	2814044	1104956
6532	2618	5291	2	1860	2814055	1104322	2814712	1106063
6533	2618	6664	2	1953	2814055	1104322	2815855	1105082
6534	2618	6711	2	2984	2814055	1104322	2816579	1102729
6535	2619	2202	2	1493	2831858	1010030	2830755	1009023
6536	2619	2203	2	2383	2831858	1010030	2830067	1008457
6537	2619	2225	2	3133	2831858	1010030	2829094	1008554
6538	2619	6683	2	2923	2831858	1010030	2829478	1008333
6539	2620	2202	2	2584	2832480	1010947	2830755	1009023
6540	2622	1602	5	365	2837533	1020653	2837654	1020998
6541	2622	7279	2	1259	2837533	1020653	2836735	1019679
6542	2623	2624	5	321	2837399	1020601	2837712	1020527
6543	2623	6499	5	353	2837399	1020601	2837599	1020310
6544	2623	6500	5	402	2837399	1020601	2836997	1020574
6545	2623	7279	2	1136	2837399	1020601	2836735	1019679
6546	2624	1602	5	474	2837712	1020527	2837654	1020998
6547	2624	2623	5	321	2837712	1020527	2837399	1020601
6548	2624	2627	5	373	2837712	1020527	2837350	1020618
6549	2624	6500	5	716	2837712	1020527	2836997	1020574
6550	2624	7279	2	1293	2837712	1020527	2836735	1019679
6551	2626	3621	5	1724	2840426	1023001	2841855	1023966
6552	2626	3625	5	1333	2840426	1023001	2839147	1023377
6553	2627	2624	5	373	2837350	1020618	2837712	1020527
6554	2627	6499	5	396	2837350	1020618	2837599	1020310
6555	2627	6500	5	355	2837350	1020618	2836997	1020574
6556	2629	2640	2	929	2818844	1019739	2818398	1018923
6557	2629	2641	2	1104	2818844	1019739	2818063	1018958
6558	2629	5983	2	751	2818844	1019739	2818366	1019159
6559	2629	5984	2	812	2818844	1019739	2818035	1019661
6560	2629	5985	2	1335	2818844	1019739	2818283	1018527
6561	2632	2633	2	1813	2819853	1013248	2820148	1015037
6562	2632	2634	2	1337	2819853	1013248	2819908	1014584
6563	2632	2635	2	1922	2819853	1013248	2819913	1015170
6564	2632	2636	2	889	2819853	1013248	2819855	1014137
6565	2632	3950	2	2389	2819853	1013248	2820147	1015619
6566	2633	2632	2	1813	2820148	1015037	2819853	1013248
6567	2633	2634	2	512	2820148	1015037	2819908	1014584
6568	2634	2632	2	1337	2819908	1014584	2819853	1013248
6569	2634	2636	2	450	2819908	1014584	2819855	1014137
6570	2634	3950	2	1062	2819908	1014584	2820147	1015619
6571	2635	2632	2	1922	2819913	1015170	2819853	1013248
6572	2635	2633	2	270	2819913	1015170	2820148	1015037
6573	2635	2634	2	586	2819913	1015170	2819908	1014584
6574	2635	2636	2	1034	2819913	1015170	2819855	1014137
6575	2635	2638	2	3157	2819913	1015170	2819847	1018327
6576	2635	3950	2	506	2819913	1015170	2820147	1015619
6577	2636	2634	2	450	2819855	1014137	2819908	1014584
6578	2636	2635	2	1034	2819855	1014137	2819913	1015170
6579	2638	2635	2	3157	2819847	1018327	2819913	1015170
6580	2638	3949	2	2721	2819847	1018327	2819605	1015616
6581	2638	3950	2	2724	2819847	1018327	2820147	1015619
6582	2638	5984	2	2250	2819847	1018327	2818035	1019661
6583	2639	2638	2	816	2819604	1017547	2819847	1018327
6584	2640	1775	2	3198	2818398	1018923	2815280	1018211
6585	2640	2629	2	929	2818398	1018923	2818844	1019739
6586	2640	2641	2	336	2818398	1018923	2818063	1018958
6587	2641	1262	2	2020	2818063	1018958	2819762	1020052
6588	2641	1775	2	2881	2818063	1018958	2815280	1018211
6589	2641	5983	2	363	2818063	1018958	2818366	1019159
6590	2641	5984	2	703	2818063	1018958	2818035	1019661
6591	2641	5985	2	483	2818063	1018958	2818283	1018527
6592	2642	2828	2	976	2819782	1019588	2819758	1020564
6593	2643	2659	2	2076	2797359	1016852	2799416	1017133
6594	2643	2664	2	1975	2797359	1016852	2799317	1017112
6595	2643	2665	2	2953	2797359	1016852	2794409	1016987
6596	2643	4041	5	2672	2797359	1016852	2795971	1019136
6597	2643	6033	5	2587	2797359	1016852	2795403	1018546
6598	2644	2661	2	909	2796722	1016698	2797631	1016661
6599	2644	2663	2	1268	2796722	1016698	2797990	1016716
6600	2644	2665	2	2330	2796722	1016698	2794409	1016987
6601	2644	4041	2	2551	2796722	1016698	2795971	1019136
6602	2645	2659	2	2065	2797545	1016257	2799416	1017133
6603	2645	2663	2	639	2797545	1016257	2797990	1016716
6604	2645	2664	2	1967	2797545	1016257	2799317	1017112
6605	2646	2663	2	1374	2796617	1016648	2797990	1016716
6606	2646	2665	2	2233	2796617	1016648	2794409	1016987
6607	2646	2669	2	2826	2796617	1016648	2793878	1017347
6608	2647	1793	2	2121	2804555	1018075	2806676	1018064
6609	2647	2648	2	1576	2804555	1018075	2802979	1018070
6610	2647	2650	2	1495	2804555	1018075	2803060	1018119
6611	2647	2653	2	2455	2804555	1018075	2802100	1018077
6612	2648	2649	2	1576	2802979	1018070	2804555	1018125
6613	2648	2653	2	879	2802979	1018070	2802100	1018077
6614	2648	2654	2	1752	2802979	1018070	2801230	1017965
6615	2648	2657	2	2348	2802979	1018070	2800631	1018071
6616	2648	2658	2	2629	2802979	1018070	2800355	1017906
6617	2648	3964	2	2642	2802979	1018070	2802464	1015478
6618	2648	5996	2	2203	2802979	1018070	2801251	1016703
6619	2649	1793	2	2121	2804555	1018125	2806676	1018064
6620	2649	1795	2	2137	2804555	1018125	2806690	1018013
6621	2649	2648	2	1576	2804555	1018125	2802979	1018070
6622	2650	2647	2	1495	2803060	1018119	2804555	1018075
6623	2650	2649	2	1495	2803060	1018119	2804555	1018125
6624	2650	2656	2	1835	2803060	1018119	2801227	1018220
6625	2650	5887	2	1408	2803060	1018119	2802527	1019423
6626	2650	5888	2	2252	2803060	1018119	2801219	1019417
6627	2651	2653	2	1770	2803865	1017943	2802100	1018077
6628	2652	2655	2	2051	2803862	1018217	2801812	1018129
6629	2652	5891	5	2510	2803862	1018217	2803846	1020727
6630	2653	2647	2	2455	2802100	1018077	2804555	1018075
6631	2653	2651	2	1770	2802100	1018077	2803865	1017943
6632	2653	2654	2	877	2802100	1018077	2801230	1017965
6633	2653	2657	2	1469	2802100	1018077	2800631	1018071
6634	2653	2658	2	1753	2802100	1018077	2800355	1017906
6635	2653	3953	2	3151	2802100	1018077	2803890	1015483
6636	2653	3964	2	2624	2802100	1018077	2802464	1015478
6637	2653	5994	2	2181	2802100	1018077	2803876	1016811
6638	2654	2648	2	1752	2801230	1017965	2802979	1018070
6639	2654	2655	2	604	2801230	1017965	2801812	1018129
6640	2654	2657	2	608	2801230	1017965	2800631	1018071
6641	2654	2658	2	876	2801230	1017965	2800355	1017906
6642	2655	2650	2	1248	2801812	1018129	2803060	1018119
6643	2655	2652	2	2051	2801812	1018129	2803862	1018217
6644	2655	2654	2	604	2801812	1018129	2801230	1017965
6645	2655	2658	2	1473	2801812	1018129	2800355	1017906
6646	2655	5886	2	2421	2801812	1018129	2803855	1019429
6647	2655	5887	2	1478	2801812	1018129	2802527	1019423
6648	2656	2650	2	1835	2801227	1018220	2803060	1018119
6649	2656	5892	5	2789	2801227	1018220	2801208	1021009
6650	2657	2648	2	2348	2800631	1018071	2802979	1018070
6651	2657	2653	2	1469	2800631	1018071	2802100	1018077
6652	2657	2654	2	608	2800631	1018071	2801230	1017965
6653	2657	2655	2	1182	2800631	1018071	2801812	1018129
6654	2657	2658	2	321	2800631	1018071	2800355	1017906
6655	2657	2659	2	1534	2800631	1018071	2799416	1017133
6656	2657	2660	2	2519	2800631	1018071	2798607	1016571
6657	2657	2662	2	2357	2800631	1018071	2798603	1016868
6658	2657	2663	2	2968	2800631	1018071	2797990	1016716
6659	2658	2648	2	2629	2800355	1017906	2802979	1018070
6660	2658	2655	2	1473	2800355	1017906	2801812	1018129
6661	2658	2657	2	321	2800355	1017906	2800631	1018071
6662	2658	2659	2	1216	2800355	1017906	2799416	1017133
6663	2658	2660	2	2199	2800355	1017906	2798607	1016571
6664	2658	2662	2	2036	2800355	1017906	2798603	1016868
6665	2658	2663	2	2647	2800355	1017906	2797990	1016716
6666	2658	2664	2	1306	2800355	1017906	2799317	1017112
6667	2658	3962	2	2999	2800355	1017906	2798598	1015475
6668	2658	5888	2	1740	2800355	1017906	2801219	1019417
6669	2659	2643	2	2076	2799416	1017133	2797359	1016852
6670	2659	2645	2	2065	2799416	1017133	2797545	1016257
6671	2659	2657	2	1534	2799416	1017133	2800631	1018071
6672	2659	2660	2	985	2799416	1017133	2798607	1016571
6673	2659	2662	2	855	2799416	1017133	2798603	1016868
6674	2659	2663	2	1485	2799416	1017133	2797990	1016716
6675	2659	5888	2	2909	2799416	1017133	2801219	1019417
6676	2660	2657	2	2519	2798607	1016571	2800631	1018071
6677	2660	2658	2	2199	2798607	1016571	2800355	1017906
6678	2660	2661	2	980	2798607	1016571	2797631	1016661
6679	2660	2663	2	633	2798607	1016571	2797990	1016716
6680	2660	2664	2	892	2798607	1016571	2799317	1017112
6681	2661	2644	2	909	2797631	1016661	2796722	1016698
6682	2661	2646	2	1014	2797631	1016661	2796617	1016648
6683	2661	2663	2	363	2797631	1016661	2797990	1016716
6684	2662	2657	2	2357	2798603	1016868	2800631	1018071
6685	2662	2658	2	2036	2798603	1016868	2800355	1017906
6686	2662	2659	2	855	2798603	1016868	2799416	1017133
6687	2662	2664	2	754	2798603	1016868	2799317	1017112
6688	2663	2645	2	639	2797990	1016716	2797545	1016257
6689	2663	2646	2	1374	2797990	1016716	2796617	1016648
6690	2663	2657	2	2968	2797990	1016716	2800631	1018071
6691	2663	2658	2	2647	2797990	1016716	2800355	1017906
6692	2663	2659	2	1485	2797990	1016716	2799416	1017133
6693	2663	2660	2	633	2797990	1016716	2798607	1016571
6694	2663	2661	2	363	2797990	1016716	2797631	1016661
6695	2663	2662	2	631	2797990	1016716	2798603	1016868
6696	2663	2664	2	1384	2797990	1016716	2799317	1017112
6697	2663	6030	2	1644	2797990	1016716	2796938	1015452
6698	2664	2643	2	1975	2799317	1017112	2797359	1016852
6699	2664	2645	2	1967	2799317	1017112	2797545	1016257
6700	2664	2657	2	1626	2799317	1017112	2800631	1018071
6701	2664	2658	2	1306	2799317	1017112	2800355	1017906
6702	2664	2660	2	892	2799317	1017112	2798607	1016571
6703	2664	5888	2	2988	2799317	1017112	2801219	1019417
6704	2665	2643	2	2953	2794409	1016987	2797359	1016852
6705	2665	2644	2	2330	2794409	1016987	2796722	1016698
6706	2665	2669	2	641	2794409	1016987	2793878	1017347
6707	2665	2675	2	1118	2794409	1016987	2793432	1017532
6708	2665	2677	2	1298	2794409	1016987	2793289	1017644
6709	2666	2747	2	3030	2793170	1016729	2793174	1013699
6710	2667	2672	2	1244	2793120	1016852	2792194	1017684
6711	2667	2673	2	618	2793120	1016852	2793118	1017470
6712	2667	2679	2	1103	2793120	1016852	2793120	1017955
6713	2667	6031	2	2630	2793120	1016852	2790922	1015407
6714	2667	6504	2	2640	2793120	1016852	2790901	1018283
6715	2668	2680	2	526	2792354	1017641	2792877	1017704
6716	2668	6032	2	2351	2792354	1017641	2790447	1016265
6717	2669	2644	2	2917	2793878	1017347	2796722	1016698
6718	2669	2646	2	2826	2793878	1017347	2796617	1016648
6719	2669	2665	2	641	2793878	1017347	2794409	1016987
6720	2669	2675	2	482	2793878	1017347	2793432	1017532
6721	2670	2678	2	705	2793175	1018541	2793169	1017836
6722	2670	2742	2	2966	2793175	1018541	2793129	1021507
6723	2670	2751	2	1619	2793175	1018541	2793327	1020153
6724	2670	4041	2	2858	2793175	1018541	2795971	1019136
6725	2670	6033	2	2228	2793175	1018541	2795403	1018546
6726	2671	2678	2	706	2793125	1018541	2793169	1017836
6727	2671	2742	2	2966	2793125	1018541	2793129	1021507
6728	2671	2751	2	1624	2793125	1018541	2793327	1020153
6729	2671	2752	2	2431	2793125	1018541	2793183	1020972
6730	2671	4041	2	2907	2793125	1018541	2795971	1019136
6731	2671	6033	2	2278	2793125	1018541	2795403	1018546
6732	2672	2667	2	1244	2792194	1017684	2793120	1016852
6733	2672	2674	2	794	2792194	1017684	2792988	1017648
6734	2672	2680	2	683	2792194	1017684	2792877	1017704
6735	2672	6032	2	2250	2792194	1017684	2790447	1016265
6736	2672	6504	2	1425	2792194	1017684	2790901	1018283
6737	2673	2750	2	3101	2793118	1017470	2793124	1014369
6738	2673	6032	2	2930	2793118	1017470	2790447	1016265
6739	2674	2668	2	634	2792988	1017648	2792354	1017641
6740	2674	2672	2	794	2792988	1017648	2792194	1017684
6741	2674	2743	2	2506	2792988	1017648	2792952	1020154
6742	2674	6503	2	2978	2792988	1017648	2791639	1020303
6743	2675	2669	2	482	2793432	1017532	2793878	1017347
6744	2677	2665	2	1298	2793289	1017644	2794409	1016987
6745	2677	2669	2	659	2793289	1017644	2793878	1017347
6746	2678	2671	2	706	2793169	1017836	2793125	1018541
6747	2678	2676	2	534	2793169	1017836	2793169	1017302
6748	2678	2752	2	3136	2793169	1017836	2793183	1020972
6749	2679	2667	2	1103	2793120	1017955	2793120	1016852
6750	2680	2668	2	526	2792877	1017704	2792354	1017641
6751	2680	2743	2	2451	2792877	1017704	2792952	1020154
6752	2681	2122	2	3195	2788002	1016768	2784847	1017274
6753	2681	2684	2	728	2788002	1016768	2788726	1016684
6754	2681	2685	2	628	2788002	1016768	2787375	1016818
6755	2681	2686	2	290	2788002	1016768	2788196	1016552
6756	2681	4032	2	1011	2788002	1016768	2788228	1015782
6757	2681	6032	2	2496	2788002	1016768	2790447	1016265
6758	2682	2122	2	2869	2787714	1017145	2784847	1017274
6759	2683	2123	2	3190	2786679	1016980	2783607	1017843
6760	2683	2124	2	2348	2786679	1016980	2784353	1017302
6761	2683	2681	2	1339	2786679	1016980	2788002	1016768
6762	2683	2682	2	1048	2786679	1016980	2787714	1017145
6763	2683	2684	2	2068	2786679	1016980	2788726	1016684
6764	2683	2685	2	714	2786679	1016980	2787375	1016818
6765	2683	2686	2	1576	2786679	1016980	2788196	1016552
6766	2683	6505	2	1606	2786679	1016980	2788274	1017176
6767	2684	2681	2	728	2788726	1016684	2788002	1016768
6768	2684	2683	2	2068	2788726	1016684	2786679	1016980
6769	2684	2685	2	1357	2788726	1016684	2787375	1016818
6770	2684	2686	2	546	2788726	1016684	2788196	1016552
6771	2684	4029	2	3091	2788726	1016684	2787040	1014093
6772	2684	4031	2	2220	2788726	1016684	2787675	1014728
6773	2684	4032	2	1030	2788726	1016684	2788228	1015782
6774	2684	6032	2	1771	2788726	1016684	2790447	1016265
6775	2684	6504	2	2699	2788726	1016684	2790901	1018283
6776	2685	2122	2	2568	2787375	1016818	2784847	1017274
6777	2685	2124	2	3060	2787375	1016818	2784353	1017302
6778	2685	2681	2	628	2787375	1016818	2788002	1016768
6779	2685	2683	2	714	2787375	1016818	2786679	1016980
6780	2685	6032	2	3121	2787375	1016818	2790447	1016265
6781	2686	2681	2	290	2788196	1016552	2788002	1016768
6782	2686	2683	2	1576	2788196	1016552	2786679	1016980
6783	2686	2685	2	863	2788196	1016552	2787375	1016818
6784	2686	4031	7	1896	2788196	1016552	2787675	1014728
6785	2688	2689	2	3037	2827869	970752	2827820	973789
6786	2688	2691	5	2071	2827869	970752	2827562	972801
6787	2690	2691	2	1204	2827870	973965	2827562	972801
6788	2691	2688	5	2071	2827562	972801	2827869	970752
6789	2691	2689	2	1021	2827562	972801	2827820	973789
6790	2691	2690	2	1204	2827562	972801	2827870	973965
6791	2691	3179	5	2244	2827562	972801	2827869	970578
6792	2693	2695	2	1656	2867777	1015990	2866874	1017379
6793	2693	2696	2	1877	2867777	1015990	2866815	1017602
6794	2693	2697	2	690	2867777	1015990	2867660	1016671
6795	2693	2698	2	809	2867777	1015990	2867217	1016574
6796	2693	5830	2	1569	2867777	1015990	2869303	1015625
6797	2694	2292	2	891	2868081	1015412	2868124	1014522
6798	2694	2299	2	2441	2868081	1015412	2868341	1012984
6799	2694	5830	2	1240	2868081	1015412	2869303	1015625
6800	2694	5831	2	2933	2868081	1015412	2869275	1018092
6801	2694	5837	2	2860	2868081	1015412	2870234	1013528
6802	2695	2696	2	230	2866874	1017379	2866815	1017602
6803	2695	2697	2	1057	2866874	1017379	2867660	1016671
6804	2696	2693	2	1877	2866815	1017602	2867777	1015990
6805	2696	2695	2	230	2866815	1017602	2866874	1017379
6806	2696	2697	2	1257	2866815	1017602	2867660	1016671
6807	2696	2698	2	1103	2866815	1017602	2867217	1016574
6808	2697	2290	2	2397	2867660	1016671	2868075	1014310
6809	2697	2693	2	690	2867660	1016671	2867777	1015990
6810	2697	2695	2	1057	2867660	1016671	2866874	1017379
6811	2698	2290	2	2421	2867217	1016574	2868075	1014310
6812	2698	2695	2	875	2867217	1016574	2866874	1017379
6813	2698	2696	2	1103	2867217	1016574	2866815	1017602
6814	2699	2701	2	2575	2865245	1033075	2866222	1030692
6815	2699	2702	2	1262	2865245	1033075	2865817	1031950
6816	2699	2703	2	916	2865245	1033075	2865364	1032166
6817	2699	2704	2	306	2865245	1033075	2865264	1032769
6818	2699	2705	2	1767	2865245	1033075	2865834	1031408
6819	2699	6777	2	2164	2865245	1033075	2864796	1035192
6820	2699	6778	2	2583	2865245	1033075	2864642	1035587
6821	2699	6779	2	3182	2865245	1033075	2864275	1036106
6822	2699	6783	2	2718	2865245	1033075	2864348	1035641
6823	2699	6785	2	2251	2865245	1033075	2864518	1035206
6824	2699	6786	2	1309	2865245	1033075	2864920	1034344
6825	2700	2699	2	896	2865070	1033954	2865245	1033075
6826	2700	2702	2	2138	2865070	1033954	2865817	1031950
6827	2700	2703	2	1812	2865070	1033954	2865364	1032166
6828	2700	2704	2	1200	2865070	1033954	2865264	1032769
6829	2700	2705	2	2658	2865070	1033954	2865834	1031408
6830	2700	3331	2	2423	2865070	1033954	2862715	1034527
6831	2700	6195	2	2817	2865070	1033954	2864272	1036656
6832	2700	6778	2	1688	2865070	1033954	2864642	1035587
6833	2700	6780	2	2764	2865070	1033954	2863933	1036474
6834	2700	6783	2	1835	2865070	1033954	2864348	1035641
6835	2700	6784	2	2498	2865070	1033954	2864152	1036278
6836	2700	6785	2	1368	2865070	1033954	2864518	1035206
6837	2700	6786	2	417	2865070	1033954	2864920	1034344
6838	2701	2703	2	1705	2866222	1030692	2865364	1032166
6839	2701	2704	2	2287	2866222	1030692	2865264	1032769
6840	2701	2705	2	814	2866222	1030692	2865834	1031408
6841	2701	6194	2	3095	2866222	1030692	2863930	1032772
6842	2701	6835	2	1577	2866222	1030692	2866828	1029236
6843	2701	6836	2	1599	2866222	1030692	2866883	1029236
6844	2702	2700	2	2138	2865817	1031950	2865070	1033954
6845	2702	2701	2	1321	2865817	1031950	2866222	1030692
6846	2702	2704	2	988	2865817	1031950	2865264	1032769
6847	2702	2705	2	542	2865817	1031950	2865834	1031408
6848	2702	6786	2	2556	2865817	1031950	2864920	1034344
6849	2702	6835	2	2896	2865817	1031950	2866828	1029236
6850	2702	6836	2	2915	2865817	1031950	2866883	1029236
6851	2703	2699	2	916	2865364	1032166	2865245	1033075
6852	2703	2700	2	1812	2865364	1032166	2865070	1033954
6853	2703	2701	2	1705	2865364	1032166	2866222	1030692
6854	2703	2704	2	611	2865364	1032166	2865264	1032769
6855	2703	6786	2	2222	2865364	1032166	2864920	1034344
6856	2704	2699	2	306	2865264	1032769	2865245	1033075
6857	2704	2700	2	1200	2865264	1032769	2865070	1033954
6858	2704	2701	2	2287	2865264	1032769	2866222	1030692
6859	2704	2702	2	988	2865264	1032769	2865817	1031950
6860	2704	6777	2	2467	2865264	1032769	2864796	1035192
6861	2704	6778	2	2885	2865264	1032769	2864642	1035587
6862	2704	6783	2	3014	2865264	1032769	2864348	1035641
6863	2704	6785	2	2548	2865264	1032769	2864518	1035206
6864	2704	6786	2	1612	2865264	1032769	2864920	1034344
6865	2705	2699	2	1767	2865834	1031408	2865245	1033075
6866	2705	2700	2	2658	2865834	1031408	2865070	1033954
6867	2705	2701	2	814	2865834	1031408	2866222	1030692
6868	2705	2702	2	542	2865834	1031408	2865817	1031950
6869	2705	2703	2	891	2865834	1031408	2865364	1032166
6870	2705	2704	2	1475	2865834	1031408	2865264	1032769
6871	2705	3326	2	3075	2865834	1031408	2862759	1031383
6872	2705	6786	2	3074	2865834	1031408	2864920	1034344
6873	2705	6836	2	2412	2865834	1031408	2866883	1029236
6874	2706	2711	2	1063	2867365	1026611	2867208	1027663
6875	2706	2712	2	2742	2867365	1026611	2866783	1023931
6876	2707	2706	2	1116	2867261	1027723	2867365	1026611
6877	2707	3339	2	2344	2867261	1027723	2869573	1027335
6878	2707	5853	2	1765	2867261	1027723	2868647	1026629
6879	2707	6837	2	1836	2867261	1027723	2868282	1029250
6880	2708	2709	2	1371	2866772	1025241	2866848	1026610
6881	2708	2710	2	400	2866772	1025241	2866812	1025639
6882	2708	2712	2	1310	2866772	1025241	2866783	1023931
6883	2708	2713	2	1827	2866772	1025241	2866768	1023414
6884	2708	2714	2	2589	2866772	1025241	2866575	1022659
6885	2708	5853	2	2332	2866772	1025241	2868647	1026629
6886	2709	2708	2	1371	2866848	1026610	2866772	1025241
6887	2709	2712	2	2679	2866848	1026610	2866783	1023931
6888	2710	2708	2	400	2866812	1025639	2866772	1025241
6889	2710	2709	2	971	2866812	1025639	2866848	1026610
6890	2710	2712	2	1708	2866812	1025639	2866783	1023931
6891	2710	2714	2	2989	2866812	1025639	2866575	1022659
6892	2710	5853	2	2085	2866812	1025639	2868647	1026629
6893	2711	2706	2	1063	2867208	1027663	2867365	1026611
6894	2711	3339	2	2387	2867208	1027663	2869573	1027335
6895	2711	5853	2	1771	2867208	1027663	2868647	1026629
6896	2711	6837	2	1916	2867208	1027663	2868282	1029250
6897	2712	2706	2	2742	2866783	1023931	2867365	1026611
6898	2712	2709	2	2679	2866783	1023931	2866848	1026610
6899	2712	2710	2	1708	2866783	1023931	2866812	1025639
6900	2713	2708	2	1827	2866768	1023414	2866772	1025241
6901	2713	3334	2	2531	2866768	1023414	2865301	1021351
6902	2713	3335	2	1433	2866768	1023414	2865559	1022644
6903	2714	2708	2	2589	2866575	1022659	2866772	1025241
6904	2714	2710	2	2989	2866575	1022659	2866812	1025639
6905	2714	2717	2	2678	2866575	1022659	2866672	1019982
6906	2714	2718	2	2484	2866575	1022659	2866619	1020175
6907	2715	5852	5	3093	2867066	1022666	2870159	1022708
6908	2717	2714	2	2678	2866672	1019982	2866575	1022659
6909	2717	2718	2	200	2866672	1019982	2866619	1020175
6910	2717	2719	2	1384	2866672	1019982	2866547	1021361
6911	2717	3334	2	1937	2866672	1019982	2865301	1021351
6912	2717	3335	2	2885	2866672	1019982	2865559	1022644
6913	2717	3342	2	1714	2866672	1019982	2865632	1018619
6914	2717	5855	2	2504	2866672	1019982	2864287	1019219
6915	2718	2714	2	2484	2866619	1020175	2866575	1022659
6916	2718	2717	2	200	2866619	1020175	2866672	1019982
6917	2718	2719	2	1188	2866619	1020175	2866547	1021361
6918	2718	3334	2	1766	2866619	1020175	2865301	1021351
6919	2718	3335	2	2686	2866619	1020175	2865559	1022644
6920	2718	3342	2	1842	2866619	1020175	2865632	1018619
6921	2718	5855	2	2520	2866619	1020175	2864287	1019219
6922	2719	2717	2	1384	2866547	1021361	2866672	1019982
6923	2720	1207	2	219	2756839	1047060	2756978	1046890
6924	2720	2722	2	2648	2756839	1047060	2754568	1048422
6925	2720	2939	2	2365	2756839	1047060	2754677	1048021
6926	2720	4182	2	1098	2756839	1047060	2755741	1047091
6927	2720	6512	2	552	2756839	1047060	2756503	1047499
6928	2720	6513	2	1338	2756839	1047060	2755536	1046752
6929	2721	2720	2	623	2756326	1047415	2756839	1047060
6930	2721	2722	2	2025	2756326	1047415	2754568	1048422
6931	2721	2725	2	2349	2756326	1047415	2754310	1048622
6932	2721	6513	5	1031	2756326	1047415	2755536	1046752
6933	2721	6694	2	761	2756326	1047415	2756962	1046997
6934	2722	1207	2	2855	2754568	1048422	2756978	1046890
6935	2722	2720	2	2648	2754568	1048422	2756839	1047060
6936	2722	2721	2	2025	2754568	1048422	2756326	1047415
6937	2722	2723	2	1037	2754568	1048422	2753531	1048456
6938	2722	2724	2	2101	2754568	1048422	2752493	1048756
6939	2722	2725	2	326	2754568	1048422	2754310	1048622
6940	2722	2727	2	1899	2754568	1048422	2752707	1048803
6941	2722	4182	2	1774	2754568	1048422	2755741	1047091
6942	2722	4183	2	1697	2754568	1048422	2753559	1047057
6943	2722	6128	2	1116	2754568	1048422	2753540	1047986
6944	2722	6512	2	2143	2754568	1048422	2756503	1047499
6945	2722	6513	2	1930	2754568	1048422	2755536	1046752
6946	2724	2725	2	1821	2752493	1048756	2754310	1048622
6947	2724	2727	2	219	2752493	1048756	2752707	1048803
6948	2724	6128	2	1299	2752493	1048756	2753540	1047986
6949	2725	1207	2	3180	2754310	1048622	2756978	1046890
6950	2725	2720	2	2972	2754310	1048622	2756839	1047060
6951	2725	2721	2	2349	2754310	1048622	2756326	1047415
6952	2725	2722	2	326	2754310	1048622	2754568	1048422
6953	2725	2724	2	1821	2754310	1048622	2752493	1048756
6954	2725	2939	2	704	2754310	1048622	2754677	1048021
6955	2725	4182	2	2095	2754310	1048622	2755741	1047091
6956	2725	6512	2	2463	2754310	1048622	2756503	1047499
6957	2725	6513	2	2236	2754310	1048622	2755536	1046752
6958	2725	6694	2	3110	2754310	1048622	2756962	1046997
6959	2727	2722	2	1899	2752707	1048803	2754568	1048422
6960	2727	2724	2	219	2752707	1048803	2752493	1048756
6961	2727	2725	2	1613	2752707	1048803	2754310	1048622
6962	2730	1273	2	397	2746873	1048723	2747125	1049031
6963	2730	1274	2	3116	2746873	1048723	2744394	1046835
6964	2730	2731	2	2671	2746873	1048723	2745144	1046686
6965	2730	2732	2	2095	2746873	1048723	2746688	1046636
6966	2731	1273	2	3069	2745144	1046686	2747125	1049031
6967	2731	1274	5	764	2745144	1046686	2744394	1046835
6968	2732	2730	2	2095	2746688	1046636	2746873	1048723
6969	2732	2731	5	1544	2746688	1046636	2745144	1046686
6970	2733	2735	2	1030	2793014	1052866	2793772	1052168
6971	2733	2815	2	815	2793014	1052866	2793025	1052051
6972	2735	2733	2	1030	2793772	1052168	2793014	1052866
6973	2736	2735	2	953	2793064	1052806	2793772	1052168
6974	2736	2812	2	597	2793064	1052806	2793140	1052213
6975	2737	2806	2	2821	2793130	1051343	2794749	1049032
6976	2737	2808	2	2531	2793130	1051343	2794645	1049315
6977	2737	2809	2	1172	2793130	1051343	2793686	1050311
6978	2737	2810	2	2400	2793130	1051343	2794739	1049561
6979	2737	2811	2	2039	2793130	1051343	2794121	1049561
6980	2737	2812	2	870	2793130	1051343	2793140	1052213
6981	2737	2813	2	653	2793130	1051343	2793078	1051994
6982	2737	2814	2	1080	2793130	1051343	2793070	1052422
6983	2737	2817	2	290	2793130	1051343	2793114	1051633
6984	2739	2755	2	1903	2793006	1026584	2792914	1024683
6985	2739	2756	2	1680	2793006	1026584	2792650	1024942
6986	2739	2757	2	2435	2793006	1026584	2793057	1024149
6987	2739	2758	2	449	2793006	1026584	2793002	1027033
6988	2739	2759	2	858	2793006	1026584	2792480	1025906
6989	2739	2760	2	728	2793006	1026584	2792686	1025929
6990	2739	2761	2	905	2793006	1026584	2792934	1025681
6991	2739	2762	2	694	2793006	1026584	2793006	1025890
6992	2739	4039	2	3106	2793006	1026584	2791163	1024083
6993	2739	5635	2	1231	2793006	1026584	2792051	1025807
6994	2739	6035	2	1871	2793006	1026584	2792078	1028209
6995	2739	6036	2	1298	2793006	1026584	2791794	1026118
6996	2739	6042	2	2415	2793006	1026584	2791696	1024555
6997	2739	6518	2	1781	2793006	1026584	2792503	1024875
6998	2742	2670	2	2966	2793129	1021507	2793175	1018541
6999	2742	2751	2	1368	2793129	1021507	2793327	1020153
7000	2742	2752	2	537	2793129	1021507	2793183	1020972
7001	2743	2674	2	2506	2792952	1020154	2792988	1017648
7002	2743	2680	2	2451	2792952	1020154	2792877	1017704
7003	2744	2158	2	1516	2793220	1004030	2793178	1005546
7004	2744	2166	2	2096	2793220	1004030	2793172	1006126
7005	2744	2167	2	2364	2793220	1004030	2793045	1006388
7006	2744	2172	2	2138	2793220	1004030	2793222	1006168
7007	2744	2173	2	2342	2793220	1004030	2793332	1006370
7008	2745	2179	2	2607	2793184	1011887	2793213	1009280
7009	2745	6029	2	2946	2793184	1011887	2795981	1012813
7010	2746	2749	2	1018	2793136	1011681	2792942	1012681
7011	2746	2750	2	2688	2793136	1011681	2793124	1014369
7012	2746	6049	2	1645	2793136	1011681	2791628	1012340
7013	2747	2745	2	1812	2793174	1013699	2793184	1011887
7014	2747	2748	2	954	2793174	1013699	2793353	1012761
7015	2747	2750	2	671	2793174	1013699	2793124	1014369
7016	2747	6029	2	2943	2793174	1013699	2795981	1012813
7017	2748	2745	2	890	2793353	1012761	2793184	1011887
7018	2748	2750	2	1624	2793353	1012761	2793124	1014369
7019	2749	2750	2	1697	2792942	1012681	2793124	1014369
7020	2750	2667	2	2483	2793124	1014369	2793120	1016852
7021	2750	2673	2	3101	2793124	1014369	2793118	1017470
7022	2750	2747	2	671	2793124	1014369	2793174	1013699
7023	2750	2748	2	1624	2793124	1014369	2793353	1012761
7024	2750	6031	2	2434	2793124	1014369	2790922	1015407
7025	2750	6049	2	2520	2793124	1014369	2791628	1012340
7026	2751	2670	2	1619	2793327	1020153	2793175	1018541
7027	2751	2671	2	1624	2793327	1020153	2793125	1018541
7028	2751	2742	2	1368	2793327	1020153	2793129	1021507
7029	2751	4041	7	2832	2793327	1020153	2795971	1019136
7030	2752	2670	2	2431	2793183	1020972	2793175	1018541
7031	2752	2671	2	2431	2793183	1020972	2793125	1018541
7032	2752	2678	2	3136	2793183	1020972	2793169	1017836
7033	2752	2742	2	537	2793183	1020972	2793129	1021507
7034	2752	2751	2	831	2793183	1020972	2793327	1020153
7035	2754	2757	2	766	2792997	1024913	2793057	1024149
7036	2755	2739	2	1903	2792914	1024683	2793006	1026584
7037	2755	2758	2	2351	2792914	1024683	2793002	1027033
7038	2755	2761	2	998	2792914	1024683	2792934	1025681
7039	2755	6042	5	1224	2792914	1024683	2791696	1024555
7040	2756	2739	2	1680	2792650	1024942	2793006	1026584
7041	2756	2758	2	2120	2792650	1024942	2793002	1027033
7042	2756	2761	2	791	2792650	1024942	2792934	1025681
7043	2756	4038	5	2218	2792650	1024942	2790853	1023641
7044	2756	4039	5	1717	2792650	1024942	2791163	1024083
7045	2756	6042	5	1029	2792650	1024942	2791696	1024555
7046	2757	2739	2	2435	2793057	1024149	2793006	1026584
7047	2757	2754	2	766	2793057	1024149	2792997	1024913
7048	2757	2758	2	2884	2793057	1024149	2793002	1027033
7049	2757	2762	2	1741	2793057	1024149	2793006	1025890
7050	2757	4038	2	2261	2793057	1024149	2790853	1023641
7051	2758	2739	2	449	2793002	1027033	2793006	1026584
7052	2758	2755	2	2351	2793002	1027033	2792914	1024683
7053	2758	2756	2	2120	2793002	1027033	2792650	1024942
7054	2758	2760	2	1148	2793002	1027033	2792686	1025929
7055	2758	2761	2	1353	2793002	1027033	2792934	1025681
7056	2758	2762	2	1143	2793002	1027033	2793006	1025890
7057	2758	4043	2	3063	2793002	1027033	2795890	1026012
7058	2758	4044	2	1946	2793002	1027033	2794329	1025609
7059	2758	5635	2	1551	2793002	1027033	2792051	1025807
7060	2758	6035	2	1495	2793002	1027033	2792078	1028209
7061	2758	6036	2	1515	2793002	1027033	2791794	1026118
7062	2758	6042	2	2801	2793002	1027033	2791696	1024555
7063	2758	6518	2	2214	2793002	1027033	2792503	1024875
7064	2758	6520	2	1362	2793002	1027033	2793381	1025724
7065	2759	2739	2	858	2792480	1025906	2793006	1026584
7066	2759	2758	2	1242	2792480	1025906	2793002	1027033
7067	2759	2761	2	506	2792480	1025906	2792934	1025681
7068	2760	2739	2	728	2792686	1025929	2793006	1026584
7069	2760	2758	2	1148	2792686	1025929	2793002	1027033
7070	2760	2761	2	350	2792686	1025929	2792934	1025681
7071	2760	5635	5	646	2792686	1025929	2792051	1025807
7072	2761	2755	2	998	2792934	1025681	2792914	1024683
7073	2761	2756	2	791	2792934	1025681	2792650	1024942
7074	2761	2758	2	1353	2792934	1025681	2793002	1027033
7075	2761	2759	2	506	2792934	1025681	2792480	1025906
7076	2761	2760	2	350	2792934	1025681	2792686	1025929
7077	2761	2762	2	221	2792934	1025681	2793006	1025890
7078	2761	4038	2	2914	2792934	1025681	2790853	1023641
7079	2761	4039	2	2385	2792934	1025681	2791163	1024083
7080	2761	5635	2	891	2792934	1025681	2792051	1025807
7081	2761	6035	2	2668	2792934	1025681	2792078	1028209
7082	2761	6036	2	1220	2792934	1025681	2791794	1026118
7083	2761	6042	2	1673	2792934	1025681	2791696	1024555
7084	2761	6518	2	914	2792934	1025681	2792503	1024875
7085	2762	2739	2	694	2793006	1025890	2793006	1026584
7086	2762	2757	2	1741	2793006	1025890	2793057	1024149
7087	2762	2758	2	1143	2793006	1025890	2793002	1027033
7088	2762	2761	2	221	2793006	1025890	2792934	1025681
7089	2763	2767	2	1534	2793153	1031525	2793158	1033059
7090	2763	2768	2	1251	2793153	1031525	2793110	1032776
7091	2763	2769	2	1050	2793153	1031525	2793059	1032571
7092	2763	2770	2	306	2793153	1031525	2793128	1031830
7093	2763	2771	2	1017	2793153	1031525	2793266	1032536
7094	2764	6084	5	2340	2792588	1032230	2790445	1031289
7095	2765	6084	5	3082	2792967	1033061	2790445	1031289
7096	2765	6592	7	1170	2792967	1033061	2792941	1034231
7097	2765	6861	7	1315	2792967	1033061	2792434	1034264
7098	2766	6038	5	597	2792768	1032311	2792224	1032064
7099	2766	6084	5	2537	2792768	1032311	2790445	1031289
7100	2767	2763	2	1534	2793158	1033059	2793153	1031525
7101	2767	2773	7	1974	2793158	1033059	2793292	1035029
7102	2767	2774	2	2300	2793158	1033059	2793337	1035353
7103	2767	2775	2	2641	2793158	1033059	2793400	1035689
7104	2767	6039	5	1562	2793158	1033059	2794717	1033165
7105	2768	2763	2	1251	2793110	1032776	2793153	1031525
7106	2768	2769	2	211	2793110	1032776	2793059	1032571
7107	2768	2770	2	946	2793110	1032776	2793128	1031830
7108	2769	2768	2	211	2793059	1032571	2793110	1032776
7109	2769	2770	2	744	2793059	1032571	2793128	1031830
7110	2769	2771	2	209	2793059	1032571	2793266	1032536
7111	2770	2763	2	306	2793128	1031830	2793153	1031525
7112	2770	2769	2	744	2793128	1031830	2793059	1032571
7113	2771	2763	2	1017	2793266	1032536	2793153	1031525
7114	2771	2769	2	209	2793266	1032536	2793059	1032571
7115	2771	2770	2	719	2793266	1032536	2793128	1031830
7116	2771	2774	2	2817	2793266	1032536	2793337	1035353
7117	2771	2775	2	3155	2793266	1032536	2793400	1035689
7118	2772	2774	2	275	2793522	1035149	2793337	1035353
7119	2772	2775	2	553	2793522	1035149	2793400	1035689
7120	2772	2777	2	2975	2793522	1035149	2793573	1038124
7121	2772	2778	2	1377	2793522	1035149	2793516	1036526
7122	2772	2781	2	1987	2793522	1035149	2793568	1037136
7123	2772	2783	2	2507	2793522	1035149	2793571	1037656
7124	2772	2784	2	2281	2793522	1035149	2793520	1037430
7125	2772	2786	2	1490	2793522	1035149	2793566	1036639
7126	2772	2787	2	1920	2793522	1035149	2793518	1037069
7127	2772	2790	2	2835	2793522	1035149	2793522	1037984
7128	2772	2791	2	3020	2793522	1035149	2793523	1038169
7129	2773	2767	7	1974	2793292	1035029	2793158	1033059
7130	2773	2775	2	668	2793292	1035029	2793400	1035689
7131	2773	2778	2	1513	2793292	1035029	2793516	1036526
7132	2773	2781	2	2125	2793292	1035029	2793568	1037136
7133	2773	2786	2	1633	2793292	1035029	2793566	1036639
7134	2773	2787	2	2052	2793292	1035029	2793518	1037069
7135	2773	6691	7	787	2793292	1035029	2793149	1034255
7136	2774	2767	2	2300	2793337	1035353	2793158	1033059
7137	2774	2771	2	2817	2793337	1035353	2793266	1032536
7138	2774	2772	2	275	2793337	1035353	2793522	1035149
7139	2774	2773	2	327	2793337	1035353	2793292	1035029
7140	2774	2775	2	341	2793337	1035353	2793400	1035689
7141	2774	2776	2	2466	2793337	1035353	2794298	1037625
7142	2774	2778	2	1186	2793337	1035353	2793516	1036526
7143	2774	2781	2	1797	2793337	1035353	2793568	1037136
7144	2774	2787	2	1725	2793337	1035353	2793518	1037069
7145	2774	2788	2	1576	2793337	1035353	2793212	1036925
7146	2774	2789	2	2273	2793337	1035353	2794075	1037503
7147	2774	6523	2	2961	2793337	1035353	2795002	1037802
7148	2774	6691	2	1113	2793337	1035353	2793149	1034255
7149	2775	2767	2	2641	2793400	1035689	2793158	1033059
7150	2775	2771	2	3155	2793400	1035689	2793266	1032536
7151	2775	2772	2	553	2793400	1035689	2793522	1035149
7152	2775	2773	2	668	2793400	1035689	2793292	1035029
7153	2775	2774	2	341	2793400	1035689	2793337	1035353
7154	2775	2776	2	2134	2793400	1035689	2794298	1037625
7155	2775	2778	2	845	2793400	1035689	2793516	1036526
7156	2775	2781	2	1456	2793400	1035689	2793568	1037136
7157	2775	2783	2	1974	2793400	1035689	2793571	1037656
7158	2775	2786	2	964	2793400	1035689	2793566	1036639
7159	2775	2787	2	1385	2793400	1035689	2793518	1037069
7160	2775	2788	2	1250	2793400	1035689	2793212	1036925
7161	2775	2789	2	1935	2793400	1035689	2794075	1037503
7162	2775	6039	2	2846	2793400	1035689	2794717	1033165
7163	2775	6086	2	1147	2793400	1035689	2794425	1035173
7164	2775	6087	2	2418	2793400	1035689	2795678	1034877
7165	2775	6089	2	3070	2793400	1035689	2795502	1037927
7166	2775	6523	2	2651	2793400	1035689	2795002	1037802
7167	2775	6691	2	1455	2793400	1035689	2793149	1034255
7168	2776	2774	2	2466	2794298	1037625	2793337	1035353
7169	2776	2775	2	2134	2794298	1037625	2793400	1035689
7170	2776	2780	5	634	2794298	1037625	2793743	1037318
7171	2776	2789	5	254	2794298	1037625	2794075	1037503
7172	2776	2791	2	946	2794298	1037625	2793523	1038169
7173	2776	6088	5	2494	2794298	1037625	2796662	1038420
7174	2776	6089	5	1241	2794298	1037625	2795502	1037927
7175	2776	6523	5	725	2794298	1037625	2795002	1037802
7176	2777	2772	2	2975	2793573	1038124	2793522	1035149
7177	2777	2778	2	1599	2793573	1038124	2793516	1036526
7178	2777	2781	2	988	2793573	1038124	2793568	1037136
7179	2777	2783	2	468	2793573	1038124	2793571	1037656
7180	2777	2784	2	696	2793573	1038124	2793520	1037430
7181	2777	2786	2	1485	2793573	1038124	2793566	1036639
7182	2777	2787	2	1056	2793573	1038124	2793518	1037069
7183	2777	2788	2	1252	2793573	1038124	2793212	1036925
7184	2777	2792	2	927	2793573	1038124	2793750	1039034
7185	2777	2796	2	2156	2793573	1038124	2793587	1040280
7186	2777	2797	2	1491	2793573	1038124	2793531	1039615
7187	2777	6088	2	3103	2793573	1038124	2796662	1038420
7188	2777	6090	2	2093	2793573	1038124	2795451	1039049
7189	2777	6091	2	2919	2793573	1038124	2795454	1040357
7190	2777	6524	2	945	2793573	1038124	2793828	1039034
7191	2778	2772	2	1377	2793516	1036526	2793522	1035149
7192	2778	2773	2	1513	2793516	1036526	2793292	1035029
7193	2778	2774	2	1186	2793516	1036526	2793337	1035353
7194	2778	2777	2	1599	2793516	1036526	2793573	1038124
7195	2778	2781	2	612	2793516	1036526	2793568	1037136
7196	2778	2783	2	1131	2793516	1036526	2793571	1037656
7197	2778	2784	2	904	2793516	1036526	2793520	1037430
7198	2778	2787	2	543	2793516	1036526	2793518	1037069
7199	2778	2790	2	1458	2793516	1036526	2793522	1037984
7200	2778	2791	2	1643	2793516	1036526	2793523	1038169
7201	2778	2793	2	3166	2793516	1036526	2793582	1039692
7202	2778	2797	2	3089	2793516	1036526	2793531	1039615
7203	2778	6522	2	1377	2793516	1036526	2793593	1035151
7204	2778	6691	2	2300	2793516	1036526	2793149	1034255
7205	2779	2797	2	2954	2792983	1036712	2793531	1039615
7206	2779	4056	5	1993	2792983	1036712	2791299	1035645
7207	2779	6085	5	1995	2792983	1036712	2791751	1035142
7208	2779	7332	5	1140	2792983	1036712	2792071	1036028
7209	2780	2776	5	634	2793743	1037318	2794298	1037625
7210	2780	6088	5	3120	2793743	1037318	2796662	1038420
7211	2780	6089	5	1861	2793743	1037318	2795502	1037927
7212	2780	6523	5	1348	2793743	1037318	2795002	1037802
7213	2781	2772	2	1987	2793568	1037136	2793522	1035149
7214	2781	2773	2	2125	2793568	1037136	2793292	1035029
7215	2781	2774	2	1797	2793568	1037136	2793337	1035353
7216	2781	2775	2	1456	2793568	1037136	2793400	1035689
7217	2781	2777	2	988	2793568	1037136	2793573	1038124
7218	2781	2778	2	612	2793568	1037136	2793516	1036526
7219	2781	2784	2	297	2793568	1037136	2793520	1037430
7220	2781	2786	2	497	2793568	1037136	2793566	1036639
7221	2781	2790	2	849	2793568	1037136	2793522	1037984
7222	2781	2791	2	1033	2793568	1037136	2793523	1038169
7223	2781	2793	2	2556	2793568	1037136	2793582	1039692
7224	2781	2796	2	3144	2793568	1037136	2793587	1040280
7225	2781	2797	2	2479	2793568	1037136	2793531	1039615
7226	2781	6691	2	2911	2793568	1037136	2793149	1034255
7227	2782	2776	5	590	2793758	1037386	2794298	1037625
7228	2782	2789	5	337	2793758	1037386	2794075	1037503
7229	2782	6088	5	3082	2793758	1037386	2796662	1038420
7230	2782	6089	5	1825	2793758	1037386	2795502	1037927
7231	2782	6523	5	1311	2793758	1037386	2795002	1037802
7232	2783	2772	2	2507	2793571	1037656	2793522	1035149
7233	2783	2775	2	1974	2793571	1037656	2793400	1035689
7234	2783	2778	2	1131	2793571	1037656	2793516	1036526
7235	2783	2781	2	520	2793571	1037656	2793568	1037136
7236	2783	2784	2	231	2793571	1037656	2793520	1037430
7237	2783	2786	2	1017	2793571	1037656	2793566	1036639
7238	2783	2787	2	589	2793571	1037656	2793518	1037069
7239	2783	2790	2	331	2793571	1037656	2793522	1037984
7240	2783	2791	2	515	2793571	1037656	2793523	1038169
7241	2783	2793	2	2036	2793571	1037656	2793582	1039692
7242	2783	2796	2	2624	2793571	1037656	2793587	1040280
7243	2783	2797	2	1959	2793571	1037656	2793531	1039615
7244	2784	2772	2	2281	2793520	1037430	2793522	1035149
7245	2784	2777	2	696	2793520	1037430	2793573	1038124
7246	2784	2778	2	904	2793520	1037430	2793516	1036526
7247	2784	2781	2	297	2793520	1037430	2793568	1037136
7248	2784	2783	2	231	2793520	1037430	2793571	1037656
7249	2784	2786	2	792	2793520	1037430	2793566	1036639
7250	2784	2790	2	554	2793520	1037430	2793522	1037984
7251	2784	2791	2	739	2793520	1037430	2793523	1038169
7252	2784	2793	2	2262	2793520	1037430	2793582	1039692
7253	2784	2796	2	2850	2793520	1037430	2793587	1040280
7254	2784	2797	2	2185	2793520	1037430	2793531	1039615
7255	2784	6522	2	2280	2793520	1037430	2793593	1035151
7256	2785	2788	5	359	2793451	1037194	2793212	1036925
7257	2785	2790	2	793	2793451	1037194	2793522	1037984
7258	2785	2793	2	2501	2793451	1037194	2793582	1039692
7259	2785	2796	2	3088	2793451	1037194	2793587	1040280
7260	2785	2797	2	2422	2793451	1037194	2793531	1039615
7261	2786	2772	2	1490	2793566	1036639	2793522	1035149
7262	2786	2773	2	1633	2793566	1036639	2793292	1035029
7263	2786	2774	2	1306	2793566	1036639	2793337	1035353
7264	2786	2775	2	964	2793566	1036639	2793400	1035689
7265	2786	2777	2	1485	2793566	1036639	2793573	1038124
7266	2786	2783	2	1017	2793566	1036639	2793571	1037656
7267	2786	2784	2	792	2793566	1036639	2793520	1037430
7268	2786	2787	2	432	2793566	1036639	2793518	1037069
7269	2786	2790	2	1345	2793566	1036639	2793522	1037984
7270	2786	2791	2	1530	2793566	1036639	2793523	1038169
7271	2786	2793	2	3053	2793566	1036639	2793582	1039692
7272	2786	2797	2	2976	2793566	1036639	2793531	1039615
7273	2786	6691	2	2420	2793566	1036639	2793149	1034255
7274	2787	2772	2	1920	2793518	1037069	2793522	1035149
7275	2787	2773	2	2052	2793518	1037069	2793292	1035029
7276	2787	2774	2	1725	2793518	1037069	2793337	1035353
7277	2787	2775	2	1385	2793518	1037069	2793400	1035689
7278	2787	2777	2	1056	2793518	1037069	2793573	1038124
7279	2787	2783	2	589	2793518	1037069	2793571	1037656
7280	2787	2784	2	361	2793518	1037069	2793520	1037430
7281	2787	2786	2	432	2793518	1037069	2793566	1036639
7282	2787	2790	2	915	2793518	1037069	2793522	1037984
7283	2787	2791	2	1100	2793518	1037069	2793523	1038169
7284	2787	2793	2	2623	2793518	1037069	2793582	1039692
7285	2787	2797	2	2546	2793518	1037069	2793531	1039615
7286	2787	6522	2	1919	2793518	1037069	2793593	1035151
7287	2787	6691	2	2838	2793518	1037069	2793149	1034255
7288	2788	2774	2	1576	2793212	1036925	2793337	1035353
7289	2788	2775	2	1250	2793212	1036925	2793400	1035689
7290	2788	2777	2	1252	2793212	1036925	2793573	1038124
7291	2788	2785	5	359	2793212	1036925	2793451	1037194
7292	2788	2790	2	1103	2793212	1036925	2793522	1037984
7293	2788	2793	2	2791	2793212	1036925	2793582	1039692
7294	2788	2797	2	2708	2793212	1036925	2793531	1039615
7295	2789	2774	2	2273	2794075	1037503	2793337	1035353
7296	2789	2775	2	1935	2794075	1037503	2793400	1035689
7297	2789	2776	5	254	2794075	1037503	2794298	1037625
7298	2789	2780	5	380	2794075	1037503	2793743	1037318
7299	2789	2782	5	337	2794075	1037503	2793758	1037386
7300	2789	6088	5	2744	2794075	1037503	2796662	1038420
7301	2789	6089	5	1488	2794075	1037503	2795502	1037927
7302	2790	2772	2	2835	2793522	1037984	2793522	1035149
7303	2790	2778	2	1458	2793522	1037984	2793516	1036526
7304	2790	2781	2	849	2793522	1037984	2793568	1037136
7305	2790	2783	2	331	2793522	1037984	2793571	1037656
7306	2790	2785	2	793	2793522	1037984	2793451	1037194
7307	2790	2786	2	1345	2793522	1037984	2793566	1036639
7308	2790	2787	2	915	2793522	1037984	2793518	1037069
7309	2790	2788	2	1103	2793522	1037984	2793212	1036925
7310	2790	2792	2	1074	2793522	1037984	2793750	1039034
7311	2790	2793	2	1709	2793522	1037984	2793582	1039692
7312	2790	2796	2	2296	2793522	1037984	2793587	1040280
7313	2790	2797	2	1631	2793522	1037984	2793531	1039615
7314	2790	6524	2	1093	2793522	1037984	2793828	1039034
7315	2791	2772	2	3020	2793523	1038169	2793522	1035149
7316	2791	2776	2	946	2793523	1038169	2794298	1037625
7317	2791	2778	2	1643	2793523	1038169	2793516	1036526
7318	2791	2781	2	1033	2793523	1038169	2793568	1037136
7319	2791	2783	2	515	2793523	1038169	2793571	1037656
7320	2791	2784	2	739	2793523	1038169	2793520	1037430
7321	2791	2786	2	1530	2793523	1038169	2793566	1036639
7322	2791	2787	2	1100	2793523	1038169	2793518	1037069
7323	2791	2792	2	894	2793523	1038169	2793750	1039034
7324	2791	2793	2	1524	2793523	1038169	2793582	1039692
7325	2791	2796	2	2111	2793523	1038169	2793587	1040280
7326	2791	2797	2	1446	2793523	1038169	2793531	1039615
7327	2791	6088	2	3149	2793523	1038169	2796662	1038420
7328	2791	6089	2	1993	2793523	1038169	2795502	1037927
7329	2791	6090	2	2119	2793523	1038169	2795451	1039049
7330	2791	6091	2	2918	2793523	1038169	2795454	1040357
7331	2791	6523	2	1523	2793523	1038169	2795002	1037802
7332	2791	6524	2	917	2793523	1038169	2793828	1039034
7333	2792	2777	2	927	2793750	1039034	2793573	1038124
7334	2792	2790	2	1074	2793750	1039034	2793522	1037984
7335	2792	2791	2	894	2793750	1039034	2793523	1038169
7336	2792	6090	5	1701	2793750	1039034	2795451	1039049
7337	2792	6091	5	2157	2793750	1039034	2795454	1040357
7338	2793	2777	2	1568	2793582	1039692	2793573	1038124
7339	2793	2778	2	3166	2793582	1039692	2793516	1036526
7340	2793	2781	2	2556	2793582	1039692	2793568	1037136
7341	2793	2783	2	2036	2793582	1039692	2793571	1037656
7342	2793	2784	2	2262	2793582	1039692	2793520	1037430
7343	2793	2785	2	2501	2793582	1039692	2793451	1037194
7344	2793	2786	2	3053	2793582	1039692	2793566	1036639
7345	2793	2787	2	2623	2793582	1039692	2793518	1037069
7346	2793	2788	2	2791	2793582	1039692	2793212	1036925
7347	2793	2790	2	1709	2793582	1039692	2793522	1037984
7348	2793	2791	2	1524	2793582	1039692	2793523	1038169
7349	2793	2794	2	3011	2793582	1039692	2792949	1036748
7350	2793	2795	2	706	2793582	1039692	2793343	1039027
7351	2793	2799	2	2610	2793582	1039692	2793999	1042269
7352	2793	2802	2	2353	2793582	1039692	2793777	1042037
7353	2794	2793	2	3011	2792949	1036748	2793582	1039692
7354	2794	2797	2	2925	2792949	1036748	2793531	1039615
7355	2794	4056	5	1984	2792949	1036748	2791299	1035645
7356	2794	6085	5	2003	2792949	1036748	2791751	1035142
7357	2795	2793	2	706	2793343	1039027	2793582	1039692
7358	2795	2797	2	617	2793343	1039027	2793531	1039615
7359	2795	2800	2	2272	2793343	1039027	2793479	1041295
7360	2796	2777	2	2156	2793587	1040280	2793573	1038124
7361	2796	2781	2	3144	2793587	1040280	2793568	1037136
7362	2796	2783	2	2624	2793587	1040280	2793571	1037656
7363	2796	2784	2	2850	2793587	1040280	2793520	1037430
7364	2796	2785	2	3088	2793587	1040280	2793451	1037194
7365	2796	2790	2	2296	2793587	1040280	2793522	1037984
7366	2796	2791	2	2111	2793587	1040280	2793523	1038169
7367	2796	2793	2	588	2793587	1040280	2793582	1039692
7368	2796	2797	2	667	2793587	1040280	2793531	1039615
7369	2796	2799	2	2031	2793587	1040280	2793999	1042269
7370	2797	2777	2	1491	2793531	1039615	2793573	1038124
7371	2797	2778	2	3089	2793531	1039615	2793516	1036526
7372	2797	2779	2	2954	2793531	1039615	2792983	1036712
7373	2797	2781	2	2479	2793531	1039615	2793568	1037136
7374	2797	2783	2	1959	2793531	1039615	2793571	1037656
7375	2797	2784	2	2185	2793531	1039615	2793520	1037430
7376	2797	2785	2	2422	2793531	1039615	2793451	1037194
7377	2797	2786	2	2976	2793531	1039615	2793566	1036639
7378	2797	2787	2	2546	2793531	1039615	2793518	1037069
7379	2797	2788	2	2708	2793531	1039615	2793212	1036925
7380	2797	2790	2	1631	2793531	1039615	2793522	1037984
7381	2797	2794	2	2925	2793531	1039615	2792949	1036748
7382	2797	2795	2	617	2793531	1039615	2793343	1039027
7383	2797	2796	2	667	2793531	1039615	2793587	1040280
7384	2797	2799	2	2694	2793531	1039615	2793999	1042269
7385	2797	2802	2	2434	2793531	1039615	2793777	1042037
7386	2797	4054	2	2797	2793531	1039615	2791519	1037672
7387	2797	6526	2	2009	2793531	1039615	2791534	1039391
7388	2798	2797	2	777	2793034	1039017	2793531	1039615
7389	2798	2800	2	2321	2793034	1039017	2793479	1041295
7390	2799	2793	2	2610	2793999	1042269	2793582	1039692
7391	2799	2796	2	2031	2793999	1042269	2793587	1040280
7392	2799	2797	2	2694	2793999	1042269	2793531	1039615
7393	2799	2801	2	1353	2793999	1042269	2794204	1043607
7394	2799	2802	2	321	2793999	1042269	2793777	1042037
7395	2799	2805	2	2357	2793999	1042269	2794528	1044566
7396	2799	7353	2	2149	2793999	1042269	2794364	1044387
7397	2800	2795	2	2272	2793479	1041295	2793343	1039027
7398	2800	2798	2	2321	2793479	1041295	2793034	1039017
7399	2800	4108	2	3086	2793479	1041295	2793103	1044359
7400	2800	6526	2	2721	2793479	1041295	2791534	1039391
7401	2801	2799	2	1353	2794204	1043607	2793999	1042269
7402	2801	2802	2	1627	2794204	1043607	2793777	1042037
7403	2801	2803	2	2474	2794204	1043607	2795033	1045938
7404	2801	2805	2	1012	2794204	1043607	2794528	1044566
7405	2801	6093	2	998	2794204	1043607	2793829	1044532
7406	2801	7079	2	1330	2794204	1043607	2794671	1044853
7407	2801	7090	2	1043	2794204	1043607	2794280	1044648
7408	2801	7091	2	2854	2794204	1043607	2795295	1046245
7409	2801	7345	2	2505	2794204	1043607	2794736	1046055
7410	2801	7347	2	1914	2794204	1043607	2794750	1045442
7411	2801	7348	2	2383	2794204	1043607	2794725	1045933
7412	2801	7349	2	2858	2794204	1043607	2794928	1046372
7413	2801	7350	2	2911	2794204	1043607	2794889	1046437
7414	2801	7353	2	796	2794204	1043607	2794364	1044387
7415	2801	7371	2	2901	2794204	1043607	2795203	1046331
7416	2801	7378	2	2746	2794204	1043607	2794927	1046257
7417	2801	7381	2	1090	2794204	1043607	2794623	1044614
7418	2801	7384	2	2351	2794204	1043607	2794958	1045834
7419	2802	2793	2	2353	2793777	1042037	2793582	1039692
7420	2802	2796	2	1767	2793777	1042037	2793587	1040280
7421	2802	2797	2	2434	2793777	1042037	2793531	1039615
7422	2802	2801	2	1627	2793777	1042037	2794204	1043607
7423	2802	4108	2	2417	2793777	1042037	2793103	1044359
7424	2802	6093	2	2495	2793777	1042037	2793829	1044532
7425	2802	7079	2	2954	2793777	1042037	2794671	1044853
7426	2802	7090	2	2659	2793777	1042037	2794280	1044648
7427	2802	7353	2	2422	2793777	1042037	2794364	1044387
7428	2802	7381	2	2712	2793777	1042037	2794623	1044614
7429	2803	2801	2	2474	2795033	1045938	2794204	1043607
7430	2803	2804	7	1356	2795033	1045938	2794779	1044605
7431	2803	2805	2	1461	2795033	1045938	2794528	1044566
7432	2803	7079	7	1143	2795033	1045938	2794671	1044853
7433	2803	7093	7	2265	2795033	1045938	2797082	1046904
7434	2803	7345	7	319	2795033	1045938	2794736	1046055
7435	2803	7347	2	571	2795033	1045938	2794750	1045442
7436	2803	7348	7	308	2795033	1045938	2794725	1045933
7437	2803	7353	2	1689	2795033	1045938	2794364	1044387
7438	2803	7378	2	336	2795033	1045938	2794927	1046257
7439	2804	2803	7	1356	2794779	1044605	2795033	1045938
7440	2804	2805	2	254	2794779	1044605	2794528	1044566
7441	2804	7090	7	500	2794779	1044605	2794280	1044648
7442	2804	7347	2	837	2794779	1044605	2794750	1045442
7443	2804	7352	7	2257	2794779	1044605	2795679	1046675
7444	2804	7353	2	468	2794779	1044605	2794364	1044387
7445	2804	7378	2	1658	2794779	1044605	2794927	1046257
7446	2804	7384	7	1241	2794779	1044605	2794958	1045834
7447	2805	2799	2	2357	2794528	1044566	2793999	1042269
7448	2805	2801	2	1012	2794528	1044566	2794204	1043607
7449	2805	2802	2	2638	2794528	1044566	2793777	1042037
7450	2805	2803	2	1461	2794528	1044566	2795033	1045938
7451	2805	2804	2	254	2794528	1044566	2794779	1044605
7452	2805	7079	2	320	2794528	1044566	2794671	1044853
7453	2805	7090	2	261	2794528	1044566	2794280	1044648
7454	2805	7091	2	1845	2794528	1044566	2795295	1046245
7455	2805	7345	2	1503	2794528	1044566	2794736	1046055
7456	2805	7348	2	1381	2794528	1044566	2794725	1045933
7457	2805	7349	2	1849	2794528	1044566	2794928	1046372
7458	2805	7350	2	1905	2794528	1044566	2794889	1046437
7459	2805	7352	2	2402	2794528	1044566	2795679	1046675
7460	2805	7353	2	242	2794528	1044566	2794364	1044387
7461	2805	7358	2	3095	2794528	1044566	2796302	1047103
7462	2805	7362	2	2261	2794528	1044566	2794748	1046817
7463	2805	7370	2	2382	2794528	1044566	2795080	1046884
7464	2805	7371	2	1889	2794528	1044566	2795203	1046331
7465	2805	7378	2	1737	2794528	1044566	2794927	1046257
7466	2806	2737	2	2821	2794749	1049032	2793130	1051343
7467	2806	2807	2	1688	2794749	1049032	2793609	1050278
7468	2806	2808	2	301	2794749	1049032	2794645	1049315
7469	2806	2809	2	1663	2794749	1049032	2793686	1050311
7470	2806	2810	2	529	2794749	1049032	2794739	1049561
7471	2806	2811	2	821	2794749	1049032	2794121	1049561
7472	2806	2817	2	3072	2794749	1049032	2793114	1051633
7473	2806	7083	2	925	2794749	1049032	2795200	1048224
7474	2806	7085	2	1947	2794749	1049032	2795849	1047425
7475	2806	7087	2	1622	2794749	1049032	2795125	1047454
7476	2806	7088	2	553	2794749	1049032	2794949	1048516
7477	2806	7346	2	1763	2794749	1049032	2795310	1047360
7478	2806	7367	2	1980	2794749	1049032	2795567	1047228
7479	2807	2737	2	1167	2793609	1050278	2793130	1051343
7480	2807	2808	2	1414	2793609	1050278	2794645	1049315
7481	2807	2810	2	1338	2793609	1050278	2794739	1049561
7482	2807	2812	2	1991	2793609	1050278	2793140	1052213
7483	2807	2813	2	1796	2793609	1050278	2793078	1051994
7484	2807	2817	2	1442	2793609	1050278	2793114	1051633
7485	2807	7083	2	2598	2793609	1050278	2795200	1048224
7486	2807	7089	2	3095	2793609	1050278	2793853	1047192
7487	2808	2737	2	2531	2794645	1049315	2793130	1051343
7488	2808	2806	2	301	2794645	1049315	2794749	1049032
7489	2808	2807	2	1414	2794645	1049315	2793609	1050278
7490	2808	2811	2	578	2794645	1049315	2794121	1049561
7491	2808	2813	2	3103	2794645	1049315	2793078	1051994
7492	2808	2817	2	2777	2794645	1049315	2793114	1051633
7493	2808	7083	2	1224	2794645	1049315	2795200	1048224
7494	2808	7085	2	2240	2794645	1049315	2795849	1047425
7495	2808	7087	2	1921	2794645	1049315	2795125	1047454
7496	2808	7088	2	854	2794645	1049315	2794949	1048516
7497	2808	7346	2	2065	2794645	1049315	2795310	1047360
7498	2808	7367	2	2281	2794645	1049315	2795567	1047228
7499	2809	2737	2	1172	2793686	1050311	2793130	1051343
7500	2809	2806	2	1663	2793686	1050311	2794749	1049032
7501	2809	2808	2	1382	2793686	1050311	2794645	1049315
7502	2809	2810	2	1292	2793686	1050311	2794739	1049561
7503	2809	2811	2	867	2793686	1050311	2794121	1049561
7504	2809	2812	2	1978	2793686	1050311	2793140	1052213
7505	2809	2813	2	1789	2793686	1050311	2793078	1051994
7506	2809	7083	2	2578	2793686	1050311	2795200	1048224
7507	2809	7088	2	2194	2793686	1050311	2794949	1048516
7508	2810	2737	2	2400	2794739	1049561	2793130	1051343
7509	2810	2806	2	529	2794739	1049561	2794749	1049032
7510	2810	2807	2	1338	2794739	1049561	2793609	1050278
7511	2810	2808	2	263	2794739	1049561	2794645	1049315
7512	2810	2813	2	2945	2794739	1049561	2793078	1051994
7513	2810	2817	2	2633	2794739	1049561	2793114	1051633
7514	2810	7083	2	1414	2794739	1049561	2795200	1048224
7515	2810	7087	7	2142	2794739	1049561	2795125	1047454
7516	2810	7088	7	1065	2794739	1049561	2794949	1048516
7517	2810	7346	2	2273	2794739	1049561	2795310	1047360
7518	2810	7367	7	2475	2794739	1049561	2795567	1047228
7519	2811	2737	2	2039	2794121	1049561	2793130	1051343
7520	2811	2807	2	881	2794121	1049561	2793609	1050278
7521	2811	2808	2	578	2794121	1049561	2794645	1049315
7522	2811	2809	2	867	2794121	1049561	2793686	1050311
7523	2811	2813	2	2647	2794121	1049561	2793078	1051994
7524	2811	2817	2	2303	2794121	1049561	2793114	1051633
7525	2811	7083	2	1718	2794121	1049561	2795200	1048224
7526	2811	7085	7	2747	2794121	1049561	2795849	1047425
7527	2811	7088	7	1333	2794121	1049561	2794949	1048516
7528	2812	2736	2	597	2793140	1052213	2793064	1052806
7529	2812	2737	2	870	2793140	1052213	2793130	1051343
7530	2812	2807	2	1991	2793140	1052213	2793609	1050278
7531	2812	2809	2	1978	2793140	1052213	2793686	1050311
7532	2812	2817	2	580	2793140	1052213	2793114	1051633
7533	2813	2737	2	653	2793078	1051994	2793130	1051343
7534	2813	2807	2	1796	2793078	1051994	2793609	1050278
7535	2813	2808	2	3103	2793078	1051994	2794645	1049315
7536	2813	2809	2	1789	2793078	1051994	2793686	1050311
7537	2813	2810	2	2945	2793078	1051994	2794739	1049561
7538	2813	2811	2	2647	2793078	1051994	2794121	1049561
7539	2813	2817	2	362	2793078	1051994	2793114	1051633
7540	2814	2737	2	1080	2793070	1052422	2793130	1051343
7541	2814	2813	2	428	2793070	1052422	2793078	1051994
7542	2814	2817	2	790	2793070	1052422	2793114	1051633
7543	2815	2733	2	815	2793025	1052051	2793014	1052866
7544	2815	2818	2	283	2793025	1052051	2793021	1052334
7545	2817	2737	2	290	2793114	1051633	2793130	1051343
7546	2817	2806	2	3072	2793114	1051633	2794749	1049032
7547	2817	2807	2	1442	2793114	1051633	2793609	1050278
7548	2817	2808	2	2777	2793114	1051633	2794645	1049315
7549	2817	2809	2	1440	2793114	1051633	2793686	1050311
7550	2817	2810	2	2633	2793114	1051633	2794739	1049561
7551	2817	2811	2	2303	2793114	1051633	2794121	1049561
7552	2817	2812	2	580	2793114	1051633	2793140	1052213
7553	2817	2814	2	790	2793114	1051633	2793070	1052422
7554	2818	2733	2	532	2793021	1052334	2793014	1052866
7555	2819	2821	2	944	2793237	1057532	2793039	1056608
7556	2820	2819	2	564	2793030	1058057	2793237	1057532
7557	2820	2821	2	1449	2793030	1058057	2793039	1056608
7558	2820	6157	2	3154	2793030	1058057	2796182	1057923
7559	2822	4390	2	2824	2792978	1058184	2790167	1057912
7560	2822	4472	2	3008	2792978	1058184	2790144	1059195
7561	2822	6154	2	1310	2792978	1058184	2791828	1057555
7562	2824	2822	2	1573	2792989	1056611	2792978	1058184
7563	2825	4406	2	2847	2792923	1065249	2790128	1065793
7564	2825	4467	2	1510	2792923	1065249	2791511	1065785
7565	2828	2642	2	976	2819758	1020564	2819782	1019588
7566	2829	3845	5	3192	2819649	1024843	2818351	1027760
7567	2829	3846	5	2394	2819649	1024843	2818358	1026860
7568	2829	3982	5	3008	2819649	1024843	2817147	1026513
7569	2829	3986	5	1310	2819649	1024843	2818360	1025078
7570	2830	1348	5	1759	2834612	1093011	2834704	1091254
7571	2830	1352	2	3008	2834612	1093011	2834612	1090003
7572	2830	1559	2	3179	2834612	1093011	2834317	1096177
7573	2831	1350	2	3082	2833792	1092976	2834564	1089992
7574	2831	1351	2	906	2833792	1092976	2834344	1092257
7575	2831	1352	2	3084	2833792	1092976	2834612	1090003
7576	2831	1563	2	1365	2833792	1092976	2834304	1094242
7577	2831	1564	2	569	2833792	1092976	2834327	1093171
7578	2831	1567	5	636	2833792	1092976	2833218	1092700
7579	2831	5192	5	764	2833792	1092976	2833123	1092605
7580	2832	1351	2	2150	2832594	1093507	2834344	1092257
7581	2832	1557	2	3169	2832594	1093507	2834266	1096200
7582	2832	1563	2	1861	2832594	1093507	2834304	1094242
7583	2832	1564	2	1765	2832594	1093507	2834327	1093171
7584	2835	2454	5	786	2819150	1084219	2819151	1083433
7585	2837	2840	5	856	2935511	1073049	2934830	1072530
7586	2838	2837	5	724	2934940	1072603	2935511	1073049
7587	2840	2837	5	856	2934830	1072530	2935511	1073049
7588	2840	2845	5	1672	2934830	1072530	2933158	1072518
7589	2841	2842	5	365	2935896	1075375	2936107	1075077
7590	2841	2843	5	703	2935896	1075375	2935712	1076054
7591	2842	2841	5	365	2936107	1075077	2935896	1075375
7592	2843	2842	5	1053	2935712	1076054	2936107	1075077
7593	2845	2838	5	1784	2933158	1072518	2934940	1072603
7594	2848	2849	2	1487	2820440	999700	2820057	1001137
7595	2848	2850	2	449	2820440	999700	2820652	1000096
7596	2848	2852	5	1003	2820440	999700	2820993	1000537
7597	2848	2853	2	1425	2820440	999700	2820129	1001091
7598	2848	2854	5	710	2820440	999700	2820829	1000294
7599	2848	2855	2	543	2820440	999700	2820647	1000202
7600	2849	2851	2	1262	2820057	1001137	2820648	1000021
7601	2849	2852	2	1111	2820057	1001137	2820993	1000537
7602	2849	2854	2	1143	2820057	1001137	2820829	1000294
7603	2849	2855	2	1105	2820057	1001137	2820647	1000202
7604	2849	6921	2	1997	2820057	1001137	2819886	1003127
7605	2850	2848	2	449	2820652	1000096	2820440	999700
7606	2850	2849	2	1199	2820652	1000096	2820057	1001137
7607	2850	2852	2	557	2820652	1000096	2820993	1000537
7608	2850	2853	2	1124	2820652	1000096	2820129	1001091
7609	2850	2854	2	265	2820652	1000096	2820829	1000294
7610	2850	3866	2	2858	2820652	1000096	2821870	1002682
7611	2850	6579	2	2589	2820652	1000096	2820890	1002675
7612	2851	2849	2	1262	2820648	1000021	2820057	1001137
7613	2851	2852	5	620	2820648	1000021	2820993	1000537
7614	2851	2853	2	1189	2820648	1000021	2820129	1001091
7615	2851	3866	5	2928	2820648	1000021	2821870	1002682
7616	2852	2848	5	1003	2820993	1000537	2820440	999700
7617	2852	2849	2	1111	2820993	1000537	2820057	1001137
7618	2852	2850	2	557	2820993	1000537	2820652	1000096
7619	2852	2851	5	620	2820993	1000537	2820648	1000021
7620	2852	2855	2	481	2820993	1000537	2820647	1000202
7621	2852	6921	2	2816	2820993	1000537	2819886	1003127
7622	2853	2848	2	1425	2820129	1001091	2820440	999700
7623	2853	2850	2	1124	2820129	1001091	2820652	1000096
7624	2853	2851	2	1189	2820129	1001091	2820648	1000021
7625	2853	2852	2	1026	2820129	1001091	2820993	1000537
7626	2853	2854	2	1060	2820129	1001091	2820829	1000294
7627	2853	2855	2	1028	2820129	1001091	2820647	1000202
7628	2854	2848	5	710	2820829	1000294	2820440	999700
7629	2854	2849	2	1143	2820829	1000294	2820057	1001137
7630	2854	2850	2	265	2820829	1000294	2820652	1000096
7631	2854	2853	2	1060	2820829	1000294	2820129	1001091
7632	2854	2855	2	203	2820829	1000294	2820647	1000202
7633	2854	3866	5	2605	2820829	1000294	2821870	1002682
7634	2855	2848	2	543	2820647	1000202	2820440	999700
7635	2855	2849	2	1105	2820647	1000202	2820057	1001137
7636	2855	2852	2	481	2820647	1000202	2820993	1000537
7637	2855	3866	2	2765	2820647	1000202	2821870	1002682
7638	2855	6579	2	2484	2820647	1000202	2820890	1002675
7639	2857	1993	2	1311	2767607	1047083	2766296	1047127
7640	2857	2006	2	2187	2767607	1047083	2765420	1047073
7641	2857	7006	2	344	2767607	1047083	2767948	1047134
7642	2857	7007	2	2142	2767607	1047083	2769749	1047147
7643	2858	2356	2	665	2864222	1062055	2863570	1062189
7644	2858	2357	2	1002	2864222	1062055	2863220	1062091
7645	2858	2860	2	1185	2864222	1062055	2863037	1062038
7646	2858	2861	2	330	2864222	1062055	2863895	1062100
7647	2858	6232	2	2132	2864222	1062055	2866195	1062863
7648	2858	6238	2	995	2864222	1062055	2863561	1062799
7649	2859	2358	2	2420	2863575	1061758	2861232	1062367
7650	2860	2358	2	1834	2863037	1062038	2861232	1062367
7651	2860	2360	2	1967	2863037	1062038	2861110	1062434
7652	2860	2366	2	2763	2863037	1062038	2860298	1062407
7653	2860	2367	2	2876	2863037	1062038	2860167	1062225
7654	2860	2861	2	860	2863037	1062038	2863895	1062100
7655	2860	6238	2	923	2863037	1062038	2863561	1062799
7656	2860	6245	2	2291	2863037	1062038	2863538	1064274
7657	2861	2858	2	330	2863895	1062100	2864222	1062055
7658	2861	2860	2	860	2863895	1062100	2863037	1062038
7659	2861	6232	2	2423	2863895	1062100	2866195	1062863
7660	2865	6242	5	1685	2830415	1068349	2830723	1070006
7661	2867	2866	5	368	2821949	1048050	2822061	1048401
7662	2867	2869	5	361	2821949	1048050	2821932	1048411
7663	2867	5906	7	2881	2821949	1048050	2824735	1047313
7664	2869	2867	5	361	2821932	1048411	2821949	1048050
7665	2869	2870	5	871	2821932	1048411	2822800	1048488
7666	2870	2866	5	744	2822800	1048488	2822061	1048401
7667	2870	2871	5	1911	2822800	1048488	2824711	1048517
7668	2871	2870	5	1911	2824711	1048517	2822800	1048488
7669	2873	1715	2	3198	2814159	1047467	2816801	1045664
7670	2873	2912	5	1859	2814159	1047467	2814868	1045748
7671	2873	2913	5	1473	2814159	1047467	2814863	1046172
7672	2873	2914	5	1267	2814159	1047467	2814860	1046411
7673	2873	6377	5	1730	2814159	1047467	2815532	1046413
7674	2874	1400	2	1641	2804483	1046971	2806107	1047209
7675	2874	1401	2	1872	2804483	1046971	2806322	1047326
7676	2874	1728	2	2084	2804483	1046971	2806529	1047371
7677	2874	5920	2	2748	2804483	1046971	2803678	1049599
7678	2874	6538	2	1615	2804483	1046971	2803682	1048374
7679	2875	1400	2	1414	2804733	1046873	2806107	1047209
7680	2875	1401	2	1652	2804733	1046873	2806322	1047326
7681	2875	2876	2	1942	2804733	1046873	2802792	1046953
7682	2875	2879	2	1321	2804733	1046873	2803412	1046827
7683	2875	2929	2	2500	2804733	1046873	2804669	1044373
7684	2875	6417	2	3028	2804733	1046873	2807614	1047807
7685	2876	2929	2	3190	2802792	1046953	2804669	1044373
7686	2876	5940	2	2526	2802792	1046953	2800274	1046741
7687	2876	7368	2	2285	2802792	1046953	2800507	1046949
7688	2877	2874	2	1793	2802691	1047047	2804483	1046971
7689	2877	2878	2	877	2802691	1047047	2803552	1047217
7690	2877	5920	2	2736	2802691	1047047	2803678	1049599
7691	2877	5939	2	2641	2802691	1047047	2800060	1047284
7692	2877	6538	2	1656	2802691	1047047	2803682	1048374
7693	2878	1401	2	2772	2803552	1047217	2806322	1047326
7694	2878	1728	2	2980	2803552	1047217	2806529	1047371
7695	2878	2874	2	962	2803552	1047217	2804483	1046971
7696	2879	2876	2	632	2803412	1046827	2802792	1046953
7697	2879	5940	5	3139	2803412	1046827	2800274	1046741
7698	2880	5939	2	2938	2797128	1047088	2800060	1047284
7699	2881	1201	2	2868	2804032	1083617	2806900	1083589
7700	2881	1208	2	1674	2804032	1083617	2805695	1083424
7701	2881	1765	2	1740	2804032	1083617	2805755	1083370
7702	2881	1767	2	2348	2804032	1083617	2806372	1083412
7703	2881	1768	2	486	2804032	1083617	2803657	1083927
7704	2881	1769	2	2032	2804032	1083617	2802188	1084471
7705	2881	1771	2	659	2804032	1083617	2803878	1084258
7706	2881	1772	2	711	2804032	1083617	2803900	1084316
7707	2881	1773	2	1885	2804032	1083617	2802305	1084374
7708	2882	1208	2	2101	2803594	1083477	2805695	1083424
7709	2882	1738	2	1980	2803594	1083477	2805540	1083111
7710	2882	1765	2	2163	2803594	1083477	2805755	1083370
7711	2882	1767	2	2778	2803594	1083477	2806372	1083412
7712	2882	1768	2	454	2803594	1083477	2803657	1083927
7713	2882	1769	2	1721	2803594	1083477	2802188	1084471
7714	2882	1773	2	1570	2803594	1083477	2802305	1084374
7715	2882	2881	2	459	2803594	1083477	2804032	1083617
7716	2887	1707	5	981	2808227	1044560	2808742	1045395
7717	2887	1709	5	467	2808227	1044560	2808428	1044982
7718	2887	2911	5	1590	2808227	1044560	2808936	1045984
7719	2887	6399	5	1526	2808227	1044560	2808832	1045961
7720	2887	6401	5	1675	2808227	1044560	2808936	1046078
7721	2887	6415	5	2672	2808227	1044560	2809160	1047064
7722	2888	1479	2	1891	2858139	1042034	2859932	1042636
7723	2888	6801	2	2474	2858139	1042034	2856263	1040420
7724	2888	6805	2	2415	2858139	1042034	2856303	1040464
7725	2889	1479	2	2069	2857879	1042373	2859932	1042636
7726	2889	2897	5	1190	2857879	1042373	2856689	1042349
7727	2889	3537	5	1698	2857879	1042373	2856181	1042326
7728	2889	6801	2	2534	2857879	1042373	2856263	1040420
7729	2889	6805	2	2475	2857879	1042373	2856303	1040464
7730	2891	1495	2	617	2859061	1040756	2859175	1041363
7731	2891	6799	2	2302	2859061	1040756	2857072	1039597
7732	2891	6800	2	776	2859061	1040756	2858285	1040761
7733	2891	6802	2	1490	2859061	1040756	2857593	1040499
7734	2891	6806	2	2131	2859061	1040756	2857111	1039896
7735	2891	6810	2	534	2859061	1040756	2858840	1041243
7736	2892	3553	5	3123	2859273	1040439	2857023	1038273
7737	2892	6799	2	2356	2859273	1040439	2857072	1039597
7738	2893	3553	5	3081	2859468	1040148	2857023	1038273
7739	2893	6794	2	2305	2859468	1040148	2861639	1040923
7740	2893	6799	2	2458	2859468	1040148	2857072	1039597
7741	2893	6806	2	2370	2859468	1040148	2857111	1039896
7742	2894	1242	2	1361	2858868	1041044	2859979	1041831
7743	2894	1495	2	442	2858868	1041044	2859175	1041363
7744	2894	6796	2	1330	2858868	1041044	2859805	1041989
7745	2894	6800	2	648	2858868	1041044	2858285	1040761
7746	2894	6802	2	1386	2858868	1041044	2857593	1040499
7747	2894	6809	2	1214	2858868	1041044	2859759	1041869
7748	2894	6810	2	200	2858868	1041044	2858840	1041243
7749	2894	6864	2	983	2858868	1041044	2859437	1041846
7750	2895	1241	2	1851	2859836	1039598	2860864	1041138
7751	2895	3531	5	1116	2859836	1039598	2860457	1038670
7752	2895	3549	5	1542	2859836	1039598	2859612	1038072
7753	2895	6790	2	2826	2859836	1039598	2862037	1041372
7754	2895	6792	2	3147	2859836	1039598	2862426	1041386
7755	2895	6794	2	2237	2859836	1039598	2861639	1040923
7756	2895	6799	2	2764	2859836	1039598	2857072	1039597
7757	2895	6806	2	2741	2859836	1039598	2857111	1039896
7758	2896	1479	2	2481	2857465	1042365	2859932	1042636
7759	2896	3537	5	1284	2857465	1042365	2856181	1042326
7760	2897	2889	5	1190	2856689	1042349	2857879	1042373
7761	2898	3553	5	1994	2858517	1039595	2857023	1038273
7762	2898	3561	5	2551	2858517	1039595	2856668	1037837
7763	2898	6806	2	1437	2858517	1039595	2857111	1039896
7764	2899	3553	5	1659	2858239	1039403	2857023	1038273
7765	2899	3561	5	2218	2858239	1039403	2856668	1037837
7766	2900	3553	5	2385	2858896	1039750	2857023	1038273
7767	2900	3561	5	2936	2858896	1039750	2856668	1037837
7768	2900	6794	2	2983	2858896	1039750	2861639	1040923
7769	2900	6799	2	1830	2858896	1039750	2857072	1039597
7770	2900	6806	2	1790	2858896	1039750	2857111	1039896
7771	2901	6792	2	2774	2859832	1040402	2862426	1041386
7772	2901	6794	2	1880	2859832	1040402	2861639	1040923
7773	2902	1495	2	1592	2858099	1040189	2859175	1041363
7774	2902	6532	5	2733	2858099	1040189	2855656	1038963
7775	2902	6796	2	2480	2858099	1040189	2859805	1041989
7776	2902	6797	2	3008	2858099	1040189	2855757	1038300
7777	2902	6798	2	2905	2858099	1040189	2855886	1038307
7778	2902	6799	2	1185	2858099	1040189	2857072	1039597
7779	2902	6806	2	1030	2858099	1040189	2857111	1039896
7780	2902	6809	2	2361	2858099	1040189	2859759	1041869
7781	2902	6864	2	2129	2858099	1040189	2859437	1041846
7782	2903	1242	2	2483	2857924	1040437	2859979	1041831
7783	2903	1479	2	2977	2857924	1040437	2859932	1042636
7784	2903	1495	2	1556	2857924	1040437	2859175	1041363
7785	2903	6796	2	2438	2857924	1040437	2859805	1041989
7786	2903	6800	2	485	2857924	1040437	2858285	1040761
7787	2903	6801	2	1661	2857924	1040437	2856263	1040420
7788	2903	6802	2	336	2857924	1040437	2857593	1040499
7789	2903	6803	2	1389	2857924	1040437	2856535	1040453
7790	2903	6805	2	1621	2857924	1040437	2856303	1040464
7791	2903	6809	2	2327	2857924	1040437	2859759	1041869
7792	2903	6810	2	1220	2857924	1040437	2858840	1041243
7793	2903	6864	2	2067	2857924	1040437	2859437	1041846
7794	2904	1241	2	2875	2858949	1038993	2860864	1041138
7795	2904	3531	5	1542	2858949	1038993	2860457	1038670
7796	2904	3549	5	1134	2858949	1038993	2859612	1038072
7797	2904	3558	5	2541	2858949	1038993	2858034	1036622
7798	2904	3561	5	2557	2858949	1038993	2856668	1037837
7799	2905	1479	2	886	2859068	1042835	2859932	1042636
7800	2905	1494	2	1538	2859068	1042835	2860039	1044028
7801	2905	6338	5	696	2859068	1042835	2859740	1043017
7802	2906	1479	2	1529	2858423	1042388	2859932	1042636
7803	2906	1520	2	3071	2858423	1042388	2860007	1045020
7804	2906	6338	5	1459	2858423	1042388	2859740	1043017
7805	2906	6801	2	2922	2858423	1042388	2856263	1040420
7806	2906	6805	2	2862	2858423	1042388	2856303	1040464
7807	2907	1242	2	1365	2859532	1043121	2859979	1041831
7808	2907	1479	2	628	2859532	1043121	2859932	1042636
7809	2907	1494	2	1039	2859532	1043121	2860039	1044028
7810	2908	1242	2	1314	2859800	1043133	2859979	1041831
7811	2908	1479	2	514	2859800	1043133	2859932	1042636
7812	2908	1492	2	1544	2859800	1043133	2859882	1041591
7813	2908	1494	2	926	2859800	1043133	2860039	1044028
7814	2908	1495	2	1877	2859800	1043133	2859175	1041363
7815	2908	1524	2	1734	2859800	1043133	2860062	1044848
7816	2908	6810	2	2119	2859800	1043133	2858840	1041243
7817	2911	1203	2	1720	2808936	1045984	2810466	1045198
7818	2911	1209	2	1575	2808936	1045984	2810300	1045196
7819	2911	1707	5	620	2808936	1045984	2808742	1045395
7820	2911	1709	5	1123	2808936	1045984	2808428	1044982
7821	2911	1710	5	1340	2808936	1045984	2808391	1044759
7822	2911	1711	2	2176	2808936	1045984	2809049	1048158
7823	2911	1712	2	2320	2808936	1045984	2809007	1048303
7824	2911	2887	5	1590	2808936	1045984	2808227	1044560
7825	2911	5923	5	1022	2808936	1045984	2808932	1047006
7826	2911	6403	5	654	2808936	1045984	2808897	1046637
7827	2912	1252	5	2789	2814868	1045748	2814788	1048536
7828	2912	2873	5	1859	2814868	1045748	2814159	1047467
7829	2912	2914	5	663	2814868	1045748	2814860	1046411
7830	2912	2915	5	933	2814868	1045748	2814856	1046681
7831	2912	6382	5	1312	2814868	1045748	2814851	1047060
7832	2912	6407	5	888	2814868	1045748	2814276	1046410
7833	2912	6623	5	2183	2814868	1045748	2814402	1047881
7834	2913	1252	5	2365	2814863	1046172	2814788	1048536
7835	2913	2873	5	1473	2814863	1046172	2814159	1047467
7836	2913	2915	5	509	2814863	1046172	2814856	1046681
7837	2913	6382	5	888	2814863	1046172	2814851	1047060
7838	2913	6407	5	633	2814863	1046172	2814276	1046410
7839	2913	6623	5	1770	2814863	1046172	2814402	1047881
7840	2914	1252	5	2126	2814860	1046411	2814788	1048536
7841	2914	1653	2	3178	2814860	1046411	2818023	1046727
7842	2914	1715	2	2079	2814860	1046411	2816801	1045664
7843	2914	2873	5	1267	2814860	1046411	2814159	1047467
7844	2914	2912	5	663	2814860	1046411	2814868	1045748
7845	2914	6382	5	649	2814860	1046411	2814851	1047060
7846	2914	6623	5	1539	2814860	1046411	2814402	1047881
7847	2914	7382	2	2407	2814860	1046411	2817112	1045561
7848	2915	1653	2	3167	2814856	1046681	2818023	1046727
7849	2915	1715	2	2194	2814856	1046681	2816801	1045664
7850	2915	2912	5	933	2814856	1046681	2814868	1045748
7851	2915	2913	5	509	2814856	1046681	2814863	1046172
7852	2915	3704	5	3144	2814856	1046681	2817518	1048354
7853	2915	6375	5	1149	2814856	1046681	2815541	1045758
7854	2915	6376	5	2038	2814856	1046681	2816693	1045798
7855	2915	6377	5	727	2814856	1046681	2815532	1046413
7856	2915	7382	2	2518	2814856	1046681	2817112	1045561
7857	2916	4511	5	2426	2812654	1049814	2814088	1051771
7858	2916	4512	5	2900	2812654	1049814	2815288	1051028
7859	2916	6891	5	1175	2812654	1049814	2811750	1050566
7860	2917	6405	5	2693	2812144	1048985	2812889	1046397
7861	2917	6891	5	1629	2812144	1048985	2811750	1050566
7862	2917	7392	2	2894	2812144	1048985	2813629	1046500
7863	2918	1661	2	2858	2811772	1048381	2812961	1045781
7864	2918	6405	5	2276	2811772	1048381	2812889	1046397
7865	2918	6422	5	2213	2811772	1048381	2809585	1048037
7866	2918	6891	5	2185	2811772	1048381	2811750	1050566
7867	2918	7392	2	2643	2811772	1048381	2813629	1046500
7868	2919	1252	5	2652	2816684	1046681	2814788	1048536
7869	2919	1624	2	2668	2816684	1046681	2818729	1048396
7870	2919	1641	5	937	2816684	1046681	2817608	1046524
7871	2919	1642	5	974	2816684	1046681	2817567	1046269
7872	2919	1652	5	1181	2816684	1046681	2817728	1046127
7873	2919	1653	2	1339	2816684	1046681	2818023	1046727
7874	2919	1715	2	1023	2816684	1046681	2816801	1045664
7875	2919	3709	5	2141	2816684	1046681	2816391	1048802
7876	2919	3710	5	2006	2816684	1046681	2816300	1048650
7877	2919	3712	5	1337	2816684	1046681	2816676	1048018
7878	2919	3713	5	1706	2816684	1046681	2816075	1048275
7879	2919	3714	5	2577	2816684	1046681	2816117	1049195
7880	2919	3715	5	2316	2816684	1046681	2815925	1048870
7881	2919	3716	5	2060	2816684	1046681	2815702	1048493
7882	2919	3717	5	1877	2816684	1046681	2815487	1048128
7883	2919	3720	5	1481	2816684	1046681	2815855	1047909
7884	2919	3722	5	2835	2816684	1046681	2816290	1049489
7885	2919	3731	5	2781	2816684	1046681	2815000	1048895
7886	2919	3732	5	2321	2816684	1046681	2815084	1048363
7887	2919	3743	5	1000	2816684	1046681	2816342	1047621
7888	2919	3745	5	1360	2816684	1046681	2815420	1047184
7889	2919	3746	5	1767	2816684	1046681	2815136	1047535
7890	2919	4707	5	1609	2816684	1046681	2818024	1045790
7891	2919	6623	5	2578	2816684	1046681	2814402	1047881
7892	2919	6911	5	2432	2816684	1046681	2815333	1048704
7893	2919	7361	5	1501	2816684	1046681	2818133	1046286
7894	2920	1624	2	3199	2816028	1046681	2818729	1048396
7895	2920	1653	2	1995	2816028	1046681	2818023	1046727
7896	2920	1715	2	1277	2816028	1046681	2816801	1045664
7897	2920	3744	7	692	2816028	1046681	2816682	1046910
7898	2920	4707	7	2185	2816028	1046681	2818024	1045790
7899	2920	6376	5	1105	2816028	1046681	2816693	1045798
7900	2921	1653	2	2495	2815528	1046681	2818023	1046727
7901	2921	1715	2	1629	2815528	1046681	2816801	1045664
7902	2921	6375	5	923	2815528	1046681	2815541	1045758
7903	2922	1672	2	1874	2813231	1047534	2812378	1045865
7904	2922	7392	2	1107	2813231	1047534	2813629	1046500
7905	2923	1661	2	2246	2812473	1047974	2812961	1045781
7906	2923	1672	2	2111	2812473	1047974	2812378	1045865
7907	2923	6405	5	1630	2812473	1047974	2812889	1046397
7908	2923	6422	5	2888	2812473	1047974	2809585	1048037
7909	2923	6891	5	2690	2812473	1047974	2811750	1050566
7910	2923	7392	2	1873	2812473	1047974	2813629	1046500
7911	2924	6405	5	2722	2811425	1048692	2812889	1046397
7912	2924	7392	2	3108	2811425	1048692	2813629	1046500
7913	2925	6405	5	3107	2811228	1049023	2812889	1046397
7914	2925	6891	5	1628	2811228	1049023	2811750	1050566
7915	2926	1660	2	2150	2812915	1043252	2813634	1045279
7916	2926	1662	2	1086	2812915	1043252	2813856	1042709
7917	2926	1673	2	1418	2812915	1043252	2813631	1042028
7918	2926	5703	5	1985	2812915	1043252	2814900	1043252
7919	2927	1673	2	744	2812926	1041790	2813631	1042028
7920	2928	5706	5	2940	2806346	1044373	2808989	1043084
7921	2929	2875	2	2500	2804669	1044373	2804733	1046873
7922	2929	2876	2	3190	2804669	1044373	2802792	1046953
7923	2929	5918	5	2949	2804669	1044373	2802348	1042553
7924	2931	6801	2	1705	2857485	1041610	2856263	1040420
7925	2931	6805	2	1646	2857485	1041610	2856303	1040464
7926	2932	1495	2	1220	2858412	1040410	2859175	1041363
7927	2932	6532	5	3112	2858412	1040410	2855656	1038963
7928	2932	6796	2	2105	2858412	1040410	2859805	1041989
7929	2932	6799	2	1567	2858412	1040410	2857072	1039597
7930	2932	6800	2	373	2858412	1040410	2858285	1040761
7931	2932	6802	2	823	2858412	1040410	2857593	1040499
7932	2932	6806	2	1398	2858412	1040410	2857111	1039896
7933	2932	6809	2	1985	2858412	1040410	2859759	1041869
7934	2932	6810	2	936	2858412	1040410	2858840	1041243
7935	2932	6864	2	1764	2858412	1040410	2859437	1041846
7936	2933	1242	2	2107	2858251	1040625	2859979	1041831
7937	2933	1479	2	2621	2858251	1040625	2859932	1042636
7938	2933	1495	2	1182	2858251	1040625	2859175	1041363
7939	2933	6796	2	2067	2858251	1040625	2859805	1041989
7940	2933	6802	2	669	2858251	1040625	2857593	1040499
7941	2933	6809	2	1954	2858251	1040625	2859759	1041869
7942	2933	6810	2	853	2858251	1040625	2858840	1041243
7943	2933	6864	2	1702	2858251	1040625	2859437	1041846
7944	2934	1242	2	2159	2858026	1040910	2859979	1041831
7945	2934	1479	2	2571	2858026	1040910	2859932	1042636
7946	2934	1495	2	1235	2858026	1040910	2859175	1041363
7947	2934	6796	2	2080	2858026	1040910	2859805	1041989
7948	2934	6800	2	298	2858026	1040910	2858285	1040761
7949	2934	6802	2	597	2858026	1040910	2857593	1040499
7950	2934	6809	2	1980	2858026	1040910	2859759	1041869
7951	2934	6810	2	879	2858026	1040910	2858840	1041243
7952	2934	6864	2	1693	2858026	1040910	2859437	1041846
7953	2935	1495	2	1243	2858463	1040343	2859175	1041363
7954	2935	6532	5	3127	2858463	1040343	2855656	1038963
7955	2935	6796	2	2123	2858463	1040343	2859805	1041989
7956	2935	6799	2	1578	2858463	1040343	2857072	1039597
7957	2935	6800	2	454	2858463	1040343	2858285	1040761
7958	2935	6806	2	1423	2858463	1040343	2857111	1039896
7959	2935	6809	2	2002	2858463	1040343	2859759	1041869
7960	2935	6810	2	975	2858463	1040343	2858840	1041243
7961	2935	6864	2	1791	2858463	1040343	2859437	1041846
7962	2936	1242	2	1402	2858660	1041354	2859979	1041831
7963	2936	1479	2	1805	2858660	1041354	2859932	1042636
7964	2936	1495	2	515	2858660	1041354	2859175	1041363
7965	2936	6796	2	1309	2858660	1041354	2859805	1041989
7966	2936	6800	2	701	2858660	1041354	2858285	1040761
7967	2936	6802	2	1367	2858660	1041354	2857593	1040499
7968	2936	6809	2	1213	2858660	1041354	2859759	1041869
7969	2936	6810	2	211	2858660	1041354	2858840	1041243
7970	2936	6864	2	919	2858660	1041354	2859437	1041846
7971	2937	1242	2	1003	2859004	1041595	2859979	1041831
7972	2937	1479	2	1394	2859004	1041595	2859932	1042636
7973	2937	1492	2	878	2859004	1041595	2859882	1041591
7974	2937	1495	2	288	2859004	1041595	2859175	1041363
7975	2937	6796	2	892	2859004	1041595	2859805	1041989
7976	2937	6800	2	1101	2859004	1041595	2858285	1040761
7977	2937	6802	2	1786	2859004	1041595	2857593	1040499
7978	2937	6809	2	803	2859004	1041595	2859759	1041869
7979	2937	6810	2	388	2859004	1041595	2858840	1041243
7980	2937	6864	2	500	2859004	1041595	2859437	1041846
7981	2937	7333	7	385	2859004	1041595	2859265	1041311
7982	2938	6812	7	1530	2859964	1040925	2859964	1042455
7983	2939	2720	2	2365	2754677	1048021	2756839	1047060
7984	2939	2722	2	415	2754677	1048021	2754568	1048422
7985	2939	2725	2	704	2754677	1048021	2754310	1048622
7986	2939	6694	2	2503	2754677	1048021	2756962	1046997
7987	2940	1241	2	536	2860330	1041188	2860864	1041138
7988	2940	6787	2	1956	2860330	1041188	2862282	1041054
7989	2940	6793	2	1893	2860330	1041188	2862220	1041076
7990	2940	6794	2	1335	2860330	1041188	2861639	1040923
7991	2941	3553	5	2760	2859027	1040172	2857023	1038273
7992	2941	6799	2	2037	2859027	1040172	2857072	1039597
7993	2941	6806	2	1935	2859027	1040172	2857111	1039896
7994	2942	3553	5	2400	2858783	1039905	2857023	1038273
7995	2942	3561	5	2958	2858783	1039905	2856668	1037837
7996	2942	6794	2	3032	2858783	1039905	2861639	1040923
7997	2942	6799	2	1738	2858783	1039905	2857072	1039597
7998	2942	6806	2	1672	2858783	1039905	2857111	1039896
7999	2943	6799	2	2788	2859635	1040696	2857072	1039597
8000	2944	3565	5	2658	2853508	1040425	2850857	1040629
8001	2944	6815	2	2067	2853508	1040425	2855567	1040236
8002	2945	1241	2	2497	2859272	1039214	2860864	1041138
8003	2945	3531	5	1303	2859272	1039214	2860457	1038670
8004	2945	3549	5	1191	2859272	1039214	2859612	1038072
8005	2945	3558	5	2872	2859272	1039214	2858034	1036622
8006	2945	6794	2	2919	2859272	1039214	2861639	1040923
8007	2946	1241	2	3157	2858458	1039094	2860864	1041138
8008	2946	3561	5	2187	2858458	1039094	2856668	1037837
8009	2947	6532	5	2476	2858015	1039718	2855656	1038963
8010	2947	6797	2	2666	2858015	1039718	2855757	1038300
8011	2947	6798	2	2554	2858015	1039718	2855886	1038307
8012	2947	6799	2	950	2858015	1039718	2857072	1039597
8013	2947	6806	2	921	2858015	1039718	2857111	1039896
8014	2947	6810	2	1733	2858015	1039718	2858840	1041243
8015	2948	1242	2	2835	2857820	1039993	2859979	1041831
8016	2948	6532	5	2396	2857820	1039993	2855656	1038963
8017	2948	6797	2	2668	2857820	1039993	2855757	1038300
8018	2948	6798	2	2565	2857820	1039993	2855886	1038307
8019	2948	6799	2	846	2857820	1039993	2857072	1039597
8020	2948	6806	2	715	2857820	1039993	2857111	1039896
8021	2949	6532	5	2364	2857649	1040235	2855656	1038963
8022	2949	6797	2	2706	2857649	1040235	2855757	1038300
8023	2949	6798	2	2612	2857649	1040235	2855886	1038307
8024	2949	6799	2	860	2857649	1040235	2857072	1039597
8025	2949	6806	2	635	2857649	1040235	2857111	1039896
8026	2950	6532	5	3186	2858625	1040121	2855656	1038963
8027	2950	6799	2	1639	2858625	1040121	2857072	1039597
8028	2950	6806	2	1530	2858625	1040121	2857111	1039896
8029	2951	1495	2	905	2858767	1040555	2859175	1041363
8030	2951	6799	2	1946	2858767	1040555	2857072	1039597
8031	2951	6800	2	524	2858767	1040555	2858285	1040761
8032	2951	6801	2	2507	2858767	1040555	2856263	1040420
8033	2951	6802	2	1175	2858767	1040555	2857593	1040499
8034	2951	6803	2	2234	2858767	1040555	2856535	1040453
8035	2951	6805	2	2465	2858767	1040555	2856303	1040464
8036	2951	6806	2	1782	2858767	1040555	2857111	1039896
8037	2951	6810	2	691	2858767	1040555	2858840	1041243
8038	2951	6864	2	1454	2858767	1040555	2859437	1041846
8039	2952	6799	2	2744	2859427	1041006	2857072	1039597
8040	3001	5780	5	2541	2819199	937935	2821682	938479
8041	3070	6275	5	2809	2741651	980313	2743821	978528
8042	3077	3086	5	2815	2750358	980348	2752315	982372
8043	3086	3077	5	2815	2752315	982372	2750358	980348
8044	3128	3996	5	1865	2784581	987822	2785970	989068
8045	3129	3995	5	2999	2784299	985714	2786469	987785
8046	3133	3135	5	3022	2803828	968513	2805706	966145
8047	3135	3133	5	3022	2805706	966145	2803828	968513
8048	3138	1856	2	2060	2807406	972921	2809429	972532
8049	3138	7271	2	2132	2807406	972921	2809384	973717
8050	3138	7273	2	2192	2807406	972921	2809467	973670
8051	3138	7274	2	1943	2807406	972921	2809337	972705
8052	3139	1856	2	1565	2809025	974044	2809429	972532
8053	3143	7263	2	2351	2809803	974031	2809514	976365
8054	3143	7264	2	1790	2809803	974031	2809519	975799
8055	3143	7266	2	3033	2809803	974031	2809505	977050
8056	3143	7271	2	523	2809803	974031	2809384	973717
8057	3148	7258	2	2973	2812303	979690	2809330	979752
8058	3154	3155	5	2632	2817213	980288	2819837	980503
8059	3155	3154	5	2632	2819837	980503	2817213	980288
8060	3156	3177	5	1223	2819974	970790	2819991	969567
8061	3156	5807	5	2799	2819974	970790	2822542	969675
8062	3156	7178	2	1579	2819974	970790	2818927	969608
8063	3156	7180	2	1194	2819974	970790	2821040	971329
8064	3156	7181	2	1140	2819974	970790	2821040	971195
8065	3164	1831	2	1736	2812270	966049	2814003	965936
8066	3164	1833	2	1465	2812270	966049	2813643	965538
8067	3164	1860	2	2309	2812270	966049	2811737	963802
8068	3164	5801	5	2543	2812270	966049	2814714	965346
8069	3164	5802	5	2756	2812270	966049	2814675	967396
8070	3164	6687	2	2919	2812270	966049	2811132	963360
8071	3165	1450	2	2370	2811575	964915	2811008	962613
8072	3165	1831	2	2633	2811575	964915	2814003	965936
8073	3165	1833	2	2159	2811575	964915	2813643	965538
8074	3165	1860	2	1124	2811575	964915	2811737	963802
8075	3165	6687	2	1616	2811575	964915	2811132	963360
8076	3166	1831	2	2991	2814781	963047	2814003	965936
8077	3166	1833	2	2738	2814781	963047	2813643	965538
8078	3167	3174	5	1903	2814531	961839	2816130	960807
8079	3168	5800	5	2068	2814120	961261	2816124	961773
8080	3170	5802	5	2789	2817316	968295	2814675	967396
8081	3170	7178	2	2078	2817316	968295	2818927	969608
8082	3170	7179	2	1855	2817316	968295	2818695	969537
8083	3174	3167	5	1903	2816130	960807	2814531	961839
8084	3177	3156	5	1223	2819991	969567	2819974	970790
8085	3177	7178	2	1064	2819991	969567	2818927	969608
8086	3177	7179	2	1296	2819991	969567	2818695	969537
8087	3177	7180	2	2050	2819991	969567	2821040	971329
8088	3177	7181	2	1936	2819991	969567	2821040	971195
8089	3178	7178	2	1132	2819983	970018	2818927	969608
8090	3178	7179	2	1374	2819983	970018	2818695	969537
8091	3178	7180	2	1684	2819983	970018	2821040	971329
8092	3179	2691	5	2244	2827869	970578	2827562	972801
8093	3180	1855	2	2432	2808295	966411	2810719	966203
8094	3180	1858	2	2225	2808295	966411	2810515	966572
8095	3182	7180	2	2871	2822614	968927	2821040	971329
8096	3182	7181	2	2760	2822614	968927	2821040	971195
8097	3184	6686	5	2422	2830535	972781	2828113	972788
8098	3191	7196	2	2617	2828928	981680	2829878	979241
8099	3191	7199	2	2834	2828928	981680	2829801	978983
8100	3193	7209	2	1661	2833164	986981	2834160	985651
8101	3193	7210	5	2121	2833164	986981	2835285	987009
8102	3193	7211	2	2349	2833164	986981	2835327	987898
8103	3193	7213	2	1511	2833164	986981	2834157	985842
8104	3193	7214	2	2804	2833164	986981	2835674	988232
8105	3195	7203	2	1024	2832972	981718	2832266	982461
8106	3195	7204	5	1620	2832972	981718	2831352	981702
8107	3195	7205	2	2392	2832972	981718	2830898	980525
8108	3195	7206	2	1901	2832972	981718	2831282	980847
8109	3195	7208	2	1484	2832972	981718	2832754	983186
8110	3214	3216	5	2771	2838578	957962	2838608	955191
8111	3216	3214	5	2771	2838608	955191	2838578	957962
8112	3236	7209	2	2633	2836405	987027	2834160	985651
8113	3236	7211	2	1385	2836405	987027	2835327	987898
8114	3236	7212	5	2003	2836405	987027	2834402	986997
8115	3236	7213	2	2541	2836405	987027	2834157	985842
8116	3236	7214	2	1409	2836405	987027	2835674	988232
8117	3244	6581	5	3062	2832591	995248	2831862	992274
8118	3249	7215	2	1472	2840713	995482	2839541	994590
8119	3249	7217	2	2194	2840713	995482	2841527	997520
8120	3249	7218	2	1038	2840713	995482	2839725	995163
8121	3249	7219	5	1430	2840713	995482	2840699	996912
8122	3249	7220	2	947	2840713	995482	2840711	996429
8123	3250	2233	2	2075	2840693	997582	2842280	998919
8124	3250	2235	2	2142	2840693	997582	2842237	999067
8125	3250	7217	2	836	2840693	997582	2841527	997520
8126	3250	7218	2	2605	2840693	997582	2839725	995163
8127	3250	7220	2	1153	2840693	997582	2840711	996429
8128	3251	7218	2	3084	2837795	997569	2839725	995163
8129	3259	5813	5	498	2856641	992879	2856346	992477
8130	3276	2232	2	2442	2845926	1002931	2843711	1001902
8131	3276	2234	2	2530	2845926	1002931	2843609	1001914
8132	3276	2240	2	2734	2845926	1002931	2845636	1005650
8133	3276	2253	2	2452	2845926	1002931	2845535	1005352
8134	3278	2237	2	3159	2846590	1006621	2844784	1004029
8135	3278	2240	2	1361	2846590	1006621	2845636	1005650
8136	3278	2252	5	417	2846590	1006621	2846292	1006913
8137	3278	2253	2	1650	2846590	1006621	2845535	1005352
8138	3289	1397	2	2618	2841541	1013886	2839749	1015795
8139	3302	7229	2	2919	2851042	1023714	2848904	1021726
8140	3302	7230	5	3094	2851042	1023714	2848386	1022127
8141	3302	7231	2	2934	2851042	1023714	2849142	1021477
8142	3302	7232	5	2594	2851042	1023714	2848669	1022666
8143	3302	7235	2	2791	2851042	1023714	2848599	1022363
8144	3309	2277	2	2873	2860763	1016014	2862776	1013963
8145	3309	2278	2	2937	2860763	1016014	2862794	1013892
8146	3320	3322	5	3138	2857358	1029160	2860496	1029191
8147	3320	5868	5	1952	2857358	1029160	2858831	1027879
8148	3322	3320	5	3138	2860496	1029191	2857358	1029160
8149	3326	2705	2	3075	2862759	1031383	2865834	1031408
8150	3326	6834	5	2896	2862759	1031383	2864692	1029226
8151	3327	6786	2	2312	2862727	1033609	2864920	1034344
8152	3328	6786	2	3056	2861864	1034387	2864920	1034344
8153	3330	5351	7	1436	2790418	1047069	2788982	1047113
8154	3330	7065	2	2156	2790418	1047069	2788287	1047398
8155	3330	7066	2	1616	2790418	1047069	2788816	1047282
8156	3330	7067	5	2406	2790418	1047069	2792279	1048594
8157	3330	7074	7	1329	2790418	1047069	2791747	1047028
8158	3331	2700	2	2423	2862715	1034527	2865070	1033954
8159	3334	2713	2	2531	2865301	1021351	2866768	1023414
8160	3334	2717	2	1937	2865301	1021351	2866672	1019982
8161	3334	2718	2	1766	2865301	1021351	2866619	1020175
8162	3335	2713	2	1433	2865559	1022644	2866768	1023414
8163	3335	2717	2	2885	2865559	1022644	2866672	1019982
8164	3335	2718	2	2686	2865559	1022644	2866619	1020175
8165	3339	2707	2	2344	2869573	1027335	2867261	1027723
8166	3339	2711	2	2387	2869573	1027335	2867208	1027663
8167	3342	2717	2	1714	2865632	1018619	2866672	1019982
8168	3342	2718	2	1842	2865632	1018619	2866619	1020175
8169	3343	2295	2	2898	2866763	1010148	2868089	1012725
8170	3343	2302	2	1877	2866763	1010148	2868127	1011438
8171	3343	7283	2	1690	2866763	1010148	2868375	1009639
8172	3343	7285	2	1756	2866763	1010148	2868444	1009639
8173	3344	2280	5	1641	2864501	1010850	2863023	1011564
8174	3344	2281	5	2219	2864501	1010850	2863016	1012499
8175	3344	2283	2	2248	2864501	1010850	2862286	1011237
8176	3349	2311	5	3163	2872966	1009584	2873567	1012690
8177	3349	5840	5	919	2872966	1009584	2873582	1010266
8178	3349	5842	5	2097	2872966	1009584	2874943	1010285
8179	3349	5847	5	1801	2872966	1009584	2873569	1011282
8180	3350	7287	2	1836	2869610	1009495	2868605	1007958
8181	3350	7288	2	1688	2869610	1009495	2868677	1008088
8182	3352	7290	2	2113	2866937	1003081	2868580	1004410
8183	3352	7291	2	2074	2866937	1003081	2868499	1004446
8184	3354	7290	2	2421	2866990	1002583	2868580	1004410
8185	3354	7291	2	2397	2866990	1002583	2868499	1004446
8186	3363	3365	5	2600	2879706	1005261	2882306	1005281
8187	3365	3363	5	2600	2882306	1005281	2879706	1005261
8188	3372	5846	5	2918	2872808	998059	2869894	997896
8189	3441	1224	5	2442	2885191	1012615	2884238	1010366
8190	3445	2315	2	2302	2885897	1018181	2883672	1018775
8191	3445	2322	2	2595	2885897	1018181	2883326	1017824
8192	3445	6842	2	2285	2885897	1018181	2883757	1018984
8193	3445	6843	2	2235	2885897	1018181	2883811	1018985
8194	3446	2315	2	1785	2885341	1018141	2883672	1018775
8195	3446	2322	2	2039	2885341	1018141	2883326	1017824
8196	3446	2326	2	2188	2885341	1018141	2883198	1017698
8197	3446	6842	2	1794	2885341	1018141	2883757	1018984
8198	3446	6843	2	1747	2885341	1018141	2883811	1018985
8199	3452	2335	2	1612	2892506	1031689	2891092	1030913
8200	3452	2336	2	1422	2892506	1031689	2892705	1033098
8201	3452	2337	2	1050	2892506	1031689	2892392	1032733
8202	3452	2338	5	1029	2892506	1031689	2891499	1031905
8203	3452	2339	2	1570	2892506	1031689	2891095	1031000
8204	3452	6289	5	2672	2892506	1031689	2889903	1032295
8205	3455	7383	2	382	2887840	1026282	2887852	1026664
8206	3455	7385	2	306	2887840	1026282	2887853	1026588
8207	3456	3459	5	2865	2885505	1022918	2882641	1022817
8208	3456	6198	5	2997	2885505	1022918	2882614	1023709
8209	3459	3456	5	2865	2882641	1022817	2885505	1022918
8210	3462	7383	2	2652	2885205	1026838	2887852	1026664
8211	3462	7385	2	2659	2885205	1026838	2887853	1026588
8212	3464	7383	2	262	2887823	1026925	2887852	1026664
8213	3464	7385	2	338	2887823	1026925	2887853	1026588
8214	3476	3484	5	2775	2879736	1037190	2877104	1038071
8215	3478	3485	5	2712	2878245	1037676	2875713	1038650
8216	3479	3483	5	2613	2879614	1042968	2882227	1042992
8217	3480	1511	2	2765	2878306	1042944	2876389	1040951
8218	3480	3482	5	2489	2878306	1042944	2880795	1042979
8219	3481	1511	2	2052	2876970	1042920	2876389	1040951
8220	3481	1515	2	2141	2876970	1042920	2877808	1040949
8221	3482	3480	5	2489	2880795	1042979	2878306	1042944
8222	3483	3479	5	2613	2882227	1042992	2879614	1042968
8223	3484	1510	2	2937	2877104	1038071	2876338	1040907
8224	3484	1513	2	2907	2877104	1038071	2877786	1040897
8225	3484	3476	5	2775	2877104	1038071	2879736	1037190
8226	3485	1513	2	3057	2875713	1038650	2877786	1040897
8227	3485	3478	5	2712	2875713	1038650	2878245	1037676
8228	3485	3488	5	2649	2875713	1038650	2873143	1039293
8229	3485	5716	5	1434	2875713	1038650	2875160	1039974
8230	3485	6879	5	2991	2875713	1038650	2873009	1039930
8231	3486	1506	2	1681	2873277	1039936	2874314	1041260
8232	3487	1506	2	1827	2873059	1039931	2874314	1041260
8233	3488	1506	2	2289	2873143	1039293	2874314	1041260
8234	3488	3485	5	2649	2873143	1039293	2875713	1038650
8235	3488	5716	5	2128	2873143	1039293	2875160	1039974
8236	3488	6879	5	650	2873143	1039293	2873009	1039930
8237	3489	3493	5	2653	2874322	1042891	2871669	1042853
8238	3493	3489	5	2653	2871669	1042853	2874322	1042891
8239	3497	1499	2	1490	2864944	1041870	2863470	1042088
8240	3497	1500	2	1636	2864944	1041870	2866354	1041040
8241	3497	1502	2	1676	2864944	1041870	2866372	1040991
8242	3497	6868	2	916	2864944	1041870	2864050	1042072
8243	3497	6869	2	1126	2864944	1041870	2863877	1042230
8244	3501	4839	5	996	2866451	1044670	2866433	1045666
8245	3502	6209	5	1593	2864825	1043533	2866359	1043963
8246	3503	1500	2	3063	2863921	1042901	2866354	1041040
8247	3503	1502	2	3107	2863921	1042901	2866372	1040991
8248	3503	6868	2	838	2863921	1042901	2864050	1042072
8249	3503	6869	2	672	2863921	1042901	2863877	1042230
8250	3504	6868	2	2025	2863429	1044000	2864050	1042072
8251	3505	6813	2	2494	2862380	1043975	2862393	1041481
8252	3506	6788	2	1800	2861638	1043142	2862081	1041397
8253	3506	6792	2	1924	2861638	1043142	2862426	1041386
8254	3506	6813	2	1824	2861638	1043142	2862393	1041481
8255	3507	1497	2	557	2863239	1042423	2863526	1041945
8256	3507	1499	2	406	2863239	1042423	2863470	1042088
8257	3509	6789	5	488	2861945	1041524	2861735	1041965
8258	3510	1241	2	328	2860938	1040818	2860864	1041138
8259	3510	3520	5	442	2860938	1040818	2861347	1040650
8260	3510	6791	5	698	2860938	1040818	2861594	1041058
8261	3510	6792	2	1592	2860938	1040818	2862426	1041386
8262	3510	6794	2	708	2860938	1040818	2861639	1040923
8263	3510	6808	2	874	2860938	1040818	2860353	1041468
8264	3511	1241	2	2526	2861511	1038696	2860864	1041138
8265	3511	6781	2	2328	2861511	1038696	2863625	1037719
8266	3511	6782	2	2503	2861511	1038696	2863681	1037448
8267	3511	6794	2	2230	2861511	1038696	2861639	1040923
8268	3512	1241	2	2622	2861234	1038542	2860864	1041138
8269	3512	3513	5	314	2861234	1038542	2861014	1038767
8270	3512	3514	5	611	2861234	1038542	2860806	1038979
8271	3512	3515	5	688	2861234	1038542	2861157	1039226
8272	3512	3523	5	1477	2861234	1038542	2861054	1040008
8273	3512	3528	5	1316	2861234	1038542	2860405	1039565
8274	3512	3529	5	1482	2861234	1038542	2860311	1039702
8275	3512	3530	5	666	2861234	1038542	2860627	1038817
8276	3512	5718	5	1352	2861234	1038542	2860762	1039809
8277	3512	5719	5	1314	2861234	1038542	2860562	1039672
8278	3512	5721	5	1527	2861234	1038542	2860661	1039958
8279	3512	6781	2	2528	2861234	1038542	2863625	1037719
8280	3512	6782	2	2680	2861234	1038542	2863681	1037448
8281	3512	6794	2	2415	2861234	1038542	2861639	1040923
8282	3513	1241	2	2375	2861014	1038767	2860864	1041138
8283	3513	6781	2	2813	2861014	1038767	2863625	1037719
8284	3513	6782	2	2975	2861014	1038767	2863681	1037448
8285	3513	6794	2	2244	2861014	1038767	2861639	1040923
8286	3514	1241	2	2159	2860806	1038979	2860864	1041138
8287	3514	3512	5	611	2860806	1038979	2861234	1038542
8288	3514	6781	2	3087	2860806	1038979	2863625	1037719
8289	3514	6790	2	2691	2860806	1038979	2862037	1041372
8290	3514	6794	2	2114	2860806	1038979	2861639	1040923
8291	3515	1241	2	1934	2861157	1039226	2860864	1041138
8292	3515	3512	5	688	2861157	1039226	2861234	1038542
8293	3515	6781	2	2891	2861157	1039226	2863625	1037719
8294	3515	6782	2	3087	2861157	1039226	2863681	1037448
8295	3515	6794	2	1764	2861157	1039226	2861639	1040923
8296	3516	1241	2	1803	2861453	1039433	2860864	1041138
8297	3516	6781	2	2766	2861453	1039433	2863625	1037719
8298	3516	6782	2	2983	2861453	1039433	2863681	1037448
8299	3516	6794	2	1501	2861453	1039433	2861639	1040923
8300	3517	1241	2	1740	2861747	1039638	2860864	1041138
8301	3517	6331	5	574	2861747	1039638	2862218	1039967
8302	3517	6781	2	2685	2861747	1039638	2863625	1037719
8303	3517	6782	2	2921	2861747	1039638	2863681	1037448
8304	3517	6808	2	2300	2861747	1039638	2860353	1041468
8305	3518	1241	2	1738	2861949	1039780	2860864	1041138
8306	3518	6781	2	2656	2861949	1039780	2863625	1037719
8307	3518	6782	2	2904	2861949	1039780	2863681	1037448
8308	3518	6808	2	2323	2861949	1039780	2860353	1041468
8309	3519	1241	2	1048	2861555	1040350	2860864	1041138
8310	3519	6331	5	765	2861555	1040350	2862218	1039967
8311	3519	6790	2	1129	2861555	1040350	2862037	1041372
8312	3519	6794	2	579	2861555	1040350	2861639	1040923
8313	3519	6808	2	1641	2861555	1040350	2860353	1041468
8314	3520	1241	2	686	2861347	1040650	2860864	1041138
8315	3520	3510	5	442	2861347	1040650	2860938	1040818
8316	3520	6790	2	998	2861347	1040650	2862037	1041372
8317	3520	6794	2	399	2861347	1040650	2861639	1040923
8318	3520	6808	2	1287	2861347	1040650	2860353	1041468
8319	3521	1241	2	1047	2861353	1040212	2860864	1041138
8320	3521	6331	5	899	2861353	1040212	2862218	1039967
8321	3521	6790	2	1346	2861353	1040212	2862037	1041372
8322	3521	6794	2	766	2861353	1040212	2861639	1040923
8323	3521	6808	2	1605	2861353	1040212	2860353	1041468
8324	3522	1241	2	688	2861148	1040511	2860864	1041138
8325	3522	6790	2	1237	2861148	1040511	2862037	1041372
8326	3522	6792	2	1548	2861148	1040511	2862426	1041386
8327	3522	6794	2	640	2861148	1040511	2861639	1040923
8328	3522	6808	2	1244	2861148	1040511	2860353	1041468
8329	3523	1241	2	1145	2861054	1040008	2860864	1041138
8330	3523	3512	5	1477	2861054	1040008	2861234	1038542
8331	3523	6790	2	1681	2861054	1040008	2862037	1041372
8332	3523	6794	2	1086	2861054	1040008	2861639	1040923
8333	3524	1241	2	835	2860849	1040303	2860864	1041138
8334	3524	6790	2	1598	2860849	1040303	2862037	1041372
8335	3524	6792	2	1913	2860849	1040303	2862426	1041386
8336	3524	6794	2	1004	2860849	1040303	2861639	1040923
8337	3525	1241	2	1078	2860562	1040103	2860864	1041138
8338	3525	5719	7	431	2860562	1040103	2860562	1039672
8339	3525	6790	2	1945	2860562	1040103	2862037	1041372
8340	3525	6792	2	2262	2860562	1040103	2862426	1041386
8341	3525	6794	2	1353	2860562	1040103	2861639	1040923
8342	3526	1241	2	1244	2860394	1039986	2860864	1041138
8343	3526	6790	2	2149	2860394	1039986	2862037	1041372
8344	3526	6792	2	2467	2860394	1039986	2862426	1041386
8345	3526	6794	2	1558	2860394	1039986	2861639	1040923
8346	3527	1241	2	1441	2860206	1039855	2860864	1041138
8347	3527	6790	2	2377	2860206	1039855	2862037	1041372
8348	3527	6792	2	2696	2860206	1039855	2862426	1041386
8349	3527	6794	2	1787	2860206	1039855	2861639	1040923
8350	3527	6799	2	3144	2860206	1039855	2857072	1039597
8351	3527	6806	2	3095	2860206	1039855	2857111	1039896
8352	3528	1241	2	1638	2860405	1039565	2860864	1041138
8353	3528	3512	5	1316	2860405	1039565	2861234	1038542
8354	3528	6790	2	2434	2860405	1039565	2862037	1041372
8355	3528	6792	2	2720	2860405	1039565	2862426	1041386
8356	3528	6794	2	1834	2860405	1039565	2861639	1040923
8357	3529	1241	2	1538	2860311	1039702	2860864	1041138
8358	3529	3512	5	1482	2860311	1039702	2861234	1038542
8359	3529	6790	2	2401	2860311	1039702	2862037	1041372
8360	3529	6792	2	2703	2860311	1039702	2862426	1041386
8361	3529	6794	2	1804	2860311	1039702	2861639	1040923
8362	3530	1241	2	2333	2860627	1038817	2860864	1041138
8363	3530	3512	5	666	2860627	1038817	2861234	1038542
8364	3530	6781	2	3192	2860627	1038817	2863625	1037719
8365	3530	6790	2	2918	2860627	1038817	2862037	1041372
8366	3530	6794	2	2336	2860627	1038817	2861639	1040923
8367	3530	6810	2	3013	2860627	1038817	2858840	1041243
8368	3531	1241	2	2501	2860457	1038670	2860864	1041138
8369	3531	2895	5	1116	2860457	1038670	2859836	1039598
8370	3531	2904	5	1542	2860457	1038670	2858949	1038993
8371	3531	2945	5	1303	2860457	1038670	2859272	1039214
8372	3531	3544	5	1008	2860457	1038670	2859478	1038912
8373	3531	3545	5	1158	2860457	1038670	2859370	1039071
8374	3531	3546	5	1416	2860457	1038670	2859108	1039101
8375	3531	3547	5	1413	2860457	1038670	2859055	1038846
8376	3531	3548	5	1291	2860457	1038670	2859166	1038692
8377	3531	3549	5	1035	2860457	1038670	2859612	1038072
8378	3531	3550	5	1386	2860457	1038670	2859258	1037973
8379	3531	3551	5	1794	2860457	1038670	2858667	1038801
8380	3531	3552	5	2251	2860457	1038670	2858368	1037831
8381	3531	3554	5	1582	2860457	1038670	2858884	1038494
8382	3531	3558	5	3172	2860457	1038670	2858034	1036622
8383	3531	5720	5	1143	2860457	1038670	2859321	1038802
8384	3531	6790	2	3130	2860457	1038670	2862037	1041372
8385	3531	6794	2	2544	2860457	1038670	2861639	1040923
8386	3531	6860	5	2344	2860457	1038670	2858119	1038502
8387	3532	1241	2	2014	2860033	1039303	2860864	1041138
8388	3532	3549	5	1301	2860033	1039303	2859612	1038072
8389	3532	6790	2	2880	2860033	1039303	2862037	1041372
8390	3532	6792	2	3172	2860033	1039303	2862426	1041386
8391	3532	6794	2	2281	2860033	1039303	2861639	1040923
8392	3532	6806	2	2981	2860033	1039303	2857111	1039896
8393	3533	1241	2	576	2860636	1040609	2860864	1041138
8394	3533	6792	2	1951	2860636	1040609	2862426	1041386
8395	3533	6794	2	1051	2860636	1040609	2861639	1040923
8396	3534	6627	5	1213	2860939	1043121	2861636	1042128
8397	3534	6788	2	2067	2860939	1043121	2862081	1041397
8398	3534	6792	2	2285	2860939	1043121	2862426	1041386
8399	3534	6813	2	2191	2860939	1043121	2862393	1041481
8400	3535	1494	2	929	2860260	1043125	2860039	1044028
8401	3535	1523	2	369	2860260	1043125	2860111	1043463
8402	3535	1524	2	1734	2860260	1043125	2860062	1044848
8403	3535	6865	2	645	2860260	1043125	2860100	1043750
8404	3536	1494	2	395	2860324	1044302	2860039	1044028
8405	3536	1523	2	865	2860324	1044302	2860111	1043463
8406	3536	1524	2	605	2860324	1044302	2860062	1044848
8407	3536	3535	5	1178	2860324	1044302	2860260	1043125
8408	3536	6865	2	595	2860324	1044302	2860100	1043750
8409	3537	2889	5	1698	2856181	1042326	2857879	1042373
8410	3537	2896	5	1284	2856181	1042326	2857465	1042365
8411	3538	6532	5	932	2855855	1039874	2855656	1038963
8412	3538	6797	2	1577	2855855	1039874	2855757	1038300
8413	3538	6798	2	1567	2855855	1039874	2855886	1038307
8414	3538	6799	2	1248	2855855	1039874	2857072	1039597
8415	3538	6806	2	1256	2855855	1039874	2857111	1039896
8416	3540	3564	5	1609	2855109	1040735	2853503	1040844
8417	3540	3569	5	1870	2855109	1040735	2853493	1041676
8418	3542	1480	7	264	2855123	1040284	2854859	1040296
8419	3542	1486	2	3024	2855123	1040284	2852139	1040780
8420	3542	6815	2	446	2855123	1040284	2855567	1040236
8421	3543	1241	2	3013	2859907	1038280	2860864	1041138
8422	3543	3558	5	2501	2859907	1038280	2858034	1036622
8423	3543	6794	2	3159	2859907	1038280	2861639	1040923
8424	3544	1241	2	2622	2859478	1038912	2860864	1041138
8425	3544	3531	5	1008	2859478	1038912	2860457	1038670
8426	3544	3549	5	850	2859478	1038912	2859612	1038072
8427	3544	3558	5	2707	2859478	1038912	2858034	1036622
8428	3544	3561	5	3008	2859478	1038912	2856668	1037837
8429	3544	6794	2	2951	2859478	1038912	2861639	1040923
8430	3545	1241	2	2550	2859370	1039071	2860864	1041138
8431	3545	3531	5	1158	2859370	1039071	2860457	1038670
8432	3545	3549	5	1027	2859370	1039071	2859612	1038072
8433	3545	3558	5	2789	2859370	1039071	2858034	1036622
8434	3545	3561	5	2970	2859370	1039071	2856668	1037837
8435	3545	6794	2	2928	2859370	1039071	2861639	1040923
8436	3546	1241	2	2689	2859108	1039101	2860864	1041138
8437	3546	3531	5	1416	2859108	1039101	2860457	1038670
8438	3546	3549	5	1145	2859108	1039101	2859612	1038072
8439	3546	3558	5	2701	2859108	1039101	2858034	1036622
8440	3546	6794	2	3118	2859108	1039101	2861639	1040923
8441	3547	1241	2	2919	2859055	1038846	2860864	1041138
8442	3547	3531	5	1413	2859055	1038846	2860457	1038670
8443	3547	3549	5	953	2859055	1038846	2859612	1038072
8444	3547	3558	5	2447	2859055	1038846	2858034	1036622
8445	3547	3561	5	2591	2859055	1038846	2856668	1037837
8446	3548	1241	2	2977	2859166	1038692	2860864	1041138
8447	3548	3531	5	1291	2859166	1038692	2860457	1038670
8448	3548	3558	5	2359	2859166	1038692	2858034	1036622
8449	3548	3561	5	2640	2859166	1038692	2856668	1037837
8450	3549	2895	5	1542	2859612	1038072	2859836	1039598
8451	3549	2904	5	1134	2859612	1038072	2858949	1038993
8452	3549	2945	5	1191	2859612	1038072	2859272	1039214
8453	3549	3531	5	1035	2859612	1038072	2860457	1038670
8454	3549	3532	5	1301	2859612	1038072	2860033	1039303
8455	3549	3544	5	850	2859612	1038072	2859478	1038912
8456	3549	3545	5	1027	2859612	1038072	2859370	1039071
8457	3549	3546	5	1145	2859612	1038072	2859108	1039101
8458	3549	3547	5	953	2859612	1038072	2859055	1038846
8459	3549	3551	5	1193	2859612	1038072	2858667	1038801
8460	3549	3552	5	1267	2859612	1038072	2858368	1037831
8461	3549	3554	5	841	2859612	1038072	2858884	1038494
8462	3549	3558	5	2143	2859612	1038072	2858034	1036622
8463	3549	3561	5	2953	2859612	1038072	2856668	1037837
8464	3549	5720	5	785	2859612	1038072	2859321	1038802
8465	3549	6860	5	1553	2859612	1038072	2858119	1038502
8466	3550	3531	5	1386	2859258	1037973	2860457	1038670
8467	3550	3558	5	1823	2859258	1037973	2858034	1036622
8468	3550	3559	5	3159	2859258	1037973	2857160	1035611
8469	3550	3561	5	2593	2859258	1037973	2856668	1037837
8470	3551	3531	5	1794	2858667	1038801	2860457	1038670
8471	3551	3549	5	1193	2858667	1038801	2859612	1038072
8472	3551	3558	5	2269	2858667	1038801	2858034	1036622
8473	3551	3561	5	2219	2858667	1038801	2856668	1037837
8474	3552	3531	5	2251	2858368	1037831	2860457	1038670
8475	3552	3549	5	1267	2858368	1037831	2859612	1038072
8476	3552	3558	5	1254	2858368	1037831	2858034	1036622
8477	3552	3559	5	2527	2858368	1037831	2857160	1035611
8478	3553	2892	5	3123	2857023	1038273	2859273	1040439
8479	3553	2893	5	3081	2857023	1038273	2859468	1040148
8480	3553	2898	5	1994	2857023	1038273	2858517	1039595
8481	3553	2899	5	1659	2857023	1038273	2858239	1039403
8482	3553	2900	5	2385	2857023	1038273	2858896	1039750
8483	3553	2941	5	2760	2857023	1038273	2859027	1040172
8484	3553	2942	5	2400	2857023	1038273	2858783	1039905
8485	3553	3555	5	1132	2857023	1038273	2857808	1039089
8486	3553	3556	5	902	2857023	1038273	2857626	1038944
8487	3553	6797	2	1266	2857023	1038273	2855757	1038300
8488	3553	6798	2	1137	2857023	1038273	2855886	1038307
8489	3553	6799	2	1324	2857023	1038273	2857072	1039597
8490	3553	6806	2	1625	2857023	1038273	2857111	1039896
8491	3554	3531	5	1582	2858884	1038494	2860457	1038670
8492	3554	3549	5	841	2858884	1038494	2859612	1038072
8493	3554	3558	5	2055	2858884	1038494	2858034	1036622
8494	3554	3561	5	2311	2858884	1038494	2856668	1037837
8495	3554	6797	2	3133	2858884	1038494	2855757	1038300
8496	3554	6798	2	3003	2858884	1038494	2855886	1038307
8497	3555	3553	5	1132	2857808	1039089	2857023	1038273
8498	3555	3561	5	1693	2857808	1039089	2856668	1037837
8499	3556	3553	5	902	2857626	1038944	2857023	1038273
8500	3556	3561	5	1463	2857626	1038944	2856668	1037837
8501	3557	6797	2	1625	2857330	1038711	2855757	1038300
8502	3557	6798	2	1499	2857330	1038711	2855886	1038307
8503	3557	6799	2	922	2857330	1038711	2857072	1039597
8504	3557	6806	2	1205	2857330	1038711	2857111	1039896
8505	3557	6810	2	2948	2857330	1038711	2858840	1041243
8506	3558	2904	5	2541	2858034	1036622	2858949	1038993
8507	3558	2945	5	2872	2858034	1036622	2859272	1039214
8508	3558	3531	5	3172	2858034	1036622	2860457	1038670
8509	3558	3543	5	2501	2858034	1036622	2859907	1038280
8510	3558	3544	5	2707	2858034	1036622	2859478	1038912
8511	3558	3545	5	2789	2858034	1036622	2859370	1039071
8512	3558	3546	5	2701	2858034	1036622	2859108	1039101
8513	3558	3547	5	2447	2858034	1036622	2859055	1038846
8514	3558	3548	5	2359	2858034	1036622	2859166	1038692
8515	3558	3549	5	2143	2858034	1036622	2859612	1038072
8516	3558	3550	5	1823	2858034	1036622	2859258	1037973
8517	3558	3551	5	2269	2858034	1036622	2858667	1038801
8518	3558	3552	5	1254	2858034	1036622	2858368	1037831
8519	3558	3554	5	2055	2858034	1036622	2858884	1038494
8520	3558	5720	5	2531	2858034	1036622	2859321	1038802
8521	3558	6860	5	1881	2858034	1036622	2858119	1038502
8522	3559	3550	5	3159	2857160	1035611	2859258	1037973
8523	3559	3552	5	2527	2857160	1035611	2858368	1037831
8524	3561	2898	5	2551	2856668	1037837	2858517	1039595
8525	3561	2899	5	2218	2856668	1037837	2858239	1039403
8526	3561	2900	5	2936	2856668	1037837	2858896	1039750
8527	3561	2904	5	2557	2856668	1037837	2858949	1038993
8528	3561	2942	5	2958	2856668	1037837	2858783	1039905
8529	3561	2946	5	2187	2856668	1037837	2858458	1039094
8530	3561	3544	5	3008	2856668	1037837	2859478	1038912
8531	3561	3545	5	2970	2856668	1037837	2859370	1039071
8532	3561	3547	5	2591	2856668	1037837	2859055	1038846
8533	3561	3548	5	2640	2856668	1037837	2859166	1038692
8534	3561	3549	5	2953	2856668	1037837	2859612	1038072
8535	3561	3550	5	2593	2856668	1037837	2859258	1037973
8536	3561	3551	5	2219	2856668	1037837	2858667	1038801
8537	3561	3554	5	2311	2856668	1037837	2858884	1038494
8538	3561	3555	5	1693	2856668	1037837	2857808	1039089
8539	3561	3556	5	1463	2856668	1037837	2857626	1038944
8540	3561	5720	5	2823	2856668	1037837	2859321	1038802
8541	3561	6860	5	1596	2856668	1037837	2858119	1038502
8542	3563	1472	2	1669	2855284	1036382	2853616	1036442
8543	3563	1474	2	1724	2855284	1036382	2853562	1036469
8544	3563	3576	5	2789	2855284	1036382	2853288	1034433
8545	3563	6797	2	1975	2855284	1036382	2855757	1038300
8546	3563	6798	2	2016	2855284	1036382	2855886	1038307
8547	3564	3540	5	1609	2853503	1040844	2855109	1040735
8548	3564	6857	2	1270	2853503	1040844	2854735	1040532
8549	3565	1488	2	2886	2850857	1040629	2853743	1040595
8550	3565	2944	5	2658	2850857	1040629	2853508	1040425
8551	3565	6215	5	3154	2850857	1040629	2853526	1038947
8552	3565	7324	5	2813	2850857	1040629	2853517	1039713
8553	3565	7326	5	2569	2850857	1040629	2850911	1038060
8554	3566	1488	2	2925	2850844	1040989	2853743	1040595
8555	3568	1468	2	2970	2853555	1037411	2851640	1035140
8556	3568	1472	2	970	2853555	1037411	2853616	1036442
8557	3568	1473	5	810	2853555	1037411	2854243	1036983
8558	3568	1474	2	942	2853555	1037411	2853562	1036469
8559	3568	1476	5	1264	2853555	1037411	2854762	1037035
8560	3568	1477	5	851	2853555	1037411	2854318	1037032
8561	3568	6797	2	2374	2853555	1037411	2855757	1038300
8562	3568	6798	2	2497	2853555	1037411	2855886	1038307
8563	3568	6870	2	2591	2853555	1037411	2851915	1035405
8564	3568	7323	5	3016	2853555	1037411	2855704	1039528
8565	3568	7325	5	1854	2853555	1037411	2854580	1038957
8566	3569	1490	7	1597	2853493	1041676	2854779	1040729
8567	3569	3540	5	1870	2853493	1041676	2855109	1040735
8568	3569	6857	2	1688	2853493	1041676	2854735	1040532
8569	3570	6857	2	2147	2853485	1042278	2854735	1040532
8570	3571	6214	5	2689	2848284	1039596	2850892	1038939
8571	3572	7322	5	1606	2845620	1039554	2845631	1037948
8572	3575	1468	2	2986	2854575	1035690	2851640	1035140
8573	3575	1472	2	1218	2854575	1035690	2853616	1036442
8574	3575	1474	2	1277	2854575	1035690	2853562	1036469
8575	3575	3581	5	2663	2854575	1035690	2852667	1033831
8576	3575	6797	2	2865	2854575	1035690	2855757	1038300
8577	3575	6798	2	2927	2854575	1035690	2855886	1038307
8578	3575	6870	2	2675	2854575	1035690	2851915	1035405
8579	3576	3563	5	2789	2853288	1034433	2855284	1036382
8580	3576	3580	5	1884	2853288	1034433	2851935	1033121
8581	3580	3576	5	1884	2851935	1033121	2853288	1034433
8582	3581	3575	5	2663	2852667	1033831	2854575	1035690
8583	3585	1460	5	3061	2849289	1033086	2846228	1033046
8584	3585	1461	2	289	2849289	1033086	2849151	1033341
8585	3585	1463	2	377	2849289	1033086	2849424	1033439
8586	3585	1468	2	3121	2849289	1033086	2851640	1035140
8587	3585	7246	2	2545	2849289	1033086	2846769	1032726
8588	3585	7247	2	2619	2849289	1033086	2846683	1032816
8589	3589	1460	5	1353	2846639	1034336	2846228	1033046
8590	3589	7247	2	1520	2846639	1034336	2846683	1032816
8591	3590	1468	2	3193	2848544	1034355	2851640	1035140
8592	3590	1469	7	2548	2848544	1034355	2851092	1034378
8593	3591	2571	2	2099	2778428	1047722	2779729	1046074
8594	3591	7020	2	2240	2778428	1047722	2776188	1047722
8595	3591	7021	2	2807	2778428	1047722	2775636	1047432
8596	3591	7024	7	784	2778428	1047722	2777648	1047806
8597	3591	7028	2	2245	2778428	1047722	2779808	1045950
8598	3591	7045	2	529	2778428	1047722	2777983	1048009
8599	3593	3598	5	2483	2844752	1034320	2842986	1036066
8600	3595	7242	2	2433	2845682	1033039	2846194	1030660
8601	3595	7243	2	2529	2845682	1033039	2846096	1030544
8602	3598	3593	5	2483	2842986	1036066	2844752	1034320
8603	3598	6610	5	3078	2842986	1036066	2843024	1032988
8604	3600	7321	5	1184	2845625	1038864	2845617	1040048
8605	3601	1880	2	2940	2841652	1042104	2839086	1040668
8606	3601	3603	5	1298	2841652	1042104	2840354	1042084
8607	3602	1875	2	1547	2840984	1042094	2841547	1040653
8608	3602	1880	2	2374	2840984	1042094	2839086	1040668
8609	3603	1875	2	1863	2840354	1042084	2841547	1040653
8610	3603	1880	2	1900	2840354	1042084	2839086	1040668
8611	3603	3601	5	1298	2840354	1042084	2841652	1042104
8612	3605	1879	2	2601	2841671	1039495	2839323	1040616
8613	3606	1869	2	2082	2840353	1038797	2841389	1040604
8614	3606	1879	2	2090	2840353	1038797	2839323	1040616
8615	3606	6535	5	2797	2840353	1038797	2842965	1037794
8616	3606	6611	5	2628	2840353	1038797	2840353	1041425
8617	3613	7245	5	2993	2843043	1031634	2846036	1031656
8618	3614	6486	7	2258	2783252	1047908	2782435	1050014
8619	3614	7049	2	306	2783252	1047908	2783062	1048149
8620	3614	7050	2	987	2783252	1047908	2782307	1048193
8621	3614	7053	5	1525	2783252	1047908	2784672	1047351
8622	3614	7057	5	1718	2783252	1047908	2784845	1048552
8623	3614	7058	2	3090	2783252	1047908	2786292	1047351
8624	3615	7242	2	1113	2845690	1031653	2846194	1030660
8625	3615	7243	2	1180	2845690	1031653	2846096	1030544
8626	3616	3618	5	2989	2843148	1027067	2840448	1028350
8627	3616	3624	5	2769	2843148	1027067	2840460	1026401
8628	3618	3616	5	2989	2840448	1028350	2843148	1027067
8629	3619	7239	5	2121	2845068	1026407	2846603	1027872
8630	3619	7241	2	2136	2845068	1026407	2846251	1028186
8631	3620	7238	5	2583	2844304	1025674	2846172	1027459
8632	3620	7239	5	3180	2844304	1025674	2846603	1027872
8633	3620	7241	2	3178	2844304	1025674	2846251	1028186
8634	3621	2626	5	1724	2841855	1023966	2840426	1023001
8635	3621	3625	5	2771	2841855	1023966	2839147	1023377
8636	3624	3616	5	2769	2840460	1026401	2843148	1027067
8637	3625	2626	5	1333	2839147	1023377	2840426	1023001
8638	3625	3621	5	2771	2839147	1023377	2841855	1023966
8639	3637	3784	5	1530	2832720	1031579	2831190	1031572
8640	3637	3785	5	3110	2832720	1031579	2831065	1034213
8641	3639	7328	5	1667	2835195	1030048	2833841	1031021
8642	3644	3784	5	2861	2832269	1034222	2831190	1031572
8643	3646	3658	5	2155	2835118	1034248	2835113	1036403
8644	3647	3657	5	2942	2835142	1032976	2835114	1035918
8645	3648	3657	5	3118	2837760	1034268	2835114	1035918
8646	3648	6224	5	2982	2837760	1034268	2835683	1036408
8647	3649	3651	5	2461	2837769	1032998	2837742	1035459
8648	3651	3649	5	2461	2837742	1035459	2837769	1032998
8649	3651	3657	5	2667	2837742	1035459	2835114	1035918
8650	3651	6224	5	2267	2837742	1035459	2835683	1036408
8651	3657	3647	5	2942	2835114	1035918	2835142	1032976
8652	3657	3648	5	3118	2835114	1035918	2837760	1034268
8653	3657	3651	5	2667	2835114	1035918	2837742	1035459
8654	3658	3646	5	2155	2835113	1036403	2835118	1034248
8655	3668	1880	2	2016	2837703	1042136	2839086	1040668
8656	3668	1881	2	3134	2837703	1042136	2834581	1041857
8657	3668	1882	2	3172	2837703	1042136	2834546	1041819
8658	3672	1872	2	2673	2833207	1044578	2831196	1046340
8659	3672	1894	2	1988	2833207	1044578	2831292	1045114
8660	3673	1872	2	1734	2832355	1045050	2831196	1046340
8661	3673	1889	2	2347	2832355	1045050	2831147	1047063
8662	3673	1894	2	1064	2832355	1045050	2831292	1045114
8663	3673	1897	2	2363	2832355	1045050	2831091	1047047
8664	3674	1872	2	1206	2831853	1045328	2831196	1046340
8665	3674	1884	2	2721	2831853	1045328	2832709	1042745
8666	3674	1889	2	1873	2831853	1045328	2831147	1047063
8667	3674	1894	2	600	2831853	1045328	2831292	1045114
8668	3674	1897	2	1880	2831853	1045328	2831091	1047047
8669	3675	1872	2	1057	2831373	1045297	2831196	1046340
8670	3675	1884	2	2880	2831373	1045297	2832709	1042745
8671	3675	1889	2	1780	2831373	1045297	2831147	1047063
8672	3675	1892	5	647	2831373	1045297	2831329	1044651
8673	3675	1893	5	1123	2831373	1045297	2831332	1044174
8674	3675	1894	2	200	2831373	1045297	2831292	1045114
8675	3675	1897	2	1772	2831373	1045297	2831091	1047047
8676	3676	3678	5	2482	2830363	1039351	2827881	1039315
8677	3677	6614	5	2911	2829185	1039334	2826274	1039291
8678	3678	3676	5	2482	2827881	1039315	2830363	1039351
8679	3678	3776	5	3071	2827881	1039315	2824810	1039270
8680	3679	1902	2	2519	2826366	1045325	2823858	1045081
8681	3679	1904	2	798	2826366	1045325	2826799	1045996
8682	3679	1905	2	1059	2826366	1045325	2825631	1046088
8683	3679	1907	2	1149	2826366	1045325	2825509	1046091
8684	3679	1909	2	2363	2826366	1045325	2824008	1045162
8685	3679	3681	5	1151	2826366	1045325	2825472	1044599
8686	3680	1902	2	2505	2826353	1045314	2823858	1045081
8687	3680	1904	2	814	2826353	1045314	2826799	1045996
8688	3680	1905	2	1058	2826353	1045314	2825631	1046088
8689	3680	1907	2	1147	2826353	1045314	2825509	1046091
8690	3680	1909	2	2349	2826353	1045314	2824008	1045162
8691	3681	1904	2	1926	2825472	1044599	2826799	1045996
8692	3681	3679	5	1151	2825472	1044599	2826366	1045325
8693	3682	1904	2	2070	2826941	1048062	2826799	1045996
8694	3682	1906	2	1934	2826941	1048062	2826349	1046220
8695	3683	1906	2	921	2826426	1047138	2826349	1046220
8696	3683	1908	5	643	2826426	1047138	2825868	1046817
8697	3683	1909	2	3122	2826426	1047138	2824008	1045162
8698	3683	6451	5	676	2826426	1047138	2825781	1046934
8699	3685	3688	5	2377	2824695	1049293	2822603	1050423
8700	3685	3689	5	2802	2824695	1049293	2822232	1050629
8701	3685	3690	5	1498	2824695	1049293	2823377	1050005
8702	3686	3685	5	909	2824193	1050051	2824695	1049293
8703	3686	3688	5	1632	2824193	1050051	2822603	1050423
8704	3686	3689	5	2044	2824193	1050051	2822232	1050629
8705	3686	3690	5	817	2824193	1050051	2823377	1050005
8706	3686	3696	5	2733	2824193	1050051	2821794	1051361
8707	3687	3686	5	1569	2822815	1050803	2824193	1050051
8708	3687	4628	5	2644	2822815	1050803	2821772	1053233
8709	3687	4630	5	1622	2822815	1050803	2823606	1052220
8710	3687	4631	5	2013	2822815	1050803	2822556	1052800
8711	3687	4632	5	2223	2822815	1050803	2823800	1052796
8712	3687	5964	5	2268	2822815	1050803	2824482	1052342
8713	3687	6368	5	2949	2822815	1050803	2821443	1053414
8714	3688	3685	5	2377	2822603	1050423	2824695	1049293
8715	3688	3686	5	1632	2822603	1050423	2824193	1050051
8716	3688	3689	5	424	2822603	1050423	2822232	1050629
8717	3689	3685	5	2802	2822232	1050629	2824695	1049293
8718	3689	3686	5	2044	2822232	1050629	2824193	1050051
8719	3689	3690	5	1303	2822232	1050629	2823377	1050005
8720	3689	3696	5	853	2822232	1050629	2821794	1051361
8721	3690	3686	5	817	2823377	1050005	2824193	1050051
8722	3690	3688	5	879	2823377	1050005	2822603	1050423
8723	3690	3689	5	1303	2823377	1050005	2822232	1050629
8724	3690	3696	5	2084	2823377	1050005	2821794	1051361
8725	3691	1717	2	2749	2821336	1047207	2819025	1045717
8726	3692	1717	2	2130	2820558	1047197	2819025	1045717
8727	3693	1717	2	1958	2820308	1047197	2819025	1045717
8728	3694	1717	2	1704	2819873	1047196	2819025	1045717
8729	3695	1717	2	1587	2819603	1047196	2819025	1045717
8730	3696	3686	5	2733	2821794	1051361	2824193	1050051
8731	3696	3687	5	1163	2821794	1051361	2822815	1050803
8732	3696	3689	5	853	2821794	1051361	2822232	1050629
8733	3696	3690	5	2084	2821794	1051361	2823377	1050005
8734	3696	4629	5	1382	2821794	1051361	2823174	1051445
8735	3697	1614	2	773	2820982	1051804	2820964	1052577
8736	3697	1615	2	511	2820982	1051804	2820868	1052303
8737	3697	1618	2	940	2820982	1051804	2820291	1051166
8738	3697	1620	5	528	2820982	1051804	2820521	1052062
8739	3697	1621	2	824	2820982	1051804	2820367	1051255
8740	3697	1622	2	2929	2820982	1051804	2819494	1049281
8741	3698	1614	2	1146	2820783	1051445	2820964	1052577
8742	3698	1615	2	862	2820783	1051445	2820868	1052303
8743	3698	1617	5	536	2820783	1051445	2820315	1051708
8744	3698	1618	2	565	2820783	1051445	2820291	1051166
8745	3698	1619	5	267	2820783	1051445	2820550	1051576
8746	3698	1621	2	457	2820783	1051445	2820367	1051255
8747	3698	1622	2	2518	2820783	1051445	2819494	1049281
8748	3698	1632	2	2951	2820783	1051445	2819250	1048923
8749	3699	1618	2	2804	2819875	1048393	2820291	1051166
8750	3699	1621	2	2903	2819875	1048393	2820367	1051255
8751	3699	1622	2	966	2819875	1048393	2819494	1049281
8752	3699	1624	2	1146	2819875	1048393	2818729	1048396
8753	3699	1632	2	819	2819875	1048393	2819250	1048923
8754	3699	1653	2	2491	2819875	1048393	2818023	1046727
8755	3699	5910	5	1358	2819875	1048393	2819875	1047035
8756	3700	1618	2	2998	2819373	1048312	2820291	1051166
8757	3700	1621	2	3106	2819373	1048312	2820367	1051255
8758	3700	1622	2	976	2819373	1048312	2819494	1049281
8759	3700	1623	5	740	2819373	1048312	2818736	1048690
8760	3700	1624	2	649	2819373	1048312	2818729	1048396
8761	3700	1632	2	623	2819373	1048312	2819250	1048923
8762	3700	1653	2	2082	2819373	1048312	2818023	1046727
8763	3700	1658	5	889	2819373	1048312	2818484	1048315
8764	3700	3705	5	1624	2819373	1048312	2817966	1049125
8765	3701	1622	2	2018	2819491	1047263	2819494	1049281
8766	3701	1624	2	1365	2819491	1047263	2818729	1048396
8767	3701	1625	5	1346	2819491	1047263	2818416	1048074
8768	3701	1626	5	1380	2819491	1047263	2818158	1047621
8769	3701	1627	5	1595	2819491	1047263	2818074	1047997
8770	3701	1632	2	1677	2819491	1047263	2819250	1048923
8771	3701	1634	5	1007	2819491	1047263	2818604	1047740
8772	3701	1635	5	2109	2819491	1047263	2817644	1048283
8773	3701	1636	5	1059	2819491	1047263	2818478	1047573
8774	3701	1637	5	956	2819491	1047263	2818710	1047816
8775	3701	1644	5	969	2819491	1047263	2818729	1047863
8776	3701	1653	2	1562	2819491	1047263	2818023	1046727
8777	3701	1655	5	1339	2819491	1047263	2818272	1047818
8778	3701	1657	5	2590	2819491	1047263	2816901	1047289
8779	3701	3702	5	2272	2819491	1047263	2817398	1048147
8780	3701	3704	5	2254	2819491	1047263	2817518	1048354
8781	3701	3711	5	2406	2819491	1047263	2817118	1047664
8782	3701	3712	5	2914	2819491	1047263	2816676	1048018
8783	3701	3743	5	3169	2819491	1047263	2816342	1047621
8784	3702	1622	2	2383	2817398	1048147	2819494	1049281
8785	3702	1624	2	1354	2817398	1048147	2818729	1048396
8786	3702	1627	5	692	2817398	1048147	2818074	1047997
8787	3702	1632	2	2008	2817398	1048147	2819250	1048923
8788	3702	1649	2	2547	2817398	1048147	2816694	1045699
8789	3702	1653	2	1551	2817398	1048147	2818023	1046727
8790	3702	1657	5	991	2817398	1048147	2816901	1047289
8791	3702	1659	5	1096	2817398	1048147	2818469	1047913
8792	3702	3701	5	2272	2817398	1048147	2819491	1047263
8793	3703	1622	2	2524	2817316	1048005	2819494	1049281
8794	3703	1624	2	1466	2817316	1048005	2818729	1048396
8795	3703	1627	5	758	2817316	1048005	2818074	1047997
8796	3703	1632	2	2140	2817316	1048005	2819250	1048923
8797	3703	1637	5	1406	2817316	1048005	2818710	1047816
8798	3703	1643	5	2172	2817316	1048005	2819488	1047969
8799	3703	1644	5	1420	2817316	1048005	2818729	1047863
8800	3703	1649	2	2388	2817316	1048005	2816694	1045699
8801	3703	1653	2	1460	2817316	1048005	2818023	1046727
8802	3703	1657	5	827	2817316	1048005	2816901	1047289
8803	3703	1659	5	1156	2817316	1048005	2818469	1047913
8804	3703	3704	5	403	2817316	1048005	2817518	1048354
8805	3704	1622	2	2182	2817518	1048354	2819494	1049281
8806	3704	1624	2	1211	2817518	1048354	2818729	1048396
8807	3704	1627	5	660	2817518	1048354	2818074	1047997
8808	3704	1632	2	1823	2817518	1048354	2819250	1048923
8809	3704	1634	5	1247	2817518	1048354	2818604	1047740
8810	3704	1636	5	1237	2817518	1048354	2818478	1047573
8811	3704	1649	2	2779	2817518	1048354	2816694	1045699
8812	3704	1653	2	1703	2817518	1048354	2818023	1046727
8813	3704	1655	5	925	2817518	1048354	2818272	1047818
8814	3704	1657	5	1230	2817518	1048354	2816901	1047289
8815	3704	1659	5	1048	2817518	1048354	2818469	1047913
8816	3704	2915	5	3144	2817518	1048354	2814856	1046681
8817	3704	3701	5	2254	2817518	1048354	2819491	1047263
8818	3704	3703	5	403	2817518	1048354	2817316	1048005
8819	3704	3711	5	797	2817518	1048354	2817118	1047664
8820	3704	3712	5	906	2817518	1048354	2816676	1048018
8821	3704	3713	5	1445	2817518	1048354	2816075	1048275
8822	3704	3717	5	2043	2817518	1048354	2815487	1048128
8823	3704	3720	5	1721	2817518	1048354	2815855	1047909
8824	3704	3732	5	2434	2817518	1048354	2815084	1048363
8825	3704	3743	5	1385	2817518	1048354	2816342	1047621
8826	3704	3745	5	2402	2817518	1048354	2815420	1047184
8827	3704	3746	5	2518	2817518	1048354	2815136	1047535
8828	3704	6382	5	2964	2817518	1048354	2814851	1047060
8829	3704	6623	5	3151	2817518	1048354	2814402	1047881
8830	3705	1618	2	3093	2817966	1049125	2820291	1051166
8831	3705	1622	2	1535	2817966	1049125	2819494	1049281
8832	3705	1624	2	1055	2817966	1049125	2818729	1048396
8833	3705	1632	2	1299	2817966	1049125	2819250	1048923
8834	3705	1633	5	1229	2817966	1049125	2819033	1048514
8835	3705	1653	2	2398	2817966	1049125	2818023	1046727
8836	3705	3700	5	1624	2817966	1049125	2819373	1048312
8837	3708	1622	2	2412	2817125	1048827	2819494	1049281
8838	3708	1623	5	1616	2817125	1048827	2818736	1048690
8839	3708	1624	2	1660	2817125	1048827	2818729	1048396
8840	3708	1627	5	1260	2817125	1048827	2818074	1047997
8841	3708	1632	2	2127	2817125	1048827	2819250	1048923
8842	3708	1633	5	1933	2817125	1048827	2819033	1048514
8843	3708	1635	5	751	2817125	1048827	2817644	1048283
8844	3708	1649	2	3157	2817125	1048827	2816694	1045699
8845	3708	1653	2	2283	2817125	1048827	2818023	1046727
8846	3708	1657	5	1554	2817125	1048827	2816901	1047289
8847	3708	1658	7	1452	2817125	1048827	2818484	1048315
8848	3708	3704	5	614	2817125	1048827	2817518	1048354
8849	3709	1715	2	3164	2816391	1048802	2816801	1045664
8850	3709	2919	5	2141	2816391	1048802	2816684	1046681
8851	3709	6376	5	3019	2816391	1048802	2816693	1045798
8852	3710	1657	5	1487	2816300	1048650	2816901	1047289
8853	3710	1715	2	3027	2816300	1048650	2816801	1045664
8854	3710	2919	5	2006	2816300	1048650	2816684	1046681
8855	3710	6376	5	2878	2816300	1048650	2816693	1045798
8856	3711	1622	2	2874	2817118	1047664	2819494	1049281
8857	3711	1623	5	1915	2817118	1047664	2818736	1048690
8858	3711	1624	2	1769	2817118	1047664	2818729	1048396
8859	3711	1632	2	2475	2817118	1047664	2819250	1048923
8860	3711	1649	2	2010	2817118	1047664	2816694	1045699
8861	3711	1653	2	1302	2817118	1047664	2818023	1046727
8862	3711	3701	5	2406	2817118	1047664	2819491	1047263
8863	3711	3704	5	797	2817118	1047664	2817518	1048354
8864	3712	1622	2	3088	2816676	1048018	2819494	1049281
8865	3712	1624	2	2087	2816676	1048018	2818729	1048396
8866	3712	1627	5	1398	2816676	1048018	2818074	1047997
8867	3712	1632	2	2728	2816676	1048018	2819250	1048923
8868	3712	1637	5	2044	2816676	1048018	2818710	1047816
8869	3712	1638	5	2514	2816676	1048018	2819178	1047766
8870	3712	1643	5	2812	2816676	1048018	2819488	1047969
8871	3712	1644	5	2058	2816676	1048018	2818729	1047863
8872	3712	1653	2	1865	2816676	1048018	2818023	1046727
8873	3712	1657	5	762	2816676	1048018	2816901	1047289
8874	3712	1659	5	1796	2816676	1048018	2818469	1047913
8875	3712	1715	2	2357	2816676	1048018	2816801	1045664
8876	3712	2919	5	1337	2816676	1048018	2816684	1046681
8877	3712	3701	5	2914	2816676	1048018	2819491	1047263
8878	3712	3704	5	906	2816676	1048018	2817518	1048354
8879	3712	6376	5	2220	2816676	1048018	2816693	1045798
8880	3713	1624	2	2656	2816075	1048275	2818729	1048396
8881	3713	1627	5	2018	2816075	1048275	2818074	1047997
8882	3713	1637	5	2674	2816075	1048275	2818710	1047816
8883	3713	1638	5	3144	2816075	1048275	2819178	1047766
8884	3713	1644	5	2685	2816075	1048275	2818729	1047863
8885	3713	1653	2	2488	2816075	1048275	2818023	1046727
8886	3713	1659	5	2421	2816075	1048275	2818469	1047913
8887	3713	1715	2	2710	2816075	1048275	2816801	1045664
8888	3713	2919	5	1706	2816075	1048275	2816684	1046681
8889	3713	3704	5	1445	2816075	1048275	2817518	1048354
8890	3713	6376	5	2552	2816075	1048275	2816693	1045798
8891	3714	1657	5	2060	2816117	1049195	2816901	1047289
8892	3714	2919	5	2577	2816117	1049195	2816684	1046681
8893	3715	1653	2	2999	2815925	1048870	2818023	1046727
8894	3715	1657	5	1857	2815925	1048870	2816901	1047289
8895	3715	2919	5	2316	2815925	1048870	2816684	1046681
8896	3715	6376	5	3166	2815925	1048870	2816693	1045798
8897	3716	1627	5	2423	2815702	1048493	2818074	1047997
8898	3716	1653	2	2916	2815702	1048493	2818023	1046727
8899	3716	1659	5	2827	2815702	1048493	2818469	1047913
8900	3716	1715	2	3034	2815702	1048493	2816801	1045664
8901	3716	2919	5	2060	2815702	1048493	2816684	1046681
8902	3716	6376	5	2871	2815702	1048493	2816693	1045798
8903	3717	1627	5	2590	2815487	1048128	2818074	1047997
8904	3717	1653	2	2897	2815487	1048128	2818023	1046727
8905	3717	1659	5	2989	2815487	1048128	2818469	1047913
8906	3717	1715	2	2792	2815487	1048128	2816801	1045664
8907	3717	2919	5	1877	2815487	1048128	2816684	1046681
8908	3717	3704	5	2043	2815487	1048128	2817518	1048354
8909	3717	6375	5	2370	2815487	1048128	2815541	1045758
8910	3717	6376	5	2623	2815487	1048128	2816693	1045798
8911	3717	6377	5	1715	2815487	1048128	2815532	1046413
8912	3718	4512	5	1945	2815537	1049098	2815288	1051028
8913	3719	4512	5	1750	2815227	1049279	2815288	1051028
8914	3719	6377	5	2882	2815227	1049279	2815532	1046413
8915	3720	1624	2	2914	2815855	1047909	2818729	1048396
8916	3720	1627	5	2220	2815855	1047909	2818074	1047997
8917	3720	1653	2	2469	2815855	1047909	2818023	1046727
8918	3720	1715	2	2436	2815855	1047909	2816801	1045664
8919	3720	2919	5	1481	2815855	1047909	2816684	1046681
8920	3720	3704	5	1721	2815855	1047909	2817518	1048354
8921	3720	6376	5	2271	2815855	1047909	2816693	1045798
8922	3722	2919	5	2835	2816290	1049489	2816684	1046681
8923	3723	4512	5	1255	2816172	1050137	2815288	1051028
8924	3724	4512	5	897	2815843	1050323	2815288	1051028
8925	3726	4512	5	1181	2815584	1049884	2815288	1051028
8926	3727	4512	5	1434	2815416	1049599	2815288	1051028
8927	3728	4512	5	1662	2815721	1049423	2815288	1051028
8928	3729	4512	5	1175	2814679	1050022	2815288	1051028
8929	3729	6891	5	2979	2814679	1050022	2811750	1050566
8930	3730	4512	5	1539	2814496	1049708	2815288	1051028
8931	3730	6891	5	2876	2814496	1049708	2811750	1050566
8932	3731	2919	5	2781	2815000	1048895	2816684	1046681
8933	3731	4512	5	2152	2815000	1048895	2815288	1051028
8934	3731	6375	5	3183	2815000	1048895	2815541	1045758
8935	3731	6377	5	2538	2815000	1048895	2815532	1046413
8936	3732	1627	5	3012	2815084	1048363	2818074	1047997
8937	3732	1635	5	2561	2815084	1048363	2817644	1048283
8938	3732	1715	2	3198	2815084	1048363	2816801	1045664
8939	3732	2919	5	2321	2815084	1048363	2816684	1046681
8940	3732	3704	5	2434	2815084	1048363	2817518	1048354
8941	3732	4512	5	2672	2815084	1048363	2815288	1051028
8942	3732	6375	5	2644	2815084	1048363	2815541	1045758
8943	3732	6376	5	3027	2815084	1048363	2816693	1045798
8944	3732	6377	5	2000	2815084	1048363	2815532	1046413
8945	3733	4510	5	2087	2814490	1051127	2815570	1052913
8946	3733	4511	5	759	2814490	1051127	2814088	1051771
8947	3733	6891	5	2796	2814490	1051127	2811750	1050566
8948	3733	6892	5	2996	2814490	1051127	2811601	1050333
8949	3734	4510	5	2221	2813842	1051517	2815570	1052913
8950	3734	6891	5	2298	2813842	1051517	2811750	1050566
8951	3734	6892	5	2534	2813842	1051517	2811601	1050333
8952	3735	4510	5	2943	2813936	1050465	2815570	1052913
8953	3735	4511	5	1314	2813936	1050465	2814088	1051771
8954	3735	4512	5	1464	2813936	1050465	2815288	1051028
8955	3735	6891	5	2188	2813936	1050465	2811750	1050566
8956	3735	6892	5	2338	2813936	1050465	2811601	1050333
8957	3735	6893	5	3027	2813936	1050465	2810912	1050311
8958	3736	4510	5	3100	2813219	1050892	2815570	1052913
8959	3736	4511	5	1236	2813219	1050892	2814088	1051771
8960	3736	6891	5	1504	2813219	1050892	2811750	1050566
8961	3736	6892	5	1711	2813219	1050892	2811601	1050333
8962	3737	4511	5	2473	2813305	1049425	2814088	1051771
8963	3737	4512	5	2549	2813305	1049425	2815288	1051028
8964	3737	6891	5	1928	2813305	1049425	2811750	1050566
8965	3737	7392	2	2942	2813305	1049425	2813629	1046500
8966	3738	1670	2	2257	2813663	1048278	2813678	1046021
8967	3738	4512	5	3194	2813663	1048278	2815288	1051028
8968	3739	4510	5	2678	2813517	1051192	2815570	1052913
8969	3739	4511	5	813	2813517	1051192	2814088	1051771
8970	3739	6891	5	1874	2813517	1051192	2811750	1050566
8971	3739	6892	5	2099	2813517	1051192	2811601	1050333
8972	3740	4511	5	1460	2813060	1050734	2814088	1051771
8973	3740	6891	5	1320	2813060	1050734	2811750	1050566
8974	3740	6892	5	1513	2813060	1050734	2811601	1050333
8975	3741	4511	5	1641	2812932	1050605	2814088	1051771
8976	3741	6891	5	1182	2812932	1050605	2811750	1050566
8977	3741	6892	5	1358	2812932	1050605	2811601	1050333
8978	3742	4511	5	2061	2812636	1050308	2814088	1051771
8979	3742	6891	5	922	2812636	1050308	2811750	1050566
8980	3743	1624	2	2509	2816342	1047621	2818729	1048396
8981	3743	1632	2	3186	2816342	1047621	2819250	1048923
8982	3743	1653	2	1903	2816342	1047621	2818023	1046727
8983	3743	1715	2	2010	2816342	1047621	2816801	1045664
8984	3743	2919	5	1000	2816342	1047621	2816684	1046681
8985	3743	3701	5	3169	2816342	1047621	2819491	1047263
8986	3743	3704	5	1385	2816342	1047621	2817518	1048354
8987	3743	6376	5	1856	2816342	1047621	2816693	1045798
8988	3744	1624	2	2529	2816682	1046910	2818729	1048396
8989	3744	1653	2	1353	2816682	1046910	2818023	1046727
8990	3744	1715	2	1251	2816682	1046910	2816801	1045664
8991	3744	2920	7	692	2816682	1046910	2816028	1046681
8992	3744	6376	5	1112	2816682	1046910	2816693	1045798
8993	3745	1653	2	2642	2815420	1047184	2818023	1046727
8994	3745	1715	2	2053	2815420	1047184	2816801	1045664
8995	3745	2919	5	1360	2815420	1047184	2816684	1046681
8996	3745	3704	5	2402	2815420	1047184	2817518	1048354
8997	3745	6375	5	1431	2815420	1047184	2815541	1045758
8998	3745	6377	5	779	2815420	1047184	2815532	1046413
8999	3746	1627	5	2974	2815136	1047535	2818074	1047997
9000	3746	1653	2	2997	2815136	1047535	2818023	1046727
9001	3746	1715	2	2504	2815136	1047535	2816801	1045664
9002	3746	2919	5	1767	2815136	1047535	2816684	1046681
9003	3746	3704	5	2518	2815136	1047535	2817518	1048354
9004	3746	6375	5	1822	2815136	1047535	2815541	1045758
9005	3746	6376	5	2332	2815136	1047535	2816693	1045798
9006	3746	6377	5	1189	2815136	1047535	2815532	1046413
9007	3748	1660	2	3185	2816707	1044441	2813634	1045279
9008	3748	1663	2	3057	2816707	1044441	2813695	1044967
9009	3748	1669	2	3045	2816707	1044441	2813919	1045666
9010	3749	1660	2	2106	2815561	1044429	2813634	1045279
9011	3749	1662	2	2421	2815561	1044429	2813856	1042709
9012	3749	1663	2	1942	2815561	1044429	2813695	1044967
9013	3749	1669	2	2055	2815561	1044429	2813919	1045666
9014	3750	1203	2	999	2811209	1045867	2810466	1045198
9015	3750	1209	2	1129	2811209	1045867	2810300	1045196
9016	3750	1661	2	1754	2811209	1045867	2812961	1045781
9017	3750	1672	2	1169	2811209	1045867	2812378	1045865
9018	3750	7392	2	2501	2811209	1045867	2813629	1046500
9019	3751	1722	5	2990	2811204	1046211	2810713	1049161
9020	3751	1723	5	3158	2811204	1046211	2810623	1049316
9021	3751	1724	5	3175	2811204	1046211	2810319	1049261
9022	3751	1725	2	3112	2811204	1046211	2809811	1048994
9023	3751	1726	5	2885	2811204	1046211	2810351	1048968
9024	3751	1727	2	3070	2811204	1046211	2809820	1048952
9025	3751	6400	5	1783	2811204	1046211	2809535	1045583
9026	3751	6411	5	2401	2811204	1046211	2810060	1048322
9027	3751	6412	5	3019	2811204	1046211	2809754	1048859
9028	3751	6413	5	3128	2811204	1046211	2811043	1049335
9029	3751	6422	5	2440	2811204	1046211	2809585	1048037
9030	3751	6625	5	2859	2811204	1046211	2810785	1049040
9031	3751	7391	5	2636	2811204	1046211	2810908	1048831
9032	3752	1203	2	799	2811223	1044940	2810466	1045198
9033	3752	1209	2	957	2811223	1044940	2810300	1045196
9034	3752	1672	2	1479	2811223	1044940	2812378	1045865
9035	3752	6381	5	2375	2811223	1044940	2812886	1046636
9036	3752	6405	5	2213	2811223	1044940	2812889	1046397
9037	3752	6406	5	1548	2811223	1044940	2811961	1046301
9038	3752	6410	5	2497	2811223	1044940	2813249	1046401
9039	3759	1674	2	2052	2811170	1039170	2812477	1037587
9040	3759	1680	2	2309	2811170	1039170	2812477	1037266
9041	3759	6389	5	1152	2811170	1039170	2812322	1039180
9042	3760	1673	2	2919	2811164	1040467	2813631	1042028
9043	3760	1674	2	3165	2811164	1040467	2812477	1037587
9044	3761	1673	2	2485	2811158	1041775	2813631	1042028
9045	3762	1673	2	1327	2812326	1041785	2813631	1042028
9046	3766	1902	2	597	2824095	1044532	2823858	1045081
9047	3766	1904	2	3074	2824095	1044532	2826799	1045996
9048	3766	1905	2	2186	2824095	1044532	2825631	1046088
9049	3766	1907	2	2104	2824095	1044532	2825509	1046091
9050	3766	1909	2	635	2824095	1044532	2824008	1045162
9051	3767	1628	2	3060	2822810	1044511	2819861	1045329
9052	3767	1630	2	2888	2822810	1044511	2820031	1045300
9053	3768	1628	2	943	2820267	1044477	2819861	1045329
9054	3771	1628	2	2419	2820943	1043165	2819861	1045329
9055	3771	1912	2	2012	2820943	1043165	2821786	1044992
9056	3773	5699	5	2673	2819522	1041873	2816849	1041844
9057	3776	3678	5	3071	2824810	1039270	2827881	1039315
9058	3778	5899	5	2928	2827894	1036881	2830821	1036786
9059	3780	5692	5	2550	2826812	1034135	2829362	1034183
9060	3784	3637	5	1530	2831190	1031572	2832720	1031579
9061	3784	3644	5	2861	2831190	1031572	2832269	1034222
9062	3784	7329	5	1535	2831190	1031572	2832628	1031033
9063	3785	3637	5	3110	2831065	1034213	2832720	1031579
9064	3786	3848	5	2897	2826373	1032817	2827577	1030182
9065	3787	3847	5	2812	2827070	1031490	2828086	1028867
9066	3788	3853	5	2927	2825798	1031477	2827117	1028863
9067	3792	3793	5	1266	2824834	1035736	2823578	1035895
9068	3793	3792	5	1266	2823578	1035895	2824834	1035736
9069	3801	5694	5	1326	2818257	1037657	2819567	1037450
9070	3806	3815	5	661	2815616	1037562	2814959	1037643
9071	3809	5662	5	2656	2819625	1031415	2816969	1031424
9072	3814	1677	2	2916	2814938	1039196	2812518	1037568
9073	3815	1676	5	2444	2814959	1037643	2812636	1038403
9074	3815	1677	2	2442	2814959	1037643	2812518	1037568
9075	3815	3806	5	661	2814959	1037643	2815616	1037562
9076	3817	1674	2	1810	2811697	1035953	2812477	1037587
9077	3817	1680	2	1527	2811697	1035953	2812477	1037266
9078	3817	1682	2	2062	2811697	1035953	2812503	1034054
9079	3818	1674	2	841	2811677	1037325	2812477	1037587
9080	3818	1680	2	802	2811677	1037325	2812477	1037266
9081	3818	1681	5	1206	2811677	1037325	2812360	1036330
9082	3818	3822	5	2674	2811677	1037325	2809021	1037643
9083	3819	1674	2	1791	2811651	1039177	2812477	1037587
9084	3819	1680	2	2081	2811651	1039177	2812477	1037266
9085	3820	3840	5	1583	2806375	1040417	2805443	1039137
9086	3822	3818	5	2674	2809021	1037643	2811677	1037325
9087	3824	1674	2	2818	2810135	1039155	2812477	1037587
9088	3824	1680	2	3008	2810135	1039155	2812477	1037266
9089	3831	3833	5	2994	2798461	1036180	2796444	1033967
9090	3831	6087	5	3072	2798461	1036180	2795678	1034877
9091	3832	6087	5	2103	2797726	1035359	2795678	1034877
9092	3833	3831	5	2994	2796444	1033967	2798461	1036180
9093	3840	3820	5	1583	2805443	1039137	2806375	1040417
9094	3845	2829	5	3192	2818351	1027760	2819649	1024843
9095	3846	2829	5	2394	2818358	1026860	2819649	1024843
9096	3846	5681	5	2686	2818358	1026860	2815715	1027341
9097	3847	3787	5	2812	2828086	1028867	2827070	1031490
9098	3848	3786	5	2897	2827577	1030182	2826373	1032817
9099	3848	7278	5	2631	2827577	1030182	2828518	1027725
9100	3851	7278	5	1276	2829077	1028873	2828518	1027725
9101	3853	3788	5	2927	2827117	1028863	2825798	1031477
9102	3853	3857	5	1477	2827117	1028863	2825989	1029817
9103	3857	3853	5	1477	2825989	1029817	2827117	1028863
9104	3858	6599	5	2193	2823611	1027654	2823596	1029847
9105	3863	3864	5	2696	2830374	1024983	2831485	1022526
9106	3864	3863	5	2696	2831485	1022526	2830374	1024983
9107	3866	2850	2	2858	2821870	1002682	2820652	1000096
9108	3866	2851	5	2928	2821870	1002682	2820648	1000021
9109	3866	2854	5	2605	2821870	1002682	2820829	1000294
9110	3866	2855	2	2765	2821870	1002682	2820647	1000202
9111	3870	6919	5	3020	2817151	1002611	2819680	1004262
9112	3870	6920	2	2716	2817151	1002611	2819837	1003015
9113	3872	3884	5	2662	2814478	999932	2814454	1002594
9114	3872	6577	5	2930	2814478	999932	2811865	1001259
9115	3872	6578	5	2968	2814478	999932	2813106	1002564
9116	3875	3882	5	2685	2814499	997599	2813140	999915
9117	3876	3878	5	2763	2813303	994706	2810540	994688
9118	3877	3879	5	2643	2811912	994701	2809269	994676
9119	3877	6012	5	2948	2811912	994701	2808964	994673
9120	3878	1821	2	2296	2810540	994688	2808562	993522
9121	3878	1822	5	1842	2810540	994688	2808698	994671
9122	3878	3876	5	2763	2810540	994688	2813303	994706
9123	3878	6012	5	1576	2810540	994688	2808964	994673
9124	3879	1821	2	1353	2809269	994676	2808562	993522
9125	3879	1822	5	571	2809269	994676	2808698	994671
9126	3879	3877	5	2643	2809269	994676	2811912	994701
9127	3882	3875	5	2685	2813140	999915	2814499	997599
9128	3884	3872	5	2662	2814454	1002594	2814478	999932
9129	3884	3891	5	2926	2814454	1002594	2813061	1005168
9130	3884	3894	5	2903	2814454	1002594	2811850	1003879
9131	3886	1844	2	2551	2809229	999888	2806797	999116
9132	3887	1847	2	2052	2809238	997304	2807252	997823
9133	3887	1848	2	2040	2809238	997304	2807281	997882
9134	3889	1838	2	3157	2809175	1002551	2806665	1004467
9135	3890	2189	2	3154	2814446	1005170	2812438	1007603
9136	3890	5631	5	2918	2814446	1005170	2815832	1002602
9137	3890	6006	5	2881	2814446	1005170	2811836	1006392
9138	3891	2186	2	3192	2813061	1005168	2811008	1007613
9139	3891	2189	2	2513	2813061	1005168	2812438	1007603
9140	3891	3884	5	2926	2813061	1005168	2814454	1002594
9141	3891	6005	5	1908	2813061	1005168	2814441	1006486
9142	3892	2186	2	2585	2811842	1005166	2811008	1007613
9143	3892	2187	2	2512	2811842	1005166	2812656	1007543
9144	3892	2190	7	2210	2811842	1005166	2811831	1007376
9145	3892	6005	5	2914	2811842	1005166	2814441	1006486
9146	3894	3884	5	2903	2811850	1003879	2814454	1002594
9147	3894	3895	7	2677	2811850	1003879	2809173	1003933
9148	3894	5630	7	1808	2811850	1003879	2810579	1005166
9149	3895	1836	2	2636	2809173	1003933	2806614	1004567
9150	3895	1838	2	2564	2809173	1003933	2806665	1004467
9151	3895	3894	7	2677	2809173	1003933	2811850	1003879
9152	3896	1837	2	2635	2809171	1005154	2806656	1005941
9153	3896	1838	2	2598	2809171	1005154	2806665	1004467
9154	3896	1839	7	2334	2809171	1005154	2806837	1005132
9155	3896	2186	2	3069	2809171	1005154	2811008	1007613
9156	3897	3907	5	2688	2803995	998568	2804023	995880
9157	3897	6015	5	2378	2803995	998568	2805985	997266
9158	3898	1842	2	2749	2803978	999866	2806658	1000479
9159	3898	3899	5	2776	2803978	999866	2804015	997090
9160	3899	3898	5	2776	2804015	997090	2803978	999866
9161	3899	3905	5	2469	2804015	997090	2804032	994621
9162	3904	1818	2	1918	2806808	994657	2808511	993773
9163	3904	1821	2	2089	2806808	994657	2808562	993522
9164	3904	1854	5	1149	2806808	994657	2807957	994665
9165	3905	3899	5	2469	2804032	994621	2804015	997090
9166	3907	3897	5	2688	2804023	995880	2803995	998568
9167	3909	3911	5	2949	2798692	994928	2798699	991979
9168	3911	3909	5	2949	2798699	991979	2798692	994928
9169	3912	3913	5	2790	2798695	993490	2798688	996280
9170	3913	3912	5	2790	2798688	996280	2798695	993490
9171	3914	6020	5	3121	2798676	1002250	2795973	1003811
9172	3916	1836	2	2777	2803936	1003831	2806614	1004567
9173	3916	3919	5	2618	2803936	1003831	2803921	1006449
9174	3919	1807	2	2017	2803921	1006449	2805614	1007546
9175	3919	1814	2	2672	2803921	1006449	2806578	1006736
9176	3919	3916	5	2618	2803921	1006449	2803936	1003831
9177	3920	2144	2	2018	2801325	1006442	2803009	1007555
9178	3920	2150	2	1682	2801325	1006442	2799703	1006889
9179	3920	2152	2	1798	2801325	1006442	2799560	1006785
9180	3920	2154	2	2711	2801325	1006442	2798614	1006405
9181	3920	2155	2	2564	2801325	1006442	2798762	1006514
9182	3921	3929	5	2847	2800649	1008864	2798650	1010892
9183	3922	3929	5	1984	2800634	1010888	2798650	1010892
9184	3922	5632	5	2232	2800634	1010888	2799707	1008857
9185	3922	6025	5	2163	2800634	1010888	2799706	1012842
9186	3924	1798	2	2590	2803912	1008896	2806407	1009593
9187	3924	1799	2	2635	2803912	1008896	2806355	1009884
9188	3924	1803	2	2211	2803912	1008896	2805702	1007597
9189	3924	1806	2	2788	2803912	1008896	2806357	1007555
9190	3924	2142	2	1367	2803912	1008896	2804406	1007621
9191	3924	2144	2	1616	2803912	1008896	2803009	1007555
9192	3924	2145	2	1417	2803912	1008896	2803290	1007622
9193	3924	2146	5	1140	2803912	1008896	2803915	1007756
9194	3925	2142	2	2268	2802520	1008882	2804406	1007621
9195	3926	1798	2	2800	2803905	1010852	2806407	1009593
9196	3926	1799	2	2634	2803905	1010852	2806355	1009884
9197	3926	1813	5	3007	2803905	1010852	2806197	1008904
9198	3926	2146	5	3096	2803905	1010852	2803915	1007756
9199	3926	5634	5	2466	2803905	1010852	2802477	1012863
9200	3926	5995	5	2303	2803905	1010852	2805111	1008889
9201	3926	5997	5	2599	2803905	1010852	2803914	1008253
9202	3929	3921	5	2847	2798650	1010892	2800649	1008864
9203	3929	3922	5	1984	2798650	1010892	2800634	1010888
9204	3929	5632	5	2293	2798650	1010892	2799707	1008857
9205	3931	1799	2	2980	2809175	1008920	2806355	1009884
9206	3932	1798	2	3056	2809166	1010908	2806407	1009593
9207	3933	3940	5	2351	2814436	1008992	2813115	1010937
9208	3934	3938	5	2382	2813100	1008977	2814435	1010950
9209	3935	1796	2	2413	2811819	1008962	2809774	1007680
9210	3936	1796	2	1398	2810390	1008935	2809774	1007680
9211	3937	3938	5	2628	2811807	1010925	2814435	1010950
9212	3938	3934	5	2382	2814435	1010950	2813100	1008977
9213	3938	3937	5	2628	2814435	1010950	2811807	1010925
9214	3940	3933	5	2351	2813115	1010937	2814436	1008992
9215	3940	3946	5	2698	2813115	1010937	2814444	1013286
9216	3943	3946	5	2646	2811798	1013233	2814444	1013286
9217	3946	3940	5	2698	2814444	1013286	2813115	1010937
9218	3946	3943	5	2646	2814444	1013286	2811798	1013233
9219	3946	3947	5	2614	2814444	1013286	2817053	1013455
9220	3947	3946	5	2614	2817053	1013455	2814444	1013286
9221	3949	2638	2	2721	2819605	1015616	2819847	1018327
9222	3950	2632	2	2389	2820147	1015619	2819853	1013248
9223	3950	2634	2	1062	2820147	1015619	2819908	1014584
9224	3950	2635	2	506	2820147	1015619	2819913	1015170
9225	3950	2638	2	2724	2820147	1015619	2819847	1018327
9226	3951	3956	5	2521	2813073	1015558	2810552	1015507
9227	3952	1785	2	3148	2803894	1014264	2807035	1014488
9228	3953	2653	2	3151	2803890	1015483	2802100	1018077
9229	3955	1780	2	2542	2809624	1015492	2810217	1017964
9230	3955	1783	2	2582	2809624	1015492	2808942	1017983
9231	3955	1787	2	2660	2809624	1015492	2807115	1014607
9232	3956	1783	2	2953	2810552	1015507	2808942	1017983
9233	3956	3951	5	2521	2810552	1015507	2813073	1015558
9234	3962	2658	2	2999	2798598	1015475	2800355	1017906
9235	3964	2648	2	2642	2802464	1015478	2802979	1018070
9236	3964	2653	2	2624	2802464	1015478	2802100	1018077
9237	3965	1783	2	3060	2811775	1016824	2808942	1017983
9238	3965	5991	5	2141	2811775	1016824	2809773	1016063
9239	3966	1703	2	1109	2811773	1019479	2812566	1020255
9240	3966	3968	5	2591	2811773	1019479	2811755	1022070
9241	3967	3969	5	2260	2811764	1020749	2811748	1023009
9242	3968	1698	2	2269	2811755	1022070	2812561	1024192
9243	3968	3966	5	2591	2811755	1022070	2811773	1019479
9244	3969	1698	2	1435	2811748	1023009	2812561	1024192
9245	3969	3967	5	2260	2811748	1023009	2811764	1020749
9246	3970	1695	2	2135	2814721	1021425	2812615	1021074
9247	3970	1699	2	3142	2814721	1021425	2812611	1023754
9248	3970	1702	2	2521	2814721	1021425	2812616	1020036
9249	3971	1257	2	1942	2814455	1019499	2813130	1018078
9250	3971	1259	2	1738	2814455	1019499	2813299	1018200
9251	3971	1695	2	2422	2814455	1019499	2812615	1021074
9252	3971	1702	2	1915	2814455	1019499	2812616	1020036
9253	3971	6693	2	1940	2814455	1019499	2812624	1018855
9254	3972	1695	2	2718	2814537	1022997	2812615	1021074
9255	3972	1698	2	2309	2814537	1022997	2812561	1024192
9256	3972	1699	2	2069	2814537	1022997	2812611	1023754
9257	3973	1690	2	1341	2811733	1026190	2812554	1027251
9258	3973	1698	2	2162	2811733	1026190	2812561	1024192
9259	3973	1699	2	2589	2811733	1026190	2812611	1023754
9260	3973	5675	5	2510	2811733	1026190	2811733	1028700
9261	3974	1698	2	2165	2810624	1023224	2812561	1024192
9262	3974	6430	5	1986	2810624	1023224	2809112	1021935
9263	3977	1690	2	2120	2810720	1026186	2812554	1027251
9264	3977	1698	2	2713	2810720	1026186	2812561	1024192
9265	3977	1699	2	3080	2810720	1026186	2812611	1023754
9266	3978	1695	2	3082	2814552	1023472	2812615	1021074
9267	3978	1698	2	2117	2814552	1023472	2812561	1024192
9268	3978	1699	2	1961	2814552	1023472	2812611	1023754
9269	3979	1699	2	3146	2815746	1023487	2812611	1023754
9270	3979	3981	5	2263	2815746	1023487	2815719	1025750
9271	3979	3984	5	2616	2815746	1023487	2818362	1023512
9272	3979	3986	5	3060	2815746	1023487	2818360	1025078
9273	3980	3984	5	2862	2815732	1024643	2818362	1023512
9274	3980	3985	5	1411	2815732	1024643	2816553	1023495
9275	3980	5681	5	2698	2815732	1024643	2815715	1027341
9276	3981	3979	5	2263	2815719	1025750	2815746	1023487
9277	3982	2829	5	3008	2817147	1026513	2819649	1024843
9278	3982	5681	5	1654	2817147	1026513	2815715	1027341
9279	3983	1692	5	2790	2814405	1026094	2812721	1028319
9280	3983	1693	2	2353	2814405	1026094	2812602	1027607
9281	3983	1699	2	2948	2814405	1026094	2812611	1023754
9282	3984	3979	5	2616	2818362	1023512	2815746	1023487
9283	3984	3980	5	2862	2818362	1023512	2815732	1024643
9284	3985	3980	5	1411	2816553	1023495	2815732	1024643
9285	3986	2829	5	1310	2818360	1025078	2819649	1024843
9286	3986	3979	5	3060	2818360	1025078	2815746	1023487
9287	3988	5893	5	2889	2803800	1023383	2801183	1024609
9288	3995	3129	5	2999	2786469	987785	2784299	985714
9289	3996	3128	5	1865	2785970	989068	2784581	987822
9290	3999	4009	5	2540	2793241	991815	2793238	994355
9291	4005	4006	5	1944	2783506	991772	2781903	992872
9292	4006	4005	5	1944	2781903	992872	2783506	991772
9293	4009	3999	5	2540	2793238	994355	2793241	991815
9294	4015	2093	2	2902	2783272	1003862	2781721	1006315
9295	4015	2137	2	2872	2783272	1003862	2781774	1006313
9296	4015	6472	5	1925	2783272	1003862	2781884	1005197
9297	4016	2093	2	2535	2783573	1004583	2781721	1006315
9298	4016	2137	2	2495	2783573	1004583	2781774	1006313
9299	4016	6472	5	1797	2783573	1004583	2781884	1005197
9300	4017	2137	2	1465	2781791	1004848	2781774	1006313
9301	4018	2093	2	3053	2784098	1004399	2781721	1006315
9302	4018	2137	2	3010	2784098	1004399	2781774	1006313
9303	4018	6472	5	2353	2784098	1004399	2781884	1005197
9304	4019	2140	2	2287	2789946	1004542	2790957	1006594
9305	4026	2168	2	2998	2790310	1007517	2793172	1006623
9306	4026	2177	7	2660	2790310	1007517	2792849	1008312
9307	4026	2178	2	2995	2790310	1007517	2793172	1008402
9308	4029	2684	2	3091	2787040	1014093	2788726	1016684
9309	4031	2684	2	2220	2787675	1014728	2788726	1016684
9310	4031	2686	7	1896	2787675	1014728	2788196	1016552
9311	4032	2681	2	1011	2788228	1015782	2788002	1016768
9312	4032	2684	2	1030	2788228	1015782	2788726	1016684
9313	4034	6029	5	2453	2797917	1014320	2795981	1012813
9314	4034	6030	5	1496	2797917	1014320	2796938	1015452
9315	4038	2756	5	2218	2790853	1023641	2792650	1024942
9316	4038	2757	2	2261	2790853	1023641	2793057	1024149
9317	4038	2761	2	2914	2790853	1023641	2792934	1025681
9318	4038	6042	5	1243	2790853	1023641	2791696	1024555
9319	4038	6518	5	2060	2790853	1023641	2792503	1024875
9320	4039	2739	2	3106	2791163	1024083	2793006	1026584
9321	4039	2756	5	1717	2791163	1024083	2792650	1024942
9322	4039	2761	2	2385	2791163	1024083	2792934	1025681
9323	4039	6518	5	1556	2791163	1024083	2792503	1024875
9324	4041	2643	5	2672	2795971	1019136	2797359	1016852
9325	4041	2644	2	2551	2795971	1019136	2796722	1016698
9326	4041	2670	2	2858	2795971	1019136	2793175	1018541
9327	4041	2671	2	2907	2795971	1019136	2793125	1018541
9328	4041	2751	7	2832	2795971	1019136	2793327	1020153
9329	4042	5894	5	2692	2795922	1023309	2798536	1023954
9330	4043	2758	2	3063	2795890	1026012	2793002	1027033
9331	4044	2758	2	1946	2794329	1025609	2793002	1027033
9332	4050	2487	2	2914	2783748	1034283	2780943	1035073
9333	4050	2581	2	3199	2783748	1034283	2780824	1032985
9334	4050	2582	2	3131	2783748	1034283	2780844	1035455
9335	4054	2797	2	2797	2791519	1037672	2793531	1039615
9336	4054	6083	5	1678	2791519	1037672	2790865	1036126
9337	4056	2779	5	1993	2791299	1035645	2792983	1036712
9338	4056	2794	5	1984	2791299	1035645	2792949	1036748
9339	4057	2577	2	1628	2778551	1037634	2779849	1038618
9340	4058	2487	2	2636	2778551	1036182	2780943	1035073
9341	4058	2577	2	2760	2778551	1036182	2779849	1038618
9342	4059	2577	2	2620	2777457	1037547	2779849	1038618
9343	4064	2482	2	2574	2778524	1032227	2779730	1029953
9344	4064	2485	2	2504	2778524	1032227	2779775	1030057
9345	4065	2482	2	1940	2778502	1031456	2779730	1029953
9346	4065	2485	2	1891	2778502	1031456	2779775	1030057
9347	4066	2477	2	2678	2778441	1029322	2779805	1027017
9348	4066	2482	2	1435	2778441	1029322	2779730	1029953
9349	4066	2485	2	1523	2778441	1029322	2779775	1030057
9350	4067	2481	5	3029	2776442	1028876	2779374	1029637
9351	4073	2013	2	2004	2767440	1036019	2765472	1036402
9352	4075	1433	2	473	2765033	1035981	2765409	1036269
9353	4075	2010	2	1301	2765033	1035981	2765393	1037232
9354	4085	4162	5	2550	2763283	1022856	2761000	1021720
9355	4088	2058	2	725	2768946	1008213	2769078	1007500
9356	4089	2058	2	1475	2768939	1008969	2769078	1007500
9357	4092	2048	2	2550	2767806	1016784	2768838	1019116
9358	4092	2049	2	2509	2767806	1016784	2768790	1019092
9359	4092	2101	2	2626	2767806	1016784	2770039	1018167
9360	4092	2102	2	2642	2767806	1016784	2770027	1018216
9361	4093	2074	5	2814	2777534	1010505	2775353	1008726
9362	4093	2082	2	2426	2777534	1010505	2775526	1009143
9363	4093	2084	2	1836	2777534	1010505	2775916	1009637
9364	4093	2085	2	1470	2777534	1010505	2776113	1010883
9365	4093	2086	2	2045	2777534	1010505	2775770	1009469
9366	4095	2084	2	2848	2778653	1010425	2775916	1009637
9367	4095	2085	2	2580	2778653	1010425	2776113	1010883
9368	4095	2086	2	3037	2778653	1010425	2775770	1009469
9369	4097	6078	5	3153	2785032	1035429	2787558	1037316
9370	4098	6078	5	2555	2785012	1037092	2787558	1037316
9371	4108	2800	2	3086	2793103	1044359	2793479	1041295
9372	4108	2802	2	2417	2793103	1044359	2793777	1042037
9373	4108	7075	2	3061	2793103	1044359	2791496	1046965
9374	4109	7075	2	1726	2791592	1045241	2791496	1046965
9375	4111	4118	5	2749	2787490	1043081	2784887	1042194
9376	4111	6095	5	3146	2787490	1043081	2784812	1044733
9377	4112	7063	5	1914	2793006	1049803	2792303	1048022
9378	4112	7068	5	1751	2793006	1049803	2791735	1048598
9379	4113	6704	5	2495	2788570	1050786	2787602	1048486
9380	4113	7054	5	3125	2788570	1050786	2787595	1047816
9381	4115	7058	2	2371	2787500	1045310	2786292	1047351
9382	4115	7061	5	1832	2787500	1045310	2787561	1047141
9383	4116	4118	5	3010	2787553	1040795	2784887	1042194
9384	4118	4111	5	2749	2784887	1042194	2787490	1043081
9385	4118	4116	5	3010	2784887	1042194	2787553	1040795
9386	4122	1467	5	2466	2768987	1045132	2767145	1046773
9387	4122	6114	5	2914	2768987	1045132	2766685	1046920
9388	4122	7010	5	1445	2768987	1045132	2768385	1046446
9389	4122	7389	5	1409	2768987	1045132	2768589	1046484
9390	4123	7004	5	756	2768885	1045854	2768557	1046536
9391	4144	4203	5	1664	2747375	1007247	2746223	1006045
9392	4144	6831	5	1569	2747375	1007247	2748944	1007284
9393	4162	4085	5	2550	2761000	1021720	2763283	1022856
9394	4172	4175	5	2993	2750688	1033124	2753522	1034087
9395	4175	4172	5	2993	2753522	1034087	2750688	1033124
9396	4182	2720	2	1098	2755741	1047091	2756839	1047060
9397	4182	2722	2	1774	2755741	1047091	2754568	1048422
9398	4182	2725	2	2095	2755741	1047091	2754310	1048622
9399	4182	6512	5	864	2755741	1047091	2756503	1047499
9400	4183	2722	2	1697	2753559	1047057	2754568	1048422
9401	4203	4144	5	1664	2746223	1006045	2747375	1007247
9402	4214	5626	5	1911	2736676	1020309	2737901	1021777
9403	4214	6120	5	1847	2736676	1020309	2738523	1020278
9404	4355	6620	5	2630	2761384	1059963	2763946	1059366
9405	4362	4364	5	2587	2758841	1049854	2761382	1050341
9406	4364	4362	5	2587	2761382	1050341	2758841	1049854
9407	4366	1979	2	2413	2762951	1050812	2764517	1052648
9408	4366	1980	2	2827	2762951	1050812	2764496	1053180
9409	4367	1979	2	2026	2763610	1050836	2764517	1052648
9410	4367	1980	2	2505	2763610	1050836	2764496	1053180
9411	4370	6134	5	2142	2766317	1051036	2765355	1049122
9412	4371	6540	5	2588	2767545	1049342	2769008	1047207
9413	4371	7009	5	1972	2767545	1049342	2768149	1047464
9414	4376	2545	5	393	2775118	1052771	2775470	1052946
9415	4376	6483	5	2124	2775118	1052771	2777172	1052230
9416	4378	2491	2	2688	2782405	1053515	2779735	1053831
9417	4378	2543	2	2774	2782405	1053515	2779679	1054029
9418	4378	2551	2	2782	2782405	1053515	2779767	1052631
9419	4378	2561	2	3050	2782405	1053515	2779785	1051952
9420	4378	4380	5	3027	2782405	1053515	2784954	1055149
9421	4379	2491	2	2843	2782393	1054842	2779735	1053831
9422	4379	2494	2	2930	2782393	1054842	2779614	1055771
9423	4379	4382	5	2847	2782393	1054842	2784969	1053628
9424	4380	4378	5	3027	2784954	1055149	2782405	1053515
9425	4380	4381	5	2658	2784954	1055149	2784981	1052491
9426	4380	4388	5	2941	2784954	1055149	2787066	1053102
9427	4381	4380	5	2658	2784981	1052491	2784954	1055149
9428	4382	4379	5	2847	2784969	1053628	2782393	1054842
9429	4384	4395	5	2597	2784938	1060458	2782341	1060468
9430	4385	4389	5	2567	2790209	1053433	2790186	1056000
9431	4388	4380	5	2941	2787066	1053102	2784954	1055149
9432	4389	4385	5	2567	2790186	1056000	2790209	1053433
9433	4389	4472	5	3195	2790186	1056000	2790144	1059195
9434	4390	2822	2	2824	2790167	1057912	2792978	1058184
9435	4394	6151	5	2724	2783630	1060463	2780906	1060473
9436	4395	2539	5	2481	2782341	1060468	2779860	1060477
9437	4395	2540	2	2979	2782341	1060468	2779568	1059379
9438	4395	4384	5	2597	2782341	1060468	2784938	1060458
9439	4395	6482	5	2020	2782341	1060468	2780321	1060476
9440	4397	2533	2	2913	2782290	1065783	2779523	1066695
9441	4401	2502	2	2825	2782270	1067955	2779541	1068689
9442	4401	2533	2	3022	2782270	1067955	2779523	1066695
9443	4401	2534	2	3012	2782270	1067955	2779573	1066613
9444	4402	2499	2	2961	2782251	1069905	2779611	1071248
9445	4402	2501	2	2977	2782251	1069905	2779590	1068569
9446	4402	2502	2	2970	2782251	1069905	2779541	1068689
9447	4406	2825	2	2847	2790128	1065793	2792923	1065249
9448	4425	2499	2	2695	2782220	1071924	2779611	1071248
9449	4425	2519	2	2799	2782220	1071924	2779589	1072881
9450	4426	2516	2	2837	2782192	1073755	2779515	1074696
9451	4426	2517	2	2753	2782192	1073755	2779567	1074585
9452	4426	2518	5	2437	2782192	1073755	2779755	1073760
9453	4426	2519	2	2745	2782192	1073755	2779589	1072881
9454	4429	4434	5	2693	2783507	1073743	2784817	1076096
9455	4430	2504	2	2907	2782133	1076530	2779476	1077710
9456	4430	2507	2	2728	2782133	1076530	2779531	1077350
9457	4430	6159	5	3084	2782133	1076530	2780781	1073758
9458	4431	2507	2	3026	2782161	1078847	2779531	1077350
9459	4431	2511	2	2962	2782161	1078847	2779495	1080139
9460	4431	2513	2	2674	2782161	1078847	2779507	1079179
9461	4431	2514	2	2650	2782161	1078847	2779512	1078755
9462	4434	4429	5	2693	2784817	1076096	2783507	1073743
9463	4435	4451	5	3052	2790037	1073775	2789348	1076749
9464	4437	4447	5	2611	2790099	1075989	2792479	1074915
9465	4443	4447	5	1948	2792755	1072986	2792479	1074915
9466	4444	4447	5	1432	2791051	1075026	2792479	1074915
9467	4447	4437	5	2611	2792479	1074915	2790099	1075989
9468	4447	4443	5	1948	2792479	1074915	2792755	1072986
9469	4447	4444	5	1432	2792479	1074915	2791051	1075026
9470	4451	4435	5	3052	2789348	1076749	2790037	1073775
9471	4452	4455	5	2682	2789774	1079200	2787160	1079802
9472	4455	4452	5	2682	2787160	1079802	2789774	1079200
9473	4458	2511	2	2690	2782176	1080364	2779495	1080139
9474	4458	2513	2	2920	2782176	1080364	2779507	1079179
9475	4458	2514	2	3112	2782176	1080364	2779512	1078755
9476	4458	6638	5	2379	2782176	1080364	2784100	1081764
9477	4459	2511	2	3062	2782115	1081724	2779495	1080139
9478	4463	1958	2	1770	2766237	1095960	2764717	1095053
9479	4464	1958	2	1390	2763431	1095581	2764717	1095053
9480	4465	1392	2	2161	2762046	1095046	2764085	1095762
9481	4466	1282	2	3022	2766251	1095018	2766954	1092078
9482	4466	1392	2	2290	2766251	1095018	2764085	1095762
9483	4466	1958	2	1534	2766251	1095018	2764717	1095053
9484	4467	2825	2	1510	2791511	1065785	2792923	1065249
9485	4472	2822	2	3008	2790144	1059195	2792978	1058184
9486	4472	4389	5	3195	2790144	1059195	2790186	1056000
9487	4480	4514	5	1993	2802280	1057492	2800432	1058239
9488	4482	1733	2	3012	2806899	1055032	2808833	1052722
9489	4483	1423	2	2862	2807274	1055035	2810023	1055834
9490	4483	1733	2	2789	2807274	1055035	2808833	1052722
9491	4484	4511	5	2491	2812331	1050004	2814088	1051771
9492	4484	4512	5	3129	2812331	1050004	2815288	1051028
9493	4485	6405	5	3118	2811522	1049200	2812889	1046397
9494	4490	1417	2	3011	2811119	1057650	2810119	1060491
9495	4490	1418	2	1365	2811119	1057650	2810171	1058633
9496	4490	1420	2	1174	2811119	1057650	2810140	1058298
9497	4490	1423	2	2121	2811119	1057650	2810023	1055834
9498	4490	4493	5	2625	2811119	1057650	2813742	1057540
9499	4491	1417	2	2855	2810440	1057654	2810119	1060491
9500	4491	1418	2	1015	2810440	1057654	2810171	1058633
9501	4491	1420	2	710	2810440	1057654	2810140	1058298
9502	4492	4497	5	952	2813271	1057540	2814029	1056963
9503	4493	4490	5	2625	2813742	1057540	2811119	1057650
9504	4497	4492	5	952	2814029	1056963	2813271	1057540
9505	4507	4626	5	1344	2817929	1054082	2819132	1054682
9506	4508	1608	2	2815	2819382	1057591	2821823	1056187
9507	4508	1609	2	2947	2819382	1057591	2822156	1058586
9508	4508	6361	5	2614	2819382	1057591	2821996	1057618
9509	4510	3733	5	2087	2815570	1052913	2814490	1051127
9510	4510	3734	5	2221	2815570	1052913	2813842	1051517
9511	4510	3735	5	2943	2815570	1052913	2813936	1050465
9512	4510	3736	5	3100	2815570	1052913	2813219	1050892
9513	4510	3739	5	2678	2815570	1052913	2813517	1051192
9514	4510	6883	5	2704	2815570	1052913	2812914	1052403
9515	4510	6884	5	2669	2815570	1052913	2812958	1052361
9516	4510	6885	5	2481	2815570	1052913	2813227	1052096
9517	4510	6886	5	2874	2815570	1052913	2812926	1051784
9518	4510	6889	5	2885	2815570	1052913	2812909	1051797
9519	4510	6894	5	2524	2815570	1052913	2814228	1050775
9520	4510	6906	5	3170	2815570	1052913	2812862	1051264
9521	4510	6993	5	2903	2815570	1052913	2812747	1052233
9522	4511	1253	5	2810	2814088	1051771	2814061	1048961
9523	4511	2916	5	2426	2814088	1051771	2812654	1049814
9524	4511	3733	5	759	2814088	1051771	2814490	1051127
9525	4511	3735	5	1314	2814088	1051771	2813936	1050465
9526	4511	3736	5	1236	2814088	1051771	2813219	1050892
9527	4511	3737	5	2473	2814088	1051771	2813305	1049425
9528	4511	3739	5	813	2814088	1051771	2813517	1051192
9529	4511	3740	5	1460	2814088	1051771	2813060	1050734
9530	4511	3741	5	1641	2814088	1051771	2812932	1050605
9531	4511	3742	5	2061	2814088	1051771	2812636	1050308
9532	4511	4484	5	2491	2814088	1051771	2812331	1050004
9533	4511	5935	5	2925	2814088	1051771	2811206	1052274
9534	4511	6882	5	2084	2814088	1051771	2812024	1051476
9535	4511	6883	5	1333	2814088	1051771	2812914	1052403
9536	4511	6884	5	1274	2814088	1051771	2812958	1052361
9537	4511	6885	5	920	2814088	1051771	2813227	1052096
9538	4511	6886	5	1162	2814088	1051771	2812926	1051784
9539	4511	6887	5	1848	2814088	1051771	2812338	1051175
9540	4511	6888	5	1658	2814088	1051771	2812489	1051331
9541	4511	6889	5	1179	2814088	1051771	2812909	1051797
9542	4511	6890	5	2796	2814088	1051771	2811442	1050866
9543	4511	6891	5	2630	2814088	1051771	2811750	1050566
9544	4511	6892	5	2872	2814088	1051771	2811601	1050333
9545	4511	6894	5	1005	2814088	1051771	2814228	1050775
9546	4511	6896	5	1572	2814088	1051771	2812520	1051646
9547	4511	6897	5	1484	2814088	1051771	2812627	1051506
9548	4511	6898	5	2244	2814088	1051771	2811961	1051054
9549	4511	6899	5	1471	2814088	1051771	2812643	1051491
9550	4511	6900	5	2249	2814088	1051771	2812032	1050858
9551	4511	6902	5	2164	2814088	1051771	2811955	1051404
9552	4511	6903	5	3191	2814088	1051771	2811233	1050345
9553	4511	6904	5	2842	2814088	1051771	2811406	1050828
9554	4511	6906	5	1326	2814088	1051771	2812862	1051264
9555	4511	6908	5	1733	2814088	1051771	2812551	1050970
9556	4511	6909	5	2074	2814088	1051771	2813493	1049784
9557	4511	6993	5	1418	2814088	1051771	2812747	1052233
9558	4512	1252	5	2541	2815288	1051028	2814788	1048536
9559	4512	1253	5	2403	2815288	1051028	2814061	1048961
9560	4512	2916	5	2900	2815288	1051028	2812654	1049814
9561	4512	3718	5	1945	2815288	1051028	2815537	1049098
9562	4512	3719	5	1750	2815288	1051028	2815227	1049279
9563	4512	3723	5	1255	2815288	1051028	2816172	1050137
9564	4512	3724	5	897	2815288	1051028	2815843	1050323
9565	4512	3726	5	1181	2815288	1051028	2815584	1049884
9566	4512	3727	5	1434	2815288	1051028	2815416	1049599
9567	4512	3728	5	1662	2815288	1051028	2815721	1049423
9568	4512	3729	5	1175	2815288	1051028	2814679	1050022
9569	4512	3730	5	1539	2815288	1051028	2814496	1049708
9570	4512	3731	5	2152	2815288	1051028	2815000	1048895
9571	4512	3732	5	2672	2815288	1051028	2815084	1048363
9572	4512	3735	5	1464	2815288	1051028	2813936	1050465
9573	4512	3737	5	2549	2815288	1051028	2813305	1049425
9574	4512	3738	5	3194	2815288	1051028	2813663	1048278
9575	4512	4484	5	3129	2815288	1051028	2812331	1050004
9576	4512	6895	5	754	2815288	1051028	2814897	1050383
9577	4512	6909	5	2183	2815288	1051028	2813493	1049784
9578	4512	6910	5	1995	2815288	1051028	2814266	1049314
9579	4514	4480	5	1993	2800432	1058239	2802280	1057492
9580	4516	4523	5	2716	2800853	1062823	2803569	1062796
9581	4519	5970	5	1949	2806846	1060354	2808785	1060148
9582	4523	4516	5	2716	2803569	1062796	2800853	1062823
9583	4525	5927	5	2269	2802334	1062796	2802406	1060528
9584	4529	1417	2	2940	2813044	1060192	2810119	1060491
9585	4532	4560	5	2118	2815026	1068072	2812908	1068051
9586	4533	1416	2	2807	2812626	1066113	2810082	1064926
9587	4536	1411	2	2708	2806808	1066722	2809283	1067821
9588	4536	1413	2	2662	2806808	1066722	2809222	1067846
9589	4537	1411	2	2491	2806799	1068017	2809283	1067821
9590	4537	1413	2	2429	2806799	1068017	2809222	1067846
9591	4537	4554	5	3013	2806799	1068017	2805899	1070893
9592	4537	5947	5	2400	2806799	1068017	2808699	1069484
9593	4538	1411	2	3018	2806763	1069482	2809283	1067821
9594	4538	1413	2	2953	2806763	1069482	2809222	1067846
9595	4538	4554	5	1654	2806763	1069482	2805899	1070893
9596	4538	5946	5	2790	2806763	1069482	2808735	1071456
9597	4539	4545	5	2643	2800601	1066710	2800529	1069353
9598	4545	4539	5	2643	2800529	1069353	2800601	1066710
9599	4546	5981	5	2830	2803497	1068046	2803431	1070876
9600	4548	4550	5	2982	2805072	1069377	2802801	1071310
9601	4548	5981	5	2222	2805072	1069377	2803431	1070876
9602	4550	4548	5	2982	2802801	1071310	2805072	1069377
9603	4553	5947	5	2427	2806727	1070899	2808699	1069484
9604	4554	4537	5	3013	2805899	1070893	2806799	1068017
9605	4554	4538	5	1654	2805899	1070893	2806763	1069482
9606	4554	5946	5	2891	2805899	1070893	2808735	1071456
9607	4554	5947	5	3134	2805899	1070893	2808699	1069484
9608	4556	4560	5	2538	2815086	1069354	2812908	1068051
9609	4556	6632	5	1479	2815086	1069354	2814359	1068066
9610	4560	4532	5	2118	2812908	1068051	2815026	1068072
9611	4560	4556	5	2538	2812908	1068051	2815086	1069354
9612	4565	5943	5	2937	2805860	1079279	2807123	1076627
9613	4574	1767	2	2666	2804027	1084681	2806372	1083412
9614	4575	1759	2	2170	2806988	1084551	2808870	1083469
9615	4575	1760	2	2298	2806988	1084551	2808973	1083393
9616	4575	5534	5	3031	2806988	1084551	2805458	1087168
9617	4577	6701	5	2688	2816474	1078927	2819150	1079185
9618	4578	2446	2	1034	2813777	1084152	2813974	1083136
9619	4579	2440	2	2701	2826740	1078996	2827378	1081621
9620	4579	6720	5	2303	2826740	1078996	2824437	1078950
9621	4590	2434	2	1971	2831894	1081758	2829923	1081753
9622	4590	2435	2	2005	2831894	1081758	2829889	1081798
9623	4592	2440	2	1417	2826749	1080351	2827378	1081621
9624	4597	4598	5	2623	2826751	1073783	2826763	1071160
9625	4598	4597	5	2623	2826763	1071160	2826751	1073783
9626	4598	6269	5	2427	2826763	1071160	2824528	1072107
9627	4598	6498	5	2796	2826763	1071160	2824519	1072828
9628	4598	6718	5	2868	2826763	1071160	2824529	1072960
9629	4600	4698	5	1059	2831689	1071243	2832748	1071252
9630	4600	7095	2	2398	2831689	1071243	2833804	1070112
9631	4600	7099	2	2345	2831689	1071243	2833890	1070432
9632	4601	1301	5	2858	2829388	1071235	2832246	1071248
9633	4604	1302	2	2328	2831997	1074417	2834322	1074540
9634	4604	1303	2	2278	2831997	1074417	2834272	1074540
9635	4606	4608	5	3117	2825592	1071143	2826834	1068284
9636	4607	4694	5	1781	2826836	1064649	2828297	1065669
9637	4608	4606	5	3117	2826834	1068284	2825592	1071143
9638	4615	5971	5	1416	2821932	1066776	2821813	1068187
9639	4623	1597	2	2167	2824660	1060101	2826148	1058525
9640	4623	1599	2	2184	2824660	1060101	2822748	1059045
9641	4623	1604	5	1720	2824660	1060101	2823653	1058706
9642	4623	1606	2	2171	2824660	1060101	2826086	1058463
9643	4623	5979	5	983	2824660	1060101	2825487	1059569
9644	4626	1608	2	3083	2819132	1054682	2821823	1056187
9645	4626	4507	5	1344	2819132	1054682	2817929	1054082
9646	4627	1614	2	397	2821343	1052456	2820964	1052577
9647	4627	1615	2	499	2821343	1052456	2820868	1052303
9648	4627	1618	2	1664	2821343	1052456	2820291	1051166
9649	4627	1621	2	1547	2821343	1052456	2820367	1051255
9650	4627	6365	5	1519	2821343	1052456	2822236	1053685
9651	4628	1614	2	1040	2821772	1053233	2820964	1052577
9652	4628	1615	2	1296	2821772	1053233	2820868	1052303
9653	4628	1618	2	2542	2821772	1053233	2820291	1051166
9654	4628	1620	5	1713	2821772	1053233	2820521	1052062
9655	4628	1621	2	2426	2821772	1053233	2820367	1051255
9656	4628	3687	5	2644	2821772	1053233	2822815	1050803
9657	4629	3696	5	1382	2823174	1051445	2821794	1051361
9658	4630	1614	2	2666	2823606	1052220	2820964	1052577
9659	4630	3687	5	1622	2823606	1052220	2822815	1050803
9660	4631	1614	2	1607	2822556	1052800	2820964	1052577
9661	4631	1615	2	1759	2822556	1052800	2820868	1052303
9662	4631	3687	5	2013	2822556	1052800	2822815	1050803
9663	4632	1614	2	2844	2823800	1052796	2820964	1052577
9664	4632	1615	2	2973	2823800	1052796	2820868	1052303
9665	4632	3687	5	2223	2823800	1052796	2822815	1050803
9666	4633	1614	2	3047	2823794	1053707	2820964	1052577
9667	4634	6365	5	2502	2824738	1053720	2822236	1053685
9668	4637	1294	2	1314	2830223	1053835	2830270	1055149
9669	4641	1608	2	2906	2824720	1056422	2821823	1056187
9670	4641	1612	2	3167	2824720	1056422	2822289	1054391
9671	4642	1609	2	2696	2824680	1057638	2822156	1058586
9672	4643	1608	2	2103	2823355	1057628	2821823	1056187
9673	4643	1609	2	1534	2823355	1057628	2822156	1058586
9674	4643	5969	5	2769	2823355	1057628	2820586	1057603
9675	4643	6361	5	1359	2823355	1057628	2821996	1057618
9676	4644	1599	2	1424	2822656	1057623	2822748	1059045
9677	4644	1608	2	1660	2822656	1057623	2821823	1056187
9678	4644	1609	2	1085	2822656	1057623	2822156	1058586
9679	4644	5969	5	2070	2822656	1057623	2820586	1057603
9680	4646	1435	2	1482	2828610	1058429	2830092	1058461
9681	4647	1294	2	2363	2828639	1056860	2830270	1055149
9682	4647	1435	2	2162	2828639	1056860	2830092	1058461
9683	4648	1872	2	1378	2832376	1045627	2831196	1046340
9684	4648	1886	2	2387	2832376	1045627	2831982	1043272
9685	4648	1889	2	1890	2832376	1045627	2831147	1047063
9686	4648	1894	2	1199	2832376	1045627	2831292	1045114
9687	4648	1897	2	1915	2832376	1045627	2831091	1047047
9688	4649	1872	2	1016	2832140	1046716	2831196	1046340
9689	4649	1889	2	1051	2832140	1046716	2831147	1047063
9690	4649	1894	2	1812	2832140	1046716	2831292	1045114
9691	4649	1897	2	1099	2832140	1046716	2831091	1047047
9692	4649	1898	5	907	2832140	1046716	2831358	1046255
9693	4649	1901	2	3054	2832140	1046716	2831028	1049561
9694	4651	1872	2	3169	2833120	1048859	2831196	1046340
9695	4651	1889	2	2668	2833120	1048859	2831147	1047063
9696	4651	1901	2	2206	2833120	1048859	2831028	1049561
9697	4652	1901	2	2708	2833735	1049473	2831028	1049561
9698	4660	4662	5	2300	2842896	1043566	2842870	1045866
9699	4660	7306	5	1826	2842896	1043566	2841518	1044765
9700	4661	7303	5	2908	2842885	1044782	2840282	1046080
9701	4662	4660	5	2300	2842870	1045866	2842896	1043566
9702	4662	7303	5	2596	2842870	1045866	2840282	1046080
9703	4691	6937	2	2114	2838929	1060545	2840378	1062085
9704	4694	4607	5	1781	2828297	1065669	2826836	1064649
9705	4694	6847	5	1226	2828297	1065669	2829523	1065689
9706	4696	7103	2	1611	2833383	1065699	2833954	1067206
9707	4698	4600	5	1059	2832748	1071252	2831689	1071243
9708	4698	7095	2	1553	2832748	1071252	2833804	1070112
9709	4698	7099	2	1405	2832748	1071252	2833890	1070432
9710	4699	4789	5	2651	2837434	1066029	2840082	1065899
9711	4699	7104	2	3137	2837434	1066029	2834297	1065978
9712	4702	1298	2	2005	2834817	1065717	2834849	1063712
9713	4702	1570	2	1933	2834817	1065717	2834684	1063788
9714	4702	7101	2	1483	2834817	1065717	2834073	1067001
9715	4702	7102	2	754	2834817	1065717	2834179	1066120
9716	4702	7103	2	1721	2834817	1065717	2833954	1067206
9717	4702	7104	2	581	2834817	1065717	2834297	1065978
9718	4703	1298	2	2649	2837489	1063485	2834849	1063712
9719	4703	1570	2	2821	2837489	1063485	2834684	1063788
9720	4703	1585	2	3052	2837489	1063485	2834854	1061944
9721	4703	6356	5	2525	2837489	1063485	2834977	1063742
9722	4706	4709	5	2659	2845581	1044812	2848240	1044838
9723	4706	4711	5	2990	2845581	1044812	2848251	1043466
9724	4707	1624	2	2699	2818024	1045790	2818729	1048396
9725	4707	1626	7	1835	2818024	1045790	2818158	1047621
9726	4707	1634	7	2034	2818024	1045790	2818604	1047740
9727	4707	1636	7	1839	2818024	1045790	2818478	1047573
9728	4707	1637	5	2138	2818024	1045790	2818710	1047816
9729	4707	1638	5	2288	2818024	1045790	2819178	1047766
9730	4707	1641	7	843	2818024	1045790	2817608	1046524
9731	4707	1642	7	662	2818024	1045790	2817567	1046269
9732	4707	1652	7	448	2818024	1045790	2817728	1046127
9733	4707	1653	2	937	2818024	1045790	2818023	1046727
9734	4707	1657	5	1873	2818024	1045790	2816901	1047289
9735	4707	2919	5	1609	2818024	1045790	2816684	1046681
9736	4707	2920	7	2185	2818024	1045790	2816028	1046681
9737	4707	7361	7	507	2818024	1045790	2818133	1046286
9738	4708	1874	2	3048	2845576	1043516	2844400	1040704
9739	4709	4706	5	2659	2848240	1044838	2845581	1044812
9740	4711	4706	5	2990	2848251	1043466	2845581	1044812
9741	4718	4749	5	2235	2845509	1055384	2847744	1055386
9742	4724	4726	5	2957	2848464	1049324	2850801	1047512
9743	4726	4724	5	2957	2850801	1047512	2848464	1049324
9744	4726	4729	5	2891	2850801	1047512	2852083	1044920
9745	4727	4729	5	1480	2853446	1045498	2852083	1044920
9746	4729	4726	5	2891	2852083	1044920	2850801	1047512
9747	4729	4727	5	1480	2852083	1044920	2853446	1045498
9748	4729	7311	5	2668	2852083	1044920	2852083	1042252
9749	4733	4736	5	1780	2856147	1043496	2857923	1043363
9750	4735	1520	2	2082	2858083	1044222	2860007	1045020
9751	4736	1520	2	2662	2857923	1043363	2860007	1045020
9752	4736	4733	5	1780	2857923	1043363	2856147	1043496
9753	4749	4718	5	2235	2847744	1055386	2845509	1055384
9754	4753	1532	2	2953	2862877	1052923	2860507	1051160
9755	4753	4867	5	1042	2862877	1052923	2863706	1053555
9756	4753	4878	5	1470	2862877	1052923	2864347	1052954
9757	4756	1536	2	2134	2858455	1055074	2860396	1054186
9758	4758	1536	2	2338	2858449	1055481	2860396	1054186
9759	4759	4761	5	2706	2855966	1056757	2855933	1059463
9760	4761	4759	5	2706	2855933	1059463	2855966	1056757
9761	4771	6628	5	3034	2850723	1058027	2848073	1059505
9762	4772	6960	2	1755	2850679	1060651	2851983	1061827
9763	4774	6966	2	2439	2855859	1063372	2854688	1061232
9764	4774	6969	2	2410	2855859	1063372	2857111	1061312
9765	4777	2377	2	2910	2857843	1067628	2860049	1065729
9766	4777	2379	2	2271	2857843	1067628	2860043	1068194
9767	4779	2377	2	1804	2858921	1067138	2860049	1065729
9768	4779	2379	2	1540	2858921	1067138	2860043	1068194
9769	4780	2377	2	2233	2858022	1066666	2860049	1065729
9770	4780	2379	2	2533	2858022	1066666	2860043	1068194
9771	4786	6957	2	1893	2848002	1063316	2846430	1062260
9772	4789	4699	5	2651	2840082	1065899	2837434	1066029
9773	4797	6958	2	2443	2845381	1063327	2847517	1062141
9774	4802	6957	2	2185	2847992	1063788	2846430	1062260
9775	4822	6255	5	2546	2842544	1078507	2845090	1078493
9776	4823	1302	2	3127	2837382	1075185	2834322	1074540
9777	4823	1303	2	3176	2837382	1075185	2834272	1074540
9778	4823	4824	5	1438	2837382	1075185	2835947	1075092
9779	4824	1302	2	1716	2835947	1075092	2834322	1074540
9780	4824	1303	2	1763	2835947	1075092	2834272	1074540
9781	4824	4823	5	1438	2835947	1075092	2837382	1075185
9782	4825	2413	2	1474	2835850	1079183	2834791	1080209
9783	4829	1527	2	2119	2862059	1047647	2860581	1049166
9784	4829	1528	2	2000	2862059	1047647	2860537	1048946
9785	4830	5724	5	2732	2863803	1047681	2864465	1045030
9786	4831	6868	2	2958	2863830	1045022	2864050	1042072
9787	4833	5723	5	2731	2864460	1047692	2865104	1045038
9788	4839	3501	5	996	2866433	1045666	2866451	1044670
9789	4851	1511	2	3158	2876953	1044059	2876389	1040951
9790	4867	4753	5	1042	2863706	1053555	2862877	1052923
9791	4867	4875	5	687	2863706	1053555	2864342	1053294
9792	4869	4875	5	636	2863710	1053371	2864342	1053294
9793	4875	4867	5	687	2864342	1053294	2863706	1053555
9794	4875	4869	5	636	2864342	1053294	2863710	1053371
9795	4878	4753	5	1470	2864347	1052954	2862877	1052923
9796	4879	4885	5	2215	2866390	1058231	2868605	1058280
9797	4885	4879	5	2215	2868605	1058280	2866390	1058231
9798	4888	4892	5	2656	2871519	1058319	2874175	1058339
9799	4888	4894	5	3070	2871519	1058319	2874589	1058342
9800	4891	4894	5	1763	2872826	1058329	2874589	1058342
9801	4892	4888	5	2656	2874175	1058339	2871519	1058319
9802	4894	4888	5	3070	2874589	1058342	2871519	1058319
9803	4894	4891	5	1763	2874589	1058342	2872826	1058329
9804	4896	4958	5	2644	2876828	1058359	2879472	1058392
9805	4901	6972	2	1328	2868551	1061606	2868098	1062855
9806	4901	6975	2	1285	2868551	1061606	2868971	1062821
9807	4904	4906	5	3015	2866095	1069152	2866234	1066140
9808	4906	4904	5	3015	2866234	1066140	2866095	1069152
9809	4908	1314	2	2532	2868362	1074889	2868019	1072380
9810	4908	7249	2	2943	2868362	1074889	2868040	1077815
9811	4908	7251	2	3046	2868362	1074889	2868153	1077928
9812	4923	6972	2	2253	2869988	1061627	2868098	1062855
9813	4924	4930	5	2932	2871508	1061615	2874184	1060415
9814	4924	6973	2	1450	2871508	1061615	2870803	1062883
9815	4925	6974	2	1305	2871497	1062890	2870192	1062877
9816	4925	6977	2	1709	2871497	1062890	2869788	1062923
9817	4925	6978	2	2137	2871497	1062890	2869360	1062911
9818	4925	6979	2	2480	2871497	1062890	2869017	1062891
9819	4926	6973	2	2884	2871513	1060087	2870803	1062883
9820	4927	4929	5	2598	2876093	1060997	2873495	1060992
9821	4928	4931	5	2658	2874182	1060993	2876840	1060999
9822	4929	4927	5	2598	2873495	1060992	2876093	1060997
9823	4930	4924	5	2932	2874184	1060415	2871508	1061615
9824	4931	4928	5	2658	2876840	1060999	2874182	1060993
9825	4943	1322	2	1231	2887141	1072142	2886054	1071563
9826	4944	7118	5	3190	2887113	1074828	2887149	1071638
9827	4958	4896	5	2644	2879472	1058392	2876828	1058359
9828	4969	1325	5	765	2887242	1065804	2887234	1066569
9829	4981	7141	2	1413	2892564	1057972	2893617	1057029
9830	4981	7142	2	1619	2892564	1057972	2893657	1056777
9831	4997	7055	7	1280	2786385	1047211	2785105	1047242
9832	4997	7065	2	1911	2786385	1047211	2788287	1047398
9833	5002	5009	5	1898	2883473	1047153	2885163	1048018
9834	5004	5009	5	3101	2883432	1050591	2885163	1048018
9835	5008	5010	5	2618	2887460	1048084	2887427	1050702
9836	5009	5002	5	1898	2885163	1048018	2883473	1047153
9837	5009	5004	5	3101	2885163	1048018	2883432	1050591
9838	5010	5008	5	2618	2887427	1050702	2887460	1048084
9839	5017	5020	5	2367	2892387	1078681	2894497	1079755
9840	5020	5017	5	2367	2894497	1079755	2892387	1078681
9841	5023	7120	5	2745	2896094	1071892	2893997	1070120
9842	5023	7132	5	2509	2896094	1071892	2894169	1070282
9843	5035	6605	7	2927	2903050	1063450	2903096	1060523
9844	5103	1547	2	358	2873597	1109919	2873254	1109816
9845	5118	5120	5	3004	2881389	1092704	2880477	1089841
9846	5119	5123	5	2230	2880951	1090920	2879003	1089833
9847	5120	5118	5	3004	2880477	1089841	2881389	1092704
9848	5123	5119	5	2230	2879003	1089833	2880951	1090920
9849	5140	5141	5	2624	2887063	1079811	2887037	1082435
9850	5141	5140	5	2624	2887037	1082435	2887063	1079811
9851	5142	5144	5	2535	2884438	1078520	2884411	1081055
9852	5144	5142	5	2535	2884411	1081055	2884438	1078520
9853	5144	6247	5	1873	2884411	1081055	2885787	1079783
9854	5162	7257	2	1824	2868528	1084913	2869380	1086526
9855	5163	7252	2	1486	2868504	1087487	2869491	1086375
9856	5163	7254	2	1307	2868504	1087487	2869403	1088437
9857	5163	7256	2	1378	2868504	1087487	2869303	1088610
9858	5163	7257	2	1300	2868504	1087487	2869380	1086526
9859	5176	2406	2	2795	2845038	1081932	2842304	1081351
9860	5176	2407	2	2074	2845038	1081932	2843368	1080701
9861	5177	2406	2	2776	2845053	1080964	2842304	1081351
9862	5181	6873	2	2284	2837083	1087148	2835020	1088129
9863	5181	6874	2	2472	2837083	1087148	2834945	1088390
9864	5181	6875	2	2233	2837083	1087148	2835183	1085974
9865	5181	6876	2	2408	2837083	1087148	2835156	1085703
9866	5184	2406	2	3157	2842380	1084508	2842304	1081351
9867	5185	2406	2	1087	2842414	1082433	2842304	1081351
9868	5185	2407	2	1977	2842414	1082433	2843368	1080701
9869	5186	2396	2	1513	2843725	1081911	2844081	1080440
9870	5186	2406	2	1527	2843725	1081911	2842304	1081351
9871	5186	2407	2	1261	2843725	1081911	2843368	1080701
9872	5187	1346	5	1150	2836353	1087120	2837503	1087163
9873	5187	6873	2	1671	2836353	1087120	2835020	1088129
9874	5187	6874	2	1896	2836353	1087120	2834945	1088390
9875	5187	6875	2	1637	2836353	1087120	2835183	1085974
9876	5187	6876	2	1854	2836353	1087120	2835156	1085703
9877	5192	1350	2	2983	2833123	1092605	2834564	1089992
9878	5192	1351	2	1269	2833123	1092605	2834344	1092257
9879	5192	1352	2	2997	2833123	1092605	2834612	1090003
9880	5192	1563	2	2018	2833123	1092605	2834304	1094242
9881	5192	1564	2	1330	2833123	1092605	2834327	1093171
9882	5192	2831	5	764	2833123	1092605	2833792	1092976
9883	5201	5202	5	3196	2840528	1110177	2840528	1106981
9884	5202	5201	5	3196	2840528	1106981	2840528	1110177
9885	5214	5217	5	3164	2843647	1111828	2845825	1114124
9886	5217	1362	5	2108	2845825	1114124	2847911	1114428
9887	5217	5214	5	3164	2845825	1114124	2843647	1111828
9888	5223	1360	2	2961	2840540	1119425	2840551	1116464
9889	5243	6726	5	2695	2821582	1089453	2824277	1089441
9890	5250	5251	7	2993	2825129	1089437	2822136	1089450
9891	5251	5250	7	2993	2822136	1089450	2825129	1089437
9892	5270	6659	5	2359	2819926	1097371	2817567	1097398
9893	5286	1367	5	1911	2823966	1103497	2822055	1103522
9894	5289	2613	2	1591	2814685	1105817	2813098	1105935
9895	5289	2614	2	1807	2814685	1105817	2812965	1106371
9896	5289	2618	2	1622	2814685	1105817	2814055	1104322
9897	5290	2613	2	1361	2814044	1104956	2813098	1105935
9898	5290	2614	2	1779	2814044	1104956	2812965	1106371
9899	5290	2618	2	634	2814044	1104956	2814055	1104322
9900	5291	2613	2	1619	2814712	1106063	2813098	1105935
9901	5291	2614	2	1773	2814712	1106063	2812965	1106371
9902	5291	2618	2	1860	2814712	1106063	2814055	1104322
9903	5291	6664	5	1506	2814712	1106063	2815855	1105082
9904	5296	2602	2	697	2808712	1109848	2809135	1109293
9905	5296	2604	2	853	2808712	1109848	2809449	1109418
9906	5297	2602	2	1706	2809959	1110787	2809135	1109293
9907	5297	2604	2	1460	2809959	1110787	2809449	1109418
9908	5297	2609	2	3002	2809959	1110787	2812957	1110956
9909	5298	2610	2	1687	2813917	1108165	2813121	1109653
9910	5298	2611	2	1074	2813917	1108165	2812962	1108658
9911	5299	2596	5	2278	2813905	1112680	2812076	1114038
9912	5299	2610	2	3126	2813905	1112680	2813121	1109653
9913	5299	5750	5	1615	2813905	1112680	2812919	1113960
9914	5323	2594	5	2278	2813914	1113707	2811713	1113119
9915	5331	5332	5	1654	2800880	1123635	2801706	1125068
9916	5332	5331	5	1654	2801706	1125068	2800880	1123635
9917	5343	5358	5	847	2794301	1129849	2795148	1129862
9918	5351	6704	5	1946	2788982	1047113	2787602	1048486
9919	5351	7066	2	236	2788982	1047113	2788816	1047282
9920	5351	7070	2	1466	2788982	1047113	2790446	1047029
9921	5351	7074	7	2766	2788982	1047113	2791747	1047028
9922	5356	1373	2	1599	2793080	1129860	2794679	1129855
9923	5358	5343	5	847	2795148	1129862	2794301	1129849
9924	5399	1373	2	2054	2796733	1129888	2794679	1129855
9925	5453	6677	5	2377	2778787	1145844	2776411	1145764
9926	5508	6516	2	2951	2801873	1104277	2804719	1103494
9927	5509	6516	2	2787	2802007	1102850	2804719	1103494
9928	5510	6516	2	1595	2803257	1102856	2804719	1103494
9929	5510	6714	2	3157	2803257	1102856	2805609	1104962
9930	5510	6715	2	3168	2803257	1102856	2805579	1105012
9931	5511	6714	2	2355	2804347	1102973	2805609	1104962
9932	5511	6715	2	2382	2804347	1102973	2805579	1105012
9933	5513	6516	2	2410	2803311	1105450	2804719	1103494
9934	5522	5540	7	2835	2802788	1092401	2805332	1091149
9935	5532	1206	5	2691	2808728	1087251	2809107	1084586
9936	5534	4575	5	3031	2805458	1087168	2806988	1084551
9937	5534	6657	5	3046	2805458	1087168	2807003	1089794
9938	5540	5522	7	2835	2805332	1091149	2802788	1092401
9939	5541	1915	2	1652	2797564	1087112	2798098	1085548
9940	5541	1918	2	2287	2797564	1087112	2795897	1085546
9941	5542	1915	2	2651	2795940	1087089	2798098	1085548
9942	5542	1917	2	1506	2795940	1087089	2796109	1085592
9943	5542	1918	2	1543	2795940	1087089	2795897	1085546
9944	5545	1915	2	2999	2797519	1088491	2798098	1085548
9945	5556	5567	5	2563	2792668	1093358	2790834	1095149
9946	5559	5560	5	2368	2795760	1100783	2793438	1100318
9947	5560	5559	5	2368	2793438	1100318	2795760	1100783
9948	5560	5563	5	2620	2793438	1100318	2790819	1100235
9949	5563	5560	5	2620	2790819	1100235	2793438	1100318
9950	5567	5556	5	2563	2790834	1095149	2792668	1093358
9951	5574	1921	2	796	2788780	1086559	2788106	1086134
9952	5575	1926	5	1559	2786089	1088416	2786205	1086861
9953	5580	2588	5	2283	2781666	1092241	2779383	1092231
9954	5581	2590	2	959	2779034	1094454	2779016	1093495
9955	5582	1946	2	2935	2778202	1092233	2779076	1089431
9956	5582	2586	2	1459	2778202	1092233	2779049	1091044
9957	5582	2590	2	1501	2778202	1092233	2779016	1093495
9958	5584	2592	2	2426	2782406	1094565	2780096	1095307
9959	5586	2592	2	2331	2780978	1097465	2780096	1095307
9960	5626	4214	5	1911	2737901	1021777	2736676	1020309
9961	5627	5628	5	2776	2803943	1002507	2803928	1005283
9962	5627	6016	5	2994	2803943	1002507	2805366	999872
9963	5628	1807	2	2822	2803928	1005283	2805614	1007546
9964	5628	1814	2	3022	2803928	1005283	2806578	1006736
9965	5628	1838	2	2856	2803928	1005283	2806665	1004467
9966	5628	2147	5	2160	2803928	1005283	2803916	1007443
9967	5628	5627	5	2776	2803928	1005283	2803943	1002507
9968	5630	2183	2	2603	2810579	1005166	2809734	1007629
9969	5630	2186	2	2484	2810579	1005166	2811008	1007613
9970	5630	2187	2	3156	2810579	1005166	2812656	1007543
9971	5630	3894	7	1808	2810579	1005166	2811850	1003879
9972	5631	3890	5	2918	2815832	1002602	2814446	1005170
9973	5632	2151	5	2094	2799707	1008857	2798682	1007030
9974	5632	3922	5	2232	2799707	1008857	2800634	1010888
9975	5632	3929	5	2293	2799707	1008857	2798650	1010892
9976	5632	6024	5	1652	2799707	1008857	2798683	1007560
9977	5634	3926	5	2466	2802477	1012863	2803905	1010852
9978	5635	2739	2	1231	2792051	1025807	2793006	1026584
9979	5635	2758	2	1551	2792051	1025807	2793002	1027033
9980	5635	2760	5	646	2792051	1025807	2792686	1025929
9981	5635	2761	2	891	2792051	1025807	2792934	1025681
9982	5647	1674	2	2408	2811700	1035307	2812477	1037587
9983	5647	1680	2	2107	2811700	1035307	2812477	1037266
9984	5647	1682	2	1488	2811700	1035307	2812503	1034054
9985	5648	1682	2	798	2811706	1034002	2812503	1034054
9986	5649	1682	2	2819	2811714	1031347	2812503	1034054
9987	5649	1686	2	1376	2811714	1031347	2812534	1030241
9988	5650	1682	2	1191	2811708	1033166	2812503	1034054
9989	5650	1686	2	3039	2811708	1033166	2812534	1030241
9990	5653	1679	2	2988	2812679	1034001	2812527	1036986
9991	5655	1689	2	2858	2815022	1031399	2812587	1029901
9992	5662	3809	5	2656	2816969	1031424	2819625	1031415
9993	5665	5668	5	1324	2807703	1032607	2809027	1032646
9994	5668	5665	5	1324	2809027	1032646	2807703	1032607
9995	5675	1686	2	1736	2811733	1028700	2812534	1030241
9996	5675	1690	2	1665	2811733	1028700	2812554	1027251
9997	5675	3973	5	2510	2811733	1028700	2811733	1026190
9998	5676	1686	2	2461	2810627	1028685	2812534	1030241
9999	5676	1690	2	2402	2810627	1028685	2812554	1027251
10000	5677	1686	2	2349	2810452	1031330	2812534	1030241
10001	5678	1690	2	971	2811733	1026731	2812554	1027251
10002	5678	1698	2	2670	2811733	1026731	2812561	1024192
10003	5678	1699	2	3103	2811733	1026731	2812611	1023754
10004	5679	1689	2	2695	2815033	1028769	2812587	1029901
10005	5679	1693	2	2694	2815033	1028769	2812602	1027607
10006	5680	1689	2	2145	2814406	1028763	2812587	1029901
10007	5680	1693	2	2142	2814406	1028763	2812602	1027607
10008	5681	1693	2	3124	2815715	1027341	2812602	1027607
10009	5681	3846	5	2686	2815715	1027341	2818358	1026860
10010	5681	3980	5	2698	2815715	1027341	2815732	1024643
10011	5681	3982	5	1654	2815715	1027341	2817147	1026513
10012	5689	6598	5	1322	2818289	1032805	2819610	1032734
10013	5692	3780	5	2550	2829362	1034183	2826812	1034135
10014	5694	3801	5	1326	2819567	1037450	2818257	1037657
10015	5699	3773	5	2673	2816849	1041844	2819522	1041873
10016	5703	1660	2	2389	2814900	1043252	2813634	1045279
10017	5703	1662	2	1176	2814900	1043252	2813856	1042709
10018	5703	1663	2	2096	2814900	1043252	2813695	1044967
10019	5703	1669	2	2605	2814900	1043252	2813919	1045666
10020	5703	2926	5	1985	2814900	1043252	2812915	1043252
10021	5703	5705	5	681	2814900	1043252	2815571	1043131
10022	5704	1660	2	1526	2814898	1044423	2813634	1045279
10023	5704	1662	2	2005	2814898	1044423	2813856	1042709
10024	5704	1663	2	1320	2814898	1044423	2813695	1044967
10025	5704	1669	2	1582	2814898	1044423	2813919	1045666
10026	5705	1660	2	2892	2815571	1043131	2813634	1045279
10027	5705	1662	2	1766	2815571	1043131	2813856	1042709
10028	5705	1663	2	2624	2815571	1043131	2813695	1044967
10029	5705	1669	2	3025	2815571	1043131	2813919	1045666
10030	5705	5703	5	681	2815571	1043131	2814900	1043252
10031	5706	2928	5	2940	2808989	1043084	2806346	1044373
10032	5708	1203	2	933	2810004	1044387	2810466	1045198
10033	5708	1209	2	861	2810004	1044387	2810300	1045196
10034	5708	1672	2	2796	2810004	1044387	2812378	1045865
10035	5711	1242	2	2508	2857742	1040696	2859979	1041831
10036	5711	1479	2	2925	2857742	1040696	2859932	1042636
10037	5711	1495	2	1580	2857742	1040696	2859175	1041363
10038	5711	6796	2	2434	2857742	1040696	2859805	1041989
10039	5711	6800	2	546	2857742	1040696	2858285	1040761
10040	5711	6802	2	247	2857742	1040696	2857593	1040499
10041	5711	6809	2	2333	2857742	1040696	2859759	1041869
10042	5711	6810	2	1226	2857742	1040696	2858840	1041243
10043	5711	6864	2	2048	2857742	1040696	2859437	1041846
10044	5713	6222	5	1412	2845768	1025730	2845055	1024511
10045	5713	7241	2	2503	2845768	1025730	2846251	1028186
10046	5714	7241	2	2861	2845924	1025343	2846251	1028186
10047	5716	1239	5	2530	2875160	1039974	2872829	1040959
10048	5716	1507	5	2374	2875160	1039974	2873069	1041100
10049	5716	1513	2	2783	2875160	1039974	2877786	1040897
10050	5716	3485	5	1434	2875160	1039974	2875713	1038650
10051	5716	3488	5	2128	2875160	1039974	2873143	1039293
10052	5717	1510	2	1158	2877052	1039995	2876338	1040907
10053	5717	1513	2	1162	2877052	1039995	2877786	1040897
10054	5718	1241	2	1332	2860762	1039809	2860864	1041138
10055	5718	3512	5	1352	2860762	1039809	2861234	1038542
10056	5718	6790	2	2017	2860762	1039809	2862037	1041372
10057	5718	6792	2	2292	2860762	1039809	2862426	1041386
10058	5718	6794	2	1417	2860762	1039809	2861639	1040923
10059	5719	1241	2	1496	2860562	1039672	2860864	1041138
10060	5719	3512	5	1314	2860562	1039672	2861234	1038542
10061	5719	3525	7	431	2860562	1039672	2860562	1040103
10062	5719	6790	2	2250	2860562	1039672	2862037	1041372
10063	5719	6792	2	2532	2860562	1039672	2862426	1041386
10064	5719	6794	2	1650	2860562	1039672	2861639	1040923
10065	5720	1241	2	2799	2859321	1038802	2860864	1041138
10066	5720	3531	5	1143	2859321	1038802	2860457	1038670
10067	5720	3549	5	785	2859321	1038802	2859612	1038072
10068	5720	3558	5	2531	2859321	1038802	2858034	1036622
10069	5720	3561	5	2823	2859321	1038802	2856668	1037837
10070	5720	6794	2	3141	2859321	1038802	2861639	1040923
10071	5721	1241	2	1197	2860661	1039958	2860864	1041138
10072	5721	3512	5	1527	2860661	1039958	2861234	1038542
10073	5721	6790	2	1973	2860661	1039958	2862037	1041372
10074	5721	6792	2	2270	2860661	1039958	2862426	1041386
10075	5721	6794	2	1373	2860661	1039958	2861639	1040923
10076	5722	1241	2	855	2860313	1040483	2860864	1041138
10077	5722	6792	2	2297	2860313	1040483	2862426	1041386
10078	5722	6794	2	1397	2860313	1040483	2861639	1040923
10079	5723	4833	5	2731	2865104	1045038	2864460	1047692
10080	5724	4830	5	2732	2864465	1045030	2863803	1047681
10081	5737	1368	5	2985	2824985	1105788	2822020	1106141
10082	5744	6676	5	2366	2783122	1134408	2780928	1135294
10083	5748	2593	2	2832	2807233	1117199	2809889	1116216
10084	5749	2593	2	1499	2809917	1117715	2809889	1116216
10085	5750	5299	5	1615	2812919	1113960	2813905	1112680
10086	5751	2602	2	2017	2808888	1111295	2809135	1109293
10087	5751	2604	2	1959	2808888	1111295	2809449	1109418
10088	5759	1747	5	2587	2810426	1080583	2810960	1083115
10089	5759	1752	2	2787	2810426	1080583	2809930	1083326
10090	5759	1755	2	1665	2810426	1080583	2809344	1081849
10091	5759	1757	5	1995	2810426	1080583	2809352	1082265
10092	5759	6717	2	2725	2810426	1080583	2810202	1083299
10093	5760	5762	5	3052	2814920	1086864	2817972	1086824
10094	5760	5763	5	3084	2814920	1086864	2816418	1084168
10095	5762	5760	5	3052	2817972	1086824	2814920	1086864
10096	5763	2447	2	1152	2816418	1084168	2815882	1083148
10097	5763	2462	5	2990	2816418	1084168	2819132	1082912
10098	5763	2463	5	2932	2816418	1084168	2819083	1082944
10099	5763	2465	2	1840	2816418	1084168	2817836	1082994
10100	5763	5760	5	3084	2816418	1084168	2814920	1086864
10101	5764	1291	5	2656	2819127	1081586	2819152	1078930
10102	5764	2455	5	453	2819127	1081586	2819107	1082039
10103	5764	2457	5	857	2819127	1081586	2819089	1082443
10104	5764	2466	5	2443	2819127	1081586	2819127	1084029
10105	5764	5765	5	2666	2819127	1081586	2816464	1081440
10106	5765	2448	5	1971	2816464	1081440	2815026	1082788
10107	5765	2455	5	2710	2816464	1081440	2819107	1082039
10108	5765	2457	5	2810	2816464	1081440	2819089	1082443
10109	5765	2459	2	3113	2816464	1081440	2819308	1082707
10110	5765	5764	5	2666	2816464	1081440	2819127	1081586
10111	5766	2451	2	1689	2821863	1081681	2820394	1082515
10112	5766	2453	2	1676	2821863	1081681	2820434	1082558
10113	5766	6721	2	2547	2821863	1081681	2824404	1081858
10114	5766	6722	2	2546	2821863	1081681	2824406	1081807
10115	5776	1213	5	2032	2726310	979597	2728064	980623
10116	5780	3001	5	2541	2821682	938479	2819199	937935
10117	5792	1440	2	978	2810357	946946	2809394	946770
10118	5792	1441	2	1053	2810357	946946	2809326	946731
10119	5792	1443	2	1258	2810357	946946	2809939	948133
10120	5792	1444	2	1477	2810357	946946	2809988	948377
10121	5792	1445	5	1331	2810357	946946	2809581	948028
10122	5794	1446	2	2406	2813505	958660	2811104	958816
10123	5794	1448	2	2358	2813505	958660	2811153	958829
10124	5794	1451	2	2973	2813505	958660	2810935	960155
10125	5797	1855	2	2764	2808274	967494	2810719	966203
10126	5797	1858	2	2423	2808274	967494	2810515	966572
10127	5800	3168	5	2068	2816124	961773	2814120	961261
10128	5801	1831	2	923	2814714	965346	2814003	965936
10129	5801	1833	2	1088	2814714	965346	2813643	965538
10130	5801	3164	5	2543	2814714	965346	2812270	966049
10131	5802	1831	2	1607	2814675	967396	2814003	965936
10132	5802	1833	2	2125	2814675	967396	2813643	965538
10133	5802	3164	5	2756	2814675	967396	2812270	966049
10134	5802	3170	5	2789	2814675	967396	2817316	968295
10135	5807	3156	5	2799	2822542	969675	2819974	970790
10136	5807	7180	2	2234	2822542	969675	2821040	971329
10137	5807	7181	2	2136	2822542	969675	2821040	971195
10138	5809	6561	5	1587	2829260	972486	2830535	973432
10139	5813	3259	5	498	2856346	992477	2856641	992879
10140	5816	7214	2	2970	2838360	989501	2835674	988232
10141	5821	2260	2	2935	2840617	1005336	2842311	1007734
10142	5822	2248	2	2763	2850591	1006428	2848583	1008326
10143	5822	2265	2	1893	2850591	1006428	2850705	1008318
10144	5822	2267	2	2470	2850591	1006428	2852196	1008306
10145	5828	2293	2	2945	2866033	1015265	2868085	1013152
10146	5828	2294	2	3025	2866033	1015265	2868021	1012984
10147	5828	6681	2	2236	2866033	1015265	2865838	1013037
10148	5829	2295	2	1425	2867127	1011673	2868089	1012725
10149	5829	2302	2	1027	2867127	1011673	2868127	1011438
10150	5829	2303	2	1080	2867127	1011673	2868205	1011599
10151	5829	7283	2	2386	2867127	1011673	2868375	1009639
10152	5829	7285	2	2423	2867127	1011673	2868444	1009639
10153	5830	2292	2	1614	2869303	1015625	2868124	1014522
10154	5830	2693	2	1569	2869303	1015625	2867777	1015990
10155	5830	2694	2	1240	2869303	1015625	2868081	1015412
10156	5830	5837	5	2294	2869303	1015625	2870234	1013528
10157	5831	2694	2	2933	2869275	1018092	2868081	1015412
10158	5834	7287	2	2392	2869711	1005836	2868605	1007958
10159	5834	7288	2	2478	2869711	1005836	2868677	1008088
10160	5834	7290	2	1820	2869711	1005836	2868580	1004410
10161	5834	7291	2	1844	2869711	1005836	2868499	1004446
10162	5836	2301	2	1885	2870306	1011206	2869557	1012936
10163	5836	2306	2	2475	2870306	1011206	2872102	1012909
10164	5837	2291	2	583	2870234	1013528	2870015	1012987
10165	5837	2292	2	2332	2870234	1013528	2868124	1014522
10166	5837	2308	2	2143	2870234	1013528	2872302	1012964
10167	5837	2313	5	2722	2870234	1013528	2872916	1013063
10168	5837	2694	2	2860	2870234	1013528	2868081	1015412
10169	5837	5830	5	2294	2870234	1013528	2869303	1015625
10170	5838	2291	2	2947	2872910	1013542	2870015	1012987
10171	5838	2308	2	838	2872910	1013542	2872302	1012964
10172	5838	2309	2	1450	2872910	1013542	2874228	1012937
10173	5838	7175	2	3041	2872910	1013542	2875951	1013502
10174	5838	7176	2	3000	2872910	1013542	2875910	1013559
10175	5839	2308	2	1391	2873564	1013551	2872302	1012964
10176	5839	2309	2	904	2873564	1013551	2874228	1012937
10177	5839	7175	2	2387	2873564	1013551	2875951	1013502
10178	5839	7176	2	2346	2873564	1013551	2875910	1013559
10179	5840	2306	2	3029	2873582	1010266	2872102	1012909
10180	5840	2307	2	2742	2873582	1010266	2874356	1012897
10181	5840	3349	5	919	2873582	1010266	2872966	1009584
10182	5840	7174	2	3082	2873582	1010266	2874961	1013023
10183	5841	2306	2	2783	2872960	1010261	2872102	1012909
10184	5841	2307	2	2982	2872960	1010261	2874356	1012897
10185	5842	3349	5	2097	2874943	1010285	2872966	1009584
10186	5846	3372	5	2918	2869894	997896	2872808	998059
10187	5847	2306	2	2190	2873569	1011282	2872102	1012909
10188	5847	2307	2	1796	2873569	1011282	2874356	1012897
10189	5847	3349	5	1801	2873569	1011282	2872966	1009584
10190	5847	7174	2	2229	2873569	1011282	2874961	1013023
10191	5848	6767	2	2607	2876209	1012834	2877459	1015122
10192	5848	6880	5	1123	2876209	1012834	2875890	1013911
10193	5848	7175	2	716	2876209	1012834	2875951	1013502
10194	5848	7176	2	784	2876209	1012834	2875910	1013559
10195	5848	7177	2	2569	2876209	1012834	2877521	1015043
10196	5849	7173	5	3129	2875614	1016203	2876100	1013111
10197	5852	2715	5	3093	2870159	1022708	2867066	1022666
10198	5853	2707	2	1765	2868647	1026629	2867261	1027723
10199	5853	2708	2	2332	2868647	1026629	2866772	1025241
10200	5853	2710	2	2085	2868647	1026629	2866812	1025639
10201	5853	2711	2	1771	2868647	1026629	2867208	1027663
10202	5855	2717	2	2504	2864287	1019219	2866672	1019982
10203	5855	2718	2	2520	2864287	1019219	2866619	1020175
10204	5856	2245	2	2886	2848732	1012566	2846473	1010769
10205	5856	7223	2	2609	2848732	1012566	2847434	1014830
10206	5857	7223	2	2699	2845851	1012643	2847434	1014830
10207	5859	7226	2	2711	2851048	1018591	2848897	1016940
10208	5864	2243	2	1017	2848195	1009320	2847814	1008376
10209	5864	2270	2	2735	2848195	1009320	2850760	1008368
10210	5868	3320	5	1952	2858831	1027879	2857358	1029160
10211	5870	2268	2	1969	2853579	1009854	2852301	1008355
10212	5870	2270	2	3186	2853579	1009854	2850760	1008368
10213	5871	2243	2	2613	2850194	1009455	2847814	1008376
10214	5871	2268	2	2376	2850194	1009455	2852301	1008355
10215	5871	2270	2	1225	2850194	1009455	2850760	1008368
10216	5872	2259	2	1511	2841522	1009249	2841896	1007784
10217	5872	2262	2	1589	2841522	1009249	2840904	1007785
10218	5873	2259	2	1951	2840588	1009232	2841896	1007784
10219	5873	2262	2	1481	2840588	1009232	2840904	1007785
10220	5874	2259	2	2684	2840583	1010126	2841896	1007784
10221	5874	2262	2	2362	2840583	1010126	2840904	1007785
10222	5879	1689	2	3164	2814405	1027311	2812587	1029901
10223	5879	1692	5	1962	2814405	1027311	2812721	1028319
10224	5879	1693	2	1827	2814405	1027311	2812602	1027607
10225	5879	6397	5	2083	2814405	1027311	2812714	1026093
10226	5880	5883	5	1838	2810699	1020740	2808861	1020727
10227	5880	5884	5	1954	2810699	1020740	2808745	1020725
10228	5880	6430	5	1986	2810699	1020740	2809112	1021935
10229	5881	2464	2	3102	2821868	1083674	2818883	1082830
10230	5882	1700	2	1708	2809132	1019358	2810188	1018015
10231	5882	1790	2	1543	2809132	1019358	2808328	1018041
10232	5882	6430	5	2577	2809132	1019358	2809112	1021935
10233	5883	1700	2	3019	2808861	1020727	2810188	1018015
10234	5883	1790	2	2738	2808861	1020727	2808328	1018041
10235	5883	5880	5	1838	2808861	1020727	2810699	1020740
10236	5883	5885	5	2169	2808861	1020727	2806692	1020701
10237	5883	6431	5	3018	2808861	1020727	2807179	1018221
10238	5884	1700	2	3070	2808745	1020725	2810188	1018015
10239	5884	1790	2	2716	2808745	1020725	2808328	1018041
10240	5884	1794	5	2941	2808745	1020725	2807227	1018206
10241	5884	5880	5	1954	2808745	1020725	2810699	1020740
10242	5885	1794	5	2551	2806692	1020701	2807227	1018206
10243	5885	5883	5	2169	2806692	1020701	2808861	1020727
10244	5885	5891	5	2846	2806692	1020701	2803846	1020727
10245	5886	2655	2	2421	2803855	1019429	2801812	1018129
10246	5887	2650	2	1408	2802527	1019423	2803060	1018119
10247	5887	2655	2	1478	2802527	1019423	2801812	1018129
10248	5888	2650	2	2252	2801219	1019417	2803060	1018119
10249	5888	2658	2	1740	2801219	1019417	2800355	1017906
10250	5888	2659	2	2909	2801219	1019417	2799416	1017133
10251	5888	2664	2	2988	2801219	1019417	2799317	1017112
10252	5888	5890	5	2643	2801219	1019417	2798576	1019429
10253	5890	5888	5	2643	2798576	1019429	2801219	1019417
10254	5891	2652	5	2510	2803846	1020727	2803862	1018217
10255	5891	5885	5	2846	2803846	1020727	2806692	1020701
10256	5891	5892	5	2653	2803846	1020727	2801208	1021009
10257	5892	2656	5	2789	2801208	1021009	2801227	1018220
10258	5892	5891	5	2653	2801208	1021009	2803846	1020727
10259	5893	3988	5	2889	2801183	1024609	2803800	1023383
10260	5894	4042	5	2692	2798536	1023954	2795922	1023309
10261	5895	1673	2	2844	2813812	1039189	2813631	1042028
10262	5895	1677	2	2074	2813812	1039189	2812518	1037568
10263	5895	1679	2	2550	2813812	1039189	2812527	1036986
10264	5898	1689	2	1871	2813736	1031378	2812587	1029901
10265	5899	3778	5	2928	2830821	1036786	2827894	1036881
10266	5901	1890	2	3146	2827164	1045257	2829840	1043601
10267	5901	1904	2	824	2827164	1045257	2826799	1045996
10268	5901	1905	2	1743	2827164	1045257	2825631	1046088
10269	5901	1907	2	1853	2827164	1045257	2825509	1046091
10270	5901	1909	2	3157	2827164	1045257	2824008	1045162
10271	5901	6445	5	2569	2827164	1045257	2829733	1045282
10272	5902	1887	2	3179	2828337	1043392	2831509	1043604
10273	5902	1890	2	1517	2828337	1043392	2829840	1043601
10274	5902	1904	2	3024	2828337	1043392	2826799	1045996
10275	5902	6855	2	1483	2828337	1043392	2829819	1043459
10276	5903	1890	2	2159	2828470	1045270	2829840	1043601
10277	5903	1904	2	1821	2828470	1045270	2826799	1045996
10278	5903	1905	2	2954	2828470	1045270	2825631	1046088
10279	5903	1907	2	3072	2828470	1045270	2825509	1046091
10280	5903	6227	5	1922	2828470	1045270	2830392	1045289
10281	5903	6446	5	2593	2828470	1045270	2831063	1045295
10282	5903	6855	2	2258	2828470	1045270	2829819	1043459
10283	5904	6226	5	2454	2828243	1047336	2830387	1046141
10284	5904	6449	5	2083	2828243	1047336	2830063	1046321
10285	5905	5906	7	876	2823860	1047368	2824735	1047313
10286	5906	2867	7	2881	2824735	1047313	2821949	1048050
10287	5906	5905	7	876	2824735	1047313	2823860	1047368
10288	5908	1717	2	2185	2821135	1046288	2819025	1045717
10289	5909	1717	2	1666	2820311	1046777	2819025	1045717
10290	5910	1717	2	1568	2819875	1047035	2819025	1045717
10291	5910	3699	5	1358	2819875	1047035	2819875	1048393
10292	5911	1907	2	3166	2822390	1045544	2825509	1046091
10293	5912	1717	2	1002	2819493	1046604	2819025	1045717
10294	5914	1660	2	1234	2814520	1044419	2813634	1045279
10295	5914	1662	2	1834	2814520	1044419	2813856	1042709
10296	5914	1663	2	990	2814520	1044419	2813695	1044967
10297	5914	1669	2	1384	2814520	1044419	2813919	1045666
10298	5914	1719	2	1056	2814520	1044419	2814799	1045438
10299	5918	2929	5	2949	2802348	1042553	2804669	1044373
10300	5920	2874	2	2748	2803678	1049599	2804483	1046971
10301	5920	2877	2	2736	2803678	1049599	2802691	1047047
10302	5921	1728	2	2804	2805230	1049857	2806529	1047371
10303	5922	1401	2	1939	2808203	1047800	2806322	1047326
10304	5922	1711	2	918	2808203	1047800	2809049	1048158
10305	5922	1712	2	948	2808203	1047800	2809007	1048303
10306	5922	1728	2	1728	2808203	1047800	2806529	1047371
10307	5923	1707	5	1622	2808932	1047006	2808742	1045395
10308	5923	1709	5	2085	2808932	1047006	2808428	1044982
10309	5923	1710	5	2311	2808932	1047006	2808391	1044759
10310	5923	1711	2	1157	2808932	1047006	2809049	1048158
10311	5923	1712	2	1299	2808932	1047006	2809007	1048303
10312	5923	2911	5	1022	2808932	1047006	2808936	1045984
10313	5923	6399	5	1049	2808932	1047006	2808832	1045961
10314	5923	6401	5	928	2808932	1047006	2808936	1046078
10315	5923	6404	5	390	2808932	1047006	2809059	1046637
10316	5924	1714	2	3042	2806089	1050941	2809127	1051106
10317	5924	1734	2	3021	2806089	1050941	2809005	1051734
10318	5925	1714	2	3048	2806300	1052247	2809127	1051106
10319	5925	1733	2	2577	2806300	1052247	2808833	1052722
10320	5925	1734	2	2753	2806300	1052247	2809005	1051734
10321	5926	1733	2	1210	2808413	1053857	2808833	1052722
10322	5926	1734	2	2203	2808413	1053857	2809005	1051734
10323	5927	4525	5	2269	2802406	1060528	2802334	1062796
10324	5928	1423	2	1328	2808824	1056406	2810023	1055834
10325	5928	1425	5	1607	2808824	1056406	2810066	1055385
10326	5929	1423	2	2407	2809793	1053438	2810023	1055834
10327	5930	1423	2	3152	2809533	1052720	2810023	1055834
10328	5930	5934	5	2232	2809533	1052720	2811477	1053818
10329	5930	5935	5	1731	2809533	1052720	2811206	1052274
10330	5930	6882	5	2784	2809533	1052720	2812024	1051476
10331	5930	6896	5	3174	2809533	1052720	2812520	1051646
10332	5930	6898	5	2944	2809533	1052720	2811961	1051054
10333	5930	6900	5	3116	2809533	1052720	2812032	1050858
10334	5930	6902	5	2756	2809533	1052720	2811955	1051404
10335	5931	1424	2	2984	2810471	1054130	2810119	1057094
10336	5931	5933	5	1906	2810471	1054130	2809971	1052290
10337	5932	5935	5	2239	2810814	1054479	2811206	1052274
10338	5932	6883	5	2952	2810814	1054479	2812914	1052403
10339	5932	6884	5	3013	2810814	1054479	2812958	1052361
10340	5932	6993	5	2963	2810814	1054479	2812747	1052233
10341	5933	5931	5	1906	2809971	1052290	2810471	1054130
10342	5933	5934	5	2145	2809971	1052290	2811477	1053818
10343	5933	6882	5	2208	2809971	1052290	2812024	1051476
10344	5933	6883	5	2945	2809971	1052290	2812914	1052403
10345	5933	6884	5	2987	2809971	1052290	2812958	1052361
10346	5933	6886	5	2998	2809971	1052290	2812926	1051784
10347	5933	6887	5	2616	2809971	1052290	2812338	1051175
10348	5933	6888	5	2694	2809971	1052290	2812489	1051331
10349	5933	6889	5	2979	2809971	1052290	2812909	1051797
10350	5933	6890	5	2047	2809971	1052290	2811442	1050866
10351	5933	6896	5	2629	2809971	1052290	2812520	1051646
10352	5933	6897	5	2769	2809971	1052290	2812627	1051506
10353	5933	6898	5	2342	2809971	1052290	2811961	1051054
10354	5933	6899	5	2788	2809971	1052290	2812643	1051491
10355	5933	6900	5	2509	2809971	1052290	2812032	1050858
10356	5933	6902	5	2172	2809971	1052290	2811955	1051404
10357	5933	6903	5	2318	2809971	1052290	2811233	1050345
10358	5933	6904	5	2048	2809971	1052290	2811406	1050828
10359	5933	6906	5	3067	2809971	1052290	2812862	1051264
10360	5933	6908	5	2898	2809971	1052290	2812551	1050970
10361	5933	6993	5	2776	2809971	1052290	2812747	1052233
10362	5934	5930	5	2232	2811477	1053818	2809533	1052720
10363	5934	5933	5	2145	2811477	1053818	2809971	1052290
10364	5935	4511	5	2925	2811206	1052274	2814088	1051771
10365	5935	5930	5	1731	2811206	1052274	2809533	1052720
10366	5935	5932	5	2239	2811206	1052274	2810814	1054479
10367	5937	1427	7	1484	2810677	1051606	2809194	1051663
10368	5937	1734	2	1676	2810677	1051606	2809005	1051734
10369	5938	6893	5	846	2810066	1050321	2810912	1050311
10370	5939	2877	2	2641	2800060	1047284	2802691	1047047
10371	5939	2880	2	2938	2800060	1047284	2797128	1047088
10372	5940	2876	2	2526	2800274	1046741	2802792	1046953
10373	5940	2879	5	3139	2800274	1046741	2803412	1046827
10374	5940	7082	2	3152	2800274	1046741	2797133	1047008
10375	5943	1403	2	2241	2807123	1076627	2809164	1077553
10376	5943	1410	2	2289	2807123	1076627	2809213	1077562
10377	5943	4565	5	2937	2807123	1076627	2805860	1079279
10378	5945	5982	5	619	2807628	1074007	2807147	1074397
10379	5946	4538	5	2790	2808735	1071456	2806763	1069482
10380	5946	4554	5	2891	2808735	1071456	2805899	1070893
10381	5947	1411	2	1762	2808699	1069484	2809283	1067821
10382	5947	1413	2	1719	2808699	1069484	2809222	1067846
10383	5947	4537	5	2400	2808699	1069484	2806799	1068017
10384	5947	4553	5	2427	2808699	1069484	2806727	1070899
10385	5947	4554	5	3134	2808699	1069484	2805899	1070893
10386	5948	1411	2	1233	2808735	1066716	2809283	1067821
10387	5948	1413	2	1230	2808735	1066716	2809222	1067846
10388	5949	1411	2	3036	2808755	1064831	2809283	1067821
10389	5949	1413	2	3050	2808755	1064831	2809222	1067846
10390	5950	1414	2	2951	2810386	1062796	2809956	1065716
10391	5950	1416	2	2151	2810386	1062796	2810082	1064926
10392	5950	1417	2	2320	2810386	1062796	2810119	1060491
10393	5951	1416	2	2485	2811366	1062798	2810082	1064926
10394	5951	1417	2	2622	2811366	1062798	2810119	1060491
10395	5954	1733	2	1448	2808626	1054156	2808833	1052722
10396	5954	1734	2	2451	2808626	1054156	2809005	1051734
10397	5955	1423	2	1088	2809253	1055064	2810023	1055834
10398	5956	1733	2	1052	2808529	1053730	2808833	1052722
10399	5956	1734	2	2051	2808529	1053730	2809005	1051734
10400	5959	1428	2	2882	2808813	1052263	2809130	1049398
10401	5959	1733	2	459	2808813	1052263	2808833	1052722
10402	5959	1734	2	562	2808813	1052263	2809005	1051734
10403	5960	1428	2	1108	2808940	1050490	2809130	1049398
10404	5960	1714	2	643	2808940	1050490	2809127	1051106
10405	5960	1733	2	2234	2808940	1050490	2808833	1052722
10406	5960	1734	2	1245	2808940	1050490	2809005	1051734
10407	5960	7364	2	1790	2808940	1050490	2808579	1048736
10408	5962	1608	2	2654	2820158	1054119	2821823	1056187
10409	5962	1612	2	2148	2820158	1054119	2822289	1054391
10410	5964	3687	5	2268	2824482	1052342	2822815	1050803
10411	5965	1299	2	3121	2828129	1051090	2830994	1049852
10412	5968	1608	2	1763	2820520	1054998	2821823	1056187
10413	5969	1608	2	1880	2820586	1057603	2821823	1056187
10414	5969	1609	2	1852	2820586	1057603	2822156	1058586
10415	5969	4643	5	2769	2820586	1057603	2823355	1057628
10416	5969	4644	5	2070	2820586	1057603	2822656	1057623
10417	5970	4519	5	1949	2808785	1060148	2806846	1060354
10418	5971	4615	5	1416	2821813	1068187	2821932	1066776
10419	5972	1603	5	673	2822017	1060848	2822027	1060175
10420	5972	1609	2	2266	2822017	1060848	2822156	1058586
10421	5972	1610	5	790	2822017	1060848	2822030	1060058
10422	5973	6846	5	1244	2829496	1068348	2829489	1067104
10423	5974	6242	7	1296	2829427	1070006	2830723	1070006
10424	5977	7095	2	2560	2831940	1068356	2833804	1070112
10425	5977	7099	2	2848	2831940	1068356	2833890	1070432
10426	5977	7101	2	2526	2831940	1068356	2834073	1067001
10427	5977	7103	2	2319	2831940	1068356	2833954	1067206
10428	5979	1597	2	1235	2825487	1059569	2826148	1058525
10429	5979	1599	2	2788	2825487	1059569	2822748	1059045
10430	5979	1606	2	1257	2825487	1059569	2826086	1058463
10431	5979	4623	5	983	2825487	1059569	2824660	1060101
10432	5980	1592	2	2900	2824529	1059168	2827424	1058995
10433	5980	1597	2	1742	2824529	1059168	2826148	1058525
10434	5980	1599	2	1785	2824529	1059168	2822748	1059045
10435	5980	1601	5	554	2824529	1059168	2823975	1059158
10436	5980	1604	5	990	2824529	1059168	2823653	1058706
10437	5980	1605	5	2413	2824529	1059168	2822256	1058358
10438	5980	1606	2	1709	2824529	1059168	2826086	1058463
10439	5980	6710	5	2163	2824529	1059168	2823339	1060975
10440	5980	7355	5	1638	2824529	1059168	2823344	1060299
10441	5981	4546	5	2830	2803431	1070876	2803497	1068046
10442	5981	4548	5	2222	2803431	1070876	2805072	1069377
10443	5982	5945	5	619	2807147	1074397	2807628	1074007
10444	5983	1262	2	1657	2818366	1019159	2819762	1020052
10445	5983	2629	2	751	2818366	1019159	2818844	1019739
10446	5983	2641	2	363	2818366	1019159	2818063	1018958
10447	5984	1262	2	1770	2818035	1019661	2819762	1020052
10448	5984	1775	2	3113	2818035	1019661	2815280	1018211
10449	5984	2629	2	812	2818035	1019661	2818844	1019739
10450	5984	2638	2	2250	2818035	1019661	2819847	1018327
10451	5984	2641	2	703	2818035	1019661	2818063	1018958
10452	5985	1775	2	3019	2818283	1018527	2815280	1018211
10453	5985	2629	2	1335	2818283	1018527	2818844	1019739
10454	5985	2641	2	483	2818283	1018527	2818063	1018958
10455	5986	2210	2	3183	2817082	1009658	2819807	1008013
10456	5986	2211	2	2870	2817082	1009658	2819800	1008736
10457	5987	1775	2	1520	2814454	1016935	2815280	1018211
10458	5988	7076	2	1713	2887554	1041671	2886874	1040098
10459	5988	7162	2	2302	2887554	1041671	2885959	1040010
10460	5988	7165	2	1823	2887554	1041671	2888470	1040094
10461	5989	1780	2	1571	2809183	1016780	2810217	1017964
10462	5989	1783	2	1226	2809183	1016780	2808942	1017983
10463	5989	1785	2	3141	2809183	1016780	2807035	1014488
10464	5989	1787	2	2999	2809183	1016780	2807115	1014607
10465	5989	1791	2	2090	2809183	1016780	2807513	1018038
10466	5991	1780	2	1952	2809773	1016063	2810217	1017964
10467	5991	1783	2	2092	2809773	1016063	2808942	1017983
10468	5991	1787	2	3030	2809773	1016063	2807115	1014607
10469	5991	3965	5	2141	2809773	1016063	2811775	1016824
10470	5992	1780	2	3148	2808575	1015278	2810217	1017964
10471	5992	1787	2	1606	2808575	1015278	2807115	1014607
10472	5993	1795	2	2763	2805562	1015490	2806690	1018013
10473	5994	2653	2	2181	2803876	1016811	2802100	1018077
10474	5995	1798	2	1474	2805111	1008889	2806407	1009593
10475	5995	1799	2	1592	2805111	1008889	2806355	1009884
10476	5995	1803	2	1420	2805111	1008889	2805702	1007597
10477	5995	1812	7	1764	2805111	1008889	2806875	1008911
10478	5995	2142	2	1450	2805111	1008889	2804406	1007621
10479	5995	2144	2	2489	2805111	1008889	2803009	1007555
10480	5995	2145	2	2218	2805111	1008889	2803290	1007622
10481	5995	3926	5	2303	2805111	1008889	2803905	1010852
10482	5996	2648	2	2203	2801251	1016703	2802979	1018070
10483	5997	1798	2	2830	2803914	1008253	2806407	1009593
10484	5997	1799	2	2935	2803914	1008253	2806355	1009884
10485	5997	1803	2	1904	2803914	1008253	2805702	1007597
10486	5997	2142	2	800	2803914	1008253	2804406	1007621
10487	5997	2144	2	1142	2803914	1008253	2803009	1007555
10488	5997	2145	2	887	2803914	1008253	2803290	1007622
10489	5997	3926	5	2599	2803914	1008253	2803905	1010852
10490	5998	6000	5	2828	2825052	1005127	2822339	1005928
10491	5999	2226	7	2845	2826115	1006408	2828699	1007599
10492	5999	2228	2	1875	2826115	1006408	2827463	1007712
10493	6000	5998	5	2828	2822339	1005928	2825052	1005127
10494	6001	6919	5	2025	2818488	1002625	2819680	1004262
10495	6001	6920	2	1404	2818488	1002625	2819837	1003015
10496	6002	2207	2	2958	2817116	1005859	2819808	1007087
10497	6002	6917	5	2550	2817116	1005859	2819666	1005909
10498	6002	6919	5	3020	2817116	1005859	2819680	1004262
10499	6002	6924	2	2793	2817116	1005859	2819865	1005363
10500	6004	1818	2	1603	2809299	992377	2808511	993773
10501	6004	1821	2	1361	2809299	992377	2808562	993522
10502	6005	2190	5	2757	2814441	1006486	2811831	1007376
10503	6005	3891	5	1908	2814441	1006486	2813061	1005168
10504	6005	3892	5	2914	2814441	1006486	2811842	1005166
10505	6005	6006	5	2606	2814441	1006486	2811836	1006392
10506	6006	2183	2	2438	2811836	1006392	2809734	1007629
10507	6006	2185	7	2851	2811836	1006392	2809185	1007442
10508	6006	2186	2	1475	2811836	1006392	2811008	1007613
10509	6006	2187	2	1413	2811836	1006392	2812656	1007543
10510	6006	3890	5	2881	2811836	1006392	2814446	1005170
10511	6006	6005	5	2606	2811836	1006392	2814441	1006486
10512	6007	1837	2	2583	2809179	1006499	2806656	1005941
10513	6007	2186	2	2141	2809179	1006499	2811008	1007613
10514	6008	1837	2	1507	2807934	1005142	2806656	1005941
10515	6008	1838	2	1437	2807934	1005142	2806665	1004467
10516	6009	1836	2	2373	2807838	1002534	2806614	1004567
10517	6009	1838	2	2261	2807838	1002534	2806665	1004467
10518	6010	1844	2	1413	2807984	999883	2806797	999116
10519	6011	1820	7	2987	2808699	997298	2808699	994311
10520	6012	1821	2	1219	2808964	994673	2808562	993522
10521	6012	3877	5	2948	2808964	994673	2811912	994701
10522	6012	3878	5	1576	2808964	994673	2810540	994688
10523	6013	1818	2	1293	2807571	994662	2808511	993773
10524	6013	1821	2	1510	2807571	994662	2808562	993522
10525	6014	1826	2	2368	2806285	989375	2808522	990152
10526	6014	1828	2	2349	2806285	989375	2808544	988729
10527	6015	1823	2	2886	2805985	997266	2808315	995562
10528	6015	1850	2	2372	2805985	997266	2808086	996163
10529	6015	1853	2	2862	2805985	997266	2808269	995541
10530	6015	3897	5	2378	2805985	997266	2803995	998568
10531	6016	1842	2	1427	2805366	999872	2806658	1000479
10532	6016	5627	5	2994	2805366	999872	2803943	1002507
10533	6017	1836	2	2302	2805564	1002518	2806614	1004567
10534	6017	1842	2	2313	2805564	1002518	2806658	1000479
10535	6018	1807	2	2434	2805601	1005112	2805614	1007546
10536	6018	1814	2	1895	2805601	1005112	2806578	1006736
10537	6018	1817	2	2393	2805601	1005112	2806533	1007317
10538	6018	2143	2	2621	2805601	1005112	2804670	1007563
10539	6019	2144	2	1824	2801325	1006852	2803009	1007555
10540	6019	2150	2	1622	2801325	1006852	2799703	1006889
10541	6019	2152	2	1766	2801325	1006852	2799560	1006785
10542	6019	2154	2	2747	2801325	1006852	2798614	1006405
10543	6019	2155	2	2585	2801325	1006852	2798762	1006514
10544	6020	2156	2	2813	2795973	1003811	2797556	1006137
10545	6020	3914	5	3121	2795973	1003811	2798676	1002250
10546	6021	2138	2	2549	2791649	1004137	2790834	1006553
10547	6021	2139	5	2798	2791649	1004137	2789981	1006384
10548	6021	2158	2	2079	2791649	1004137	2793178	1005546
10549	6021	2166	2	2505	2791649	1004137	2793172	1006126
10550	6021	2167	2	2648	2791649	1004137	2793045	1006388
10551	6021	2172	2	2568	2791649	1004137	2793222	1006168
10552	6021	6051	5	2321	2791649	1004137	2789936	1005704
10553	6024	5632	5	1652	2798683	1007560	2799707	1008857
10554	6025	3922	5	2163	2799706	1012842	2800634	1010888
10555	6028	2149	2	1992	2796868	1007975	2797873	1006255
10556	6029	2745	2	2946	2795981	1012813	2793184	1011887
10557	6029	2747	2	2943	2795981	1012813	2793174	1013699
10558	6029	4034	5	2453	2795981	1012813	2797917	1014320
10559	6030	2663	2	1644	2796938	1015452	2797990	1016716
10560	6030	4034	5	1496	2796938	1015452	2797917	1014320
10561	6031	2667	2	2630	2790922	1015407	2793120	1016852
10562	6031	2750	2	2434	2790922	1015407	2793124	1014369
10563	6032	2668	2	2351	2790447	1016265	2792354	1017641
10564	6032	2672	2	2250	2790447	1016265	2792194	1017684
10565	6032	2673	2	2930	2790447	1016265	2793118	1017470
10566	6032	2681	2	2496	2790447	1016265	2788002	1016768
10567	6032	2684	2	1771	2790447	1016265	2788726	1016684
10568	6032	2685	2	3121	2790447	1016265	2787375	1016818
10569	6033	2643	5	2587	2795403	1018546	2797359	1016852
10570	6033	2670	2	2228	2795403	1018546	2793175	1018541
10571	6033	2671	2	2278	2795403	1018546	2793125	1018541
10572	6035	2739	2	1871	2792078	1028209	2793006	1026584
10573	6035	2758	2	1495	2792078	1028209	2793002	1027033
10574	6035	2761	2	2668	2792078	1028209	2792934	1025681
10575	6036	2739	2	1298	2791794	1026118	2793006	1026584
10576	6036	2758	2	1515	2791794	1026118	2793002	1027033
10577	6036	2761	2	1220	2791794	1026118	2792934	1025681
10578	6038	2766	5	597	2792224	1032064	2792768	1032311
10579	6039	2767	5	1562	2794717	1033165	2793158	1033059
10580	6039	2775	2	2846	2794717	1033165	2793400	1035689
10581	6042	2739	2	2415	2791696	1024555	2793006	1026584
10582	6042	2755	5	1224	2791696	1024555	2792914	1024683
10583	6042	2756	5	1029	2791696	1024555	2792650	1024942
10584	6042	2758	2	2801	2791696	1024555	2793002	1027033
10585	6042	2761	2	1673	2791696	1024555	2792934	1025681
10586	6042	4038	5	1243	2791696	1024555	2790853	1023641
10587	6047	2134	2	2663	2783658	1011312	2781116	1010516
10588	6049	2746	2	1645	2791628	1012340	2793136	1011681
10589	6049	2750	2	2520	2791628	1012340	2793124	1014369
10590	6050	2168	2	1862	2791895	1007979	2793172	1006623
10591	6050	2176	2	1906	2791895	1007979	2793161	1009404
10592	6050	2178	2	1345	2791895	1007979	2793172	1008402
10593	6051	2140	2	1354	2789936	1005704	2790957	1006594
10594	6051	2167	2	3183	2789936	1005704	2793045	1006388
10595	6051	6021	5	2321	2789936	1005704	2791649	1004137
10596	6054	6066	5	2525	2773981	1003388	2774308	1005892
10597	6055	2067	2	201	2778628	1006238	2778721	1006417
10598	6056	2066	2	922	2779835	1006768	2780724	1006520
10599	6057	2095	2	1549	2778148	1014173	2776634	1013841
10600	6057	2097	5	1630	2778148	1014173	2776633	1014776
10601	6057	2098	2	1768	2778148	1014173	2776499	1013534
10602	6058	2132	2	1730	2779577	1011809	2781100	1012631
10603	6059	2016	2	1877	2775187	1016950	2775930	1018674
10604	6061	1430	2	2689	2773798	1009897	2771366	1011046
10605	6061	2085	2	2516	2773798	1009897	2776113	1010883
10606	6061	6688	2	2469	2773798	1009897	2771501	1010803
10607	6062	2058	2	2773	2767043	1005616	2769078	1007500
10608	6063	6070	7	3170	2767504	1002188	2764655	1003578
10609	6066	2068	5	940	2774308	1005892	2775094	1006408
10610	6066	6054	5	2525	2774308	1005892	2773981	1003388
10611	6069	6363	5	2773	2764634	1005809	2762108	1004664
10612	6070	6063	7	3170	2764655	1003578	2767504	1002188
10613	6078	4097	5	3153	2787558	1037316	2785032	1035429
10614	6078	4098	5	2555	2787558	1037316	2785012	1037092
10615	6079	2487	2	2467	2783365	1034600	2780943	1035073
10616	6079	2581	2	3010	2783365	1034600	2780824	1032985
10617	6079	2582	2	2662	2783365	1034600	2780844	1035455
10618	6080	2487	2	1167	2782028	1035504	2780943	1035073
10619	6080	2581	2	2791	2782028	1035504	2780824	1032985
10620	6080	2582	2	1185	2782028	1035504	2780844	1035455
10621	6080	2584	2	3186	2782028	1035504	2780653	1032629
10622	6081	2568	2	2938	2782493	1039302	2779863	1040613
10623	6081	2574	2	2650	2782493	1039302	2779895	1038779
10624	6083	4054	5	1678	2790865	1036126	2791519	1037672
10625	6084	2764	5	2340	2790445	1031289	2792588	1032230
10626	6084	2765	5	3082	2790445	1031289	2792967	1033061
10627	6084	2766	5	2537	2790445	1031289	2792768	1032311
10628	6085	2779	5	1995	2791751	1035142	2792983	1036712
10629	6085	2794	5	2003	2791751	1035142	2792949	1036748
10630	6086	2775	2	1147	2794425	1035173	2793400	1035689
10631	6087	2775	2	2418	2795678	1034877	2793400	1035689
10632	6087	3831	5	3072	2795678	1034877	2798461	1036180
10633	6087	3832	5	2103	2795678	1034877	2797726	1035359
10634	6088	2776	5	2494	2796662	1038420	2794298	1037625
10635	6088	2777	2	3103	2796662	1038420	2793573	1038124
10636	6088	2780	5	3120	2796662	1038420	2793743	1037318
10637	6088	2782	5	3082	2796662	1038420	2793758	1037386
10638	6088	2789	5	2744	2796662	1038420	2794075	1037503
10639	6088	2791	2	3149	2796662	1038420	2793523	1038169
10640	6088	6523	5	1771	2796662	1038420	2795002	1037802
10641	6089	2775	2	3070	2795502	1037927	2793400	1035689
10642	6089	2776	5	1241	2795502	1037927	2794298	1037625
10643	6089	2780	5	1861	2795502	1037927	2793743	1037318
10644	6089	2782	5	1825	2795502	1037927	2793758	1037386
10645	6089	2789	5	1488	2795502	1037927	2794075	1037503
10646	6089	2791	2	1993	2795502	1037927	2793523	1038169
10647	6090	2777	2	2093	2795451	1039049	2793573	1038124
10648	6090	2791	2	2119	2795451	1039049	2793523	1038169
10649	6090	2792	5	1701	2795451	1039049	2793750	1039034
10650	6091	2777	2	2919	2795454	1040357	2793573	1038124
10651	6091	2791	2	2918	2795454	1040357	2793523	1038169
10652	6091	2792	5	2157	2795454	1040357	2793750	1039034
10653	6092	7071	7	1601	2793091	1045669	2792015	1046855
10654	6092	7075	2	2055	2793091	1045669	2791496	1046965
10655	6092	7378	2	1927	2793091	1045669	2794927	1046257
10656	6093	2801	2	998	2793829	1044532	2794204	1043607
10657	6093	2802	2	2495	2793829	1044532	2793777	1042037
10658	6093	7378	2	2044	2793829	1044532	2794927	1046257
10659	6094	2470	2	2683	2781652	1023861	2779834	1021887
10660	6094	2474	7	2773	2781652	1023861	2780125	1026176
10661	6094	2478	2	2268	2781652	1023861	2779892	1025293
10662	6095	4111	5	3146	2784812	1044733	2787490	1043081
10663	6098	2048	2	2227	2767877	1021125	2768838	1019116
10664	6098	2049	2	2228	2767877	1021125	2768790	1019092
10665	6101	2038	2	2109	2767803	1026976	2766917	1028890
10666	6101	2040	2	2409	2767803	1026976	2766838	1029184
10667	6109	2030	2	2881	2767723	1028949	2766578	1031593
10668	6109	2031	2	2771	2767723	1028949	2766648	1031504
10669	6109	2038	2	808	2767723	1028949	2766917	1028890
10670	6109	2040	2	915	2767723	1028949	2766838	1029184
10671	6111	2569	2	2622	2777275	1041274	2779813	1040613
10672	6112	2569	2	2943	2778527	1043261	2779813	1040613
10673	6112	2571	2	3059	2778527	1043261	2779729	1046074
10674	6113	7011	7	1835	2770650	1045232	2771446	1046886
10675	6114	1467	7	482	2766685	1046920	2767145	1046773
10676	6114	4122	5	2914	2766685	1046920	2768987	1045132
10677	6116	6118	7	3189	2763541	1040602	2760478	1041491
10678	6117	1466	7	1589	2761783	1046099	2760435	1046941
10679	6117	2003	2	2647	2761783	1046099	2764302	1046914
10680	6117	2009	2	2527	2761783	1046099	2764308	1045987
10681	6118	6116	7	3189	2760478	1041491	2763541	1040602
10682	6119	1207	7	679	2757657	1046863	2756978	1046890
10683	6120	4214	5	1847	2738523	1020278	2736676	1020309
10684	6128	2722	2	1116	2753540	1047986	2754568	1048422
10685	6128	2724	2	1299	2753540	1047986	2752493	1048756
10686	6132	1981	2	2547	2762155	1048802	2764380	1050042
10687	6132	1984	5	3179	2762155	1048802	2764133	1051291
10688	6132	1991	5	1996	2762155	1048802	2761048	1047140
10689	6132	1995	2	2272	2762155	1048802	2764370	1048294
10690	6133	1981	2	1244	2763718	1048988	2764380	1050042
10691	6134	4370	5	2142	2765355	1049122	2766317	1051036
10692	6135	6137	5	2739	2774569	1049671	2777283	1049295
10693	6136	7022	2	3146	2771600	1047686	2774696	1047122
10694	6137	2562	2	2555	2777283	1049295	2779747	1049974
10695	6137	6135	5	2739	2777283	1049295	2774569	1049671
10696	6137	7021	2	2486	2777283	1049295	2775636	1047432
10697	6139	2541	2	1900	2778024	1060484	2779553	1061613
10698	6139	2542	2	1508	2778024	1060484	2779499	1060799
10699	6145	1961	2	2297	2768823	1081388	2767631	1083352
10700	6147	2505	5	1630	2776851	1079067	2778481	1079055
10701	6147	2532	5	1633	2776851	1079067	2778484	1079105
10702	6148	2521	2	2335	2777350	1073692	2779539	1072878
10703	6149	2496	2	2837	2777036	1069779	2779562	1071072
10704	6149	2497	5	1727	2777036	1069779	2778759	1069903
10705	6149	2527	5	2333	2777036	1069779	2779366	1069909
10706	6150	2533	2	1671	2780923	1065781	2779523	1066695
10707	6151	2539	5	1046	2780906	1060473	2779860	1060477
10708	6151	2540	2	1728	2780906	1060473	2779568	1059379
10709	6151	4394	5	2724	2780906	1060473	2783630	1060463
10710	6152	2491	2	1857	2781094	1055097	2779735	1053831
10711	6152	2494	2	1626	2781094	1055097	2779614	1055771
10712	6152	2551	2	2800	2781094	1055097	2779767	1052631
10713	6153	2489	2	1122	2780899	1050436	2779795	1050641
10714	6153	2551	2	2469	2780899	1050436	2779767	1052631
10715	6153	2558	2	1184	2780899	1050436	2779745	1050704
10716	6153	2560	2	1487	2780899	1050436	2779794	1051432
10717	6153	2561	2	1881	2780899	1050436	2779785	1051952
10718	6153	2564	2	1184	2780899	1050436	2779797	1050002
10719	6153	7039	2	1720	2780899	1050436	2779844	1049077
10720	6153	7047	2	1316	2780899	1050436	2779847	1049644
10721	6154	2822	2	1310	2791828	1057555	2792978	1058184
10722	6155	7083	2	1896	2796545	1049561	2795200	1048224
10723	6155	7085	7	2246	2796545	1049561	2795849	1047425
10724	6155	7088	7	1907	2796545	1049561	2794949	1048516
10725	6155	7346	2	2523	2796545	1049561	2795310	1047360
10726	6155	7367	7	2529	2796545	1049561	2795567	1047228
10727	6157	2820	2	3154	2796182	1057923	2793030	1058057
10728	6158	2499	2	1859	2780946	1069953	2779611	1071248
10729	6158	2501	2	1937	2780946	1069953	2779590	1068569
10730	6158	2502	2	1889	2780946	1069953	2779541	1068689
10731	6159	2499	2	2769	2780781	1073758	2779611	1071248
10732	6159	2517	2	1468	2780781	1073758	2779567	1074585
10733	6159	2519	2	1479	2780781	1073758	2779589	1072881
10734	6159	4430	5	3084	2780781	1073758	2782133	1076530
10735	6160	2507	2	2291	2781148	1078974	2779531	1077350
10736	6160	2511	2	2022	2781148	1078974	2779495	1080139
10737	6160	2513	2	1653	2781148	1078974	2779507	1079179
10738	6160	2514	2	1650	2781148	1078974	2779512	1078755
10739	6160	2531	5	573	2781148	1078974	2780576	1078937
10740	6162	6163	7	2612	2790026	1081793	2787414	1081797
10741	6163	6162	7	2612	2787414	1081797	2790026	1081793
10742	6167	1739	5	1619	2803197	1081845	2803999	1083252
10743	6167	1764	5	2646	2803197	1081845	2805678	1082767
10744	6171	2592	2	3092	2780457	1092236	2780096	1095307
10745	6174	1921	2	3073	2785955	1083939	2788106	1086134
10746	6176	2511	2	3146	2780693	1083048	2779495	1080139
10747	6177	2510	2	3157	2778397	1083075	2779445	1080096
10748	6180	2586	2	2576	2776766	1092238	2779049	1091044
10749	6180	2589	5	1760	2776766	1092238	2778526	1092232
10750	6180	2590	2	2577	2776766	1092238	2779016	1093495
10751	6181	6182	5	2760	2771615	1086421	2768855	1086469
10752	6182	6181	5	2760	2768855	1086469	2771615	1086421
10753	6186	1282	2	1244	2765739	1091808	2766954	1092078
10754	6190	6195	5	1180	2863137	1036331	2864272	1036656
10755	6190	6779	2	1160	2863137	1036331	2864275	1036106
10756	6190	6781	2	1471	2863137	1036331	2863625	1037719
10757	6190	6782	2	1242	2863137	1036331	2863681	1037448
10758	6190	6784	2	1016	2863137	1036331	2864152	1036278
10759	6194	2701	2	3095	2863930	1032772	2866222	1030692
10760	6195	2700	2	2817	2864272	1036656	2865070	1033954
10761	6195	6190	5	1180	2864272	1036656	2863137	1036331
10762	6195	6777	5	1554	2864272	1036656	2864796	1035192
10763	6195	6778	5	1131	2864272	1036656	2864642	1035587
10764	6195	6779	2	550	2864272	1036656	2864275	1036106
10765	6195	6782	2	988	2864272	1036656	2863681	1037448
10766	6195	6783	5	1017	2864272	1036656	2864348	1035641
10767	6195	6784	2	396	2864272	1036656	2864152	1036278
10768	6195	6785	5	1470	2864272	1036656	2864518	1035206
10769	6195	6786	2	2401	2864272	1036656	2864920	1034344
10770	6196	2324	2	2279	2881389	1018940	2883019	1017346
10771	6196	2325	5	2469	2881389	1018940	2882955	1017030
10772	6196	2331	5	2181	2881389	1018940	2882889	1017356
10773	6196	2332	5	855	2881389	1018940	2882228	1018771
10774	6197	6198	5	1397	2883712	1022845	2882614	1023709
10775	6198	3456	5	2997	2882614	1023709	2885505	1022918
10776	6198	6197	5	1397	2882614	1023709	2883712	1022845
10777	6199	6345	2	1972	2882286	1039947	2884230	1040282
10778	6202	1510	2	2024	2878279	1040331	2876338	1040907
10779	6203	7076	2	2691	2887537	1042707	2886874	1040098
10780	6203	7162	2	3124	2887537	1042707	2885959	1040010
10781	6203	7165	2	2774	2887537	1042707	2888470	1040094
10782	6206	6207	5	2612	2882249	1041827	2879641	1041979
10783	6207	6206	5	2612	2879641	1041979	2882249	1041827
10784	6208	1508	5	2753	2876998	1041951	2879661	1041252
10785	6208	1511	2	1170	2876998	1041951	2876389	1040951
10786	6208	1514	5	840	2876998	1041951	2877022	1041111
10787	6208	1515	2	1288	2876998	1041951	2877808	1040949
10788	6208	6343	5	2938	2876998	1041951	2879679	1040747
10789	6208	7156	5	2711	2876998	1041951	2879657	1041421
10790	6209	3502	5	1593	2866359	1043963	2864825	1043533
10791	6210	1242	2	440	2860239	1042186	2859979	1041831
10792	6210	1495	2	1345	2860239	1042186	2859175	1041363
10793	6210	6796	2	476	2860239	1042186	2859805	1041989
10794	6210	6800	2	2418	2860239	1042186	2858285	1040761
10795	6210	6802	2	3138	2860239	1042186	2857593	1040499
10796	6210	6809	2	575	2860239	1042186	2859759	1041869
10797	6210	6810	2	1687	2860239	1042186	2858840	1041243
10798	6210	6812	7	384	2860239	1042186	2859964	1042455
10799	6210	6864	2	871	2860239	1042186	2859437	1041846
10800	6211	1527	2	2163	2862450	1050255	2860581	1049166
10801	6211	1528	2	2317	2862450	1050255	2860537	1048946
10802	6211	1529	2	2215	2862450	1050255	2860455	1051218
10803	6211	1532	2	2143	2862450	1050255	2860507	1051160
10804	6212	1242	2	2121	2859891	1043951	2859979	1041831
10805	6212	1479	2	1315	2859891	1043951	2859932	1042636
10806	6212	1495	2	2685	2859891	1043951	2859175	1041363
10807	6212	6796	2	1963	2859891	1043951	2859805	1041989
10808	6212	6865	2	289	2859891	1043951	2860100	1043750
10809	6213	1495	2	700	2858758	1041926	2859175	1041363
10810	6213	6800	2	1257	2858758	1041926	2858285	1040761
10811	6213	6802	2	1842	2858758	1041926	2857593	1040499
10812	6213	6805	2	2857	2858758	1041926	2856303	1040464
10813	6213	6810	2	687	2858758	1041926	2858840	1041243
10814	6214	1486	2	2223	2850892	1038939	2852139	1040780
10815	6214	1873	5	1707	2850892	1038939	2850619	1040625
10816	6214	3571	5	2689	2850892	1038939	2848284	1039596
10817	6214	6434	5	3091	2850892	1038939	2848275	1040584
10818	6215	1472	2	2506	2853526	1038947	2853616	1036442
10819	6215	1484	2	2523	2853526	1038947	2851745	1040735
10820	6215	3565	5	3154	2853526	1038947	2850857	1040629
10821	6215	6815	2	2413	2853526	1038947	2855567	1040236
10822	6216	1868	2	3136	2841650	1041397	2844708	1040700
10823	6216	1880	2	2665	2841650	1041397	2839086	1040668
10824	6219	1472	2	1657	2855162	1037040	2853616	1036442
10825	6219	1474	2	1698	2855162	1037040	2853562	1036469
10826	6219	6797	2	1393	2855162	1037040	2855757	1038300
10827	6219	6798	2	1459	2855162	1037040	2855886	1038307
10828	6219	6799	2	3191	2855162	1037040	2857072	1039597
10829	6220	1461	2	3110	2852075	1034401	2849151	1033341
10830	6220	1463	2	2820	2852075	1034401	2849424	1033439
10831	6220	1468	2	857	2852075	1034401	2851640	1035140
10832	6220	1472	2	2557	2852075	1034401	2853616	1036442
10833	6220	1474	2	2547	2852075	1034401	2853562	1036469
10834	6220	6870	2	1016	2852075	1034401	2851915	1035405
10835	6222	1457	5	1714	2845055	1024511	2846285	1025705
10836	6222	5713	5	1412	2845055	1024511	2845768	1025730
10837	6224	3648	5	2982	2835683	1036408	2837760	1034268
10838	6224	3651	5	2267	2835683	1036408	2837742	1035459
10839	6226	5904	5	2454	2830387	1046141	2828243	1047336
10840	6226	6448	5	731	2830387	1046141	2829748	1046497
10841	6227	5903	5	1922	2830392	1045289	2828470	1045270
10842	6228	1872	2	2309	2833301	1045391	2831196	1046340
10843	6228	1889	2	2726	2833301	1045391	2831147	1047063
10844	6228	1894	2	2028	2833301	1045391	2831292	1045114
10845	6228	1897	2	2761	2833301	1045391	2831091	1047047
10846	6229	6345	2	722	2884952	1040312	2884230	1040282
10847	6229	6461	7	881	2884952	1040312	2885827	1040209
10848	6229	7076	2	1933	2884952	1040312	2886874	1040098
10849	6229	7157	2	2445	2884952	1040312	2882519	1040555
10850	6229	7159	2	1642	2884952	1040312	2883319	1040490
10851	6229	7162	2	1051	2884952	1040312	2885959	1040010
10852	6232	2858	2	2132	2866195	1062863	2864222	1062055
10853	6232	2861	2	2423	2866195	1062863	2863895	1062100
10854	6232	6971	2	1985	2866195	1062863	2868180	1062906
10855	6232	6972	2	1903	2866195	1062863	2868098	1062855
10856	6232	6975	2	2776	2866195	1062863	2868971	1062821
10857	6232	6976	2	3084	2866195	1062863	2869279	1062829
10858	6232	6978	2	3165	2866195	1062863	2869360	1062911
10859	6234	1545	2	2174	2858244	1058129	2860177	1059124
10860	6235	1544	2	2749	2858122	1060756	2860230	1058990
10861	6235	1545	2	2624	2858122	1060756	2860177	1059124
10862	6236	2359	2	1624	2861723	1060790	2860187	1061318
10863	6236	2362	2	1710	2861723	1060790	2860134	1061422
10864	6236	2366	2	2155	2861723	1060790	2860298	1062407
10865	6236	2367	2	2116	2861723	1060790	2860167	1062225
10866	6238	2858	2	995	2863561	1062799	2864222	1062055
10867	6238	2860	2	923	2863561	1062799	2863037	1062038
10868	6239	6971	2	2445	2869827	1064714	2868180	1062906
10869	6239	6973	2	2074	2869827	1064714	2870803	1062883
10870	6239	6974	2	1872	2869827	1064714	2870192	1062877
10871	6239	6977	2	1791	2869827	1064714	2869788	1062923
10872	6239	6982	5	1280	2869827	1064714	2869446	1063492
10873	6239	6983	5	1030	2869827	1064714	2869489	1063740
10874	6239	6987	5	1653	2869827	1064714	2869309	1063144
10875	6239	6988	5	1810	2869827	1064714	2869204	1063014
10876	6241	1298	2	1423	2836271	1063766	2834849	1063712
10877	6241	1570	2	1587	2836271	1063766	2834684	1063788
10878	6241	1585	2	2308	2836271	1063766	2834854	1061944
10879	6242	2865	5	1685	2830723	1070006	2830415	1068349
10880	6242	5974	7	1296	2830723	1070006	2829427	1070006
10881	6242	6846	5	3153	2830723	1070006	2829489	1067104
10882	6242	7095	2	3082	2830723	1070006	2833804	1070112
10883	6242	7099	2	3195	2830723	1070006	2833890	1070432
10884	6243	1297	2	2645	2831593	1063074	2833986	1061945
10885	6243	1571	2	2104	2831593	1063074	2833408	1062009
10886	6243	1574	2	1069	2831593	1063074	2831748	1062016
10887	6244	2375	2	1607	2861677	1066108	2860099	1065801
10888	6244	2376	2	2247	2861677	1066108	2860094	1067704
10889	6245	2860	2	2291	2863538	1064274	2863037	1062038
10890	6246	2353	2	3131	2873345	1074897	2871580	1072310
10891	6247	5144	5	1873	2885787	1079783	2884411	1081055
10892	6255	2401	5	3152	2845090	1078493	2842762	1080619
10893	6255	4822	5	2546	2845090	1078493	2842544	1078507
10894	6266	6267	5	2664	2829159	1085306	2826509	1085580
10895	6267	6266	5	2664	2826509	1085580	2829159	1085306
10896	6269	4598	5	2427	2824528	1072107	2826763	1071160
10897	6275	3070	5	2809	2743821	978528	2741651	980313
10898	6287	2315	2	2461	2881437	1017744	2883672	1018775
10899	6287	2324	2	1631	2881437	1017744	2883019	1017346
10900	6287	6842	2	2630	2881437	1017744	2883757	1018984
10901	6287	6843	2	2678	2881437	1017744	2883811	1018985
10902	6288	2315	2	881	2884305	1018161	2883672	1018775
10903	6288	2322	2	1035	2884305	1018161	2883326	1017824
10904	6288	2324	2	1522	2884305	1018161	2883019	1017346
10905	6288	2326	2	1199	2884305	1018161	2883198	1017698
10906	6288	2328	2	2168	2884305	1018161	2882497	1016964
10907	6288	2330	2	1937	2884305	1018161	2882686	1017096
10908	6288	6842	2	988	2884305	1018161	2883757	1018984
10909	6288	6843	2	960	2884305	1018161	2883811	1018985
10910	6289	2334	5	2238	2889903	1032295	2892080	1031776
10911	6289	2335	2	1823	2889903	1032295	2891092	1030913
10912	6289	2336	2	2914	2889903	1032295	2892705	1033098
10913	6289	2337	2	2527	2889903	1032295	2892392	1032733
10914	6289	2339	2	1760	2889903	1032295	2891095	1031000
10915	6289	3452	5	2672	2889903	1032295	2892506	1031689
10916	6291	2343	2	2226	2896158	1045537	2894242	1044402
10917	6291	2346	2	2361	2896158	1045537	2894292	1044089
10918	6291	2347	2	1873	2896158	1045537	2894286	1045454
10919	6292	2347	2	2783	2894956	1048156	2894286	1045454
10920	6295	2344	2	2125	2892673	1048125	2894217	1046664
10921	6296	2341	2	2277	2896301	1041603	2894282	1040549
10922	6296	2342	2	2049	2896301	1041603	2894252	1041568
10923	6296	2346	2	3196	2896301	1041603	2894292	1044089
10924	6296	7170	2	1429	2896301	1041603	2895949	1040218
10925	6299	7141	2	1481	2892567	1055984	2893617	1057029
10926	6299	7142	2	1347	2892567	1055984	2893657	1056777
10927	6300	7141	2	2971	2892555	1059804	2893617	1057029
10928	6301	7135	5	1367	2890623	1068763	2891884	1069291
10929	6309	1333	2	2698	2881330	1166972	2881985	1164354
10930	6324	1831	2	2394	2814701	968227	2814003	965936
10931	6324	1833	2	2889	2814701	968227	2813643	965538
10932	6325	1450	2	466	2811057	962149	2811008	962613
10933	6325	1860	2	1787	2811057	962149	2811737	963802
10934	6325	6687	2	1213	2811057	962149	2811132	963360
10935	6326	2235	2	1601	2841641	997580	2842237	999067
10936	6326	7218	2	3084	2841641	997580	2839725	995163
10937	6326	7220	2	1479	2841641	997580	2840711	996429
10938	6327	2233	2	1711	2841213	997581	2842280	998919
10939	6327	2235	2	1804	2841213	997581	2842237	999067
10940	6327	7217	2	319	2841213	997581	2841527	997520
10941	6327	7218	2	2839	2841213	997581	2839725	995163
10942	6327	7220	2	1256	2841213	997581	2840711	996429
10943	6328	6330	7	723	2856770	1038498	2856565	1039192
10944	6328	6797	2	1032	2856770	1038498	2855757	1038300
10945	6328	6798	2	904	2856770	1038498	2855886	1038307
10946	6328	6799	2	1139	2856770	1038498	2857072	1039597
10947	6328	6806	2	1438	2856770	1038498	2857111	1039896
10948	6329	6532	5	1012	2856654	1038794	2855656	1038963
10949	6329	6797	2	1024	2856654	1038794	2855757	1038300
10950	6329	6798	2	909	2856654	1038794	2855886	1038307
10951	6329	6799	2	905	2856654	1038794	2857072	1039597
10952	6329	6806	2	1193	2856654	1038794	2857111	1039896
10953	6330	6328	7	723	2856565	1039192	2856770	1038498
10954	6330	6532	5	937	2856565	1039192	2855656	1038963
10955	6330	6798	2	1115	2856565	1039192	2855886	1038307
10956	6330	6799	2	648	2856565	1039192	2857072	1039597
10957	6330	6806	2	890	2856565	1039192	2857111	1039896
10958	6330	6862	7	576	2856565	1039192	2857091	1038956
10959	6331	3517	5	574	2862218	1039967	2861747	1039638
10960	6331	3519	5	765	2862218	1039967	2861555	1040350
10961	6331	3521	5	899	2862218	1039967	2861353	1040212
10962	6331	6781	2	2652	2862218	1039967	2863625	1037719
10963	6331	6782	2	2913	2862218	1039967	2863681	1037448
10964	6331	6808	2	2393	2862218	1039967	2860353	1041468
10965	6332	6333	7	1111	2857529	1039794	2856420	1039717
10966	6332	6532	5	2049	2857529	1039794	2855656	1038963
10967	6332	6797	2	2317	2857529	1039794	2855757	1038300
10968	6332	6798	2	2215	2857529	1039794	2855886	1038307
10969	6332	6799	2	497	2857529	1039794	2857072	1039597
10970	6332	6806	2	430	2857529	1039794	2857111	1039896
10971	6332	6859	7	572	2857529	1039794	2856959	1039852
10972	6333	6332	7	1111	2856420	1039717	2857529	1039794
10973	6333	6532	5	1073	2856420	1039717	2855656	1038963
10974	6333	6797	2	1564	2856420	1039717	2855757	1038300
10975	6333	6798	2	1507	2856420	1039717	2855886	1038307
10976	6333	6799	2	662	2856420	1039717	2857072	1039597
10977	6333	6806	2	713	2856420	1039717	2857111	1039896
10978	6333	6859	7	555	2856420	1039717	2856959	1039852
10979	6334	6536	5	1134	2842952	1038832	2843417	1037797
10980	6334	6537	5	1829	2842952	1038832	2843862	1037245
10981	6335	1879	2	2340	2841660	1040491	2839323	1040616
10982	6336	1880	2	2576	2841656	1040846	2839086	1040668
10983	6337	6788	2	1621	2860514	1041812	2862081	1041397
10984	6338	1242	2	1209	2859740	1043017	2859979	1041831
10985	6338	1479	2	426	2859740	1043017	2859932	1042636
10986	6338	1492	2	1433	2859740	1043017	2859882	1041591
10987	6338	1494	2	1054	2859740	1043017	2860039	1044028
10988	6338	1495	2	1747	2859740	1043017	2859175	1041363
10989	6338	2905	5	696	2859740	1043017	2859068	1042835
10990	6338	2906	5	1459	2859740	1043017	2858423	1042388
10991	6338	6810	2	1989	2859740	1043017	2858840	1041243
10992	6339	1479	2	759	2859414	1042080	2859932	1042636
10993	6339	1494	2	2045	2859414	1042080	2860039	1044028
10994	6339	1495	2	755	2859414	1042080	2859175	1041363
10995	6339	6338	7	992	2859414	1042080	2859740	1043017
10996	6339	6800	2	1736	2859414	1042080	2858285	1040761
10997	6339	6802	2	2411	2859414	1042080	2857593	1040499
10998	6339	6810	2	1014	2859414	1042080	2858840	1041243
10999	6339	6812	7	665	2859414	1042080	2859964	1042455
11000	6339	6864	2	235	2859414	1042080	2859437	1041846
11001	6341	1511	2	778	2877013	1041416	2876389	1040951
11002	6341	1515	2	922	2877013	1041416	2877808	1040949
11003	6342	1510	2	926	2877044	1040307	2876338	1040907
11004	6342	1513	2	947	2877044	1040307	2877786	1040897
11005	6343	1509	2	1103	2879679	1040747	2878612	1041029
11006	6343	1516	2	1120	2879679	1040747	2878582	1040975
11007	6343	1518	2	2079	2879679	1040747	2881757	1040667
11008	6343	1519	2	1680	2879679	1040747	2881359	1040777
11009	6343	6208	5	2938	2879679	1040747	2876998	1041951
11010	6343	7157	2	2846	2879679	1040747	2882519	1040555
11011	6344	1518	2	1741	2883434	1040199	2881757	1040667
11012	6344	1519	2	2153	2883434	1040199	2881359	1040777
11013	6344	7157	2	981	2883434	1040199	2882519	1040555
11014	6344	7159	2	312	2883434	1040199	2883319	1040490
11015	6344	7162	2	2532	2883434	1040199	2885959	1040010
11016	6345	1517	2	1958	2884230	1040282	2882276	1040417
11017	6345	1518	2	2502	2884230	1040282	2881757	1040667
11018	6345	1519	2	2913	2884230	1040282	2881359	1040777
11019	6345	6199	2	1972	2884230	1040282	2882286	1039947
11020	6345	6229	2	722	2884230	1040282	2884952	1040312
11021	6345	6344	2	800	2884230	1040282	2883434	1040199
11022	6345	6346	2	2018	2884230	1040282	2882269	1040759
11023	6345	6461	2	1598	2884230	1040282	2885827	1040209
11024	6345	7076	2	2650	2884230	1040282	2886874	1040098
11025	6345	7157	2	1732	2884230	1040282	2882519	1040555
11026	6345	7159	2	934	2884230	1040282	2883319	1040490
11027	6345	7160	2	541	2884230	1040282	2883751	1040535
11028	6346	6345	2	2018	2882269	1040759	2884230	1040282
11029	6346	7159	2	1083	2882269	1040759	2883319	1040490
11030	6347	2344	2	1917	2892705	1045485	2894217	1046664
11031	6348	1545	2	975	2860052	1058157	2860177	1059124
11032	6351	1554	5	433	2832926	1100604	2833345	1100494
11033	6351	1556	2	1559	2832926	1100604	2834161	1101556
11034	6351	6733	2	3173	2832926	1100604	2834086	1103558
11035	6354	1350	2	3058	2834023	1093002	2834564	1089992
11036	6354	1351	2	811	2834023	1093002	2834344	1092257
11037	6354	1352	2	3056	2834023	1093002	2834612	1090003
11038	6354	1563	2	1271	2834023	1093002	2834304	1094242
11039	6356	1570	2	296	2834977	1063742	2834684	1063788
11040	6356	1582	2	1756	2834977	1063742	2835202	1062000
11041	6356	1585	2	1802	2834977	1063742	2834854	1061944
11042	6356	1587	5	1612	2834977	1063742	2835009	1062130
11043	6356	1588	5	871	2834977	1063742	2835022	1062872
11044	6356	1589	5	1539	2834977	1063742	2835059	1062205
11045	6356	4703	5	2525	2834977	1063742	2837489	1063485
11046	6358	1597	2	1865	2824620	1059595	2826148	1058525
11047	6358	1599	2	1951	2824620	1059595	2822748	1059045
11048	6358	1601	5	779	2824620	1059595	2823975	1059158
11049	6358	1604	5	1313	2824620	1059595	2823653	1058706
11050	6358	1605	5	2668	2824620	1059595	2822256	1058358
11051	6358	1606	2	1852	2824620	1059595	2826086	1058463
11052	6359	1435	2	2911	2828101	1060586	2830092	1058461
11053	6359	1591	5	1188	2828101	1060586	2828522	1059475
11054	6359	1592	2	1729	2828101	1060586	2827424	1058995
11055	6359	1593	2	1398	2828101	1060586	2829476	1060333
11056	6359	1594	2	1295	2828101	1060586	2829370	1060324
11057	6359	1595	5	796	2828101	1060586	2828341	1059826
11058	6359	1596	2	1598	2828101	1060586	2827496	1059106
11059	6359	6850	2	1551	2828101	1060586	2829646	1060444
11060	6360	1435	2	2525	2828192	1060125	2830092	1058461
11061	6360	1591	5	728	2828192	1060125	2828522	1059475
11062	6360	1592	2	1366	2828192	1060125	2827424	1058995
11063	6360	1593	2	1300	2828192	1060125	2829476	1060333
11064	6360	1594	2	1194	2828192	1060125	2829370	1060324
11065	6360	1596	2	1234	2828192	1060125	2827496	1059106
11066	6360	1597	2	2595	2828192	1060125	2826148	1058525
11067	6360	1606	2	2682	2828192	1060125	2826086	1058463
11068	6360	6849	2	1501	2828192	1060125	2829645	1060503
11069	6360	6850	2	1488	2828192	1060125	2829646	1060444
11070	6361	1599	2	1613	2821996	1057618	2822748	1059045
11071	6361	1608	2	1441	2821996	1057618	2821823	1056187
11072	6361	1609	2	981	2821996	1057618	2822156	1058586
11073	6361	4508	5	2614	2821996	1057618	2819382	1057591
11074	6361	4643	5	1359	2821996	1057618	2823355	1057628
11075	6362	2095	2	1704	2775923	1012292	2776634	1013841
11076	6362	2098	2	1369	2775923	1012292	2776499	1013534
11077	6363	6069	5	2773	2762108	1004664	2764634	1005809
11078	6364	1612	2	670	2822021	1055006	2822289	1054391
11079	6364	1614	2	2649	2822021	1055006	2820964	1052577
11080	6364	1615	2	2938	2822021	1055006	2820868	1052303
11081	6365	1614	2	1686	2822236	1053685	2820964	1052577
11082	6365	1615	2	1944	2822236	1053685	2820868	1052303
11083	6365	1618	2	3182	2822236	1053685	2820291	1051166
11084	6365	1620	5	2361	2822236	1053685	2820521	1052062
11085	6365	1621	2	3065	2822236	1053685	2820367	1051255
11086	6365	4627	5	1519	2822236	1053685	2821343	1052456
11087	6365	4634	5	2502	2822236	1053685	2824738	1053720
11088	6365	6368	5	838	2822236	1053685	2821443	1053414
11089	6366	1612	2	624	2822386	1055008	2822289	1054391
11090	6366	1614	2	2816	2822386	1055008	2820964	1052577
11091	6366	1615	2	3101	2822386	1055008	2820868	1052303
11092	6367	1612	2	1351	2822014	1055714	2822289	1054391
11093	6368	1614	2	964	2821443	1053414	2820964	1052577
11094	6368	1615	2	1250	2821443	1053414	2820868	1052303
11095	6368	1618	2	2525	2821443	1053414	2820291	1051166
11096	6368	1620	5	1636	2821443	1053414	2820521	1052062
11097	6368	1621	2	2412	2821443	1053414	2820367	1051255
11098	6368	3687	5	2949	2821443	1053414	2822815	1050803
11099	6368	6365	5	838	2821443	1053414	2822236	1053685
11100	6369	1618	2	3073	2819874	1048121	2820291	1051166
11101	6369	1621	2	3172	2819874	1048121	2820367	1051255
11102	6369	1622	2	1220	2819874	1048121	2819494	1049281
11103	6369	1624	2	1177	2819874	1048121	2818729	1048396
11104	6369	1632	2	1016	2819874	1048121	2819250	1048923
11105	6369	1653	2	2317	2819874	1048121	2818023	1046727
11106	6370	1717	2	2052	2819868	1047588	2819025	1045717
11107	6371	1622	2	1689	2819490	1047592	2819494	1049281
11108	6371	1624	2	1107	2819490	1047592	2818729	1048396
11109	6371	1632	2	1352	2819490	1047592	2819250	1048923
11110	6371	1653	2	1703	2819490	1047592	2818023	1046727
11111	6371	1717	2	1931	2819490	1047592	2819025	1045717
11112	6372	1660	2	3064	2816698	1045357	2813634	1045279
11113	6372	1663	2	3028	2816698	1045357	2813695	1044967
11114	6373	1660	2	1914	2815547	1045364	2813634	1045279
11115	6373	1662	2	3147	2815547	1045364	2813856	1042709
11116	6373	1663	2	1894	2815547	1045364	2813695	1044967
11117	6374	1660	2	1245	2814877	1045352	2813634	1045279
11118	6374	1662	2	2833	2814877	1045352	2813856	1042709
11119	6374	1663	2	1243	2814877	1045352	2813695	1044967
11120	6375	1252	5	2878	2815541	1045758	2814788	1048536
11121	6375	1653	2	2664	2815541	1045758	2818023	1046727
11122	6375	2915	5	1149	2815541	1045758	2814856	1046681
11123	6375	2921	5	923	2815541	1045758	2815528	1046681
11124	6375	3717	5	2370	2815541	1045758	2815487	1048128
11125	6375	3731	5	3183	2815541	1045758	2815000	1048895
11126	6375	3732	5	2644	2815541	1045758	2815084	1048363
11127	6375	3745	5	1431	2815541	1045758	2815420	1047184
11128	6375	3746	5	1822	2815541	1045758	2815136	1047535
11129	6375	6382	5	1473	2815541	1045758	2814851	1047060
11130	6375	6623	5	2409	2815541	1045758	2814402	1047881
11131	6375	6911	5	2953	2815541	1045758	2815333	1048704
11132	6376	1647	2	266	2816693	1045798	2816693	1045532
11133	6376	1653	2	1622	2816693	1045798	2818023	1046727
11134	6376	2915	5	2038	2816693	1045798	2814856	1046681
11135	6376	2920	5	1105	2816693	1045798	2816028	1046681
11136	6376	3709	5	3019	2816693	1045798	2816391	1048802
11137	6376	3710	5	2878	2816693	1045798	2816300	1048650
11138	6376	3712	5	2220	2816693	1045798	2816676	1048018
11139	6376	3713	5	2552	2816693	1045798	2816075	1048275
11140	6376	3715	5	3166	2816693	1045798	2815925	1048870
11141	6376	3716	5	2871	2816693	1045798	2815702	1048493
11142	6376	3717	5	2623	2816693	1045798	2815487	1048128
11143	6376	3720	5	2271	2816693	1045798	2815855	1047909
11144	6376	3732	5	3027	2816693	1045798	2815084	1048363
11145	6376	3743	5	1856	2816693	1045798	2816342	1047621
11146	6376	3744	5	1112	2816693	1045798	2816682	1046910
11147	6376	3746	5	2332	2816693	1045798	2815136	1047535
11148	6376	6377	5	1313	2816693	1045798	2815532	1046413
11149	6377	1252	5	2249	2815532	1046413	2814788	1048536
11150	6377	1642	5	2040	2815532	1046413	2817567	1046269
11151	6377	1653	2	2510	2815532	1046413	2818023	1046727
11152	6377	1715	2	1473	2815532	1046413	2816801	1045664
11153	6377	2873	5	1730	2815532	1046413	2814159	1047467
11154	6377	2915	5	727	2815532	1046413	2814856	1046681
11155	6377	3717	5	1715	2815532	1046413	2815487	1048128
11156	6377	3719	5	2882	2815532	1046413	2815227	1049279
11157	6377	3731	5	2538	2815532	1046413	2815000	1048895
11158	6377	3732	5	2000	2815532	1046413	2815084	1048363
11159	6377	3745	5	779	2815532	1046413	2815420	1047184
11160	6377	3746	5	1189	2815532	1046413	2815136	1047535
11161	6377	6376	5	1313	2815532	1046413	2816693	1045798
11162	6377	6382	5	939	2815532	1046413	2814851	1047060
11163	6377	6623	5	1852	2815532	1046413	2814402	1047881
11164	6377	6911	5	2299	2815532	1046413	2815333	1048704
11165	6377	7361	5	2604	2815532	1046413	2818133	1046286
11166	6378	1672	2	1462	2813024	1047177	2812378	1045865
11167	6378	7392	2	907	2813024	1047177	2813629	1046500
11168	6379	1672	2	1470	2813295	1047014	2812378	1045865
11169	6380	1670	2	1657	2813816	1047673	2813678	1046021
11170	6381	1203	2	2815	2812886	1046636	2810466	1045198
11171	6381	1209	2	2959	2812886	1046636	2810300	1045196
11172	6381	1661	2	858	2812886	1046636	2812961	1045781
11173	6381	1672	2	923	2812886	1046636	2812378	1045865
11174	6381	3752	5	2375	2812886	1046636	2811223	1044940
11175	6381	6624	7	1497	2812886	1046636	2811962	1047814
11176	6381	7392	2	755	2812886	1046636	2813629	1046500
11177	6382	1653	2	3189	2814851	1047060	2818023	1046727
11178	6382	1715	2	2398	2814851	1047060	2816801	1045664
11179	6382	2912	5	1312	2814851	1047060	2814868	1045748
11180	6382	2913	5	888	2814851	1047060	2814863	1046172
11181	6382	2914	5	649	2814851	1047060	2814860	1046411
11182	6382	3704	5	2964	2814851	1047060	2817518	1048354
11183	6382	6375	5	1473	2814851	1047060	2815541	1045758
11184	6382	6377	5	939	2814851	1047060	2815532	1046413
11185	6383	1672	2	2284	2813439	1047888	2812378	1045865
11186	6383	6891	5	3166	2813439	1047888	2811750	1050566
11187	6383	7392	2	1400	2813439	1047888	2813629	1046500
11188	6384	1673	2	2028	2812324	1040477	2813631	1042028
11189	6384	1674	2	2894	2812324	1040477	2812477	1037587
11190	6386	1673	2	3017	2812628	1039182	2813631	1042028
11191	6386	1677	2	1617	2812628	1039182	2812518	1037568
11192	6386	1679	2	2198	2812628	1039182	2812527	1036986
11193	6387	1677	2	2252	2812667	1035320	2812518	1037568
11194	6387	1679	2	1671	2812667	1035320	2812527	1036986
11195	6387	1685	2	1184	2812667	1035320	2812552	1034141
11196	6388	1674	2	2273	2812375	1035316	2812477	1037587
11197	6388	1680	2	1952	2812375	1035316	2812477	1037266
11198	6388	1682	2	1268	2812375	1035316	2812503	1034054
11199	6389	1674	2	1600	2812322	1039180	2812477	1037587
11200	6389	1680	2	1920	2812322	1039180	2812477	1037266
11201	6389	3759	5	1152	2812322	1039180	2811170	1039170
11202	6390	1677	2	1608	2812662	1035966	2812518	1037568
11203	6390	1679	2	1028	2812662	1035966	2812527	1036986
11204	6390	1685	2	1828	2812662	1035966	2812552	1034141
11205	6391	1674	2	1628	2812368	1035962	2812477	1037587
11206	6391	1680	2	1308	2812368	1035962	2812477	1037266
11207	6391	1682	2	1912	2812368	1035962	2812503	1034054
11208	6392	1689	2	1471	2812710	1031367	2812587	1029901
11209	6393	1682	2	2697	2812372	1031360	2812503	1034054
11210	6393	1686	2	1130	2812372	1031360	2812534	1030241
11211	6393	1691	5	3015	2812372	1031360	2812392	1028345
11212	6394	1689	2	1192	2812722	1028716	2812587	1029901
11213	6394	1692	5	397	2812722	1028716	2812721	1028319
11214	6394	1693	2	1115	2812722	1028716	2812602	1027607
11215	6394	6397	5	2623	2812722	1028716	2812714	1026093
11216	6395	1686	2	1538	2812388	1028709	2812534	1030241
11217	6395	1690	2	1467	2812388	1028709	2812554	1027251
11218	6395	6396	5	2622	2812388	1028709	2812389	1026087
11219	6396	1690	2	1175	2812389	1026087	2812554	1027251
11220	6396	1698	2	1902	2812389	1026087	2812561	1024192
11221	6396	6395	5	2622	2812389	1026087	2812388	1028709
11222	6397	1693	2	1518	2812714	1026093	2812602	1027607
11223	6397	1699	2	2341	2812714	1026093	2812611	1023754
11224	6397	5879	5	2083	2812714	1026093	2814405	1027311
11225	6397	6394	5	2623	2812714	1026093	2812722	1028716
11226	6398	1695	2	1593	2812743	1019486	2812615	1021074
11227	6398	1774	2	1625	2812743	1019486	2813733	1018197
11228	6398	6693	2	642	2812743	1019486	2812624	1018855
11229	6399	1203	2	1803	2808832	1045961	2810466	1045198
11230	6399	1205	5	1168	2808832	1045961	2808968	1044800
11231	6399	1209	2	1655	2808832	1045961	2810300	1045196
11232	6399	1708	5	1467	2808832	1045961	2808979	1044501
11233	6399	1710	5	1280	2808832	1045961	2808391	1044759
11234	6399	1711	2	2207	2808832	1045961	2809049	1048158
11235	6399	1712	2	2348	2808832	1045961	2809007	1048303
11236	6399	2887	5	1526	2808832	1045961	2808227	1044560
11237	6399	5923	5	1049	2808832	1045961	2808932	1047006
11238	6399	6403	5	679	2808832	1045961	2808897	1046637
11239	6399	6416	5	1843	2808832	1045961	2808926	1047802
11240	6399	7373	2	2715	2808832	1045961	2807500	1048327
11241	6400	1203	2	1007	2809535	1045583	2810466	1045198
11242	6400	1204	7	620	2809535	1045583	2809616	1044968
11243	6400	1209	2	857	2809535	1045583	2810300	1045196
11244	6400	1672	2	2856	2809535	1045583	2812378	1045865
11245	6400	3751	5	1783	2809535	1045583	2811204	1046211
11246	6401	1203	2	1765	2808936	1046078	2810466	1045198
11247	6401	1209	2	1624	2808936	1046078	2810300	1045196
11248	6401	1707	5	710	2808936	1046078	2808742	1045395
11249	6401	1709	5	1208	2808936	1046078	2808428	1044982
11250	6401	1710	5	1427	2808936	1046078	2808391	1044759
11251	6401	1711	2	2083	2808936	1046078	2809049	1048158
11252	6401	1712	2	2226	2808936	1046078	2809007	1048303
11253	6401	2887	5	1675	2808936	1046078	2808227	1044560
11254	6401	5923	5	928	2808936	1046078	2808932	1047006
11255	6401	6403	5	560	2808936	1046078	2808897	1046637
11256	6402	1725	2	2869	2810509	1046211	2809811	1048994
11257	6402	1727	2	2826	2810509	1046211	2809820	1048952
11258	6402	6409	7	1413	2810509	1046211	2811565	1047151
11259	6402	6422	5	2046	2810509	1046211	2809585	1048037
11260	6403	1707	5	1251	2808897	1046637	2808742	1045395
11261	6403	1711	2	1528	2808897	1046637	2809049	1048158
11262	6403	1712	2	1669	2808897	1046637	2809007	1048303
11263	6403	2911	5	654	2808897	1046637	2808936	1045984
11264	6403	5923	5	370	2808897	1046637	2808932	1047006
11265	6403	6401	5	560	2808897	1046637	2808936	1046078
11266	6403	6415	5	501	2808897	1046637	2809160	1047064
11267	6404	1737	5	1944	2809059	1046637	2808927	1048577
11268	6404	5923	5	390	2809059	1046637	2808932	1047006
11269	6404	6414	5	1299	2809059	1046637	2809358	1047902
11270	6404	6416	5	1172	2809059	1046637	2808926	1047802
11271	6404	6423	5	1190	2809059	1046637	2809178	1047822
11272	6404	6424	5	1179	2809059	1046637	2809125	1047815
11273	6405	1203	2	2703	2812889	1046397	2810466	1045198
11274	6405	1209	2	2854	2812889	1046397	2810300	1045196
11275	6405	1661	2	620	2812889	1046397	2812961	1045781
11276	6405	1672	2	737	2812889	1046397	2812378	1045865
11277	6405	2917	5	2693	2812889	1046397	2812144	1048985
11278	6405	2918	5	2276	2812889	1046397	2811772	1048381
11279	6405	2923	5	1630	2812889	1046397	2812473	1047974
11280	6405	2924	5	2722	2812889	1046397	2811425	1048692
11281	6405	2925	5	3107	2812889	1046397	2811228	1049023
11282	6405	3752	5	2213	2812889	1046397	2811223	1044940
11283	6405	4485	5	3118	2812889	1046397	2811522	1049200
11284	6405	6409	5	1523	2812889	1046397	2811565	1047151
11285	6405	6624	5	1693	2812889	1046397	2811962	1047814
11286	6405	6907	5	2110	2812889	1046397	2811561	1048037
11287	6405	7391	5	3138	2812889	1046397	2810908	1048831
11288	6405	7392	2	747	2812889	1046397	2813629	1046500
11289	6406	1203	2	1857	2811961	1046301	2810466	1045198
11290	6406	1209	2	1994	2811961	1046301	2810300	1045196
11291	6406	1661	2	1127	2811961	1046301	2812961	1045781
11292	6406	1672	2	603	2811961	1046301	2812378	1045865
11293	6406	3752	5	1548	2811961	1046301	2811223	1044940
11294	6406	7392	2	1679	2811961	1046301	2813629	1046500
11295	6407	2912	5	888	2814276	1046410	2814868	1045748
11296	6407	2913	5	633	2814276	1046410	2814863	1046172
11297	6408	1727	2	3181	2811574	1046298	2809820	1048952
11298	6409	1727	2	2507	2811565	1047151	2809820	1048952
11299	6409	6402	7	1413	2811565	1047151	2810509	1046211
11300	6409	6405	5	1523	2811565	1047151	2812889	1046397
11301	6409	6422	5	2169	2811565	1047151	2809585	1048037
11302	6409	7392	2	2164	2811565	1047151	2813629	1046500
11303	6410	1203	2	3031	2813249	1046401	2810466	1045198
11304	6410	1209	2	3185	2813249	1046401	2810300	1045196
11305	6410	1672	2	1022	2813249	1046401	2812378	1045865
11306	6410	3752	5	2497	2813249	1046401	2811223	1044940
11307	6410	7392	2	392	2813249	1046401	2813629	1046500
11308	6411	1209	2	3135	2810060	1048322	2810300	1045196
11309	6411	1725	2	716	2810060	1048322	2809811	1048994
11310	6411	1727	2	674	2810060	1048322	2809820	1048952
11311	6411	3751	5	2401	2810060	1048322	2811204	1046211
11312	6412	3751	5	3019	2809754	1048859	2811204	1046211
11313	6413	3751	5	3128	2811043	1049335	2811204	1046211
11314	6413	6891	5	1419	2811043	1049335	2811750	1050566
11315	6414	6404	5	1299	2809358	1047902	2809059	1046637
11316	6414	6415	5	861	2809358	1047902	2809160	1047064
11317	6415	1709	5	2206	2809160	1047064	2808428	1044982
11318	6415	2887	5	2672	2809160	1047064	2808227	1044560
11319	6415	6403	5	501	2809160	1047064	2808897	1046637
11320	6415	6404	5	438	2809160	1047064	2809059	1046637
11321	6415	6423	5	758	2809160	1047064	2809178	1047822
11322	6416	1398	5	885	2808926	1047802	2808511	1048584
11323	6416	1400	5	2880	2808926	1047802	2806107	1047209
11324	6416	1401	2	2647	2808926	1047802	2806322	1047326
11325	6416	1711	2	376	2808926	1047802	2809049	1048158
11326	6416	1712	2	507	2808926	1047802	2809007	1048303
11327	6416	1728	2	2435	2808926	1047802	2806529	1047371
11328	6416	6399	5	1843	2808926	1047802	2808832	1045961
11329	6416	6404	5	1172	2808926	1047802	2809059	1046637
11330	6416	6417	5	1312	2808926	1047802	2807614	1047807
11331	6416	7365	5	676	2808926	1047802	2808899	1048478
11332	6417	1399	2	547	2807614	1047807	2807717	1048345
11333	6417	1401	2	1378	2807614	1047807	2806322	1047326
11334	6417	1711	2	1477	2807614	1047807	2809049	1048158
11335	6417	1712	2	1478	2807614	1047807	2809007	1048303
11336	6417	1728	2	1169	2807614	1047807	2806529	1047371
11337	6417	2875	2	3028	2807614	1047807	2804733	1046873
11338	6417	6416	5	1312	2807614	1047807	2808926	1047802
11339	6417	7373	2	532	2807614	1047807	2807500	1048327
11340	6418	1399	2	1513	2808935	1049243	2807717	1048345
11341	6418	1714	2	1872	2808935	1049243	2809127	1051106
11342	6418	1728	2	3048	2808935	1049243	2806529	1047371
11343	6418	1734	2	2491	2808935	1049243	2809005	1051734
11344	6418	7373	2	1702	2808935	1049243	2807500	1048327
11345	6419	1428	2	1048	2809275	1050436	2809130	1049398
11346	6419	1714	2	686	2809275	1050436	2809127	1051106
11347	6419	7364	2	1836	2809275	1050436	2808579	1048736
11348	6420	1428	2	477	2809584	1049251	2809130	1049398
11349	6420	1714	2	1910	2809584	1049251	2809127	1051106
11350	6421	1725	2	334	2809580	1048752	2809811	1048994
11351	6421	1727	2	312	2809580	1048752	2809820	1048952
11352	6422	1203	2	2972	2809585	1048037	2810466	1045198
11353	6422	1204	5	3069	2809585	1048037	2809616	1044968
11354	6422	1209	2	2929	2809585	1048037	2810300	1045196
11355	6422	2918	5	2213	2809585	1048037	2811772	1048381
11356	6422	2923	5	2888	2809585	1048037	2812473	1047974
11357	6422	3751	5	2440	2809585	1048037	2811204	1046211
11358	6422	6402	5	2046	2809585	1048037	2810509	1046211
11359	6422	6409	5	2169	2809585	1048037	2811565	1047151
11360	6422	6624	5	2387	2809585	1048037	2811962	1047814
11361	6422	6907	5	1976	2809585	1048037	2811561	1048037
11362	6423	6404	5	1190	2809178	1047822	2809059	1046637
11363	6423	6415	5	758	2809178	1047822	2809160	1047064
11364	6424	6404	5	1179	2809125	1047815	2809059	1046637
11365	6425	1428	2	2830	2808819	1052211	2809130	1049398
11366	6425	1732	7	451	2808819	1052211	2808943	1051777
11367	6425	1733	2	511	2808819	1052211	2808833	1052722
11368	6427	1426	5	866	2808876	1054954	2808975	1054093
11369	6428	1403	2	2623	2807193	1079285	2809164	1077553
11370	6428	1410	2	2655	2807193	1079285	2809213	1077562
11371	6429	1403	2	3111	2807204	1079970	2809164	1077553
11372	6429	1410	2	3136	2807204	1079970	2809213	1077562
11373	6430	3974	5	1986	2809112	1021935	2810624	1023224
11374	6430	5880	5	1986	2809112	1021935	2810699	1020740
11375	6430	5882	5	2577	2809112	1021935	2809132	1019358
11376	6431	5883	5	3018	2807179	1018221	2808861	1020727
11377	6431	5884	5	2953	2807179	1018221	2808745	1020725
11378	6432	1780	2	3132	2807096	1017693	2810217	1017964
11379	6432	1782	2	1245	2807096	1017693	2808334	1017828
11380	6432	1783	2	1868	2807096	1017693	2808942	1017983
11381	6432	1787	2	3086	2807096	1017693	2807115	1014607
11382	6432	1788	2	858	2807096	1017693	2807161	1016837
11383	6432	1789	2	1045	2807096	1017693	2807147	1016649
11384	6432	6692	2	1135	2807096	1017693	2807118	1016558
11385	6433	1450	2	2503	2812987	964146	2811008	962613
11386	6433	1831	2	2058	2812987	964146	2814003	965936
11387	6433	1833	2	1538	2812987	964146	2813643	965538
11388	6433	1860	2	1296	2812987	964146	2811737	963802
11389	6433	6687	2	2014	2812987	964146	2811132	963360
11390	6434	6214	5	3091	2848275	1040584	2850892	1038939
11391	6438	1874	2	1220	2845607	1040887	2844400	1040704
11392	6440	1867	7	2297	2843146	1040880	2845443	1040888
11393	6442	1394	5	1396	2831719	1043997	2831210	1045297
11394	6442	1872	2	2400	2831719	1043997	2831196	1046340
11395	6442	1885	5	2880	2831719	1043997	2833730	1041935
11396	6442	1889	2	3118	2831719	1043997	2831147	1047063
11397	6442	1891	7	915	2831719	1043997	2831383	1044849
11398	6442	1893	7	425	2831719	1043997	2831332	1044174
11399	6442	1894	2	1195	2831719	1043997	2831292	1045114
11400	6442	1897	2	3113	2831719	1043997	2831091	1047047
11401	6442	6612	5	3076	2831719	1043997	2833733	1041672
11402	6443	1872	2	1152	2831704	1045305	2831196	1046340
11403	6443	1884	2	2750	2831704	1045305	2832709	1042745
11404	6443	1889	2	1844	2831704	1045305	2831147	1047063
11405	6443	1894	2	454	2831704	1045305	2831292	1045114
11406	6443	1897	2	1846	2831704	1045305	2831091	1047047
11407	6445	1890	2	1684	2829733	1045282	2829840	1043601
11408	6445	1904	2	3019	2829733	1045282	2826799	1045996
11409	6445	5901	5	2569	2829733	1045282	2827164	1045257
11410	6445	6446	5	1330	2829733	1045282	2831063	1045295
11411	6445	6855	2	1825	2829733	1045282	2829819	1043459
11412	6446	5903	5	2593	2831063	1045295	2828470	1045270
11413	6446	6445	5	1330	2831063	1045295	2829733	1045282
11414	6447	1251	5	1324	2829741	1045900	2831059	1045766
11415	6447	1890	2	2301	2829741	1045900	2829840	1043601
11416	6447	1904	2	2943	2829741	1045900	2826799	1045996
11417	6447	6855	2	2442	2829741	1045900	2829819	1043459
11418	6448	1251	5	1501	2829748	1046497	2831059	1045766
11419	6448	6226	5	731	2829748	1046497	2830387	1046141
11420	6449	1251	5	1140	2830063	1046321	2831059	1045766
11421	6449	5904	5	2083	2830063	1046321	2828243	1047336
11422	6449	6855	2	2872	2830063	1046321	2829819	1043459
11423	6450	1902	2	2961	2825800	1047317	2823858	1045081
11424	6450	1908	7	504	2825800	1047317	2825868	1046817
11425	6450	1909	2	2802	2825800	1047317	2824008	1045162
11426	6451	1902	2	2670	2825781	1046934	2823858	1045081
11427	6451	1909	2	2506	2825781	1046934	2824008	1045162
11428	6451	3683	5	676	2825781	1046934	2826426	1047138
11429	6458	1981	2	1299	2763175	1049555	2764380	1050042
11430	6459	2001	7	1389	2764521	1045793	2764521	1047182
11431	6459	2008	2	348	2764521	1045793	2764357	1046100
11432	6460	1981	2	3191	2761944	1047980	2764380	1050042
11433	6460	1986	5	821	2761944	1047980	2761929	1047159
11434	6460	1991	5	1228	2761944	1047980	2761048	1047140
11435	6460	1995	2	2446	2761944	1047980	2764370	1048294
11436	6460	1996	2	2399	2761944	1047980	2764320	1048313
11437	6461	6345	2	1598	2885827	1040209	2884230	1040282
11438	6461	7076	2	1052	2885827	1040209	2886874	1040098
11439	6461	7159	2	2523	2885827	1040209	2883319	1040490
11440	6461	7160	7	2101	2885827	1040209	2883751	1040535
11441	6461	7162	2	238	2885827	1040209	2885959	1040010
11442	6461	7163	5	1419	2885827	1040209	2887203	1040559
11443	6461	7165	2	2645	2885827	1040209	2888470	1040094
11444	6462	6463	7	1325	2770277	1020697	2771492	1020167
11445	6463	6462	7	1325	2771492	1020167	2770277	1020697
11446	6466	1430	2	1461	2771988	1009724	2771366	1011046
11447	6466	2019	2	305	2771988	1009724	2771914	1009428
11448	6466	2022	2	215	2771988	1009724	2771934	1009515
11449	6466	2080	2	1201	2771988	1009724	2772376	1008587
11450	6466	2089	2	1194	2771988	1009724	2772420	1008610
11451	6468	2093	2	2840	2784560	1006393	2781721	1006315
11452	6468	2137	2	2787	2784560	1006393	2781774	1006313
11453	6468	6472	5	2931	2784560	1006393	2781884	1005197
11454	6470	2019	2	3035	2774933	1009116	2771914	1009428
11455	6470	2021	2	1177	2774933	1009116	2773863	1008624
11456	6470	2082	2	593	2774933	1009116	2775526	1009143
11457	6470	2084	2	1112	2774933	1009116	2775916	1009637
11458	6470	2086	2	908	2774933	1009116	2775770	1009469
11459	6470	2091	2	1200	2774933	1009116	2773862	1008573
11460	6471	2095	2	936	2777120	1014642	2776634	1013841
11461	6471	2098	2	1270	2777120	1014642	2776499	1013534
11462	6471	2099	2	883	2777120	1014642	2777288	1015509
11463	6471	2103	2	1823	2777120	1014642	2777758	1016350
11464	6471	2104	2	1943	2777120	1014642	2777768	1016474
11465	6472	2062	5	1106	2781884	1005197	2782038	1006293
11466	6472	2093	2	1129	2781884	1005197	2781721	1006315
11467	6472	4015	5	1925	2781884	1005197	2783272	1003862
11468	6472	4016	5	1797	2781884	1005197	2783573	1004583
11469	6472	4018	5	2353	2781884	1005197	2784098	1004399
11470	6472	6468	5	2931	2781884	1005197	2784560	1006393
11471	6473	2441	2	1794	2826599	1082765	2828034	1081687
11472	6473	6723	5	2349	2826599	1082765	2824356	1083463
11473	6475	2496	2	1679	2778411	1069849	2779562	1071072
11474	6475	2497	5	352	2778411	1069849	2778759	1069903
11475	6475	2525	5	987	2778411	1069849	2779398	1069860
11476	6475	2527	5	956	2778411	1069849	2779366	1069909
11477	6476	2499	2	1706	2780710	1069943	2779611	1071248
11478	6476	2501	2	1772	2780710	1069943	2779590	1068569
11479	6476	2502	2	1714	2780710	1069943	2779541	1068689
11480	6476	2519	2	3144	2780710	1069943	2779589	1072881
11481	6477	2504	2	1318	2779374	1079025	2779476	1077710
11482	6477	2507	2	1682	2779374	1079025	2779531	1077350
11483	6477	2508	2	283	2779374	1079025	2779462	1078755
11484	6477	2510	2	1073	2779374	1079025	2779445	1080096
11485	6479	2507	2	1991	2780782	1078899	2779531	1077350
11486	6479	2511	2	1787	2780782	1078899	2779495	1080139
11487	6479	2513	2	1305	2780782	1078899	2779507	1079179
11488	6479	2514	2	1278	2780782	1078899	2779512	1078755
11489	6479	2515	5	1099	2780782	1078899	2779683	1078939
11490	6479	2530	5	1096	2780782	1078899	2779689	1078989
11491	6481	2491	2	1331	2779844	1055158	2779735	1053831
11492	6481	2494	2	654	2779844	1055158	2779614	1055771
11493	6481	2551	2	2528	2779844	1055158	2779767	1052631
11494	6482	2540	2	1330	2780321	1060476	2779568	1059379
11495	6482	4395	5	2020	2780321	1060476	2782341	1060468
11496	6483	2545	5	1846	2777172	1052230	2775470	1052946
11497	6483	2549	5	1367	2777172	1052230	2778465	1051786
11498	6483	2554	5	1663	2777172	1052230	2778745	1051689
11499	6483	4376	5	2124	2777172	1052230	2775118	1052771
11500	6484	2545	5	1916	2777019	1051818	2775470	1052946
11501	6484	2549	5	1446	2777019	1051818	2778465	1051786
11502	6484	2553	5	2564	2777019	1051818	2779573	1051582
11503	6484	2554	5	1730	2777019	1051818	2778745	1051689
11504	6484	2555	5	2560	2777019	1051818	2779573	1051633
11505	6485	2549	5	2405	2779599	1053907	2778465	1051786
11506	6486	2489	2	2713	2782435	1050014	2779795	1050641
11507	6486	2558	2	2777	2782435	1050014	2779745	1050704
11508	6486	2560	2	2997	2782435	1050014	2779794	1051432
11509	6486	2564	2	2638	2782435	1050014	2779797	1050002
11510	6486	3614	7	2258	2782435	1050014	2783252	1047908
11511	6486	7039	2	2755	2782435	1050014	2779844	1049077
11512	6486	7047	2	2614	2782435	1050014	2779847	1049644
11513	6487	2489	2	2902	2782390	1049340	2779795	1050641
11514	6487	2558	2	2975	2782390	1049340	2779745	1050704
11515	6487	2564	2	2676	2782390	1049340	2779797	1050002
11516	6487	7039	2	2559	2782390	1049340	2779844	1049077
11517	6487	7047	2	2561	2782390	1049340	2779847	1049644
11518	6487	7053	5	3027	2782390	1049340	2784672	1047351
11519	6488	2568	2	3192	2781007	1043593	2779863	1040613
11520	6489	7020	2	1456	2777581	1048148	2776188	1047722
11521	6489	7021	2	2072	2777581	1048148	2775636	1047432
11522	6489	7022	2	3062	2777581	1048148	2774696	1047122
11523	6489	7025	7	994	2777581	1048148	2778515	1047806
11524	6489	7043	2	959	2777581	1048148	2778514	1047926
11525	6489	7045	2	425	2777581	1048148	2777983	1048009
11526	6490	2569	2	1598	2778539	1041579	2779813	1040613
11527	6491	2568	2	1406	2781065	1041344	2779863	1040613
11528	6491	2574	2	2819	2781065	1041344	2779895	1038779
11529	6491	7027	2	2514	2781065	1041344	2779820	1043529
11530	6492	2487	2	1911	2782829	1035386	2780943	1035073
11531	6492	2578	5	1920	2782829	1035386	2780951	1035787
11532	6492	2581	2	3128	2782829	1035386	2780824	1032985
11533	6492	2582	2	1986	2782829	1035386	2780844	1035455
11534	6494	6496	5	905	2806824	1111895	2806462	1112725
11535	6496	6494	5	905	2806462	1112725	2806824	1111895
11536	6497	6496	5	316	2806197	1112898	2806462	1112725
11537	6498	4598	5	2796	2824519	1072828	2826763	1071160
11538	6499	1602	5	690	2837599	1020310	2837654	1020998
11539	6499	2623	5	353	2837599	1020310	2837399	1020601
11540	6499	2627	5	396	2837599	1020310	2837350	1020618
11541	6499	6501	5	553	2837599	1020310	2837865	1020795
11542	6499	6502	5	686	2837599	1020310	2837808	1020964
11543	6499	7279	2	1069	2837599	1020310	2836735	1019679
11544	6500	2623	5	402	2836997	1020574	2837399	1020601
11545	6500	2624	5	716	2836997	1020574	2837712	1020527
11546	6500	7279	2	932	2836997	1020574	2836735	1019679
11547	6501	1602	5	292	2837865	1020795	2837654	1020998
11548	6501	6499	5	553	2837865	1020795	2837599	1020310
11549	6501	7279	2	1588	2837865	1020795	2836735	1019679
11550	6502	2622	7	415	2837808	1020964	2837533	1020653
11551	6502	6499	5	686	2837808	1020964	2837599	1020310
11552	6502	7279	2	1674	2837808	1020964	2836735	1019679
11553	6503	2674	2	2978	2791639	1020303	2792988	1017648
11554	6504	2667	2	2640	2790901	1018283	2793120	1016852
11555	6504	2672	2	1425	2790901	1018283	2792194	1017684
11556	6504	2684	2	2699	2790901	1018283	2788726	1016684
11557	6505	2683	2	1606	2788274	1017176	2786679	1016980
11558	6512	1207	5	772	2756503	1047499	2756978	1046890
11559	6512	2720	2	552	2756503	1047499	2756839	1047060
11560	6512	2722	2	2143	2756503	1047499	2754568	1048422
11561	6512	2725	2	2463	2756503	1047499	2754310	1048622
11562	6512	4182	5	864	2756503	1047499	2755741	1047091
11563	6512	6513	5	1221	2756503	1047499	2755536	1046752
11564	6513	2720	2	1338	2755536	1046752	2756839	1047060
11565	6513	2721	5	1031	2755536	1046752	2756326	1047415
11566	6513	2722	2	1930	2755536	1046752	2754568	1048422
11567	6513	2725	2	2236	2755536	1046752	2754310	1048622
11568	6513	6512	5	1221	2755536	1046752	2756503	1047499
11569	6513	6694	2	1446	2755536	1046752	2756962	1046997
11570	6514	1274	5	2518	2741932	1046305	2744394	1046835
11571	6516	5508	2	2951	2804719	1103494	2801873	1104277
11572	6516	5509	2	2787	2804719	1103494	2802007	1102850
11573	6516	5510	2	1595	2804719	1103494	2803257	1102856
11574	6516	5513	2	2410	2804719	1103494	2803311	1105450
11575	6516	6715	2	1744	2804719	1103494	2805579	1105012
11576	6517	2158	2	1768	2793198	1003778	2793178	1005546
11577	6517	2166	2	2348	2793198	1003778	2793172	1006126
11578	6517	2167	2	2614	2793198	1003778	2793045	1006388
11579	6517	2172	2	2390	2793198	1003778	2793222	1006168
11580	6517	2173	2	2595	2793198	1003778	2793332	1006370
11581	6518	2739	2	1781	2792503	1024875	2793006	1026584
11582	6518	2758	2	2214	2792503	1024875	2793002	1027033
11583	6518	2761	2	914	2792503	1024875	2792934	1025681
11584	6518	4038	5	2060	2792503	1024875	2790853	1023641
11585	6518	4039	5	1556	2792503	1024875	2791163	1024083
11586	6520	2758	2	1362	2793381	1025724	2793002	1027033
11587	6522	2778	2	1377	2793593	1035151	2793516	1036526
11588	6522	2784	2	2280	2793593	1035151	2793520	1037430
11589	6522	2787	2	1919	2793593	1035151	2793518	1037069
11590	6523	2774	2	2961	2795002	1037802	2793337	1035353
11591	6523	2775	2	2651	2795002	1037802	2793400	1035689
11592	6523	2780	5	1348	2795002	1037802	2793743	1037318
11593	6523	2782	5	1311	2795002	1037802	2793758	1037386
11594	6523	2789	5	974	2795002	1037802	2794075	1037503
11595	6523	2791	2	1523	2795002	1037802	2793523	1038169
11596	6523	6088	5	1771	2795002	1037802	2796662	1038420
11597	6524	2777	2	945	2793828	1039034	2793573	1038124
11598	6524	2790	2	1093	2793828	1039034	2793522	1037984
11599	6524	2791	2	917	2793828	1039034	2793523	1038169
11600	6526	2797	2	2009	2791534	1039391	2793531	1039615
11601	6526	2800	2	2721	2791534	1039391	2793479	1041295
11602	6529	1700	2	2914	2809121	1020727	2810188	1018015
11603	6529	1790	2	2800	2809121	1020727	2808328	1018041
11604	6532	1473	5	2432	2855656	1038963	2854243	1036983
11605	6532	1476	5	2125	2855656	1038963	2854762	1037035
11606	6532	1477	5	2349	2855656	1038963	2854318	1037032
11607	6532	2902	5	2733	2855656	1038963	2858099	1040189
11608	6532	2932	5	3112	2855656	1038963	2858412	1040410
11609	6532	2935	5	3127	2855656	1038963	2858463	1040343
11610	6532	2947	5	2476	2855656	1038963	2858015	1039718
11611	6532	2948	5	2396	2855656	1038963	2857820	1039993
11612	6532	2949	5	2364	2855656	1038963	2857649	1040235
11613	6532	2950	5	3186	2855656	1038963	2858625	1040121
11614	6532	3538	5	932	2855656	1038963	2855855	1039874
11615	6532	6329	5	1012	2855656	1038963	2856654	1038794
11616	6532	6330	5	937	2855656	1038963	2856565	1039192
11617	6532	6332	5	2049	2855656	1038963	2857529	1039794
11618	6532	6333	5	1073	2855656	1038963	2856420	1039717
11619	6532	6533	5	800	2855656	1038963	2856237	1039514
11620	6532	6797	2	670	2855656	1038963	2855757	1038300
11621	6532	6798	2	695	2855656	1038963	2855886	1038307
11622	6532	6799	2	1551	2855656	1038963	2857072	1039597
11623	6532	6806	2	1728	2855656	1038963	2857111	1039896
11624	6532	6859	5	1577	2855656	1038963	2856959	1039852
11625	6532	6862	5	1435	2855656	1038963	2857091	1038956
11626	6533	6532	5	800	2856237	1039514	2855656	1038963
11627	6533	6797	2	1305	2856237	1039514	2855757	1038300
11628	6533	6798	2	1257	2856237	1039514	2855886	1038307
11629	6533	6799	2	839	2856237	1039514	2857072	1039597
11630	6533	6806	2	953	2856237	1039514	2857111	1039896
11631	6534	1879	2	2809	2841478	1038813	2839323	1040616
11632	6534	6535	5	1802	2841478	1038813	2842965	1037794
11633	6535	3606	5	2797	2842965	1037794	2840353	1038797
11634	6535	6534	5	1802	2842965	1037794	2841478	1038813
11635	6536	6334	5	1134	2843417	1037797	2842952	1038832
11636	6537	6334	5	1829	2843862	1037245	2842952	1038832
11637	6537	6536	5	709	2843862	1037245	2843417	1037797
11638	6538	2874	2	1615	2803682	1048374	2804483	1046971
11639	6538	2877	2	1656	2803682	1048374	2802691	1047047
11640	6539	7027	2	2981	2778519	1046212	2779820	1043529
11641	6539	7028	2	1315	2778519	1046212	2779808	1045950
11642	6539	7029	2	1411	2778519	1046212	2779741	1046918
11643	6540	4371	5	2588	2769008	1047207	2767545	1049342
11644	6540	7009	5	896	2769008	1047207	2768149	1047464
11645	6561	5809	5	1587	2830535	973432	2829260	972486
11646	6561	6686	5	2506	2830535	973432	2828113	972788
11647	6575	2056	2	1540	2773585	1006071	2773713	1007606
11648	6577	3872	5	2930	2811865	1001259	2814478	999932
11649	6578	3872	5	2968	2813106	1002564	2814478	999932
11650	6579	2850	2	2589	2820890	1002675	2820652	1000096
11651	6579	2855	2	2484	2820890	1002675	2820647	1000202
11652	6581	3244	5	3062	2831862	992274	2832591	995248
11653	6593	1686	2	852	2811724	1029976	2812534	1030241
11654	6593	1687	5	1101	2811724	1029976	2812386	1029096
11655	6593	1690	2	2848	2811724	1029976	2812554	1027251
11656	6594	1689	2	2461	2815027	1030223	2812587	1029901
11657	6594	6595	5	735	2815027	1030223	2815701	1029929
11658	6595	1689	2	3114	2815701	1029929	2812587	1029901
11659	6595	6594	5	735	2815701	1029929	2815027	1030223
11660	6596	1682	2	1716	2810788	1033987	2812503	1034054
11661	6598	5689	5	1322	2819610	1032734	2818289	1032805
11662	6599	3858	5	2193	2823596	1029847	2823611	1027654
11663	6600	1611	5	553	2838240	1021454	2837926	1021910
11664	6600	7279	2	2327	2838240	1021454	2836735	1019679
11665	6601	2236	2	1342	2845952	1004630	2844797	1003946
11666	6601	2237	2	1313	2845952	1004630	2844784	1004029
11667	6601	2240	2	1067	2845952	1004630	2845636	1005650
11668	6601	2252	5	2308	2845952	1004630	2846292	1006913
11669	6601	2253	2	833	2845952	1004630	2845535	1005352
11670	6604	7140	2	2340	2896070	1058046	2894159	1059398
11671	6605	5035	7	2927	2903096	1060523	2903050	1063450
11672	6610	3598	5	3078	2843024	1032988	2842986	1036066
11673	6611	1875	2	1421	2840353	1041425	2841547	1040653
11674	6611	1880	2	1475	2840353	1041425	2839086	1040668
11675	6611	3606	5	2628	2840353	1041425	2840353	1038797
11676	6612	1246	2	2235	2833733	1041672	2831996	1043079
11677	6612	1881	2	867	2833733	1041672	2834581	1041857
11678	6612	1882	2	826	2833733	1041672	2834546	1041819
11679	6612	1883	5	806	2833733	1041672	2833738	1042478
11680	6612	1884	2	1483	2833733	1041672	2832709	1042745
11681	6612	1886	2	2371	2833733	1041672	2831982	1043272
11682	6612	1887	2	2945	2833733	1041672	2831509	1043604
11683	6612	1888	2	1690	2833733	1041672	2832486	1042814
11684	6612	6442	5	3076	2833733	1041672	2831719	1043997
11685	6613	1247	2	2143	2831745	1041593	2830701	1043465
11686	6613	1883	5	2180	2831745	1041593	2833738	1042478
11687	6614	3677	5	2911	2826274	1039291	2829185	1039334
11688	6615	1912	2	2619	2819914	1043159	2821786	1044992
11689	6616	1717	2	1315	2820316	1045972	2819025	1045717
11690	6620	1977	2	1605	2763946	1059366	2765069	1060514
11691	6620	4355	5	2630	2763946	1059366	2761384	1059963
11692	6623	2912	5	2183	2814402	1047881	2814868	1045748
11693	6623	2913	5	1770	2814402	1047881	2814863	1046172
11694	6623	2914	5	1539	2814402	1047881	2814860	1046411
11695	6623	2919	5	2578	2814402	1047881	2816684	1046681
11696	6623	3704	5	3151	2814402	1047881	2817518	1048354
11697	6623	6375	5	2409	2814402	1047881	2815541	1045758
11698	6623	6377	5	1852	2814402	1047881	2815532	1046413
11699	6624	1661	2	2265	2811962	1047814	2812961	1045781
11700	6624	6381	7	1497	2811962	1047814	2812886	1046636
11701	6624	6405	5	1693	2811962	1047814	2812889	1046397
11702	6624	6422	5	2387	2811962	1047814	2809585	1048037
11703	6624	6891	5	2760	2811962	1047814	2811750	1050566
11704	6624	7392	2	2122	2811962	1047814	2813629	1046500
11705	6625	3751	5	2859	2810785	1049040	2811204	1046211
11706	6626	1674	2	2585	2810483	1035941	2812477	1037587
11707	6626	1680	2	2394	2810483	1035941	2812477	1037266
11708	6626	1682	2	2764	2810483	1035941	2812503	1034054
11709	6627	3534	5	1213	2861636	1042128	2860939	1043121
11710	6627	6788	2	855	2861636	1042128	2862081	1041397
11711	6627	6792	2	1083	2861636	1042128	2862426	1041386
11712	6627	6813	2	995	2861636	1042128	2862393	1041481
11713	6628	4771	5	3034	2848073	1059505	2850723	1058027
11714	6630	7095	2	2424	2833311	1067738	2833804	1070112
11715	6630	7099	2	2755	2833311	1067738	2833890	1070432
11716	6630	7101	2	1060	2833311	1067738	2834073	1067001
11717	6630	7103	2	834	2833311	1067738	2833954	1067206
11718	6630	7108	7	1516	2833311	1067738	2833760	1066289
11719	6632	4556	5	1479	2814359	1068066	2815086	1069354
11720	6633	1411	2	622	2808716	1068077	2809283	1067821
11721	6633	1413	2	556	2808716	1068077	2809222	1067846
11722	6638	4458	5	2379	2784100	1081764	2782176	1080364
11723	6657	5534	5	3046	2807003	1089794	2805458	1087168
11724	6659	5270	5	2359	2817567	1097398	2819926	1097371
11725	6664	2613	2	2885	2815855	1105082	2813098	1105935
11726	6664	2614	2	3164	2815855	1105082	2812965	1106371
11727	6664	2618	2	1953	2815855	1105082	2814055	1104322
11728	6664	5291	5	1506	2815855	1105082	2814712	1106063
11729	6666	6873	2	1346	2835696	1089294	2835020	1088129
11730	6670	1423	2	677	2809924	1056504	2810023	1055834
11731	6670	1425	7	1127	2809924	1056504	2810066	1055385
11732	6676	5744	5	2366	2780928	1135294	2783122	1134408
11733	6677	5453	5	2377	2776411	1145764	2778787	1145844
11734	6679	6878	5	977	2872745	1041895	2872723	1042872
11735	6680	2308	2	2749	2873568	1015405	2872302	1012964
11736	6680	2309	2	2554	2873568	1015405	2874228	1012937
11737	6681	2284	2	2826	2865838	1013037	2863012	1013020
11738	6681	2285	2	868	2865838	1013037	2864983	1012886
11739	6681	2289	2	780	2865838	1013037	2865080	1012853
11740	6681	2294	2	2183	2865838	1013037	2868021	1012984
11741	6681	2296	2	2155	2865838	1013037	2867991	1012934
11742	6681	5828	2	2236	2865838	1013037	2866033	1015265
11743	6682	2245	2	2013	2846928	1008808	2846473	1010769
11744	6682	2246	2	1027	2846928	1008808	2846368	1009669
11745	6682	2257	7	545	2846928	1008808	2846446	1008552
11746	6683	2202	2	1451	2829478	1008333	2830755	1009023
11747	6683	2225	7	443	2829478	1008333	2829094	1008554
11748	6683	2227	2	790	2829478	1008333	2830153	1008745
11749	6683	2619	2	2923	2829478	1008333	2831858	1010030
11750	6684	2203	2	3025	2827052	1008204	2830067	1008457
11751	6684	2225	7	2071	2827052	1008204	2829094	1008554
11752	6684	2227	2	3147	2827052	1008204	2830153	1008745
11753	6684	6683	7	2429	2827052	1008204	2829478	1008333
11754	6685	2220	2	1597	2819924	1007805	2821520	1007875
11755	6685	6926	2	2822	2819924	1007805	2822746	1007840
11756	6685	6930	2	2821	2819924	1007805	2822744	1007890
11757	6686	3184	5	2422	2828113	972788	2830535	972781
11758	6686	6561	5	2506	2828113	972788	2830535	973432
11759	6687	1450	2	757	2811132	963360	2811008	962613
11760	6687	1832	2	1599	2811132	963360	2812124	964615
11761	6687	1834	2	1810	2811132	963360	2812671	964314
11762	6687	1859	2	1794	2811132	963360	2811140	965154
11763	6687	1860	2	749	2811132	963360	2811737	963802
11764	6687	3164	2	2919	2811132	963360	2812270	966049
11765	6687	3165	2	1616	2811132	963360	2811575	964915
11766	6687	6325	2	1213	2811132	963360	2811057	962149
11767	6687	6433	2	2014	2811132	963360	2812987	964146
11768	6688	1429	2	985	2771501	1010803	2771389	1009824
11769	6688	1430	2	277	2771501	1010803	2771366	1011046
11770	6688	2019	2	1435	2771501	1010803	2771914	1009428
11771	6688	2022	2	1358	2771501	1010803	2771934	1009515
11772	6688	2080	2	2382	2771501	1010803	2772376	1008587
11773	6688	2089	2	2377	2771501	1010803	2772420	1008610
11774	6688	6061	2	2469	2771501	1010803	2773798	1009897
11775	6688	6466	2	1183	2771501	1010803	2771988	1009724
11776	6689	2123	2	1487	2782120	1017803	2783607	1017843
11777	6691	2767	7	1196	2793149	1034255	2793158	1033059
11778	6691	2774	2	1113	2793149	1034255	2793337	1035353
11779	6691	2775	2	1455	2793149	1034255	2793400	1035689
11780	6691	2778	2	2300	2793149	1034255	2793516	1036526
11781	6691	2781	2	2911	2793149	1034255	2793568	1037136
11782	6691	2786	2	2420	2793149	1034255	2793566	1036639
11783	6691	2787	2	2838	2793149	1034255	2793518	1037069
11784	6692	1787	2	1951	2807118	1016558	2807115	1014607
11785	6692	1788	2	282	2807118	1016558	2807161	1016837
11786	6692	6432	2	1135	2807118	1016558	2807096	1017693
11787	6693	1695	2	2219	2812624	1018855	2812615	1021074
11788	6693	1774	2	1289	2812624	1018855	2813733	1018197
11789	6693	1779	2	1899	2812624	1018855	2814455	1018351
11790	6693	3971	2	1940	2812624	1018855	2814455	1019499
11791	6693	6398	2	642	2812624	1018855	2812743	1019486
11792	6694	2721	2	761	2756962	1046997	2756326	1047415
11793	6694	2722	2	2786	2756962	1046997	2754568	1048422
11794	6694	2725	2	3110	2756962	1046997	2754310	1048622
11795	6694	2939	2	2503	2756962	1046997	2754677	1048021
11796	6694	4182	2	1224	2756962	1046997	2755741	1047091
11797	6694	6513	2	1446	2756962	1046997	2755536	1046752
11798	6696	1672	2	1295	2813556	1046405	2812378	1045865
11799	6698	1670	2	645	2813815	1046652	2813678	1046021
11800	6699	1875	2	845	2840716	1040808	2841547	1040653
11801	6699	1880	2	1636	2840716	1040808	2839086	1040668
11802	6700	1295	2	766	2831148	1062130	2831890	1061937
11803	6700	1571	2	2263	2831148	1062130	2833408	1062009
11804	6700	1574	2	610	2831148	1062130	2831748	1062016
11805	6701	2455	5	2854	2819150	1079185	2819107	1082039
11806	6701	4577	5	2688	2819150	1079185	2816474	1078927
11807	6701	5764	5	2401	2819150	1079185	2819127	1081586
11808	6704	4113	5	2495	2787602	1048486	2788570	1050786
11809	6704	5351	5	1946	2787602	1048486	2788982	1047113
11810	6704	7066	2	1709	2787602	1048486	2788816	1047282
11811	6710	1599	2	2018	2823339	1060975	2822748	1059045
11812	6710	5980	5	2163	2823339	1060975	2824529	1059168
11813	6711	2617	5	2233	2816579	1102729	2814519	1103592
11814	6711	2618	2	2984	2816579	1102729	2814055	1104322
11815	6714	2606	2	2324	2805609	1104962	2806614	1107058
11816	6714	5510	2	3157	2805609	1104962	2803257	1102856
11817	6714	5511	2	2355	2805609	1104962	2804347	1102973
11818	6714	6516	2	1716	2805609	1104962	2804719	1103494
11819	6715	2606	2	2292	2805579	1105012	2806614	1107058
11820	6715	2608	2	2343	2805579	1105012	2806681	1107080
11821	6715	5510	2	3168	2805579	1105012	2803257	1102856
11822	6715	5511	2	2382	2805579	1105012	2804347	1102973
11823	6716	1743	2	1880	2810220	1083349	2811782	1084397
11824	6716	1744	2	1036	2810220	1083349	2811255	1083299
11825	6716	1745	2	1032	2810220	1083349	2811214	1083629
11826	6716	1749	2	1169	2810220	1083349	2809214	1083945
11827	6716	1753	2	811	2810220	1083349	2809409	1083381
11828	6717	1740	2	2125	2810202	1083299	2812323	1083155
11829	6717	1741	2	1027	2810202	1083299	2810783	1082451
11830	6717	1744	2	1053	2810202	1083299	2811255	1083299
11831	6717	1747	2	780	2810202	1083299	2810960	1083115
11832	6717	1752	2	273	2810202	1083299	2809930	1083326
11833	6717	1753	2	797	2810202	1083299	2809409	1083381
11834	6717	1754	2	1017	2810202	1083299	2809213	1083058
11835	6717	1755	2	1684	2810202	1083299	2809344	1081849
11836	6717	1757	2	1338	2810202	1083299	2809352	1082265
11837	6717	5759	2	2725	2810202	1083299	2810426	1080583
11838	6718	4598	5	2868	2824529	1072960	2826763	1071160
11839	6720	4579	5	2303	2824437	1078950	2826740	1078996
11840	6721	2438	2	2328	2824404	1081858	2826691	1081421
11841	6721	2439	2	1122	2824404	1081858	2825510	1081668
11842	6721	5766	2	2547	2824404	1081858	2821863	1081681
11843	6722	2438	2	2317	2824406	1081807	2826691	1081421
11844	6722	5766	2	2546	2824406	1081807	2821863	1081681
11845	6723	6473	5	2349	2824356	1083463	2826599	1082765
11846	6726	5243	5	2695	2824277	1089441	2821582	1089453
11847	6732	1556	2	2776	2832226	1103547	2834161	1101556
11848	6732	6733	2	1860	2832226	1103547	2834086	1103558
11849	6733	1554	2	3152	2834086	1103558	2833345	1100494
11850	6733	6351	2	3173	2834086	1103558	2832926	1100604
11851	6733	6732	2	1860	2834086	1103558	2832226	1103547
11852	6733	6997	2	777	2834086	1103558	2833593	1104159
11853	6733	6999	2	479	2834086	1103558	2833607	1103550
11854	6733	7000	2	525	2834086	1103558	2833952	1104066
11855	6734	7001	2	949	2834172	1103551	2834191	1102602
11856	6735	6736	2	1080	2870020	1102720	2869729	1103761
11857	6735	6737	2	1060	2870020	1102720	2870231	1103759
11858	6735	6739	2	1042	2870020	1102720	2869973	1103761
11859	6735	6740	2	1041	2870020	1102720	2870061	1103761
11860	6736	6738	2	969	2869729	1103761	2870067	1102852
11861	6736	6739	2	244	2869729	1103761	2869973	1103761
11862	6736	6740	2	332	2869729	1103761	2870061	1103761
11863	6737	6735	2	1060	2870231	1103759	2870020	1102720
11864	6737	6738	2	921	2870231	1103759	2870067	1102852
11865	6737	6739	2	258	2870231	1103759	2869973	1103761
11866	6738	6736	2	969	2870067	1102852	2869729	1103761
11867	6738	6739	2	913	2870067	1102852	2869973	1103761
11868	6738	6741	2	975	2870067	1102852	2870423	1103760
11869	6739	6736	2	244	2869973	1103761	2869729	1103761
11870	6739	6737	2	258	2869973	1103761	2870231	1103759
11871	6739	6738	2	913	2869973	1103761	2870067	1102852
11872	6739	6741	2	450	2869973	1103761	2870423	1103760
11873	6740	6735	2	1041	2870061	1103761	2870020	1102720
11874	6740	6736	2	332	2870061	1103761	2869729	1103761
11875	6740	6738	2	909	2870061	1103761	2870067	1102852
11876	6740	6741	2	362	2870061	1103761	2870423	1103760
11877	6741	6738	2	975	2870423	1103760	2870067	1102852
11878	6741	6739	2	450	2870423	1103760	2869973	1103761
11879	6741	6740	2	362	2870423	1103760	2870061	1103761
11880	6742	1546	2	2795	2877429	1118509	2874634	1118435
11881	6743	6744	2	2563	2877207	1150194	2877157	1152757
11882	6744	6743	2	2563	2877157	1152757	2877207	1150194
11883	6766	2317	2	1671	2879704	1016079	2881337	1016436
11884	6766	2321	2	1649	2879704	1016079	2881304	1016479
11885	6766	2328	2	2929	2879704	1016079	2882497	1016964
11886	6766	2329	2	2736	2879704	1016079	2882345	1016796
11887	6766	2330	2	3150	2879704	1016079	2882686	1017096
11888	6766	7177	2	2416	2879704	1016079	2877521	1015043
11889	6767	2318	2	2426	2877459	1015122	2879728	1015982
11890	6767	5848	2	2607	2877459	1015122	2876209	1012834
11891	6767	6766	2	2440	2877459	1015122	2879704	1016079
11892	6767	6880	2	1981	2877459	1015122	2875890	1013911
11893	6767	7173	2	2427	2877459	1015122	2876100	1013111
11894	6767	7175	2	2213	2877459	1015122	2875951	1013502
11895	6777	2699	2	2164	2864796	1035192	2865245	1033075
11896	6777	2700	2	1267	2864796	1035192	2865070	1033954
11897	6777	2704	2	2467	2864796	1035192	2865264	1032769
11898	6777	6195	5	1554	2864796	1035192	2864272	1036656
11899	6777	6779	2	1052	2864796	1035192	2864275	1036106
11900	6777	6781	2	2785	2864796	1035192	2863625	1037719
11901	6777	6782	2	2516	2864796	1035192	2863681	1037448
11902	6777	6783	7	634	2864796	1035192	2864348	1035641
11903	6777	6784	2	1262	2864796	1035192	2864152	1036278
11904	6777	6785	7	278	2864796	1035192	2864518	1035206
11905	6777	6786	2	857	2864796	1035192	2864920	1034344
11906	6778	2699	2	2583	2864642	1035587	2865245	1033075
11907	6778	2700	2	1688	2864642	1035587	2865070	1033954
11908	6778	2704	2	2885	2864642	1035587	2865264	1032769
11909	6778	6777	7	423	2864642	1035587	2864796	1035192
11910	6778	6781	2	2362	2864642	1035587	2863625	1037719
11911	6778	6782	2	2094	2864642	1035587	2863681	1037448
11912	6778	6783	7	298	2864642	1035587	2864348	1035641
11913	6778	6784	2	847	2864642	1035587	2864152	1036278
11914	6778	6785	7	400	2864642	1035587	2864518	1035206
11915	6778	6786	2	1273	2864642	1035587	2864920	1034344
11916	6779	2699	2	3182	2864275	1036106	2865245	1033075
11917	6779	2700	2	2294	2864275	1036106	2865070	1033954
11918	6779	6190	2	1160	2864275	1036106	2863137	1036331
11919	6779	6195	2	550	2864275	1036106	2864272	1036656
11920	6779	6777	2	1052	2864275	1036106	2864796	1035192
11921	6779	6778	2	635	2864275	1036106	2864642	1035587
11922	6779	6780	2	502	2864275	1036106	2863933	1036474
11923	6779	6782	2	1467	2864275	1036106	2863681	1037448
11924	6779	6783	2	470	2864275	1036106	2864348	1035641
11925	6779	6784	2	211	2864275	1036106	2864152	1036278
11926	6779	6785	2	932	2864275	1036106	2864518	1035206
11927	6779	6786	2	1876	2864275	1036106	2864920	1034344
11928	6780	2700	2	2764	2863933	1036474	2865070	1033954
11929	6780	6779	2	502	2863933	1036474	2864275	1036106
11930	6780	6781	2	1282	2863933	1036474	2863625	1037719
11931	6780	6782	2	1006	2863933	1036474	2863681	1037448
11932	6780	6784	2	293	2863933	1036474	2864152	1036278
11933	6780	6786	2	2347	2863933	1036474	2864920	1034344
11934	6781	3511	2	2328	2863625	1037719	2861511	1038696
11935	6781	3512	2	2528	2863625	1037719	2861234	1038542
11936	6781	3513	2	2813	2863625	1037719	2861014	1038767
11937	6781	3514	2	3087	2863625	1037719	2860806	1038979
11938	6781	3515	2	2891	2863625	1037719	2861157	1039226
11939	6781	3516	2	2766	2863625	1037719	2861453	1039433
11940	6781	3517	2	2685	2863625	1037719	2861747	1039638
11941	6781	3518	2	2656	2863625	1037719	2861949	1039780
11942	6781	3530	2	3192	2863625	1037719	2860627	1038817
11943	6781	6190	2	1471	2863625	1037719	2863137	1036331
11944	6781	6195	2	1244	2863625	1037719	2864272	1036656
11945	6781	6331	2	2652	2863625	1037719	2862218	1039967
11946	6781	6777	2	2785	2863625	1037719	2864796	1035192
11947	6781	6778	2	2362	2863625	1037719	2864642	1035587
11948	6781	6779	2	1739	2863625	1037719	2864275	1036106
11949	6781	6780	2	1282	2863625	1037719	2863933	1036474
11950	6781	6782	2	276	2863625	1037719	2863681	1037448
11951	6781	6783	2	2200	2863625	1037719	2864348	1035641
11952	6781	6784	2	1534	2863625	1037719	2864152	1036278
11953	6781	6785	2	2666	2863625	1037719	2864518	1035206
11954	6782	3511	2	2503	2863681	1037448	2861511	1038696
11955	6782	3512	2	2680	2863681	1037448	2861234	1038542
11956	6782	3513	2	2975	2863681	1037448	2861014	1038767
11957	6782	3515	2	3087	2863681	1037448	2861157	1039226
11958	6782	3516	2	2983	2863681	1037448	2861453	1039433
11959	6782	3517	2	2921	2863681	1037448	2861747	1039638
11960	6782	3518	2	2904	2863681	1037448	2861949	1039780
11961	6782	6190	2	1242	2863681	1037448	2863137	1036331
11962	6782	6195	2	988	2863681	1037448	2864272	1036656
11963	6782	6331	2	2913	2863681	1037448	2862218	1039967
11964	6782	6777	2	2516	2863681	1037448	2864796	1035192
11965	6782	6778	2	2094	2863681	1037448	2864642	1035587
11966	6782	6779	2	1467	2863681	1037448	2864275	1036106
11967	6782	6781	2	276	2863681	1037448	2863625	1037719
11968	6782	6783	2	1926	2863681	1037448	2864348	1035641
11969	6782	6785	2	2393	2863681	1037448	2864518	1035206
11970	6783	2699	2	2718	2864348	1035641	2865245	1033075
11971	6783	2700	2	1835	2864348	1035641	2865070	1033954
11972	6783	2704	2	3014	2864348	1035641	2865264	1032769
11973	6783	6195	5	1017	2864348	1035641	2864272	1036656
11974	6783	6777	7	634	2864348	1035641	2864796	1035192
11975	6783	6778	7	298	2864348	1035641	2864642	1035587
11976	6783	6779	2	470	2864348	1035641	2864275	1036106
11977	6783	6781	2	2200	2864348	1035641	2863625	1037719
11978	6783	6782	2	1926	2864348	1035641	2863681	1037448
11979	6783	6784	2	666	2864348	1035641	2864152	1036278
11980	6783	6786	2	1417	2864348	1035641	2864920	1034344
11981	6784	2700	2	2498	2864152	1036278	2865070	1033954
11982	6784	6190	2	1016	2864152	1036278	2863137	1036331
11983	6784	6195	2	396	2864152	1036278	2864272	1036656
11984	6784	6777	2	1262	2864152	1036278	2864796	1035192
11985	6784	6778	2	847	2864152	1036278	2864642	1035587
11986	6784	6779	2	211	2864152	1036278	2864275	1036106
11987	6784	6780	2	293	2864152	1036278	2863933	1036474
11988	6784	6781	2	1534	2864152	1036278	2863625	1037719
11989	6784	6782	2	1261	2864152	1036278	2863681	1037448
11990	6784	6785	2	1132	2864152	1036278	2864518	1035206
11991	6785	2699	2	2251	2864518	1035206	2865245	1033075
11992	6785	2700	2	1368	2864518	1035206	2865070	1033954
11993	6785	2704	2	2548	2864518	1035206	2865264	1032769
11994	6785	6195	5	1470	2864518	1035206	2864272	1036656
11995	6785	6777	7	278	2864518	1035206	2864796	1035192
11996	6785	6778	7	400	2864518	1035206	2864642	1035587
11997	6785	6779	2	932	2864518	1035206	2864275	1036106
11998	6785	6781	2	2666	2864518	1035206	2863625	1037719
11999	6785	6782	2	2393	2864518	1035206	2863681	1037448
12000	6785	6783	7	467	2864518	1035206	2864348	1035641
12001	6785	6784	2	1132	2864518	1035206	2864152	1036278
12002	6786	2699	2	1309	2864920	1034344	2865245	1033075
12003	6786	2700	2	417	2864920	1034344	2865070	1033954
12004	6786	2702	2	2556	2864920	1034344	2865817	1031950
12005	6786	2703	2	2222	2864920	1034344	2865364	1032166
12006	6786	2705	2	3074	2864920	1034344	2865834	1031408
12007	6786	3327	2	2312	2864920	1034344	2862727	1033609
12008	6786	3328	2	3056	2864920	1034344	2861864	1034387
12009	6786	6195	2	2401	2864920	1034344	2864272	1036656
12010	6786	6777	2	857	2864920	1034344	2864796	1035192
12011	6786	6778	2	1273	2864920	1034344	2864642	1035587
12012	6786	6779	2	1876	2864920	1034344	2864275	1036106
12013	6786	6780	2	2347	2864920	1034344	2863933	1036474
12014	6786	6783	2	1417	2864920	1034344	2864348	1035641
12015	6786	6784	2	2080	2864920	1034344	2864152	1036278
12016	6786	6785	2	951	2864920	1034344	2864518	1035206
12017	6787	1241	2	1420	2862282	1041054	2860864	1041138
12018	6787	2940	2	1956	2862282	1041054	2860330	1041188
12019	6787	6790	2	401	2862282	1041054	2862037	1041372
12020	6787	6791	2	688	2862282	1041054	2861594	1041058
12021	6787	6792	2	361	2862282	1041054	2862426	1041386
12022	6787	6808	2	1972	2862282	1041054	2860353	1041468
12023	6788	3506	2	1800	2862081	1041397	2861638	1043142
12024	6788	3534	2	2067	2862081	1041397	2860939	1043121
12025	6788	6337	2	1621	2862081	1041397	2860514	1041812
12026	6788	6627	2	855	2862081	1041397	2861636	1042128
12027	6788	6789	2	665	2862081	1041397	2861735	1041965
12028	6789	6788	2	665	2861735	1041965	2862081	1041397
12029	6789	6792	2	901	2861735	1041965	2862426	1041386
12030	6789	6813	2	816	2861735	1041965	2862393	1041481
12031	6790	2895	2	2826	2862037	1041372	2859836	1039598
12032	6790	3514	2	2691	2862037	1041372	2860806	1038979
12033	6790	3519	2	1129	2862037	1041372	2861555	1040350
12034	6790	3520	2	998	2862037	1041372	2861347	1040650
12035	6790	3521	2	1346	2862037	1041372	2861353	1040212
12036	6790	3522	2	1237	2862037	1041372	2861148	1040511
12037	6790	3523	2	1681	2862037	1041372	2861054	1040008
12038	6790	3524	2	1598	2862037	1041372	2860849	1040303
12039	6790	3525	2	1945	2862037	1041372	2860562	1040103
12040	6790	3526	2	2149	2862037	1041372	2860394	1039986
12041	6790	3527	2	2377	2862037	1041372	2860206	1039855
12042	6790	3528	2	2434	2862037	1041372	2860405	1039565
12043	6790	3529	2	2401	2862037	1041372	2860311	1039702
12044	6790	3530	2	2918	2862037	1041372	2860627	1038817
12045	6790	3531	2	3130	2862037	1041372	2860457	1038670
12046	6790	3532	2	2880	2862037	1041372	2860033	1039303
12047	6790	5718	2	2017	2862037	1041372	2860762	1039809
12048	6790	5719	2	2250	2862037	1041372	2860562	1039672
12049	6790	5721	2	1973	2862037	1041372	2860661	1039958
12050	6790	6787	2	401	2862037	1041372	2862282	1041054
12051	6790	6791	2	542	2862037	1041372	2861594	1041058
12052	6790	6794	2	600	2862037	1041372	2861639	1040923
12053	6790	6808	2	1686	2862037	1041372	2860353	1041468
12054	6791	1241	2	734	2861594	1041058	2860864	1041138
12055	6791	3510	5	698	2861594	1041058	2860938	1040818
12056	6791	6787	2	688	2861594	1041058	2862282	1041054
12057	6791	6792	2	894	2861594	1041058	2862426	1041386
12058	6791	6793	2	626	2861594	1041058	2862220	1041076
12059	6791	6808	2	1306	2861594	1041058	2860353	1041468
12060	6792	2895	2	3147	2862426	1041386	2859836	1039598
12061	6792	2901	2	2774	2862426	1041386	2859832	1040402
12062	6792	3506	2	1924	2862426	1041386	2861638	1043142
12063	6792	3510	2	1592	2862426	1041386	2860938	1040818
12064	6792	3520	2	1306	2862426	1041386	2861347	1040650
12065	6792	3522	2	1548	2862426	1041386	2861148	1040511
12066	6792	3524	2	1913	2862426	1041386	2860849	1040303
12067	6792	3525	2	2262	2862426	1041386	2860562	1040103
12068	6792	3526	2	2467	2862426	1041386	2860394	1039986
12069	6792	3527	2	2696	2862426	1041386	2860206	1039855
12070	6792	3528	2	2720	2862426	1041386	2860405	1039565
12071	6792	3529	2	2703	2862426	1041386	2860311	1039702
12072	6792	3532	2	3172	2862426	1041386	2860033	1039303
12073	6792	3533	2	1951	2862426	1041386	2860636	1040609
12074	6792	3534	2	2285	2862426	1041386	2860939	1043121
12075	6792	5718	2	2292	2862426	1041386	2860762	1039809
12076	6792	5719	2	2532	2862426	1041386	2860562	1039672
12077	6792	5721	2	2270	2862426	1041386	2860661	1039958
12078	6792	5722	2	2297	2862426	1041386	2860313	1040483
12079	6792	6627	2	1083	2862426	1041386	2861636	1042128
12080	6792	6787	2	361	2862426	1041386	2862282	1041054
12081	6792	6789	2	901	2862426	1041386	2861735	1041965
12082	6792	6791	2	894	2862426	1041386	2861594	1041058
12083	6792	6793	2	372	2862426	1041386	2862220	1041076
12084	6792	6794	2	913	2862426	1041386	2861639	1040923
12085	6792	6866	2	243	2862426	1041386	2862429	1041629
12086	6792	6867	2	423	2862426	1041386	2862351	1041803
12087	6793	1241	2	1357	2862220	1041076	2860864	1041138
12088	6793	2940	2	1893	2862220	1041076	2860330	1041188
12089	6793	6790	2	348	2862220	1041076	2862037	1041372
12090	6793	6791	2	626	2862220	1041076	2861594	1041058
12091	6793	6792	2	372	2862220	1041076	2862426	1041386
12092	6793	6808	2	1907	2862220	1041076	2860353	1041468
12093	6794	1241	2	804	2861639	1040923	2860864	1041138
12094	6794	2893	2	2305	2861639	1040923	2859468	1040148
12095	6794	2895	2	2237	2861639	1040923	2859836	1039598
12096	6794	2900	2	2983	2861639	1040923	2858896	1039750
12097	6794	2901	2	1880	2861639	1040923	2859832	1040402
12098	6794	2940	2	1335	2861639	1040923	2860330	1041188
12099	6794	2942	2	3032	2861639	1040923	2858783	1039905
12100	6794	2945	2	2919	2861639	1040923	2859272	1039214
12101	6794	3510	2	708	2861639	1040923	2860938	1040818
12102	6794	3511	2	2230	2861639	1040923	2861511	1038696
12103	6794	3512	2	2415	2861639	1040923	2861234	1038542
12104	6794	3513	2	2244	2861639	1040923	2861014	1038767
12105	6794	3514	2	2114	2861639	1040923	2860806	1038979
12106	6794	3515	2	1764	2861639	1040923	2861157	1039226
12107	6794	3516	2	1501	2861639	1040923	2861453	1039433
12108	6794	3519	2	579	2861639	1040923	2861555	1040350
12109	6794	3520	2	399	2861639	1040923	2861347	1040650
12110	6794	3521	2	766	2861639	1040923	2861353	1040212
12111	6794	3522	2	640	2861639	1040923	2861148	1040511
12112	6794	3523	2	1086	2861639	1040923	2861054	1040008
12113	6794	3524	2	1004	2861639	1040923	2860849	1040303
12114	6794	3525	2	1353	2861639	1040923	2860562	1040103
12115	6794	3526	2	1558	2861639	1040923	2860394	1039986
12116	6794	3527	2	1787	2861639	1040923	2860206	1039855
12117	6794	3528	2	1834	2861639	1040923	2860405	1039565
12118	6794	3529	2	1804	2861639	1040923	2860311	1039702
12119	6794	3530	2	2336	2861639	1040923	2860627	1038817
12120	6794	3531	2	2544	2861639	1040923	2860457	1038670
12121	6794	3532	2	2281	2861639	1040923	2860033	1039303
12122	6794	3533	2	1051	2861639	1040923	2860636	1040609
12123	6794	3543	2	3159	2861639	1040923	2859907	1038280
12124	6794	3544	2	2951	2861639	1040923	2859478	1038912
12125	6794	3545	2	2928	2861639	1040923	2859370	1039071
12126	6794	3546	2	3118	2861639	1040923	2859108	1039101
12127	6794	5718	2	1417	2861639	1040923	2860762	1039809
12128	6794	5719	2	1650	2861639	1040923	2860562	1039672
12129	6794	5720	2	3141	2861639	1040923	2859321	1038802
12130	6794	5721	2	1373	2861639	1040923	2860661	1039958
12131	6794	5722	2	1397	2861639	1040923	2860313	1040483
12132	6794	6790	2	600	2861639	1040923	2862037	1041372
12133	6794	6808	2	1396	2861639	1040923	2860353	1041468
12134	6795	1242	2	867	2859121	1041700	2859979	1041831
12135	6795	1479	2	1238	2859121	1041700	2859932	1042636
12136	6795	1492	2	768	2859121	1041700	2859882	1041591
12137	6795	1493	7	425	2859121	1041700	2859232	1041289
12138	6795	1495	2	341	2859121	1041700	2859175	1041363
12139	6795	6796	2	742	2859121	1041700	2859805	1041989
12140	6795	6800	2	1257	2859121	1041700	2858285	1040761
12141	6795	6802	2	1943	2859121	1041700	2857593	1040499
12142	6795	6809	2	660	2859121	1041700	2859759	1041869
12143	6795	6810	2	536	2859121	1041700	2858840	1041243
12144	6795	6864	2	348	2859121	1041700	2859437	1041846
12145	6795	7333	7	414	2859121	1041700	2859265	1041311
12146	6796	1242	2	235	2859805	1041989	2859979	1041831
12147	6796	1479	2	659	2859805	1041989	2859932	1042636
12148	6796	1492	2	405	2859805	1041989	2859882	1041591
12149	6796	1493	2	904	2859805	1041989	2859232	1041289
12150	6796	1495	2	888	2859805	1041989	2859175	1041363
12151	6796	2894	2	1330	2859805	1041989	2858868	1041044
12152	6796	2902	2	2480	2859805	1041989	2858099	1040189
12153	6796	2903	2	2438	2859805	1041989	2857924	1040437
12154	6796	2932	2	2105	2859805	1041989	2858412	1040410
12155	6796	2933	2	2067	2859805	1041989	2858251	1040625
12156	6796	2934	2	2080	2859805	1041989	2858026	1040910
12157	6796	2935	2	2123	2859805	1041989	2858463	1040343
12158	6796	2936	2	1309	2859805	1041989	2858660	1041354
12159	6796	2937	2	892	2859805	1041989	2859004	1041595
12160	6796	5711	2	2434	2859805	1041989	2857742	1040696
12161	6796	6210	2	476	2859805	1041989	2860239	1042186
12162	6796	6212	2	1963	2859805	1041989	2859891	1043951
12163	6796	6800	2	1954	2859805	1041989	2858285	1040761
12164	6796	6802	2	2667	2859805	1041989	2857593	1040499
12165	6796	6810	2	1219	2859805	1041989	2858840	1041243
12166	6796	6812	2	492	2859805	1041989	2859964	1042455
12167	6796	7333	2	866	2859805	1041989	2859265	1041311
12168	6797	1471	2	2014	2855757	1038300	2854425	1036789
12169	6797	1472	2	2834	2855757	1038300	2853616	1036442
12170	6797	1473	2	2006	2855757	1038300	2854243	1036983
12171	6797	1475	2	2841	2855757	1038300	2853475	1036607
12172	6797	1476	2	1609	2855757	1038300	2854762	1037035
12173	6797	1477	2	1917	2855757	1038300	2854318	1037032
12174	6797	1478	2	2964	2855757	1038300	2853079	1037029
12175	6797	2902	2	3008	2855757	1038300	2858099	1040189
12176	6797	2947	2	2666	2855757	1038300	2858015	1039718
12177	6797	2948	2	2668	2855757	1038300	2857820	1039993
12178	6797	2949	2	2706	2855757	1038300	2857649	1040235
12179	6797	3538	2	1577	2855757	1038300	2855855	1039874
12180	6797	3553	2	1266	2855757	1038300	2857023	1038273
12181	6797	3554	2	3133	2855757	1038300	2858884	1038494
12182	6797	3557	2	1625	2855757	1038300	2857330	1038711
12183	6797	3563	2	1975	2855757	1038300	2855284	1036382
12184	6797	3568	2	2374	2855757	1038300	2853555	1037411
12185	6797	3575	2	2865	2855757	1038300	2854575	1035690
12186	6797	6219	2	1393	2855757	1038300	2855162	1037040
12187	6797	6328	2	1032	2855757	1038300	2856770	1038498
12188	6797	6329	2	1024	2855757	1038300	2856654	1038794
12189	6797	6330	2	1203	2855757	1038300	2856565	1039192
12190	6797	6332	2	2317	2855757	1038300	2857529	1039794
12191	6797	6333	2	1564	2855757	1038300	2856420	1039717
12192	6797	6532	2	670	2855757	1038300	2855656	1038963
12193	6797	6533	2	1305	2855757	1038300	2856237	1039514
12194	6797	6799	2	1847	2855757	1038300	2857072	1039597
12195	6797	6806	2	2092	2855757	1038300	2857111	1039896
12196	6797	6814	2	1587	2855757	1038300	2857298	1038680
12197	6797	6859	2	1963	2855757	1038300	2856959	1039852
12198	6797	6860	2	2370	2855757	1038300	2858119	1038502
12199	6797	6862	2	1486	2855757	1038300	2857091	1038956
12200	6797	7323	2	1229	2855757	1038300	2855704	1039528
12201	6797	7325	2	1347	2855757	1038300	2854580	1038957
12202	6798	1471	2	2106	2855886	1038307	2854425	1036789
12203	6798	1472	2	2937	2855886	1038307	2853616	1036442
12204	6798	1473	2	2110	2855886	1038307	2854243	1036983
12205	6798	1474	2	2962	2855886	1038307	2853562	1036469
12206	6798	1475	2	2950	2855886	1038307	2853475	1036607
12207	6798	1476	2	1697	2855886	1038307	2854762	1037035
12208	6798	1477	2	2020	2855886	1038307	2854318	1037032
12209	6798	1478	2	3084	2855886	1038307	2853079	1037029
12210	6798	2902	2	2905	2855886	1038307	2858099	1040189
12211	6798	2947	2	2554	2855886	1038307	2858015	1039718
12212	6798	2948	2	2565	2855886	1038307	2857820	1039993
12213	6798	2949	2	2612	2855886	1038307	2857649	1040235
12214	6798	3538	2	1567	2855886	1038307	2855855	1039874
12215	6798	3553	2	1137	2855886	1038307	2857023	1038273
12216	6798	3554	2	3003	2855886	1038307	2858884	1038494
12217	6798	3557	2	1499	2855886	1038307	2857330	1038711
12218	6798	3563	2	2016	2855886	1038307	2855284	1036382
12219	6798	3568	2	2497	2855886	1038307	2853555	1037411
12220	6798	3575	2	2927	2855886	1038307	2854575	1035690
12221	6798	6219	2	1459	2855886	1038307	2855162	1037040
12222	6798	6328	2	904	2855886	1038307	2856770	1038498
12223	6798	6330	2	1115	2855886	1038307	2856565	1039192
12224	6798	6332	2	2215	2855886	1038307	2857529	1039794
12225	6798	6333	2	1507	2855886	1038307	2856420	1039717
12226	6798	6532	2	695	2855886	1038307	2855656	1038963
12227	6798	6533	2	1257	2855886	1038307	2856237	1039514
12228	6798	6806	2	2006	2855886	1038307	2857111	1039896
12229	6798	6814	2	1460	2855886	1038307	2857298	1038680
12230	6798	6859	2	1881	2855886	1038307	2856959	1039852
12231	6798	6860	2	2241	2855886	1038307	2858119	1038502
12232	6798	6862	2	1368	2855886	1038307	2857091	1038956
12233	6798	7323	2	1234	2855886	1038307	2855704	1039528
12234	6798	7325	2	1458	2855886	1038307	2854580	1038957
12235	6799	2891	2	2302	2857072	1039597	2859061	1040756
12236	6799	2892	2	2356	2857072	1039597	2859273	1040439
12237	6799	2893	2	2458	2857072	1039597	2859468	1040148
12238	6799	2895	2	2764	2857072	1039597	2859836	1039598
12239	6799	2900	2	1830	2857072	1039597	2858896	1039750
12240	6799	2902	2	1185	2857072	1039597	2858099	1040189
12241	6799	2932	2	1567	2857072	1039597	2858412	1040410
12242	6799	2935	2	1578	2857072	1039597	2858463	1040343
12243	6799	2941	2	2037	2857072	1039597	2859027	1040172
12244	6799	2942	2	1738	2857072	1039597	2858783	1039905
12245	6799	2943	2	2788	2857072	1039597	2859635	1040696
12246	6799	2947	2	950	2857072	1039597	2858015	1039718
12247	6799	2948	2	846	2857072	1039597	2857820	1039993
12248	6799	2950	2	1639	2857072	1039597	2858625	1040121
12249	6799	2951	2	1946	2857072	1039597	2858767	1040555
12250	6799	2952	2	2744	2857072	1039597	2859427	1041006
12251	6799	3527	2	3144	2857072	1039597	2860206	1039855
12252	6799	3538	2	1248	2857072	1039597	2855855	1039874
12253	6799	3553	2	1324	2857072	1039597	2857023	1038273
12254	6799	3557	2	922	2857072	1039597	2857330	1038711
12255	6799	6219	2	3191	2857072	1039597	2855162	1037040
12256	6799	6328	2	1139	2857072	1039597	2856770	1038498
12257	6799	6329	2	905	2857072	1039597	2856654	1038794
12258	6799	6330	2	648	2857072	1039597	2856565	1039192
12259	6799	6332	2	497	2857072	1039597	2857529	1039794
12260	6799	6333	2	662	2857072	1039597	2856420	1039717
12261	6799	6532	2	1551	2857072	1039597	2855656	1038963
12262	6799	6533	2	839	2857072	1039597	2856237	1039514
12263	6799	6797	2	1847	2857072	1039597	2855757	1038300
12264	6799	6798	2	1752	2857072	1039597	2855886	1038307
12265	6799	6806	2	301	2857072	1039597	2857111	1039896
12266	6799	6814	2	944	2857072	1039597	2857298	1038680
12267	6799	6859	2	278	2857072	1039597	2856959	1039852
12268	6799	6862	2	641	2857072	1039597	2857091	1038956
12269	6799	7323	2	1369	2857072	1039597	2855704	1039528
12270	6799	7325	2	2572	2857072	1039597	2854580	1038957
12271	6800	1242	2	2003	2858285	1040761	2859979	1041831
12272	6800	1479	2	2495	2858285	1040761	2859932	1042636
12273	6800	1493	2	1084	2858285	1040761	2859232	1041289
12274	6800	2891	2	776	2858285	1040761	2859061	1040756
12275	6800	2894	2	648	2858285	1040761	2858868	1041044
12276	6800	2903	2	485	2858285	1040761	2857924	1040437
12277	6800	2932	2	373	2858285	1040761	2858412	1040410
12278	6800	2934	2	298	2858285	1040761	2858026	1040910
12279	6800	2935	2	454	2858285	1040761	2858463	1040343
12280	6800	2936	2	701	2858285	1040761	2858660	1041354
12281	6800	2937	2	1101	2858285	1040761	2859004	1041595
12282	6800	2951	2	524	2858285	1040761	2858767	1040555
12283	6800	5711	2	546	2858285	1040761	2857742	1040696
12284	6800	6210	2	2418	2858285	1040761	2860239	1042186
12285	6800	6213	2	1257	2858285	1040761	2858758	1041926
12286	6800	6339	2	1736	2858285	1040761	2859414	1042080
12287	6800	6795	2	1257	2858285	1040761	2859121	1041700
12288	6800	6796	2	1954	2858285	1040761	2859805	1041989
12289	6800	6802	2	739	2858285	1040761	2857593	1040499
12290	6800	6804	2	1056	2858285	1040761	2857290	1040406
12291	6800	6809	2	1844	2858285	1040761	2859759	1041869
12292	6800	6810	2	735	2858285	1040761	2858840	1041243
12293	6800	6864	2	1582	2858285	1040761	2859437	1041846
12294	6800	7333	2	1123	2858285	1040761	2859265	1041311
12295	6801	2888	2	2474	2856263	1040420	2858139	1042034
12296	6801	2889	2	2534	2856263	1040420	2857879	1042373
12297	6801	2903	2	1661	2856263	1040420	2857924	1040437
12298	6801	2906	2	2922	2856263	1040420	2858423	1042388
12299	6801	2931	2	1705	2856263	1040420	2857485	1041610
12300	6801	2951	2	2507	2856263	1040420	2858767	1040555
12301	6801	6802	2	1332	2856263	1040420	2857593	1040499
12302	6801	6804	2	1027	2856263	1040420	2857290	1040406
12303	6802	1242	2	2732	2857593	1040499	2859979	1041831
12304	6802	1479	2	3168	2857593	1040499	2859932	1042636
12305	6802	1493	2	1819	2857593	1040499	2859232	1041289
12306	6802	1495	2	1802	2857593	1040499	2859175	1041363
12307	6802	2891	2	1490	2857593	1040499	2859061	1040756
12308	6802	2894	2	1386	2857593	1040499	2858868	1041044
12309	6802	2903	2	336	2857593	1040499	2857924	1040437
12310	6802	2932	2	823	2857593	1040499	2858412	1040410
12311	6802	2933	2	669	2857593	1040499	2858251	1040625
12312	6802	2934	2	597	2857593	1040499	2858026	1040910
12313	6802	2936	2	1367	2857593	1040499	2858660	1041354
12314	6802	2937	2	1786	2857593	1040499	2859004	1041595
12315	6802	2951	2	1175	2857593	1040499	2858767	1040555
12316	6802	5711	2	247	2857593	1040499	2857742	1040696
12317	6802	6210	2	3138	2857593	1040499	2860239	1042186
12318	6802	6213	2	1842	2857593	1040499	2858758	1041926
12319	6802	6339	2	2411	2857593	1040499	2859414	1042080
12320	6802	6795	2	1943	2857593	1040499	2859121	1041700
12321	6802	6796	2	2667	2857593	1040499	2859805	1041989
12322	6802	6800	2	739	2857593	1040499	2858285	1040761
12323	6802	6801	2	1332	2857593	1040499	2856263	1040420
12324	6802	6804	2	316	2857593	1040499	2857290	1040406
12325	6802	6805	2	1290	2857593	1040499	2856303	1040464
12326	6802	6809	2	2562	2857593	1040499	2859759	1041869
12327	6802	6810	2	1452	2857593	1040499	2858840	1041243
12328	6802	6812	2	3073	2857593	1040499	2859964	1042455
12329	6802	6864	2	2283	2857593	1040499	2859437	1041846
12330	6802	7333	2	1858	2857593	1040499	2859265	1041311
12331	6803	2903	2	1389	2856535	1040453	2857924	1040437
12332	6803	2951	2	2234	2856535	1040453	2858767	1040555
12333	6803	6802	2	1058	2856535	1040453	2857593	1040499
12334	6803	6804	2	756	2856535	1040453	2857290	1040406
12335	6804	6800	2	1056	2857290	1040406	2858285	1040761
12336	6804	6801	2	1027	2857290	1040406	2856263	1040420
12337	6804	6802	2	316	2857290	1040406	2857593	1040499
12338	6804	6803	2	756	2857290	1040406	2856535	1040453
12339	6805	2888	2	2415	2856303	1040464	2858139	1042034
12340	6805	2889	2	2475	2856303	1040464	2857879	1042373
12341	6805	2903	2	1621	2856303	1040464	2857924	1040437
12342	6805	2906	2	2862	2856303	1040464	2858423	1042388
12343	6805	2931	2	1646	2856303	1040464	2857485	1041610
12344	6805	2951	2	2465	2856303	1040464	2858767	1040555
12345	6805	6213	2	2857	2856303	1040464	2858758	1041926
12346	6805	6802	2	1290	2856303	1040464	2857593	1040499
12347	6805	6803	2	232	2856303	1040464	2856535	1040453
12348	6805	6804	2	988	2856303	1040464	2857290	1040406
12349	6806	2891	2	2131	2857111	1039896	2859061	1040756
12350	6806	2893	2	2370	2857111	1039896	2859468	1040148
12351	6806	2895	2	2741	2857111	1039896	2859836	1039598
12352	6806	2898	2	1437	2857111	1039896	2858517	1039595
12353	6806	2900	2	1790	2857111	1039896	2858896	1039750
12354	6806	2902	2	1030	2857111	1039896	2858099	1040189
12355	6806	2932	2	1398	2857111	1039896	2858412	1040410
12356	6806	2935	2	1423	2857111	1039896	2858463	1040343
12357	6806	2941	2	1935	2857111	1039896	2859027	1040172
12358	6806	2942	2	1672	2857111	1039896	2858783	1039905
12359	6806	2947	2	921	2857111	1039896	2858015	1039718
12360	6806	2948	2	715	2857111	1039896	2857820	1039993
12361	6806	2949	2	635	2857111	1039896	2857649	1040235
12362	6806	2950	2	1530	2857111	1039896	2858625	1040121
12363	6806	2951	2	1782	2857111	1039896	2858767	1040555
12364	6806	3527	2	3095	2857111	1039896	2860206	1039855
12365	6806	3532	2	2981	2857111	1039896	2860033	1039303
12366	6806	3538	2	1256	2857111	1039896	2855855	1039874
12367	6806	3553	2	1625	2857111	1039896	2857023	1038273
12368	6806	3557	2	1205	2857111	1039896	2857330	1038711
12369	6806	6328	2	1438	2857111	1039896	2856770	1038498
12370	6806	6329	2	1193	2857111	1039896	2856654	1038794
12371	6806	6330	2	890	2857111	1039896	2856565	1039192
12372	6806	6332	2	430	2857111	1039896	2857529	1039794
12373	6806	6333	2	713	2857111	1039896	2856420	1039717
12374	6806	6532	2	1728	2857111	1039896	2855656	1038963
12375	6806	6533	2	953	2857111	1039896	2856237	1039514
12376	6806	6798	2	2006	2857111	1039896	2855886	1038307
12377	6806	6799	2	301	2857111	1039896	2857072	1039597
12378	6806	6814	2	1230	2857111	1039896	2857298	1038680
12379	6806	6862	2	940	2857111	1039896	2857091	1038956
12380	6806	7323	2	1454	2857111	1039896	2855704	1039528
12381	6806	7325	2	2699	2857111	1039896	2854580	1038957
12382	6808	3517	2	2300	2860353	1041468	2861747	1039638
12383	6808	3518	2	2323	2860353	1041468	2861949	1039780
12384	6808	3519	2	1641	2860353	1041468	2861555	1040350
12385	6808	3520	2	1287	2860353	1041468	2861347	1040650
12386	6808	3521	2	1605	2860353	1041468	2861353	1040212
12387	6808	3522	2	1244	2860353	1041468	2861148	1040511
12388	6808	6331	2	2393	2860353	1041468	2862218	1039967
12389	6808	6787	2	1972	2860353	1041468	2862282	1041054
12390	6808	6790	2	1686	2860353	1041468	2862037	1041372
12391	6808	6791	2	1306	2860353	1041468	2861594	1041058
12392	6808	6793	2	1907	2860353	1041468	2862220	1041076
12393	6808	6794	2	1396	2860353	1041468	2861639	1040923
12394	6808	6811	2	244	2860353	1041468	2860567	1041586
12395	6809	1242	2	223	2859759	1041869	2859979	1041831
12396	6809	1479	2	786	2859759	1041869	2859932	1042636
12397	6809	1492	2	303	2859759	1041869	2859882	1041591
12398	6809	1493	2	783	2859759	1041869	2859232	1041289
12399	6809	1495	2	772	2859759	1041869	2859175	1041363
12400	6809	2894	2	1214	2859759	1041869	2858868	1041044
12401	6809	2902	2	2361	2859759	1041869	2858099	1040189
12402	6809	2903	2	2327	2859759	1041869	2857924	1040437
12403	6809	2932	2	1985	2859759	1041869	2858412	1040410
12404	6809	2933	2	1954	2859759	1041869	2858251	1040625
12405	6809	2934	2	1980	2859759	1041869	2858026	1040910
12406	6809	2935	2	2002	2859759	1041869	2858463	1040343
12407	6809	2936	2	1213	2859759	1041869	2858660	1041354
12408	6809	2937	2	803	2859759	1041869	2859004	1041595
12409	6809	5711	2	2333	2859759	1041869	2857742	1040696
12410	6809	6210	2	575	2859759	1041869	2860239	1042186
12411	6809	6795	2	660	2859759	1041869	2859121	1041700
12412	6809	6800	2	1844	2859759	1041869	2858285	1040761
12413	6809	6802	2	2562	2859759	1041869	2857593	1040499
12414	6809	6810	2	1111	2859759	1041869	2858840	1041243
12415	6809	6812	2	620	2859759	1041869	2859964	1042455
12416	6809	6864	2	322	2859759	1041869	2859437	1041846
12417	6809	7333	2	745	2859759	1041869	2859265	1041311
12418	6810	1242	2	1281	2858840	1041243	2859979	1041831
12419	6810	1479	2	1770	2858840	1041243	2859932	1042636
12420	6810	1493	2	394	2858840	1041243	2859232	1041289
12421	6810	1495	2	355	2858840	1041243	2859175	1041363
12422	6810	2891	2	534	2858840	1041243	2859061	1040756
12423	6810	2894	2	200	2858840	1041243	2858868	1041044
12424	6810	2903	2	1220	2858840	1041243	2857924	1040437
12425	6810	2908	2	2119	2858840	1041243	2859800	1043133
12426	6810	2932	2	936	2858840	1041243	2858412	1040410
12427	6810	2933	2	853	2858840	1041243	2858251	1040625
12428	6810	2934	2	879	2858840	1041243	2858026	1040910
12429	6810	2935	2	975	2858840	1041243	2858463	1040343
12430	6810	2936	2	211	2858840	1041243	2858660	1041354
12431	6810	2937	2	388	2858840	1041243	2859004	1041595
12432	6810	2947	2	1733	2858840	1041243	2858015	1039718
12433	6810	2951	2	691	2858840	1041243	2858767	1040555
12434	6810	3530	2	3013	2858840	1041243	2860627	1038817
12435	6810	3557	2	2948	2858840	1041243	2857330	1038711
12436	6810	5711	2	1226	2858840	1041243	2857742	1040696
12437	6810	6210	2	1687	2858840	1041243	2860239	1042186
12438	6810	6213	2	687	2858840	1041243	2858758	1041926
12439	6810	6338	2	1989	2858840	1041243	2859740	1043017
12440	6810	6339	2	1014	2858840	1041243	2859414	1042080
12441	6810	6795	2	536	2858840	1041243	2859121	1041700
12442	6810	6796	2	1219	2858840	1041243	2859805	1041989
12443	6810	6800	2	735	2858840	1041243	2858285	1040761
12444	6810	6809	2	1111	2858840	1041243	2859759	1041869
12445	6810	6814	2	2991	2858840	1041243	2857298	1038680
12446	6810	6864	2	848	2858840	1041243	2859437	1041846
12447	6810	7333	2	430	2858840	1041243	2859265	1041311
12448	6811	6808	2	244	2860567	1041586	2860353	1041468
12449	6812	1242	2	624	2859964	1042455	2859979	1041831
12450	6812	2938	7	1530	2859964	1042455	2859964	1040925
12451	6812	6210	7	384	2859964	1042455	2860239	1042186
12452	6812	6339	7	665	2859964	1042455	2859414	1042080
12453	6812	6796	2	492	2859964	1042455	2859805	1041989
12454	6812	6802	2	3073	2859964	1042455	2857593	1040499
12455	6812	6809	2	620	2859964	1042455	2859759	1041869
12456	6813	3505	2	2494	2862393	1041481	2862380	1043975
12457	6813	3506	2	1824	2862393	1041481	2861638	1043142
12458	6813	3534	2	2191	2862393	1041481	2860939	1043121
12459	6813	6627	2	995	2862393	1041481	2861636	1042128
12460	6813	6789	2	816	2862393	1041481	2861735	1041965
12461	6813	6867	2	324	2862393	1041481	2862351	1041803
12462	6814	6797	2	1587	2857298	1038680	2855757	1038300
12463	6814	6798	2	1460	2857298	1038680	2855886	1038307
12464	6814	6799	2	944	2857298	1038680	2857072	1039597
12465	6814	6806	2	1230	2857298	1038680	2857111	1039896
12466	6814	6810	2	2991	2857298	1038680	2858840	1041243
12467	6815	1480	2	710	2855567	1040236	2854859	1040296
12468	6815	2944	2	2067	2855567	1040236	2853508	1040425
12469	6815	3542	2	446	2855567	1040236	2855123	1040284
12470	6815	6215	2	2413	2855567	1040236	2853526	1038947
12471	6815	7324	2	2115	2855567	1040236	2853517	1039713
12472	6831	4144	5	1569	2748944	1007284	2747375	1007247
12473	6834	3326	5	2896	2864692	1029226	2862759	1031383
12474	6835	2701	2	1577	2866828	1029236	2866222	1030692
12475	6835	2702	2	2896	2866828	1029236	2865817	1031950
12476	6835	2705	2	2388	2866828	1029236	2865834	1031408
12477	6836	2702	2	2915	2866883	1029236	2865817	1031950
12478	6836	2705	2	2412	2866883	1029236	2865834	1031408
12479	6837	2707	2	1836	2868282	1029250	2867261	1027723
12480	6837	2711	2	1916	2868282	1029250	2867208	1027663
12481	6841	2315	2	1678	2885333	1019014	2883672	1018775
12482	6841	2322	2	2333	2885333	1019014	2883326	1017824
12483	6841	2324	2	2852	2885333	1019014	2883019	1017346
12484	6841	2326	2	2508	2885333	1019014	2883198	1017698
12485	6841	6842	2	1576	2885333	1019014	2883757	1018984
12486	6841	6843	2	1522	2885333	1019014	2883811	1018985
12487	6842	2316	2	976	2883757	1018984	2883227	1018164
12488	6842	2320	2	2963	2883757	1018984	2881502	1017061
12489	6842	2322	2	1237	2883757	1018984	2883326	1017824
12490	6842	2324	2	1796	2883757	1018984	2883019	1017346
12491	6842	2325	2	2112	2883757	1018984	2882955	1017030
12492	6842	2326	2	1402	2883757	1018984	2883198	1017698
12493	6842	2327	2	1476	2883757	1018984	2882829	1017835
12494	6842	2330	2	2170	2883757	1018984	2882686	1017096
12495	6842	2331	2	1844	2883757	1018984	2882889	1017356
12496	6842	3445	2	2285	2883757	1018984	2885897	1018181
12497	6842	3446	2	1794	2883757	1018984	2885341	1018141
12498	6842	6287	2	2630	2883757	1018984	2881437	1017744
12499	6842	6288	2	988	2883757	1018984	2884305	1018161
12500	6842	6841	2	1576	2883757	1018984	2885333	1019014
12501	6843	2315	2	251	2883811	1018985	2883672	1018775
12502	6843	2316	2	1007	2883811	1018985	2883227	1018164
12503	6843	2320	2	3005	2883811	1018985	2881502	1017061
12504	6843	2322	2	1258	2883811	1018985	2883326	1017824
12505	6843	2324	2	1820	2883811	1018985	2883019	1017346
12506	6843	2325	2	2134	2883811	1018985	2882955	1017030
12507	6843	2326	2	1425	2883811	1018985	2883198	1017698
12508	6843	2327	2	1512	2883811	1018985	2882829	1017835
12509	6843	2330	2	2198	2883811	1018985	2882686	1017096
12510	6843	2331	2	1871	2883811	1018985	2882889	1017356
12511	6843	3445	2	2235	2883811	1018985	2885897	1018181
12512	6843	3446	2	1747	2883811	1018985	2885341	1018141
12513	6843	6287	2	2678	2883811	1018985	2881437	1017744
12514	6843	6288	2	960	2883811	1018985	2884305	1018161
12515	6843	6841	2	1522	2883811	1018985	2885333	1019014
12516	6844	2332	5	201	2882305	1018957	2882228	1018771
12517	6846	5973	5	1244	2829489	1067104	2829496	1068348
12518	6846	6242	5	3153	2829489	1067104	2830723	1070006
12519	6847	4694	5	1226	2829523	1065689	2828297	1065669
12520	6848	1592	2	2897	2829642	1060859	2827424	1058995
12521	6848	1596	2	2770	2829642	1060859	2827496	1059106
12522	6849	1591	2	1522	2829645	1060503	2828522	1059475
12523	6849	1592	2	2684	2829645	1060503	2827424	1058995
12524	6849	1593	2	239	2829645	1060503	2829476	1060333
12525	6849	1595	2	1469	2829645	1060503	2828341	1059826
12526	6849	1596	2	2563	2829645	1060503	2827496	1059106
12527	6849	6360	2	1501	2829645	1060503	2828192	1060125
12528	6850	1591	2	1484	2829646	1060444	2828522	1059475
12529	6850	1592	2	2652	2829646	1060444	2827424	1058995
12530	6850	1593	2	203	2829646	1060444	2829476	1060333
12531	6850	1594	2	300	2829646	1060444	2829370	1060324
12532	6850	1595	2	1443	2829646	1060444	2828341	1059826
12533	6850	1596	2	2532	2829646	1060444	2827496	1059106
12534	6850	6359	2	1551	2829646	1060444	2828101	1060586
12535	6850	6360	2	1488	2829646	1060444	2828192	1060125
12536	6851	1594	2	1895	2829666	1058452	2829370	1060324
12537	6854	1299	2	1240	2829754	1049865	2830994	1049852
12538	6855	1887	2	1696	2829819	1043459	2831509	1043604
12539	6855	5902	2	1483	2829819	1043459	2828337	1043392
12540	6855	5903	2	2258	2829819	1043459	2828470	1045270
12541	6855	6445	2	1825	2829819	1043459	2829733	1045282
12542	6855	6447	2	2442	2829819	1043459	2829741	1045900
12543	6855	6449	2	2872	2829819	1043459	2830063	1046321
12544	6856	1887	2	2538	2829837	1041694	2831509	1043604
12545	6857	1481	2	1000	2854735	1040532	2853735	1040545
12546	6857	1484	2	2996	2854735	1040532	2851745	1040735
12547	6857	3564	2	1270	2854735	1040532	2853503	1040844
12548	6857	3569	2	1688	2854735	1040532	2853493	1041676
12549	6857	3570	2	2147	2854735	1040532	2853485	1042278
12550	6857	7311	2	3160	2854735	1040532	2852083	1042252
12551	6858	1481	2	905	2854638	1040482	2853735	1040545
12552	6858	1484	2	2904	2854638	1040482	2851745	1040735
12553	6858	1486	2	2516	2854638	1040482	2852139	1040780
12554	6858	1488	2	902	2854638	1040482	2853743	1040595
12555	6859	6333	7	555	2856959	1039852	2856420	1039717
12556	6859	6532	5	1577	2856959	1039852	2855656	1038963
12557	6859	6797	2	1963	2856959	1039852	2855757	1038300
12558	6859	6798	2	1881	2856959	1039852	2855886	1038307
12559	6859	6799	2	278	2856959	1039852	2857072	1039597
12560	6859	6862	7	905	2856959	1039852	2857091	1038956
12561	6860	3531	5	2344	2858119	1038502	2860457	1038670
12562	6860	3549	5	1553	2858119	1038502	2859612	1038072
12563	6860	3558	5	1881	2858119	1038502	2858034	1036622
12564	6860	3561	5	1596	2858119	1038502	2856668	1037837
12565	6860	6797	2	2370	2858119	1038502	2855757	1038300
12566	6860	6798	2	2241	2858119	1038502	2855886	1038307
12567	6861	2765	7	1315	2792434	1034264	2792967	1033061
12568	6862	1495	2	3183	2857091	1038956	2859175	1041363
12569	6862	6330	7	576	2857091	1038956	2856565	1039192
12570	6862	6532	5	1435	2857091	1038956	2855656	1038963
12571	6862	6797	2	1486	2857091	1038956	2855757	1038300
12572	6862	6798	2	1368	2857091	1038956	2855886	1038307
12573	6862	6799	2	641	2857091	1038956	2857072	1039597
12574	6862	6806	2	940	2857091	1038956	2857111	1039896
12575	6862	6859	7	905	2857091	1038956	2856959	1039852
12576	6864	1242	2	542	2859437	1041846	2859979	1041831
12577	6864	1492	2	512	2859437	1041846	2859882	1041591
12578	6864	1493	2	593	2859437	1041846	2859232	1041289
12579	6864	1495	2	549	2859437	1041846	2859175	1041363
12580	6864	2894	2	983	2859437	1041846	2858868	1041044
12581	6864	2902	2	2129	2859437	1041846	2858099	1040189
12582	6864	2903	2	2067	2859437	1041846	2857924	1040437
12583	6864	2932	2	1764	2859437	1041846	2858412	1040410
12584	6864	2933	2	1702	2859437	1041846	2858251	1040625
12585	6864	2934	2	1693	2859437	1041846	2858026	1040910
12586	6864	2935	2	1791	2859437	1041846	2858463	1040343
12587	6864	2936	2	919	2859437	1041846	2858660	1041354
12588	6864	2937	2	500	2859437	1041846	2859004	1041595
12589	6864	2951	2	1454	2859437	1041846	2858767	1040555
12590	6864	5711	2	2048	2859437	1041846	2857742	1040696
12591	6864	6210	2	871	2859437	1041846	2860239	1042186
12592	6864	6339	2	235	2859437	1041846	2859414	1042080
12593	6864	6795	2	348	2859437	1041846	2859121	1041700
12594	6864	6796	2	394	2859437	1041846	2859805	1041989
12595	6864	6800	2	1582	2859437	1041846	2858285	1040761
12596	6864	6802	2	2283	2859437	1041846	2857593	1040499
12597	6864	6809	2	322	2859437	1041846	2859759	1041869
12598	6864	7333	2	561	2859437	1041846	2859265	1041311
12599	6865	1494	2	284	2860100	1043750	2860039	1044028
12600	6865	1522	2	594	2860100	1043750	2860232	1044330
12601	6865	1523	2	287	2860100	1043750	2860111	1043463
12602	6865	3535	2	645	2860100	1043750	2860260	1043125
12603	6865	3536	2	595	2860100	1043750	2860324	1044302
12604	6865	6212	2	289	2860100	1043750	2859891	1043951
12605	6866	6792	2	243	2862429	1041629	2862426	1041386
12606	6867	6792	2	423	2862351	1041803	2862426	1041386
12607	6867	6813	2	324	2862351	1041803	2862393	1041481
12608	6868	1496	2	493	2864050	1042072	2864280	1042509
12609	6868	1497	2	539	2864050	1042072	2863526	1041945
12610	6868	1498	2	502	2864050	1042072	2864254	1042531
12611	6868	1499	2	580	2864050	1042072	2863470	1042088
12612	6868	1500	2	2524	2864050	1042072	2866354	1041040
12613	6868	1501	2	1486	2864050	1042072	2865378	1041403
12614	6868	1503	2	1993	2864050	1042072	2865633	1040860
12615	6868	3497	2	916	2864050	1042072	2864944	1041870
12616	6868	3503	2	838	2864050	1042072	2863921	1042901
12617	6868	3504	2	2025	2864050	1042072	2863429	1044000
12618	6868	4831	2	2958	2864050	1042072	2863830	1045022
12619	6868	6869	2	234	2864050	1042072	2863877	1042230
12620	6869	1496	2	490	2863877	1042230	2864280	1042509
12621	6869	1497	2	452	2863877	1042230	2863526	1041945
12622	6869	1498	2	482	2863877	1042230	2864254	1042531
12623	6869	1500	2	2748	2863877	1042230	2866354	1041040
12624	6869	1501	2	1713	2863877	1042230	2865378	1041403
12625	6869	1502	2	2785	2863877	1042230	2866372	1040991
12626	6869	1503	2	2227	2863877	1042230	2865633	1040860
12627	6869	3497	2	1126	2863877	1042230	2864944	1041870
12628	6869	3503	2	672	2863877	1042230	2863921	1042901
12629	6869	6868	2	234	2863877	1042230	2864050	1042072
12630	6870	1468	2	381	2851915	1035405	2851640	1035140
12631	6870	1469	2	1316	2851915	1035405	2851092	1034378
12632	6870	1471	2	2866	2851915	1035405	2854425	1036789
12633	6870	1472	2	1992	2851915	1035405	2853616	1036442
12634	6870	1473	2	2812	2851915	1035405	2854243	1036983
12635	6870	1474	2	1960	2851915	1035405	2853562	1036469
12636	6870	1475	2	1969	2851915	1035405	2853475	1036607
12637	6870	1477	2	2901	2851915	1035405	2854318	1037032
12638	6870	1478	2	1998	2851915	1035405	2853079	1037029
12639	6870	3568	2	2591	2851915	1035405	2853555	1037411
12640	6870	3575	2	2675	2851915	1035405	2854575	1035690
12641	6870	6220	2	1016	2851915	1035405	2852075	1034401
12642	6872	1350	2	3029	2835421	1087086	2834564	1089992
12643	6872	1352	2	3027	2835421	1087086	2834612	1090003
12644	6872	6874	2	1388	2835421	1087086	2834945	1088390
12645	6872	6875	2	1137	2835421	1087086	2835183	1085974
12646	6872	6876	2	1408	2835421	1087086	2835156	1085703
12647	6873	1346	2	2664	2835020	1088129	2837503	1087163
12648	6873	1350	2	1917	2835020	1088129	2834564	1089992
12649	6873	1565	2	2798	2835020	1088129	2834234	1090815
12650	6873	1566	2	3040	2835020	1088129	2834080	1091021
12651	6873	5181	2	2284	2835020	1088129	2837083	1087148
12652	6873	5187	2	1671	2835020	1088129	2836353	1087120
12653	6873	6666	2	1346	2835020	1088129	2835696	1089294
12654	6873	6872	2	1117	2835020	1088129	2835421	1087086
12655	6873	6874	2	271	2835020	1088129	2834945	1088390
12656	6874	1346	2	2837	2834945	1088390	2837503	1087163
12657	6874	1350	2	1646	2834945	1088390	2834564	1089992
12658	6874	1352	2	1647	2834945	1088390	2834612	1090003
12659	6874	1353	2	3072	2834945	1088390	2834569	1091439
12660	6874	1565	2	2527	2834945	1088390	2834234	1090815
12661	6874	1566	2	2769	2834945	1088390	2834080	1091021
12662	6874	5181	2	2472	2834945	1088390	2837083	1087148
12663	6874	5187	2	1896	2834945	1088390	2836353	1087120
12664	6874	6872	2	1388	2834945	1088390	2835421	1087086
12665	6874	6873	2	271	2834945	1088390	2835020	1088129
12666	6875	1346	2	2606	2835183	1085974	2837503	1087163
12667	6875	5181	2	2233	2835183	1085974	2837083	1087148
12668	6875	5187	2	1637	2835183	1085974	2836353	1087120
12669	6875	6876	2	272	2835183	1085974	2835156	1085703
12670	6876	1346	2	2764	2835156	1085703	2837503	1087163
12671	6876	5181	2	2408	2835156	1085703	2837083	1087148
12672	6876	5187	2	1854	2835156	1085703	2836353	1087120
12673	6876	6872	2	1408	2835156	1085703	2835421	1087086
12674	6876	6875	2	272	2835156	1085703	2835183	1085974
12675	6878	1235	5	697	2872723	1042872	2872781	1042177
12676	6879	1506	2	1863	2873009	1039930	2874314	1041260
12677	6879	3485	5	2991	2873009	1039930	2875713	1038650
12678	6879	3488	5	650	2873009	1039930	2873143	1039293
12679	6880	5848	5	1123	2875890	1013911	2876209	1012834
12680	6880	6767	2	1981	2875890	1013911	2877459	1015122
12681	6880	7172	2	1453	2875890	1013911	2874819	1012929
12682	6880	7175	2	413	2875890	1013911	2875951	1013502
12683	6880	7176	2	352	2875890	1013911	2875910	1013559
12684	6880	7177	2	1985	2875890	1013911	2877521	1015043
12685	6882	1734	2	3030	2812024	1051476	2809005	1051734
12686	6882	4511	5	2084	2812024	1051476	2814088	1051771
12687	6882	5930	5	2784	2812024	1051476	2809533	1052720
12688	6882	5933	5	2208	2812024	1051476	2809971	1052290
12689	6882	6891	5	950	2812024	1051476	2811750	1050566
12690	6882	6892	5	1218	2812024	1051476	2811601	1050333
12691	6883	4510	5	2704	2812914	1052403	2815570	1052913
12692	6883	4511	5	1333	2812914	1052403	2814088	1051771
12693	6883	5932	5	2952	2812914	1052403	2810814	1054479
12694	6883	5933	5	2945	2812914	1052403	2809971	1052290
12695	6883	6891	5	2174	2812914	1052403	2811750	1050566
12696	6883	6892	5	2451	2812914	1052403	2811601	1050333
12697	6883	6896	7	853	2812914	1052403	2812520	1051646
12698	6884	4510	5	2669	2812958	1052361	2815570	1052913
12699	6884	4511	5	1274	2812958	1052361	2814088	1051771
12700	6884	5932	5	3013	2812958	1052361	2810814	1054479
12701	6884	5933	5	2987	2812958	1052361	2809971	1052290
12702	6884	6891	5	2163	2812958	1052361	2811750	1050566
12703	6884	6892	5	2440	2812958	1052361	2811601	1050333
12704	6885	4510	5	2481	2813227	1052096	2815570	1052913
12705	6885	4511	5	920	2813227	1052096	2814088	1051771
12706	6885	6891	5	2126	2813227	1052096	2811750	1050566
12707	6885	6892	5	2398	2813227	1052096	2811601	1050333
12708	6886	4510	5	2874	2812926	1051784	2815570	1052913
12709	6886	4511	5	1162	2812926	1051784	2814088	1051771
12710	6886	5933	5	2998	2812926	1051784	2809971	1052290
12711	6886	6891	5	1693	2812926	1051784	2811750	1050566
12712	6886	6892	5	1964	2812926	1051784	2811601	1050333
12713	6887	4511	5	1848	2812338	1051175	2814088	1051771
12714	6887	5933	5	2616	2812338	1051175	2809971	1052290
12715	6887	6891	5	846	2812338	1051175	2811750	1050566
12716	6887	6892	5	1118	2812338	1051175	2811601	1050333
12717	6888	4511	5	1658	2812489	1051331	2814088	1051771
12718	6888	5933	5	2694	2812489	1051331	2809971	1052290
12719	6888	6891	5	1063	2812489	1051331	2811750	1050566
12720	6888	6892	5	1335	2812489	1051331	2811601	1050333
12721	6889	4510	5	2885	2812909	1051797	2815570	1052913
12722	6889	4511	5	1179	2812909	1051797	2814088	1051771
12723	6889	5933	5	2979	2812909	1051797	2809971	1052290
12724	6889	6891	5	1690	2812909	1051797	2811750	1050566
12725	6889	6892	5	1963	2812909	1051797	2811601	1050333
12726	6890	1734	2	2586	2811442	1050866	2809005	1051734
12727	6890	4511	5	2796	2811442	1050866	2814088	1051771
12728	6890	5933	5	2047	2811442	1050866	2809971	1052290
12729	6891	1253	5	2813	2811750	1050566	2814061	1048961
12730	6891	1734	2	2983	2811750	1050566	2809005	1051734
12731	6891	2916	5	1175	2811750	1050566	2812654	1049814
12732	6891	2917	5	1629	2811750	1050566	2812144	1048985
12733	6891	2918	5	2185	2811750	1050566	2811772	1048381
12734	6891	2923	5	2690	2811750	1050566	2812473	1047974
12735	6891	2925	5	1628	2811750	1050566	2811228	1049023
12736	6891	3729	5	2979	2811750	1050566	2814679	1050022
12737	6891	3730	5	2876	2811750	1050566	2814496	1049708
12738	6891	3733	5	2796	2811750	1050566	2814490	1051127
12739	6891	3734	5	2298	2811750	1050566	2813842	1051517
12740	6891	3735	5	2188	2811750	1050566	2813936	1050465
12741	6891	3736	5	1504	2811750	1050566	2813219	1050892
12742	6891	3737	5	1928	2811750	1050566	2813305	1049425
12743	6891	3739	5	1874	2811750	1050566	2813517	1051192
12744	6891	3740	5	1320	2811750	1050566	2813060	1050734
12745	6891	3741	5	1182	2811750	1050566	2812932	1050605
12746	6891	3742	5	922	2811750	1050566	2812636	1050308
12747	6891	4511	5	2630	2811750	1050566	2814088	1051771
12748	6891	6383	5	3166	2811750	1050566	2813439	1047888
12749	6891	6413	5	1419	2811750	1050566	2811043	1049335
12750	6891	6624	5	2760	2811750	1050566	2811962	1047814
12751	6891	6882	5	950	2811750	1050566	2812024	1051476
12752	6891	6883	5	2174	2811750	1050566	2812914	1052403
12753	6891	6884	5	2163	2811750	1050566	2812958	1052361
12754	6891	6885	5	2126	2811750	1050566	2813227	1052096
12755	6891	6886	5	1693	2811750	1050566	2812926	1051784
12756	6891	6887	5	846	2811750	1050566	2812338	1051175
12757	6891	6888	5	1063	2811750	1050566	2812489	1051331
12758	6891	6889	5	1690	2811750	1050566	2812909	1051797
12759	6891	6894	5	2486	2811750	1050566	2814228	1050775
12760	6891	6895	5	3152	2811750	1050566	2814897	1050383
12761	6891	6896	5	1326	2811750	1050566	2812520	1051646
12762	6891	6897	5	1285	2811750	1050566	2812627	1051506
12763	6891	6898	5	531	2811750	1050566	2811961	1051054
12764	6891	6899	5	1285	2811750	1050566	2812643	1051491
12765	6891	6902	5	862	2811750	1050566	2811955	1051404
12766	6891	6903	5	562	2811750	1050566	2811233	1050345
12767	6891	6906	5	1312	2811750	1050566	2812862	1051264
12768	6891	6908	5	897	2811750	1050566	2812551	1050970
12769	6891	6909	5	1910	2811750	1050566	2813493	1049784
12770	6891	6910	5	2810	2811750	1050566	2814266	1049314
12771	6891	6993	5	1942	2811750	1050566	2812747	1052233
12772	6891	7391	5	1928	2811750	1050566	2810908	1048831
12773	6892	1734	2	2949	2811601	1050333	2809005	1051734
12774	6892	3733	5	2996	2811601	1050333	2814490	1051127
12775	6892	3734	5	2534	2811601	1050333	2813842	1051517
12776	6892	3735	5	2338	2811601	1050333	2813936	1050465
12777	6892	3736	5	1711	2811601	1050333	2813219	1050892
12778	6892	3739	5	2099	2811601	1050333	2813517	1051192
12779	6892	3740	5	1513	2811601	1050333	2813060	1050734
12780	6892	3741	5	1358	2811601	1050333	2812932	1050605
12781	6892	4511	5	2872	2811601	1050333	2814088	1051771
12782	6892	6882	5	1218	2811601	1050333	2812024	1051476
12783	6892	6883	5	2451	2811601	1050333	2812914	1052403
12784	6892	6884	5	2440	2811601	1050333	2812958	1052361
12785	6892	6885	5	2398	2811601	1050333	2813227	1052096
12786	6892	6886	5	1964	2811601	1050333	2812926	1051784
12787	6892	6887	5	1118	2811601	1050333	2812338	1051175
12788	6892	6888	5	1335	2811601	1050333	2812489	1051331
12789	6892	6889	5	1963	2811601	1050333	2812909	1051797
12790	6892	6894	5	2663	2811601	1050333	2814228	1050775
12791	6892	6896	5	1602	2811601	1050333	2812520	1051646
12792	6892	6897	5	1558	2811601	1050333	2812627	1051506
12793	6892	6898	5	805	2811601	1050333	2811961	1051054
12794	6892	6899	5	1557	2811601	1050333	2812643	1051491
12795	6892	6900	5	679	2811601	1050333	2812032	1050858
12796	6892	6902	5	1127	2811601	1050333	2811955	1051404
12797	6892	6906	5	1567	2811601	1050333	2812862	1051264
12798	6892	6908	5	1143	2811601	1050333	2812551	1050970
12799	6892	6993	5	2218	2811601	1050333	2812747	1052233
12800	6893	3735	5	3027	2810912	1050311	2813936	1050465
12801	6893	5938	5	846	2810912	1050311	2810066	1050321
12802	6894	4510	5	2524	2814228	1050775	2815570	1052913
12803	6894	4511	5	1005	2814228	1050775	2814088	1051771
12804	6894	6891	5	2486	2814228	1050775	2811750	1050566
12805	6894	6892	5	2663	2814228	1050775	2811601	1050333
12806	6895	4512	5	754	2814897	1050383	2815288	1051028
12807	6895	6891	5	3152	2814897	1050383	2811750	1050566
12808	6896	4511	5	1572	2812520	1051646	2814088	1051771
12809	6896	5930	5	3174	2812520	1051646	2809533	1052720
12810	6896	5933	5	2629	2812520	1051646	2809971	1052290
12811	6896	6883	7	853	2812520	1051646	2812914	1052403
12812	6896	6891	5	1326	2812520	1051646	2811750	1050566
12813	6896	6892	5	1602	2812520	1051646	2811601	1050333
12814	6896	6993	7	629	2812520	1051646	2812747	1052233
12815	6897	4511	5	1484	2812627	1051506	2814088	1051771
12816	6897	5933	5	2769	2812627	1051506	2809971	1052290
12817	6897	6891	5	1285	2812627	1051506	2811750	1050566
12818	6897	6892	5	1558	2812627	1051506	2811601	1050333
12819	6898	1734	2	3033	2811961	1051054	2809005	1051734
12820	6898	4511	5	2244	2811961	1051054	2814088	1051771
12821	6898	5930	5	2944	2811961	1051054	2809533	1052720
12822	6898	5933	5	2342	2811961	1051054	2809971	1052290
12823	6898	6891	5	531	2811961	1051054	2811750	1050566
12824	6898	6892	5	805	2811961	1051054	2811601	1050333
12825	6898	6900	7	208	2811961	1051054	2812032	1050858
12826	6899	4511	5	1471	2812643	1051491	2814088	1051771
12827	6899	5933	5	2788	2812643	1051491	2809971	1052290
12828	6899	6891	5	1285	2812643	1051491	2811750	1050566
12829	6899	6892	5	1557	2812643	1051491	2811601	1050333
12830	6900	1734	2	3151	2812032	1050858	2809005	1051734
12831	6900	4511	5	2249	2812032	1050858	2814088	1051771
12832	6900	5930	5	3116	2812032	1050858	2809533	1052720
12833	6900	5933	5	2509	2812032	1050858	2809971	1052290
12834	6900	6892	5	679	2812032	1050858	2811601	1050333
12835	6900	6898	7	208	2812032	1050858	2811961	1051054
12836	6902	1734	2	2968	2811955	1051404	2809005	1051734
12837	6902	4511	5	2164	2811955	1051404	2814088	1051771
12838	6902	5930	5	2756	2811955	1051404	2809533	1052720
12839	6902	5933	5	2172	2811955	1051404	2809971	1052290
12840	6902	6891	5	862	2811955	1051404	2811750	1050566
12841	6902	6892	5	1127	2811955	1051404	2811601	1050333
12842	6903	4511	5	3191	2811233	1050345	2814088	1051771
12843	6903	5933	5	2318	2811233	1050345	2809971	1052290
12844	6903	6891	5	562	2811233	1050345	2811750	1050566
12845	6903	6904	7	513	2811233	1050345	2811406	1050828
12846	6904	1734	2	2566	2811406	1050828	2809005	1051734
12847	6904	4511	5	2842	2811406	1050828	2814088	1051771
12848	6904	5933	5	2048	2811406	1050828	2809971	1052290
12849	6904	6903	7	513	2811406	1050828	2811233	1050345
12850	6906	4510	5	3170	2812862	1051264	2815570	1052913
12851	6906	4511	5	1326	2812862	1051264	2814088	1051771
12852	6906	5933	5	3067	2812862	1051264	2809971	1052290
12853	6906	6891	5	1312	2812862	1051264	2811750	1050566
12854	6906	6892	5	1567	2812862	1051264	2811601	1050333
12855	6907	1661	2	2655	2811561	1048037	2812961	1045781
12856	6907	6405	5	2110	2811561	1048037	2812889	1046397
12857	6907	6422	5	1976	2811561	1048037	2809585	1048037
12858	6907	7392	2	2576	2811561	1048037	2813629	1046500
12859	6908	4511	5	1733	2812551	1050970	2814088	1051771
12860	6908	5933	5	2898	2812551	1050970	2809971	1052290
12861	6908	6891	5	897	2812551	1050970	2811750	1050566
12862	6908	6892	5	1143	2812551	1050970	2811601	1050333
12863	6909	4511	5	2074	2813493	1049784	2814088	1051771
12864	6909	4512	5	2183	2813493	1049784	2815288	1051028
12865	6909	6891	5	1910	2813493	1049784	2811750	1050566
12866	6910	4512	5	1995	2814266	1049314	2815288	1051028
12867	6910	6891	5	2810	2814266	1049314	2811750	1050566
12868	6911	2919	5	2432	2815333	1048704	2816684	1046681
12869	6911	6375	5	2953	2815333	1048704	2815541	1045758
12870	6911	6377	5	2299	2815333	1048704	2815532	1046413
12871	6912	2206	2	2790	2817096	1006947	2819809	1007601
12872	6912	2207	2	2715	2817096	1006947	2819808	1007087
12873	6912	6924	2	3190	2817096	1006947	2819865	1005363
12874	6913	2206	2	1979	2817939	1006953	2819809	1007601
12875	6913	2207	2	1873	2817939	1006953	2819808	1007087
12876	6913	6924	2	2497	2817939	1006953	2819865	1005363
12877	6915	2222	2	2969	2822333	1006993	2825154	1007919
12878	6916	2206	2	1036	2819664	1006575	2819809	1007601
12879	6916	2207	2	531	2819664	1006575	2819808	1007087
12880	6916	6924	2	1228	2819664	1006575	2819865	1005363
12881	6917	2206	2	1698	2819666	1005909	2819809	1007601
12882	6917	2207	2	1186	2819666	1005909	2819808	1007087
12883	6917	6002	5	2550	2819666	1005909	2817116	1005859
12884	6917	6916	5	666	2819666	1005909	2819664	1006575
12885	6917	6920	2	2899	2819666	1005909	2819837	1003015
12886	6917	6924	2	581	2819666	1005909	2819865	1005363
12887	6919	2207	2	2827	2819680	1004262	2819808	1007087
12888	6919	3870	5	3020	2819680	1004262	2817151	1002611
12889	6919	6001	5	2025	2819680	1004262	2818488	1002625
12890	6919	6002	5	3020	2819680	1004262	2817116	1005859
12891	6919	6917	5	1647	2819680	1004262	2819666	1005909
12892	6920	3870	2	2716	2819837	1003015	2817151	1002611
12893	6920	6001	2	1404	2819837	1003015	2818488	1002625
12894	6920	6917	2	2899	2819837	1003015	2819666	1005909
12895	6920	6919	2	1256	2819837	1003015	2819680	1004262
12896	6921	2849	2	1997	2819886	1003127	2820057	1001137
12897	6921	2852	2	2816	2819886	1003127	2820993	1000537
12898	6921	2853	2	2050	2819886	1003127	2820129	1001091
12899	6924	2206	2	2238	2819865	1005363	2819809	1007601
12900	6924	2207	2	1724	2819865	1005363	2819808	1007087
12901	6924	6002	2	2793	2819865	1005363	2817116	1005859
12902	6924	6912	2	3190	2819865	1005363	2817096	1006947
12903	6924	6913	2	2497	2819865	1005363	2817939	1006953
12904	6924	6916	2	1228	2819865	1005363	2819664	1006575
12905	6924	6917	2	581	2819865	1005363	2819666	1005909
12906	6925	2216	5	1898	2820437	1007471	2822330	1007613
12907	6926	2215	2	2763	2822746	1007840	2819983	1007855
12908	6926	2217	2	1185	2822746	1007840	2821561	1007826
12909	6926	2220	2	1226	2822746	1007840	2821520	1007875
12910	6926	2221	2	389	2822746	1007840	2823132	1007895
12911	6926	2222	2	2409	2822746	1007840	2825154	1007919
12912	6926	2223	2	2156	2822746	1007840	2824902	1007866
12913	6926	6685	2	2822	2822746	1007840	2819924	1007805
12914	6927	2210	2	536	2819276	1008088	2819807	1008013
12915	6927	2211	2	833	2819276	1008088	2819800	1008736
12916	6930	2215	2	2761	2822744	1007890	2819983	1007855
12917	6930	2217	2	1184	2822744	1007890	2821561	1007826
12918	6930	2218	2	385	2822744	1007890	2823127	1007845
12919	6930	2221	2	388	2822744	1007890	2823132	1007895
12920	6930	2222	2	2410	2822744	1007890	2825154	1007919
12921	6930	2223	2	2158	2822744	1007890	2824902	1007866
12922	6930	6685	2	2821	2822744	1007890	2819924	1007805
12923	6934	1298	2	3044	2837617	1062445	2834849	1063712
12924	6935	1578	2	1165	2838756	1062008	2837591	1061993
12925	6935	1579	2	2697	2838756	1062008	2836059	1061965
12926	6935	1580	2	956	2838756	1062008	2837800	1062048
12927	6935	1581	2	2577	2838756	1062008	2836179	1062017
12928	6935	6936	2	257	2838756	1062008	2838503	1062054
12929	6935	6937	2	1623	2838756	1062008	2840378	1062085
12930	6935	6939	2	1196	2838756	1062008	2839950	1062081
12931	6935	6941	2	1390	2838756	1062008	2840146	1062029
12932	6935	6944	2	2571	2838756	1062008	2841327	1062062
12933	6935	6945	2	1562	2838756	1062008	2840318	1062033
12934	6935	6946	2	561	2838756	1062008	2839315	1062065
12935	6935	6948	2	2334	2838756	1062008	2841088	1062105
12936	6936	1578	2	914	2838503	1062054	2837591	1061993
12937	6936	1579	2	2445	2838503	1062054	2836059	1061965
12938	6936	1581	2	2324	2838503	1062054	2836179	1062017
12939	6936	6935	2	257	2838503	1062054	2838756	1062008
12940	6936	6937	2	1875	2838503	1062054	2840378	1062085
12941	6936	6939	2	1447	2838503	1062054	2839950	1062081
12942	6936	6941	2	1643	2838503	1062054	2840146	1062029
12943	6936	6942	2	706	2838503	1062054	2839208	1062014
12944	6936	6944	2	2824	2838503	1062054	2841327	1062062
12945	6936	6945	2	1815	2838503	1062054	2840318	1062033
12946	6936	6946	2	812	2838503	1062054	2839315	1062065
12947	6937	1578	2	2788	2840378	1062085	2837591	1061993
12948	6937	1580	2	2578	2840378	1062085	2837800	1062048
12949	6937	4691	2	2114	2840378	1062085	2838929	1060545
12950	6937	6935	2	1623	2840378	1062085	2838756	1062008
12951	6937	6936	2	1875	2840378	1062085	2838503	1062054
12952	6937	6941	2	238	2840378	1062085	2840146	1062029
12953	6937	6942	2	1172	2840378	1062085	2839208	1062014
12954	6937	6944	2	949	2840378	1062085	2841327	1062062
12955	6937	6946	2	1063	2840378	1062085	2839315	1062065
12956	6937	6948	2	710	2840378	1062085	2841088	1062105
12957	6937	6950	2	3033	2840378	1062085	2843410	1062171
12958	6937	6954	2	1700	2840378	1062085	2842078	1062085
12959	6939	1578	2	2360	2839950	1062081	2837591	1061993
12960	6939	1580	2	2150	2839950	1062081	2837800	1062048
12961	6939	6935	2	1196	2839950	1062081	2838756	1062008
12962	6939	6936	2	1447	2839950	1062081	2838503	1062054
12963	6939	6937	2	428	2839950	1062081	2840378	1062085
12964	6939	6941	2	202	2839950	1062081	2840146	1062029
12965	6939	6942	2	745	2839950	1062081	2839208	1062014
12966	6939	6944	2	1377	2839950	1062081	2841327	1062062
12967	6939	6945	2	371	2839950	1062081	2840318	1062033
12968	6939	6954	2	2128	2839950	1062081	2842078	1062085
12969	6941	1578	2	2555	2840146	1062029	2837591	1061993
12970	6941	1580	2	2346	2840146	1062029	2837800	1062048
12971	6941	6935	2	1390	2840146	1062029	2838756	1062008
12972	6941	6936	2	1643	2840146	1062029	2838503	1062054
12973	6941	6937	2	238	2840146	1062029	2840378	1062085
12974	6941	6939	2	202	2840146	1062029	2839950	1062081
12975	6941	6942	2	938	2840146	1062029	2839208	1062014
12976	6941	6944	2	1181	2840146	1062029	2841327	1062062
12977	6941	6946	2	831	2840146	1062029	2839315	1062065
12978	6941	6948	2	945	2840146	1062029	2841088	1062105
12979	6941	6954	2	1932	2840146	1062029	2842078	1062085
12980	6942	1578	2	1617	2839208	1062014	2837591	1061993
12981	6942	1579	2	3149	2839208	1062014	2836059	1061965
12982	6942	1580	2	1408	2839208	1062014	2837800	1062048
12983	6942	1581	2	3029	2839208	1062014	2836179	1062017
12984	6942	6935	2	452	2839208	1062014	2838756	1062008
12985	6942	6936	2	706	2839208	1062014	2838503	1062054
12986	6942	6937	2	1172	2839208	1062014	2840378	1062085
12987	6942	6939	2	745	2839208	1062014	2839950	1062081
12988	6942	6944	2	2119	2839208	1062014	2841327	1062062
12989	6942	6945	2	1110	2839208	1062014	2840318	1062033
12990	6942	6948	2	1882	2839208	1062014	2841088	1062105
12991	6942	6954	2	2870	2839208	1062014	2842078	1062085
12992	6944	6935	2	2571	2841327	1062062	2838756	1062008
12993	6944	6936	2	2824	2841327	1062062	2838503	1062054
12994	6944	6937	2	949	2841327	1062062	2840378	1062085
12995	6944	6939	2	1377	2841327	1062062	2839950	1062081
12996	6944	6941	2	1181	2841327	1062062	2840146	1062029
12997	6944	6942	2	2119	2841327	1062062	2839208	1062014
12998	6944	6945	2	1009	2841327	1062062	2840318	1062033
12999	6944	6946	2	2012	2841327	1062062	2839315	1062065
13000	6944	6948	2	242	2841327	1062062	2841088	1062105
13001	6944	6950	2	2085	2841327	1062062	2843410	1062171
13002	6944	6953	2	2507	2841327	1062062	2843834	1062131
13003	6945	1578	2	2727	2840318	1062033	2837591	1061993
13004	6945	1580	2	2518	2840318	1062033	2837800	1062048
13005	6945	6935	2	1562	2840318	1062033	2838756	1062008
13006	6945	6936	2	1815	2840318	1062033	2838503	1062054
13007	6945	6939	2	371	2840318	1062033	2839950	1062081
13008	6945	6942	2	1110	2840318	1062033	2839208	1062014
13009	6945	6946	2	1003	2840318	1062033	2839315	1062065
13010	6945	6948	2	773	2840318	1062033	2841088	1062105
13011	6945	6950	2	3095	2840318	1062033	2843410	1062171
13012	6945	6954	2	1760	2840318	1062033	2842078	1062085
13013	6946	1578	2	1725	2839315	1062065	2837591	1061993
13014	6946	1580	2	1515	2839315	1062065	2837800	1062048
13015	6946	1581	2	3136	2839315	1062065	2836179	1062017
13016	6946	6935	2	561	2839315	1062065	2838756	1062008
13017	6946	6937	2	1063	2839315	1062065	2840378	1062085
13018	6946	6939	2	635	2839315	1062065	2839950	1062081
13019	6946	6941	2	831	2839315	1062065	2840146	1062029
13020	6946	6944	2	2012	2839315	1062065	2841327	1062062
13021	6946	6945	2	1003	2839315	1062065	2840318	1062033
13022	6946	6948	2	1773	2839315	1062065	2841088	1062105
13023	6946	6954	2	2763	2839315	1062065	2842078	1062085
13024	6947	1578	2	2705	2840106	1062991	2837591	1061993
13025	6948	6935	2	2334	2841088	1062105	2838756	1062008
13026	6948	6941	2	945	2841088	1062105	2840146	1062029
13027	6948	6942	2	1882	2841088	1062105	2839208	1062014
13028	6948	6944	2	242	2841088	1062105	2841327	1062062
13029	6948	6945	2	773	2841088	1062105	2840318	1062033
13030	6948	6946	2	1773	2841088	1062105	2839315	1062065
13031	6948	6950	2	2322	2841088	1062105	2843410	1062171
13032	6948	6953	2	2746	2841088	1062105	2843834	1062131
13033	6948	6954	2	990	2841088	1062105	2842078	1062085
13034	6948	6990	2	1723	2841088	1062105	2842742	1061622
13035	6950	6937	2	3033	2843410	1062171	2840378	1062085
13036	6950	6944	2	2085	2843410	1062171	2841327	1062062
13037	6950	6945	2	3095	2843410	1062171	2840318	1062033
13038	6950	6952	2	1227	2843410	1062171	2844637	1062200
13039	6950	6953	2	425	2843410	1062171	2843834	1062131
13040	6950	6954	2	1334	2843410	1062171	2842078	1062085
13041	6950	6955	2	2019	2843410	1062171	2845412	1061907
13042	6950	6957	2	3021	2843410	1062171	2846430	1062260
13043	6952	6953	2	805	2844637	1062200	2843834	1062131
13044	6952	6954	2	2561	2844637	1062200	2842078	1062085
13045	6952	6957	2	1794	2844637	1062200	2846430	1062260
13046	6952	6958	2	2880	2844637	1062200	2847517	1062141
13047	6953	6944	2	2507	2843834	1062131	2841327	1062062
13048	6953	6948	2	2746	2843834	1062131	2841088	1062105
13049	6953	6950	2	425	2843834	1062131	2843410	1062171
13050	6953	6952	2	805	2843834	1062131	2844637	1062200
13051	6953	6954	2	1756	2843834	1062131	2842078	1062085
13052	6953	6957	2	2599	2843834	1062131	2846430	1062260
13053	6954	6937	2	1700	2842078	1062085	2840378	1062085
13054	6954	6939	2	2128	2842078	1062085	2839950	1062081
13055	6954	6941	2	1932	2842078	1062085	2840146	1062029
13056	6954	6942	2	2870	2842078	1062085	2839208	1062014
13057	6954	6944	2	751	2842078	1062085	2841327	1062062
13058	6954	6945	2	1760	2842078	1062085	2840318	1062033
13059	6954	6946	2	2763	2842078	1062085	2839315	1062065
13060	6954	6948	2	990	2842078	1062085	2841088	1062105
13061	6954	6950	2	1334	2842078	1062085	2843410	1062171
13062	6954	6952	2	2561	2842078	1062085	2844637	1062200
13063	6955	6950	2	2019	2845412	1061907	2843410	1062171
13064	6957	4786	2	1893	2846430	1062260	2848002	1063316
13065	6957	4802	2	2185	2846430	1062260	2847992	1063788
13066	6957	6950	2	3021	2846430	1062260	2843410	1062171
13067	6957	6953	2	2599	2846430	1062260	2843834	1062131
13068	6957	6958	2	1093	2846430	1062260	2847517	1062141
13069	6957	6959	2	2990	2846430	1062260	2849402	1061932
13070	6958	4797	2	2443	2847517	1062141	2845381	1063327
13071	6958	6952	2	2880	2847517	1062141	2844637	1062200
13072	6958	6957	2	1093	2847517	1062141	2846430	1062260
13073	6958	6961	2	3161	2847517	1062141	2850652	1061729
13074	6958	6962	2	3125	2847517	1062141	2850642	1062103
13075	6958	6963	2	2526	2847517	1062141	2850038	1061968
13076	6959	6957	2	2990	2849402	1061932	2846430	1062260
13077	6959	6958	2	1896	2849402	1061932	2847517	1062141
13078	6959	6963	2	637	2849402	1061932	2850038	1061968
13079	6960	4772	2	1755	2851983	1061827	2850679	1060651
13080	6960	6959	2	2583	2851983	1061827	2849402	1061932
13081	6960	6961	2	1334	2851983	1061827	2850652	1061729
13082	6960	6964	2	418	2851983	1061827	2851582	1061947
13083	6960	6967	2	2982	2851983	1061827	2854913	1061268
13084	6961	6958	2	3161	2850652	1061729	2847517	1062141
13085	6961	6959	2	1266	2850652	1061729	2849402	1061932
13086	6962	6958	2	3125	2850642	1062103	2847517	1062141
13087	6963	6958	2	2526	2850038	1061968	2847517	1062141
13088	6963	6959	2	637	2850038	1061968	2849402	1061932
13089	6963	6964	2	1544	2850038	1061968	2851582	1061947
13090	6964	6960	2	418	2851582	1061947	2851983	1061827
13091	6964	6966	2	3187	2851582	1061947	2854688	1061232
13092	6965	2363	2	2498	2856760	1061294	2859122	1062110
13093	6965	2365	2	2645	2856760	1061294	2859242	1062211
13094	6965	6966	2	2072	2856760	1061294	2854688	1061232
13095	6965	6969	2	351	2856760	1061294	2857111	1061312
13096	6966	4774	2	2439	2854688	1061232	2855859	1063372
13097	6966	6960	2	2769	2854688	1061232	2851983	1061827
13098	6966	6964	2	3187	2854688	1061232	2851582	1061947
13099	6966	6965	2	2072	2854688	1061232	2856760	1061294
13100	6966	6967	2	227	2854688	1061232	2854913	1061268
13101	6967	6960	2	2982	2854913	1061268	2851983	1061827
13102	6967	6965	2	1847	2854913	1061268	2856760	1061294
13103	6967	6966	2	227	2854913	1061268	2854688	1061232
13104	6967	6969	2	2198	2854913	1061268	2857111	1061312
13105	6968	6969	2	1222	2855895	1061437	2857111	1061312
13106	6969	2365	2	2312	2857111	1061312	2859242	1062211
13107	6969	2368	2	3146	2857111	1061312	2860116	1062244
13108	6969	2369	2	2948	2857111	1061312	2859877	1062332
13109	6969	2370	2	3021	2857111	1061312	2859932	1062394
13110	6969	4774	2	2410	2857111	1061312	2855859	1063372
13111	6969	6965	2	351	2857111	1061312	2856760	1061294
13112	6969	6966	2	2424	2857111	1061312	2854688	1061232
13113	6969	6967	2	2198	2857111	1061312	2854913	1061268
13114	6969	6968	2	1222	2857111	1061312	2855895	1061437
13115	6971	6232	2	1985	2868180	1062906	2866195	1062863
13116	6971	6239	2	2445	2868180	1062906	2869827	1064714
13117	6971	6973	2	2623	2868180	1062906	2870803	1062883
13118	6971	6978	2	1180	2868180	1062906	2869360	1062911
13119	6971	6979	2	837	2868180	1062906	2869017	1062891
13120	6971	6982	2	1395	2868180	1062906	2869446	1063492
13121	6971	6983	2	1552	2868180	1062906	2869489	1063740
13122	6971	6987	2	1153	2868180	1062906	2869309	1063144
13123	6971	6988	2	1029	2868180	1062906	2869204	1063014
13124	6971	6989	2	1754	2868180	1062906	2869578	1063966
13125	6972	4901	2	1328	2868098	1062855	2868551	1061606
13126	6972	4923	2	2253	2868098	1062855	2869988	1061627
13127	6972	6232	2	1903	2868098	1062855	2866195	1062863
13128	6972	6976	2	1181	2868098	1062855	2869279	1062829
13129	6972	6980	2	1065	2868098	1062855	2868739	1062004
13130	6972	6981	2	1011	2868098	1062855	2868914	1062258
13131	6972	6985	2	984	2868098	1062855	2869072	1062709
13132	6972	6986	2	1034	2868098	1062855	2869120	1062695
13133	6973	4924	2	1450	2870803	1062883	2871508	1061615
13134	6973	4926	2	2884	2870803	1062883	2871513	1060087
13135	6973	6239	2	2074	2870803	1062883	2869827	1064714
13136	6973	6971	2	2623	2870803	1062883	2868180	1062906
13137	6973	6974	2	611	2870803	1062883	2870192	1062877
13138	6973	6978	2	1443	2870803	1062883	2869360	1062911
13139	6973	6979	2	1786	2870803	1062883	2869017	1062891
13140	6973	6982	2	1487	2870803	1062883	2869446	1063492
13141	6973	6983	2	1568	2870803	1062883	2869489	1063740
13142	6973	6987	2	1516	2870803	1062883	2869309	1063144
13143	6973	6988	2	1604	2870803	1062883	2869204	1063014
13144	6973	6989	2	1635	2870803	1062883	2869578	1063966
13145	6974	4925	2	1305	2870192	1062877	2871497	1062890
13146	6974	6239	2	1872	2870192	1062877	2869827	1064714
13147	6974	6977	2	406	2870192	1062877	2869788	1062923
13148	6974	6978	2	832	2870192	1062877	2869360	1062911
13149	6974	6982	2	966	2870192	1062877	2869446	1063492
13150	6974	6983	2	1113	2870192	1062877	2869489	1063740
13151	6974	6987	2	922	2870192	1062877	2869309	1063144
13152	6974	6989	2	1250	2870192	1062877	2869578	1063966
13153	6975	4901	2	1285	2868971	1062821	2868551	1061606
13154	6975	6232	2	2776	2868971	1062821	2866195	1062863
13155	6975	6972	2	873	2868971	1062821	2868098	1062855
13156	6975	6977	2	823	2868971	1062821	2869788	1062923
13157	6975	6978	2	399	2868971	1062821	2869360	1062911
13158	6975	6980	2	849	2868971	1062821	2868739	1062004
13159	6975	6981	2	565	2868971	1062821	2868914	1062258
13160	6975	6984	2	686	2868971	1062821	2868810	1062154
13161	6976	6232	2	3084	2869279	1062829	2866195	1062863
13162	6976	6972	2	1181	2869279	1062829	2868098	1062855
13163	6976	6975	2	308	2869279	1062829	2868971	1062821
13164	6976	6977	2	517	2869279	1062829	2869788	1062923
13165	6976	6979	2	269	2869279	1062829	2869017	1062891
13166	6977	4925	2	1709	2869788	1062923	2871497	1062890
13167	6977	6239	2	1791	2869788	1062923	2869827	1064714
13168	6977	6973	2	1015	2869788	1062923	2870803	1062883
13169	6977	6974	2	406	2869788	1062923	2870192	1062877
13170	6977	6975	2	823	2869788	1062923	2868971	1062821
13171	6977	6976	2	517	2869788	1062923	2869279	1062829
13172	6977	6979	2	771	2869788	1062923	2869017	1062891
13173	6978	4925	2	2137	2869360	1062911	2871497	1062890
13174	6978	6232	2	3165	2869360	1062911	2866195	1062863
13175	6978	6971	2	1180	2869360	1062911	2868180	1062906
13176	6978	6973	2	1443	2869360	1062911	2870803	1062883
13177	6978	6974	2	832	2869360	1062911	2870192	1062877
13178	6978	6975	2	399	2869360	1062911	2868971	1062821
13179	6978	6977	2	428	2869360	1062911	2869788	1062923
13180	6978	6980	2	1099	2869360	1062911	2868739	1062004
13181	6978	6981	2	790	2869360	1062911	2868914	1062258
13182	6978	6984	2	935	2869360	1062911	2868810	1062154
13183	6979	4925	2	2480	2869017	1062891	2871497	1062890
13184	6979	6973	2	1786	2869017	1062891	2870803	1062883
13185	6979	6976	2	269	2869017	1062891	2869279	1062829
13186	6979	6977	2	771	2869017	1062891	2869788	1062923
13187	6979	6978	2	343	2869017	1062891	2869360	1062911
13188	6980	6972	2	1065	2868739	1062004	2868098	1062855
13189	6980	6975	2	849	2868739	1062004	2868971	1062821
13190	6980	6978	2	1099	2868739	1062004	2869360	1062911
13191	6980	6985	5	779	2868739	1062004	2869072	1062709
13192	6980	6986	5	789	2868739	1062004	2869120	1062695
13193	6981	6972	2	1011	2868914	1062258	2868098	1062855
13194	6981	6975	2	565	2868914	1062258	2868971	1062821
13195	6981	6978	2	790	2868914	1062258	2869360	1062911
13196	6981	6980	5	308	2868914	1062258	2868739	1062004
13197	6981	6985	5	477	2868914	1062258	2869072	1062709
13198	6982	6239	5	1280	2869446	1063492	2869827	1064714
13199	6982	6971	2	1395	2869446	1063492	2868180	1062906
13200	6982	6973	2	1487	2869446	1063492	2870803	1062883
13201	6982	6974	2	966	2869446	1063492	2870192	1062877
13202	6982	6983	5	251	2869446	1063492	2869489	1063740
13203	6982	6987	5	373	2869446	1063492	2869309	1063144
13204	6982	6988	5	535	2869446	1063492	2869204	1063014
13205	6983	6239	5	1030	2869489	1063740	2869827	1064714
13206	6983	6973	2	1568	2869489	1063740	2870803	1062883
13207	6983	6974	2	1113	2869489	1063740	2870192	1062877
13208	6983	6982	5	251	2869489	1063740	2869446	1063492
13209	6983	6987	5	622	2869489	1063740	2869309	1063144
13210	6983	6989	5	242	2869489	1063740	2869578	1063966
13211	6984	6972	2	999	2868810	1062154	2868098	1062855
13212	6984	6975	2	686	2868810	1062154	2868971	1062821
13213	6984	6978	2	935	2868810	1062154	2869360	1062911
13214	6984	6985	5	613	2868810	1062154	2869072	1062709
13215	6984	6986	5	623	2868810	1062154	2869120	1062695
13216	6985	6972	2	984	2869072	1062709	2868098	1062855
13217	6985	6980	5	779	2869072	1062709	2868739	1062004
13218	6985	6981	5	477	2869072	1062709	2868914	1062258
13219	6986	6972	2	1034	2869120	1062695	2868098	1062855
13220	6986	6980	5	789	2869120	1062695	2868739	1062004
13221	6986	6981	5	483	2869120	1062695	2868914	1062258
13222	6986	6984	5	623	2869120	1062695	2868810	1062154
13223	6987	6239	5	1653	2869309	1063144	2869827	1064714
13224	6987	6971	2	1153	2869309	1063144	2868180	1062906
13225	6987	6973	2	1516	2869309	1063144	2870803	1062883
13226	6987	6974	2	922	2869309	1063144	2870192	1062877
13227	6987	6983	5	622	2869309	1063144	2869489	1063740
13228	6987	6989	5	864	2869309	1063144	2869578	1063966
13229	6988	6239	5	1810	2869204	1063014	2869827	1064714
13230	6988	6971	2	1029	2869204	1063014	2868180	1062906
13231	6988	6973	2	1604	2869204	1063014	2870803	1062883
13232	6988	6982	5	535	2869204	1063014	2869446	1063492
13233	6988	6983	5	779	2869204	1063014	2869489	1063740
13234	6988	6989	5	1022	2869204	1063014	2869578	1063966
13235	6989	6971	2	1754	2869578	1063966	2868180	1062906
13236	6989	6973	2	1635	2869578	1063966	2870803	1062883
13237	6989	6974	2	1250	2869578	1063966	2870192	1062877
13238	6989	6982	5	492	2869578	1063966	2869446	1063492
13239	6989	6987	5	864	2869578	1063966	2869309	1063144
13240	6989	6988	5	1022	2869578	1063966	2869204	1063014
13241	6990	6948	2	1723	2842742	1061622	2841088	1062105
13242	6993	4510	5	2903	2812747	1052233	2815570	1052913
13243	6993	4511	5	1418	2812747	1052233	2814088	1051771
13244	6993	5932	5	2963	2812747	1052233	2810814	1054479
13245	6993	5933	5	2776	2812747	1052233	2809971	1052290
13246	6993	6883	7	238	2812747	1052233	2812914	1052403
13247	6993	6891	5	1942	2812747	1052233	2811750	1050566
13248	6993	6892	5	2218	2812747	1052233	2811601	1050333
13249	6993	6896	7	629	2812747	1052233	2812520	1051646
13250	6996	1550	2	1396	2834248	1110177	2834267	1108781
13251	6997	1556	2	2664	2833593	1104159	2834161	1101556
13252	6997	6733	2	777	2833593	1104159	2834086	1103558
13253	6999	1556	2	2069	2833607	1103550	2834161	1101556
13254	6999	6733	2	479	2833607	1103550	2834086	1103558
13255	7000	1556	2	2518	2833952	1104066	2834161	1101556
13256	7000	6997	5	370	2833952	1104066	2833593	1104159
13257	7001	1356	2	1328	2834191	1102602	2834153	1103930
13258	7003	7028	2	3011	2782286	1047661	2779808	1045950
13259	7003	7030	2	2581	2782286	1047661	2779801	1046961
13260	7003	7049	2	916	2782286	1047661	2783062	1048149
13261	7003	7057	5	2709	2782286	1047661	2784845	1048552
13262	7004	4123	5	756	2768557	1046536	2768885	1045854
13263	7006	2006	2	2528	2767948	1047134	2765420	1047073
13264	7006	2857	2	344	2767948	1047134	2767607	1047083
13265	7006	7007	2	1801	2767948	1047134	2769749	1047147
13266	7006	7008	2	1958	2767948	1047134	2769906	1047098
13267	7007	2857	2	2142	2769749	1047147	2767607	1047083
13268	7007	7012	2	2947	2769749	1047147	2772696	1047120
13269	7007	7013	2	2616	2769749	1047147	2772365	1047170
13270	7008	2857	2	2299	2769906	1047098	2767607	1047083
13271	7008	7006	2	1958	2769906	1047098	2767948	1047134
13272	7008	7013	2	2460	2769906	1047098	2772365	1047170
13273	7009	4371	5	1972	2768149	1047464	2767545	1049342
13274	7009	6540	5	896	2768149	1047464	2769008	1047207
13275	7010	4122	5	1445	2768385	1046446	2768987	1045132
13276	7011	1534	7	1741	2771446	1046886	2773186	1046823
13277	7011	1895	7	2412	2771446	1046886	2773856	1046775
13278	7011	6113	7	1835	2771446	1046886	2770650	1045232
13279	7012	7007	2	2947	2772696	1047120	2769749	1047147
13280	7012	7008	2	2790	2772696	1047120	2769906	1047098
13281	7012	7013	2	334	2772696	1047120	2772365	1047170
13282	7012	7023	2	1412	2772696	1047120	2774107	1047179
13283	7013	7008	2	2460	2772365	1047170	2769906	1047098
13284	7013	7012	2	334	2772365	1047170	2772696	1047120
13285	7013	7022	2	2331	2772365	1047170	2774696	1047122
13286	7013	7023	2	1742	2772365	1047170	2774107	1047179
13287	7019	7020	2	1581	2774607	1047702	2776188	1047722
13288	7019	7021	2	1063	2774607	1047702	2775636	1047432
13289	7019	7022	2	586	2774607	1047702	2774696	1047122
13290	7020	1551	2	516	2776188	1047722	2776110	1047211
13291	7020	1895	2	2516	2776188	1047722	2773856	1046775
13292	7020	3591	2	2240	2776188	1047722	2778428	1047722
13293	7020	6489	2	1456	2776188	1047722	2777581	1048148
13294	7020	7021	2	623	2776188	1047722	2775636	1047432
13295	7020	7022	2	1608	2776188	1047722	2774696	1047122
13296	7020	7024	2	1462	2776188	1047722	2777648	1047806
13297	7020	7025	2	2328	2776188	1047722	2778515	1047806
13298	7020	7043	2	2334	2776188	1047722	2778514	1047926
13299	7020	7044	2	2740	2776188	1047722	2778907	1048067
13300	7020	7045	2	1817	2776188	1047722	2777983	1048009
13301	7021	1895	2	1897	2775636	1047432	2773856	1046775
13302	7021	3591	2	2807	2775636	1047432	2778428	1047722
13303	7021	6137	2	2486	2775636	1047432	2777283	1049295
13304	7021	6489	2	2072	2775636	1047432	2777581	1048148
13305	7021	7019	2	1063	2775636	1047432	2774607	1047702
13306	7021	7020	2	623	2775636	1047432	2776188	1047722
13307	7021	7022	2	989	2775636	1047432	2774696	1047122
13308	7021	7023	2	1549	2775636	1047432	2774107	1047179
13309	7021	7024	2	2046	2775636	1047432	2777648	1047806
13310	7021	7025	2	2903	2775636	1047432	2778515	1047806
13311	7021	7045	2	2416	2775636	1047432	2777983	1048009
13312	7022	1551	2	1416	2774696	1047122	2776110	1047211
13313	7022	6136	2	3146	2774696	1047122	2771600	1047686
13314	7022	6489	2	3062	2774696	1047122	2777581	1048148
13315	7022	7012	2	2000	2774696	1047122	2772696	1047120
13316	7022	7013	2	2331	2774696	1047122	2772365	1047170
13317	7022	7019	2	586	2774696	1047122	2774607	1047702
13318	7022	7020	2	1608	2774696	1047122	2776188	1047722
13319	7022	7023	2	591	2774696	1047122	2774107	1047179
13320	7022	7024	2	3030	2774696	1047122	2777648	1047806
13321	7023	1551	2	2003	2774107	1047179	2776110	1047211
13322	7023	7012	2	1412	2774107	1047179	2772696	1047120
13323	7023	7019	2	723	2774107	1047179	2774607	1047702
13324	7023	7020	2	2150	2774107	1047179	2776188	1047722
13325	7023	7021	2	1549	2774107	1047179	2775636	1047432
13326	7023	7022	2	591	2774107	1047179	2774696	1047122
13327	7024	3591	7	784	2777648	1047806	2778428	1047722
13328	7024	7020	2	1462	2777648	1047806	2776188	1047722
13329	7024	7021	2	2046	2777648	1047806	2775636	1047432
13330	7024	7022	2	3030	2777648	1047806	2774696	1047122
13331	7024	7031	2	2110	2777648	1047806	2779757	1047882
13332	7024	7043	2	874	2777648	1047806	2778514	1047926
13333	7024	7045	2	391	2777648	1047806	2777983	1048009
13334	7025	2571	2	2115	2778515	1047806	2779729	1046074
13335	7025	6489	7	994	2778515	1047806	2777581	1048148
13336	7025	7020	2	2328	2778515	1047806	2776188	1047722
13337	7025	7021	2	2903	2778515	1047806	2775636	1047432
13338	7025	7028	2	2261	2778515	1047806	2779808	1045950
13339	7025	7045	2	569	2778515	1047806	2777983	1048009
13340	7026	7028	2	1442	2780320	1047299	2779808	1045950
13341	7026	7030	2	619	2780320	1047299	2779801	1046961
13342	7026	7049	2	2870	2780320	1047299	2783062	1048149
13343	7027	2567	2	2403	2779820	1043529	2780073	1041139
13344	7027	2568	2	2916	2779820	1043529	2779863	1040613
13345	7027	2571	2	2546	2779820	1043529	2779729	1046074
13346	7027	6491	2	2514	2779820	1043529	2781065	1041344
13347	7027	6539	2	2981	2779820	1043529	2778519	1046212
13348	7028	3591	2	2245	2779808	1045950	2778428	1047722
13349	7028	6539	2	1315	2779808	1045950	2778519	1046212
13350	7028	7003	2	3011	2779808	1045950	2782286	1047661
13351	7028	7025	2	2261	2779808	1045950	2778515	1047806
13352	7028	7026	2	1442	2779808	1045950	2780320	1047299
13353	7028	7027	2	2421	2779808	1045950	2779820	1043529
13354	7028	7029	2	970	2779808	1045950	2779741	1046918
13355	7028	7048	2	3111	2779808	1045950	2782298	1047816
13356	7029	6539	2	1411	2779741	1046918	2778519	1046212
13357	7029	7028	2	970	2779741	1046918	2779808	1045950
13358	7030	7003	2	2581	2779801	1046961	2782286	1047661
13359	7030	7026	2	619	2779801	1046961	2780320	1047299
13360	7030	7048	2	2639	2779801	1046961	2782298	1047816
13361	7031	7024	2	2110	2779757	1047882	2777648	1047806
13362	7031	7034	2	388	2779757	1047882	2779762	1048270
13363	7032	7030	2	908	2779803	1047869	2779801	1046961
13364	7033	7043	2	1056	2779570	1047935	2778514	1047926
13365	7033	7044	7	676	2779570	1047935	2778907	1048067
13366	7033	7045	2	1588	2779570	1047935	2777983	1048009
13367	7035	7040	2	1738	2779833	1048251	2781569	1048353
13368	7035	7046	2	1058	2779833	1048251	2780891	1048278
13369	7035	7052	2	2863	2779833	1048251	2782696	1048267
13370	7036	7040	7	1516	2780063	1048178	2781569	1048353
13371	7036	7042	2	592	2780063	1048178	2780640	1048045
13372	7036	7046	7	834	2780063	1048178	2780891	1048278
13373	7036	7049	2	2999	2780063	1048178	2783062	1048149
13374	7036	7050	2	2244	2780063	1048178	2782307	1048193
13375	7036	7052	2	2634	2780063	1048178	2782696	1048267
13376	7037	7043	2	1082	2779578	1048125	2778514	1047926
13377	7037	7045	2	1599	2779578	1048125	2777983	1048009
13378	7038	7049	2	3109	2779958	1047958	2783062	1048149
13379	7038	7050	2	2360	2779958	1047958	2782307	1048193
13380	7039	2488	2	2914	2779844	1049077	2780945	1051776
13381	7039	2548	2	3017	2779844	1049077	2781043	1051846
13382	7039	2556	2	2579	2779844	1049077	2779948	1051654
13383	7039	2557	2	2532	2779844	1049077	2779968	1051606
13384	7039	2566	2	1117	2779844	1049077	2780168	1050146
13385	7039	6153	2	1720	2779844	1049077	2780899	1050436
13386	7039	6486	2	2755	2779844	1049077	2782435	1050014
13387	7039	6487	2	2559	2779844	1049077	2782390	1049340
13388	7039	7041	2	282	2779844	1049077	2779770	1049350
13389	7040	7035	2	1738	2781569	1048353	2779833	1048251
13390	7040	7036	7	1516	2781569	1048353	2780063	1048178
13391	7040	7042	2	978	2781569	1048353	2780640	1048045
13392	7040	7050	2	755	2781569	1048353	2782307	1048193
13393	7040	7052	2	1130	2781569	1048353	2782696	1048267
13394	7041	7039	2	282	2779770	1049350	2779844	1049077
13395	7042	7036	2	592	2780640	1048045	2780063	1048178
13396	7042	7038	2	687	2780640	1048045	2779958	1047958
13397	7042	7040	2	978	2780640	1048045	2781569	1048353
13398	7042	7046	2	342	2780640	1048045	2780891	1048278
13399	7042	7049	2	2424	2780640	1048045	2783062	1048149
13400	7043	1551	2	2508	2778514	1047926	2776110	1047211
13401	7043	3591	2	221	2778514	1047926	2778428	1047722
13402	7043	6489	2	959	2778514	1047926	2777581	1048148
13403	7043	7020	2	2334	2778514	1047926	2776188	1047722
13404	7043	7021	2	2920	2778514	1047926	2775636	1047432
13405	7043	7024	2	874	2778514	1047926	2777648	1047806
13406	7043	7037	2	1082	2778514	1047926	2779578	1048125
13407	7043	7044	2	417	2778514	1047926	2778907	1048067
13408	7043	7045	2	537	2778514	1047926	2777983	1048009
13409	7044	7020	2	2740	2778907	1048067	2776188	1047722
13410	7044	7033	7	676	2778907	1048067	2779570	1047935
13411	7044	7043	2	417	2778907	1048067	2778514	1047926
13412	7045	1551	2	2035	2777983	1048009	2776110	1047211
13413	7045	3591	2	529	2777983	1048009	2778428	1047722
13414	7045	6489	2	425	2777983	1048009	2777581	1048148
13415	7045	7021	2	2416	2777983	1048009	2775636	1047432
13416	7045	7024	2	391	2777983	1048009	2777648	1047806
13417	7045	7025	2	569	2777983	1048009	2778515	1047806
13418	7045	7033	2	1588	2777983	1048009	2779570	1047935
13419	7045	7037	2	1599	2777983	1048009	2779578	1048125
13420	7045	7043	2	537	2777983	1048009	2778514	1047926
13421	7045	7044	2	925	2777983	1048009	2778907	1048067
13422	7046	7035	2	1058	2780891	1048278	2779833	1048251
13423	7046	7040	7	682	2780891	1048278	2781569	1048353
13424	7046	7042	2	342	2780891	1048278	2780640	1048045
13425	7046	7049	2	2174	2780891	1048278	2783062	1048149
13426	7046	7050	2	1418	2780891	1048278	2782307	1048193
13427	7046	7052	2	1805	2780891	1048278	2782696	1048267
13428	7047	2488	2	2398	2779847	1049644	2780945	1051776
13429	7047	2489	2	998	2779847	1049644	2779795	1050641
13430	7047	2546	2	3189	2779847	1049644	2781964	1052030
13431	7047	2547	2	2863	2779847	1049644	2781548	1051947
13432	7047	2548	2	2505	2779847	1049644	2781043	1051846
13433	7047	2551	2	2988	2779847	1049644	2779767	1052631
13434	7047	2556	2	2012	2779847	1049644	2779948	1051654
13435	7047	2557	2	1965	2779847	1049644	2779968	1051606
13436	7047	2560	2	1788	2779847	1049644	2779794	1051432
13437	7047	2561	2	2308	2779847	1049644	2779785	1051952
13438	7047	6153	2	1316	2779847	1049644	2780899	1050436
13439	7047	6486	2	2614	2779847	1049644	2782435	1050014
13440	7047	6487	2	2561	2779847	1049644	2782390	1049340
13441	7047	7051	2	2660	2779847	1049644	2782358	1048765
13442	7048	7028	2	3111	2782298	1047816	2779808	1045950
13443	7048	7030	2	2639	2782298	1047816	2779801	1046961
13444	7048	7053	5	2419	2782298	1047816	2784672	1047351
13445	7048	7057	5	2651	2782298	1047816	2784845	1048552
13446	7049	7003	2	916	2783062	1048149	2782286	1047661
13447	7049	7026	2	2870	2783062	1048149	2780320	1047299
13448	7049	7036	2	2999	2783062	1048149	2780063	1048178
13449	7049	7038	2	3109	2783062	1048149	2779958	1047958
13450	7049	7042	2	2424	2783062	1048149	2780640	1048045
13451	7049	7046	2	2174	2783062	1048149	2780891	1048278
13452	7049	7048	2	833	2783062	1048149	2782298	1047816
13453	7049	7050	2	756	2783062	1048149	2782307	1048193
13454	7049	7053	2	1796	2783062	1048149	2784672	1047351
13455	7049	7055	2	2235	2783062	1048149	2785105	1047242
13456	7049	7057	2	1827	2783062	1048149	2784845	1048552
13457	7050	3614	2	987	2782307	1048193	2783252	1047908
13458	7050	7036	2	2244	2782307	1048193	2780063	1048178
13459	7050	7038	2	2360	2782307	1048193	2779958	1047958
13460	7050	7040	2	755	2782307	1048193	2781569	1048353
13461	7050	7042	2	1673	2782307	1048193	2780640	1048045
13462	7050	7046	2	1418	2782307	1048193	2780891	1048278
13463	7050	7053	2	2510	2782307	1048193	2784672	1047351
13464	7050	7055	2	2955	2782307	1048193	2785105	1047242
13465	7051	2489	2	3176	2782358	1048765	2779795	1050641
13466	7051	2564	2	2844	2782358	1048765	2779797	1050002
13467	7051	7047	2	2660	2782358	1048765	2779847	1049644
13468	7051	7053	5	2711	2782358	1048765	2784672	1047351
13469	7052	7035	2	2863	2782696	1048267	2779833	1048251
13470	7052	7036	2	2634	2782696	1048267	2780063	1048178
13471	7052	7046	2	1805	2782696	1048267	2780891	1048278
13472	7052	7057	2	2167	2782696	1048267	2784845	1048552
13473	7053	3614	5	1525	2784672	1047351	2783252	1047908
13474	7053	6487	5	3027	2784672	1047351	2782390	1049340
13475	7053	7048	5	2419	2784672	1047351	2782298	1047816
13476	7053	7049	2	1796	2784672	1047351	2783062	1048149
13477	7053	7050	2	2510	2784672	1047351	2782307	1048193
13478	7053	7051	5	2711	2784672	1047351	2782358	1048765
13479	7053	7058	2	1620	2784672	1047351	2786292	1047351
13480	7053	7060	2	2055	2784672	1047351	2786726	1047261
13481	7054	4113	5	3125	2787595	1047816	2788570	1050786
13482	7054	7062	5	1172	2787595	1047816	2788561	1048481
13483	7054	7066	2	1332	2787595	1047816	2788816	1047282
13484	7054	7070	2	2957	2787595	1047816	2790446	1047029
13485	7055	4997	7	1280	2785105	1047242	2786385	1047211
13486	7055	7049	2	2235	2785105	1047242	2783062	1048149
13487	7055	7050	2	2955	2785105	1047242	2782307	1048193
13488	7055	7058	2	1191	2785105	1047242	2786292	1047351
13489	7055	7060	2	1621	2785105	1047242	2786726	1047261
13490	7055	7065	2	3185	2785105	1047242	2788287	1047398
13491	7056	7076	2	410	2887218	1040322	2886874	1040098
13492	7056	7162	2	1297	2887218	1040322	2885959	1040010
13493	7056	7165	2	1272	2887218	1040322	2888470	1040094
13494	7057	3614	5	1718	2784845	1048552	2783252	1047908
13495	7057	7003	5	2709	2784845	1048552	2782286	1047661
13496	7057	7048	5	2651	2784845	1048552	2782298	1047816
13497	7057	7049	2	1827	2784845	1048552	2783062	1048149
13498	7057	7052	2	2167	2784845	1048552	2782696	1048267
13499	7057	7058	2	1880	2784845	1048552	2786292	1047351
13500	7058	3614	2	3090	2786292	1047351	2783252	1047908
13501	7058	4115	2	2371	2786292	1047351	2787500	1045310
13502	7058	7053	2	1620	2786292	1047351	2784672	1047351
13503	7058	7055	2	1191	2786292	1047351	2785105	1047242
13504	7058	7057	2	1880	2786292	1047351	2784845	1048552
13505	7058	7060	2	443	2786292	1047351	2786726	1047261
13506	7058	7064	2	1312	2786292	1047351	2787558	1047004
13507	7058	7065	2	1995	2786292	1047351	2788287	1047398
13508	7058	7066	2	2524	2786292	1047351	2788816	1047282
13509	7060	4997	2	344	2786726	1047261	2786385	1047211
13510	7060	7053	2	2055	2786726	1047261	2784672	1047351
13511	7060	7055	2	1621	2786726	1047261	2785105	1047242
13512	7060	7058	2	443	2786726	1047261	2786292	1047351
13513	7060	7065	2	1567	2786726	1047261	2788287	1047398
13514	7061	4115	5	1832	2787561	1047141	2787500	1045310
13515	7061	7070	2	2887	2787561	1047141	2790446	1047029
13516	7062	7054	5	1172	2788561	1048481	2787595	1047816
13517	7062	7065	2	1117	2788561	1048481	2788287	1047398
13518	7062	7066	2	1225	2788561	1048481	2788816	1047282
13519	7063	4112	5	1914	2792303	1048022	2793006	1049803
13520	7063	7070	2	2105	2792303	1048022	2790446	1047029
13521	7064	7058	2	1312	2787558	1047004	2786292	1047351
13522	7064	7070	2	2888	2787558	1047004	2790446	1047029
13523	7065	3330	2	2156	2788287	1047398	2790418	1047069
13524	7065	4997	2	1911	2788287	1047398	2786385	1047211
13525	7065	7055	2	3185	2788287	1047398	2785105	1047242
13526	7065	7060	2	1567	2788287	1047398	2786726	1047261
13527	7065	7062	2	1117	2788287	1047398	2788561	1048481
13528	7065	7066	2	541	2788287	1047398	2788816	1047282
13529	7065	7070	2	2190	2788287	1047398	2790446	1047029
13530	7066	3330	2	1616	2788816	1047282	2790418	1047069
13531	7066	6704	2	1709	2788816	1047282	2787602	1048486
13532	7066	7054	2	1332	2788816	1047282	2787595	1047816
13533	7066	7058	2	2524	2788816	1047282	2786292	1047351
13534	7066	7060	2	2090	2788816	1047282	2786726	1047261
13535	7066	7062	2	1225	2788816	1047282	2788561	1048481
13536	7066	7065	2	541	2788816	1047282	2788287	1047398
13537	7066	7074	2	2941	2788816	1047282	2791747	1047028
13538	7067	3330	5	2406	2792279	1048594	2790418	1047069
13539	7067	7070	2	2410	2792279	1048594	2790446	1047029
13540	7067	7083	2	2944	2792279	1048594	2795200	1048224
13541	7068	4112	5	1751	2791735	1048598	2793006	1049803
13542	7068	7070	2	2030	2791735	1048598	2790446	1047029
13543	7069	7070	2	2058	2792496	1047219	2790446	1047029
13544	7070	5351	2	1466	2790446	1047029	2788982	1047113
13545	7070	7054	2	2957	2790446	1047029	2787595	1047816
13546	7070	7061	2	2887	2790446	1047029	2787561	1047141
13547	7070	7063	2	2105	2790446	1047029	2792303	1048022
13548	7070	7064	2	2888	2790446	1047029	2787558	1047004
13549	7070	7065	2	2190	2790446	1047029	2788287	1047398
13550	7070	7066	2	1649	2790446	1047029	2788816	1047282
13551	7070	7067	2	2410	2790446	1047029	2792279	1048594
13552	7070	7068	2	2030	2790446	1047029	2791735	1048598
13553	7070	7069	2	2058	2790446	1047029	2792496	1047219
13554	7070	7074	2	1301	2790446	1047029	2791747	1047028
13555	7071	6092	7	1601	2792015	1046855	2793091	1045669
13556	7071	7075	2	530	2792015	1046855	2791496	1046965
13557	7072	7075	2	1181	2792670	1046833	2791496	1046965
13558	7073	7075	2	1431	2792885	1046617	2791496	1046965
13559	7074	3330	7	1329	2791747	1047028	2790418	1047069
13560	7074	5351	7	2766	2791747	1047028	2788982	1047113
13561	7074	7066	2	2941	2791747	1047028	2788816	1047282
13562	7074	7070	2	1301	2791747	1047028	2790446	1047029
13563	7075	4108	2	3061	2791496	1046965	2793103	1044359
13564	7075	4109	2	1726	2791496	1046965	2791592	1045241
13565	7075	6092	2	2055	2791496	1046965	2793091	1045669
13566	7075	7071	2	530	2791496	1046965	2792015	1046855
13567	7075	7072	2	1181	2791496	1046965	2792670	1046833
13568	7075	7073	2	1431	2791496	1046965	2792885	1046617
13569	7075	7077	2	1804	2791496	1046965	2793300	1046934
13570	7075	7078	2	2851	2791496	1046965	2794347	1046987
13571	7076	5988	2	1713	2886874	1040098	2887554	1041671
13572	7076	6203	2	2691	2886874	1040098	2887537	1042707
13573	7076	6229	2	1933	2886874	1040098	2884952	1040312
13574	7076	6345	2	2650	2886874	1040098	2884230	1040282
13575	7076	7056	2	410	2886874	1040098	2887218	1040322
13576	7076	7160	2	3153	2886874	1040098	2883751	1040535
13577	7076	7162	2	919	2886874	1040098	2885959	1040010
13578	7076	7163	2	566	2886874	1040098	2887203	1040559
13579	7076	7165	2	1596	2886874	1040098	2888470	1040094
13580	7077	7075	2	1804	2793300	1046934	2791496	1046965
13581	7077	7347	2	2080	2793300	1046934	2794750	1045442
13582	7078	7075	2	2851	2794347	1046987	2791496	1046965
13583	7078	7077	7	1048	2794347	1046987	2793300	1046934
13584	7079	2801	2	1330	2794671	1044853	2794204	1043607
13585	7079	2802	2	2954	2794671	1044853	2793777	1042037
13586	7079	2805	2	320	2794671	1044853	2794528	1044566
13587	7079	7345	7	1203	2794671	1044853	2794736	1046055
13588	7079	7348	7	1081	2794671	1044853	2794725	1045933
13589	7079	7352	7	2082	2794671	1044853	2795679	1046675
13590	7079	7353	2	558	2794671	1044853	2794364	1044387
13591	7079	7358	7	2778	2794671	1044853	2796302	1047103
13592	7079	7378	2	1427	2794671	1044853	2794927	1046257
13593	7079	7384	7	1022	2794671	1044853	2794958	1045834
13594	7080	7081	2	500	2796120	1047071	2795621	1047034
13595	7080	7092	2	2516	2796120	1047071	2796273	1044559
13596	7080	7093	2	976	2796120	1047071	2797082	1046904
13597	7080	7339	2	645	2796120	1047071	2795478	1047140
13598	7080	7343	2	1791	2796120	1047071	2797909	1046984
13599	7080	7354	2	814	2796120	1047071	2795306	1047031
13600	7082	2803	2	2356	2797133	1047008	2795033	1045938
13601	7082	5940	2	3152	2797133	1047008	2800274	1046741
13602	7082	7080	2	1014	2797133	1047008	2796120	1047071
13603	7082	7091	2	1990	2797133	1047008	2795295	1046245
13604	7082	7092	2	2595	2797133	1047008	2796273	1044559
13605	7082	7339	2	1660	2797133	1047008	2795478	1047140
13606	7082	7343	2	776	2797133	1047008	2797909	1046984
13607	7082	7345	2	2579	2797133	1047008	2794736	1046055
13608	7082	7347	2	2851	2797133	1047008	2794750	1045442
13609	7082	7348	2	2637	2797133	1047008	2794725	1045933
13610	7082	7349	2	2294	2797133	1047008	2794928	1046372
13611	7082	7352	2	1491	2797133	1047008	2795679	1046675
13612	7082	7358	2	836	2797133	1047008	2796302	1047103
13613	7082	7371	2	2045	2797133	1047008	2795203	1046331
13614	7082	7378	2	2330	2797133	1047008	2794927	1046257
13615	7082	7384	2	2471	2797133	1047008	2794958	1045834
13616	7083	2806	2	925	2795200	1048224	2794749	1049032
13617	7083	2807	2	2598	2795200	1048224	2793609	1050278
13618	7083	2809	2	2578	2795200	1048224	2793686	1050311
13619	7083	2810	2	1414	2795200	1048224	2794739	1049561
13620	7083	2811	2	1718	2795200	1048224	2794121	1049561
13621	7083	6155	2	1896	2795200	1048224	2796545	1049561
13622	7083	7067	2	2944	2795200	1048224	2792279	1048594
13623	7083	7085	2	1029	2795200	1048224	2795849	1047425
13624	7083	7087	2	773	2795200	1048224	2795125	1047454
13625	7083	7088	2	385	2795200	1048224	2794949	1048516
13626	7083	7346	2	870	2795200	1048224	2795310	1047360
13627	7083	7367	2	1061	2795200	1048224	2795567	1047228
13628	7084	2880	2	455	2796686	1047198	2797128	1047088
13629	7085	2806	2	1947	2795849	1047425	2794749	1049032
13630	7085	2808	2	2240	2795849	1047425	2794645	1049315
13631	7085	2811	7	2747	2795849	1047425	2794121	1049561
13632	7085	6155	7	2246	2795849	1047425	2796545	1049561
13633	7085	7088	7	1414	2795849	1047425	2794949	1048516
13634	7085	7346	2	542	2795849	1047425	2795310	1047360
13635	7085	7367	7	343	2795849	1047425	2795567	1047228
13636	7086	7338	7	1201	2794697	1047455	2793524	1047196
13637	7087	2806	2	1622	2795125	1047454	2794749	1049032
13638	7087	2808	2	1921	2795125	1047454	2794645	1049315
13639	7087	2810	7	2142	2795125	1047454	2794739	1049561
13640	7087	7083	2	773	2795125	1047454	2795200	1048224
13641	7087	7088	7	1076	2795125	1047454	2794949	1048516
13642	7087	7346	2	207	2795125	1047454	2795310	1047360
13643	7088	2806	2	553	2794949	1048516	2794749	1049032
13644	7088	2807	2	2213	2794949	1048516	2793609	1050278
13645	7088	2808	2	854	2794949	1048516	2794645	1049315
13646	7088	2809	2	2194	2794949	1048516	2793686	1050311
13647	7088	2810	7	1065	2794949	1048516	2794739	1049561
13648	7088	2811	7	1333	2794949	1048516	2794121	1049561
13649	7088	6155	7	1907	2794949	1048516	2796545	1049561
13650	7088	7083	2	385	2794949	1048516	2795200	1048224
13651	7088	7085	7	1414	2794949	1048516	2795849	1047425
13652	7088	7338	7	1942	2794949	1048516	2793524	1047196
13653	7088	7346	2	1211	2794949	1048516	2795310	1047360
13654	7089	2807	2	3095	2793853	1047192	2793609	1050278
13655	7089	7086	7	884	2793853	1047192	2794697	1047455
13656	7090	2802	2	2659	2794280	1044648	2793777	1042037
13657	7090	2804	7	500	2794280	1044648	2794779	1044605
13658	7090	2805	2	261	2794280	1044648	2794528	1044566
13659	7090	7347	2	922	2794280	1044648	2794750	1045442
13660	7090	7353	2	274	2794280	1044648	2794364	1044387
13661	7090	7378	2	1734	2794280	1044648	2794927	1046257
13662	7090	7381	7	344	2794280	1044648	2794623	1044614
13663	7091	2801	2	2854	2795295	1046245	2794204	1043607
13664	7091	2805	2	1845	2795295	1046245	2794528	1044566
13665	7091	7082	2	1990	2795295	1046245	2797133	1047008
13666	7091	7347	2	970	2795295	1046245	2794750	1045442
13667	7091	7349	7	388	2795295	1046245	2794928	1046372
13668	7091	7350	7	449	2795295	1046245	2794889	1046437
13669	7091	7352	7	576	2795295	1046245	2795679	1046675
13670	7091	7353	2	2078	2795295	1046245	2794364	1044387
13671	7091	7358	7	1322	2795295	1046245	2796302	1047103
13672	7091	7378	2	368	2795295	1046245	2794927	1046257
13673	7092	7080	2	2516	2796273	1044559	2796120	1047071
13674	7092	7082	2	2595	2796273	1044559	2797133	1047008
13675	7092	7345	7	2144	2796273	1044559	2794736	1046055
13676	7092	7378	2	2166	2796273	1044559	2794927	1046257
13677	7092	7384	7	1831	2796273	1044559	2794958	1045834
13678	7093	2803	7	2265	2797082	1046904	2795033	1045938
13679	7093	7080	2	976	2797082	1046904	2796120	1047071
13680	7093	7347	2	2752	2797082	1046904	2794750	1045442
13681	7093	7352	7	1421	2797082	1046904	2795679	1046675
13682	7093	7358	7	804	2797082	1046904	2796302	1047103
13683	7093	7378	2	2250	2797082	1046904	2794927	1046257
13684	7093	7384	7	2378	2797082	1046904	2794958	1045834
13685	7095	1300	2	2587	2833804	1070112	2833702	1072697
13686	7095	1301	2	1928	2833804	1070112	2832246	1071248
13687	7095	4600	2	2398	2833804	1070112	2831689	1071243
13688	7095	4698	2	1553	2833804	1070112	2832748	1071252
13689	7095	5977	2	2560	2833804	1070112	2831940	1068356
13690	7095	6242	2	3082	2833804	1070112	2830723	1070006
13691	7095	6630	2	2424	2833804	1070112	2833311	1067738
13692	7095	7096	2	1123	2833804	1070112	2833480	1071188
13693	7095	7099	2	331	2833804	1070112	2833890	1070432
13694	7096	7099	2	860	2833480	1071188	2833890	1070432
13695	7097	1303	2	2309	2834120	1072236	2834272	1074540
13696	7097	7100	2	1154	2834120	1072236	2833925	1071098
13697	7099	1301	2	1835	2833890	1070432	2832246	1071248
13698	7099	4600	2	2345	2833890	1070432	2831689	1071243
13699	7099	4698	2	1405	2833890	1070432	2832748	1071252
13700	7099	5977	2	2848	2833890	1070432	2831940	1068356
13701	7099	6242	2	3195	2833890	1070432	2830723	1070006
13702	7099	6630	2	2755	2833890	1070432	2833311	1067738
13703	7099	7095	2	331	2833890	1070432	2833804	1070112
13704	7099	7096	2	860	2833890	1070432	2833480	1071188
13705	7100	7097	2	1154	2833925	1071098	2834120	1072236
13706	7101	4702	2	1483	2834073	1067001	2834817	1065717
13707	7101	5977	2	2526	2834073	1067001	2831940	1068356
13708	7101	6630	2	1060	2834073	1067001	2833311	1067738
13709	7101	7102	2	887	2834073	1067001	2834179	1066120
13710	7101	7103	2	237	2834073	1067001	2833954	1067206
13711	7101	7104	2	1047	2834073	1067001	2834297	1065978
13712	7101	7107	2	874	2834073	1067001	2834368	1066178
13713	7101	7109	2	1351	2834073	1067001	2834458	1065706
13714	7102	4702	2	754	2834179	1066120	2834817	1065717
13715	7102	7101	2	887	2834179	1066120	2834073	1067001
13716	7102	7103	2	1109	2834179	1066120	2833954	1067206
13717	7102	7109	2	499	2834179	1066120	2834458	1065706
13718	7103	4696	2	1611	2833954	1067206	2833383	1065699
13719	7103	4702	2	1721	2833954	1067206	2834817	1065717
13720	7103	5977	2	2319	2833954	1067206	2831940	1068356
13721	7103	6630	2	834	2833954	1067206	2833311	1067738
13722	7103	7095	2	2909	2833954	1067206	2833804	1070112
13723	7103	7101	2	237	2833954	1067206	2834073	1067001
13724	7103	7104	2	1275	2833954	1067206	2834297	1065978
13725	7103	7107	2	1108	2833954	1067206	2834368	1066178
13726	7103	7109	2	1582	2833954	1067206	2834458	1065706
13727	7103	7110	2	1511	2833954	1067206	2834094	1065701
13728	7104	4699	2	3137	2834297	1065978	2837434	1066029
13729	7104	4702	2	581	2834297	1065978	2834817	1065717
13730	7104	7103	2	1275	2834297	1065978	2833954	1067206
13731	7104	7109	2	316	2834297	1065978	2834458	1065706
13732	7105	7103	2	1024	2833377	1066360	2833954	1067206
13733	7106	1298	2	2661	2834800	1066373	2834849	1063712
13734	7106	1570	2	2587	2834800	1066373	2834684	1063788
13735	7107	7101	2	874	2834368	1066178	2834073	1067001
13736	7107	7103	2	1108	2834368	1066178	2833954	1067206
13737	7107	7104	2	212	2834368	1066178	2834297	1065978
13738	7108	6630	7	1516	2833760	1066289	2833311	1067738
13739	7108	7105	7	389	2833760	1066289	2833377	1066360
13740	7109	7101	2	1351	2834458	1065706	2834073	1067001
13741	7109	7102	2	499	2834458	1065706	2834179	1066120
13742	7109	7103	2	1582	2834458	1065706	2833954	1067206
13743	7109	7104	2	316	2834458	1065706	2834297	1065978
13744	7110	7103	2	1511	2834094	1065701	2833954	1067206
13745	7111	2354	2	2006	2879638	1072181	2877633	1072260
13746	7111	7114	2	1942	2879638	1072181	2877696	1072161
13747	7114	1323	2	1956	2877696	1072161	2879649	1072275
13748	7115	1322	2	2335	2888346	1071112	2886054	1071563
13749	7115	7117	2	258	2888346	1071112	2888598	1071169
13750	7115	7119	2	1970	2888346	1071112	2886390	1071348
13751	7117	7115	2	258	2888598	1071169	2888346	1071112
13752	7117	7119	2	2215	2888598	1071169	2886390	1071348
13753	7118	4944	5	3190	2887149	1071638	2887113	1074828
13754	7119	1322	2	398	2886390	1071348	2886054	1071563
13755	7119	7117	2	2215	2886390	1071348	2888598	1071169
13756	7120	5023	5	2745	2893997	1070120	2896094	1071892
13757	7120	7132	5	236	2893997	1070120	2894169	1070282
13758	7121	7122	2	915	2893621	1069052	2893234	1069882
13759	7121	7123	2	1124	2893621	1069052	2893034	1070011
13760	7121	7125	2	838	2893621	1069052	2893249	1069803
13761	7121	7126	2	1133	2893621	1069052	2892964	1069976
13762	7121	7128	2	646	2893621	1069052	2893238	1069573
13763	7121	7129	2	927	2893621	1069052	2892956	1069698
13764	7121	7130	2	2111	2893621	1069052	2892099	1070515
13765	7121	7131	2	2078	2893621	1069052	2892189	1070558
13766	7122	7121	2	915	2893234	1069882	2893621	1069052
13767	7122	7123	2	237	2893234	1069882	2893034	1070011
13768	7122	7124	2	378	2893234	1069882	2893351	1069522
13769	7122	7126	2	285	2893234	1069882	2892964	1069976
13770	7122	7128	2	309	2893234	1069882	2893238	1069573
13771	7122	7129	5	333	2893234	1069882	2892956	1069698
13772	7122	7130	2	1299	2893234	1069882	2892099	1070515
13773	7122	7131	2	1244	2893234	1069882	2892189	1070558
13774	7122	7136	2	1016	2893234	1069882	2893579	1068926
13775	7123	7121	2	1124	2893034	1070011	2893621	1069052
13776	7123	7124	2	582	2893034	1070011	2893351	1069522
13777	7123	7125	2	299	2893034	1070011	2893249	1069803
13778	7123	7127	2	442	2893034	1070011	2892717	1069702
13779	7123	7128	2	483	2893034	1070011	2893238	1069573
13780	7123	7129	2	322	2893034	1070011	2892956	1069698
13781	7123	7130	2	1062	2893034	1070011	2892099	1070515
13782	7123	7136	2	1214	2893034	1070011	2893579	1068926
13783	7124	7121	2	542	2893351	1069522	2893621	1069052
13784	7124	7122	2	378	2893351	1069522	2893234	1069882
13785	7124	7125	2	298	2893351	1069522	2893249	1069803
13786	7124	7126	2	596	2893351	1069522	2892964	1069976
13787	7124	7127	2	659	2893351	1069522	2892717	1069702
13788	7124	7129	2	432	2893351	1069522	2892956	1069698
13789	7124	7130	2	1597	2893351	1069522	2892099	1070515
13790	7124	7131	2	1556	2893351	1069522	2892189	1070558
13791	7124	7136	2	638	2893351	1069522	2893579	1068926
13792	7125	7121	2	838	2893249	1069803	2893621	1069052
13793	7125	7123	2	299	2893249	1069803	2893034	1070011
13794	7125	7126	2	333	2893249	1069803	2892964	1069976
13795	7125	7127	5	541	2893249	1069803	2892717	1069702
13796	7125	7128	2	230	2893249	1069803	2893238	1069573
13797	7125	7129	5	311	2893249	1069803	2892956	1069698
13798	7125	7130	2	1352	2893249	1069803	2892099	1070515
13799	7125	7131	2	1301	2893249	1069803	2892189	1070558
13800	7125	7136	2	937	2893249	1069803	2893579	1068926
13801	7126	7121	2	1133	2892964	1069976	2893621	1069052
13802	7126	7122	2	285	2892964	1069976	2893234	1069882
13803	7126	7124	2	596	2892964	1069976	2893351	1069522
13804	7126	7125	2	333	2892964	1069976	2893249	1069803
13805	7126	7127	2	368	2892964	1069976	2892717	1069702
13806	7126	7129	2	278	2892964	1069976	2892956	1069698
13807	7126	7130	2	1019	2892964	1069976	2892099	1070515
13808	7126	7131	2	969	2892964	1069976	2892189	1070558
13809	7126	7136	2	1216	2892964	1069976	2893579	1068926
13810	7127	7122	5	547	2892717	1069702	2893234	1069882
13811	7127	7123	2	442	2892717	1069702	2893034	1070011
13812	7127	7124	2	659	2892717	1069702	2893351	1069522
13813	7127	7125	5	541	2892717	1069702	2893249	1069803
13814	7127	7128	2	536	2892717	1069702	2893238	1069573
13815	7127	7129	5	239	2892717	1069702	2892956	1069698
13816	7127	7130	2	1021	2892717	1069702	2892099	1070515
13817	7127	7131	2	1005	2892717	1069702	2892189	1070558
13818	7128	7121	2	646	2893238	1069573	2893621	1069052
13819	7128	7122	2	309	2893238	1069573	2893234	1069882
13820	7128	7123	2	483	2893238	1069573	2893034	1070011
13821	7128	7125	2	230	2893238	1069573	2893249	1069803
13822	7128	7126	2	487	2893238	1069573	2892964	1069976
13823	7128	7127	2	536	2893238	1069573	2892717	1069702
13824	7128	7130	2	1478	2893238	1069573	2892099	1070515
13825	7128	7131	2	1438	2893238	1069573	2892189	1070558
13826	7129	7121	2	927	2892956	1069698	2893621	1069052
13827	7129	7122	5	333	2892956	1069698	2893234	1069882
13828	7129	7123	2	322	2892956	1069698	2893034	1070011
13829	7129	7124	2	432	2892956	1069698	2893351	1069522
13830	7129	7126	2	278	2892956	1069698	2892964	1069976
13831	7129	7127	5	239	2892956	1069698	2892717	1069702
13832	7129	7128	2	308	2892956	1069698	2893238	1069573
13833	7129	7130	2	1184	2892956	1069698	2892099	1070515
13834	7129	7131	2	1152	2892956	1069698	2892189	1070558
13835	7129	7136	2	992	2892956	1069698	2893579	1068926
13836	7130	7121	2	2111	2892099	1070515	2893621	1069052
13837	7130	7122	2	1299	2892099	1070515	2893234	1069882
13838	7130	7123	2	1062	2892099	1070515	2893034	1070011
13839	7130	7124	2	1597	2892099	1070515	2893351	1069522
13840	7130	7125	2	1352	2892099	1070515	2893249	1069803
13841	7130	7127	2	1021	2892099	1070515	2892717	1069702
13842	7130	7128	2	1478	2892099	1070515	2893238	1069573
13843	7130	7129	2	1184	2892099	1070515	2892956	1069698
13844	7131	7121	2	2078	2892189	1070558	2893621	1069052
13845	7131	7122	2	1244	2892189	1070558	2893234	1069882
13846	7131	7123	2	1006	2892189	1070558	2893034	1070011
13847	7131	7124	2	1556	2892189	1070558	2893351	1069522
13848	7131	7125	2	1301	2892189	1070558	2893249	1069803
13849	7131	7126	2	969	2892189	1070558	2892964	1069976
13850	7131	7127	2	1005	2892189	1070558	2892717	1069702
13851	7131	7128	2	1438	2892189	1070558	2893238	1069573
13852	7131	7129	2	1152	2892189	1070558	2892956	1069698
13853	7131	7136	2	2143	2892189	1070558	2893579	1068926
13854	7132	5023	5	2509	2894169	1070282	2896094	1071892
13855	7132	7120	5	236	2894169	1070282	2893997	1070120
13856	7132	7137	5	1707	2894169	1070282	2895389	1071477
13857	7135	6301	5	1367	2891884	1069291	2890623	1068763
13858	7135	7134	5	791	2891884	1069291	2891129	1069053
13859	7136	7122	2	1016	2893579	1068926	2893234	1069882
13860	7136	7123	2	1214	2893579	1068926	2893034	1070011
13861	7136	7124	2	638	2893579	1068926	2893351	1069522
13862	7136	7125	2	937	2893579	1068926	2893249	1069803
13863	7136	7126	2	1216	2893579	1068926	2892964	1069976
13864	7136	7128	2	731	2893579	1068926	2893238	1069573
13865	7136	7129	2	992	2893579	1068926	2892956	1069698
13866	7136	7131	2	2143	2893579	1068926	2892189	1070558
13867	7137	7120	5	1943	2895389	1071477	2893997	1070120
13868	7139	7142	2	1224	2893509	1057993	2893657	1056777
13869	7140	6604	2	2340	2894159	1059398	2896070	1058046
13870	7140	7143	2	1391	2894159	1059398	2894181	1058007
13871	7141	4981	2	1413	2893617	1057029	2892564	1057972
13872	7141	6299	2	1481	2893617	1057029	2892567	1055984
13873	7141	6300	2	2971	2893617	1057029	2892555	1059804
13874	7141	7139	2	970	2893617	1057029	2893509	1057993
13875	7141	7142	2	255	2893617	1057029	2893657	1056777
13876	7142	4981	2	1619	2893657	1056777	2892564	1057972
13877	7142	6299	2	1347	2893657	1056777	2892567	1055984
13878	7142	7139	2	1224	2893657	1056777	2893509	1057993
13879	7142	7141	2	255	2893657	1056777	2893617	1057029
13880	7145	2340	2	1092	2894092	1040080	2894193	1038992
13881	7145	7144	2	226	2894092	1040080	2894187	1039874
13882	7145	7155	7	240	2894092	1040080	2894092	1040320
13883	7147	7153	2	1106	2894576	1040090	2894277	1039025
13884	7149	7170	2	538	2895418	1040126	2895949	1040218
13885	7150	2341	2	376	2894586	1040327	2894282	1040549
13886	7150	7169	7	609	2894586	1040327	2895195	1040328
13887	7151	2342	2	261	2894198	1041312	2894252	1041568
13888	7151	2343	2	3090	2894198	1041312	2894242	1044402
13889	7153	7147	2	1106	2894277	1039025	2894576	1040090
13890	7154	7155	2	271	2894184	1040575	2894092	1040320
13891	7155	7145	7	240	2894092	1040320	2894092	1040080
13892	7156	6208	5	2711	2879657	1041421	2876998	1041951
13893	7157	1518	2	770	2882519	1040555	2881757	1040667
13894	7157	1519	2	1181	2882519	1040555	2881359	1040777
13895	7157	6229	2	2445	2882519	1040555	2884952	1040312
13896	7157	6343	2	2846	2882519	1040555	2879679	1040747
13897	7157	6344	2	981	2882519	1040555	2883434	1040199
13898	7157	7159	2	802	2882519	1040555	2883319	1040490
13899	7157	7160	2	1232	2882519	1040555	2883751	1040535
13900	7159	1517	2	1045	2883319	1040490	2882276	1040417
13901	7159	1518	2	1571	2883319	1040490	2881757	1040667
13902	7159	6229	2	1642	2883319	1040490	2884952	1040312
13903	7159	6344	2	312	2883319	1040490	2883434	1040199
13904	7159	6345	2	934	2883319	1040490	2884230	1040282
13905	7159	6346	2	1083	2883319	1040490	2882269	1040759
13906	7159	6461	2	2523	2883319	1040490	2885827	1040209
13907	7159	7157	2	802	2883319	1040490	2882519	1040555
13908	7159	7160	2	434	2883319	1040490	2883751	1040535
13909	7159	7162	2	2683	2883319	1040490	2885959	1040010
13910	7160	1518	2	1998	2883751	1040535	2881757	1040667
13911	7160	1519	2	2404	2883751	1040535	2881359	1040777
13912	7160	6229	7	1221	2883751	1040535	2884952	1040312
13913	7160	6345	2	541	2883751	1040535	2884230	1040282
13914	7160	6461	7	2101	2883751	1040535	2885827	1040209
13915	7160	7076	2	3153	2883751	1040535	2886874	1040098
13916	7160	7157	2	1232	2883751	1040535	2882519	1040555
13917	7160	7162	2	2269	2883751	1040535	2885959	1040010
13918	7162	5988	2	2302	2885959	1040010	2887554	1041671
13919	7162	6203	2	3124	2885959	1040010	2887537	1042707
13920	7162	6229	2	1051	2885959	1040010	2884952	1040312
13921	7162	6344	2	2532	2885959	1040010	2883434	1040199
13922	7162	6345	2	1750	2885959	1040010	2884230	1040282
13923	7162	6461	2	238	2885959	1040010	2885827	1040209
13924	7162	7056	2	1297	2885959	1040010	2887218	1040322
13925	7162	7076	2	919	2885959	1040010	2886874	1040098
13926	7162	7159	2	2683	2885959	1040010	2883319	1040490
13927	7162	7160	2	2269	2885959	1040010	2883751	1040535
13928	7162	7163	2	1359	2885959	1040010	2887203	1040559
13929	7163	6461	5	1419	2887203	1040559	2885827	1040209
13930	7163	7076	2	566	2887203	1040559	2886874	1040098
13931	7163	7162	2	1359	2887203	1040559	2885959	1040010
13932	7163	7165	2	1349	2887203	1040559	2888470	1040094
13933	7165	5988	2	1823	2888470	1040094	2887554	1041671
13934	7165	6203	2	2774	2888470	1040094	2887537	1042707
13935	7165	6461	2	2645	2888470	1040094	2885827	1040209
13936	7165	7163	2	1349	2888470	1040094	2887203	1040559
13937	7165	7168	2	3195	2888470	1040094	2891665	1040165
13938	7166	7162	2	2114	2888073	1040038	2885959	1040010
13939	7169	2341	2	939	2895195	1040328	2894282	1040549
13940	7170	6296	2	1429	2895949	1040218	2896301	1041603
13941	7170	7149	2	538	2895949	1040218	2895418	1040126
13942	7172	2307	2	464	2874819	1012929	2874356	1012897
13943	7172	2308	2	2517	2874819	1012929	2872302	1012964
13944	7172	2309	2	591	2874819	1012929	2874228	1012937
13945	7172	2310	2	1906	2874819	1012929	2872921	1012746
13946	7172	2312	2	1260	2874819	1012929	2873564	1013045
13947	7172	2313	2	1907	2874819	1012929	2872916	1013063
13948	7172	6880	2	1453	2874819	1012929	2875890	1013911
13949	7172	7176	2	1259	2874819	1012929	2875910	1013559
13950	7173	2307	2	1757	2876100	1013111	2874356	1012897
13951	7173	2309	2	1880	2876100	1013111	2874228	1012937
13952	7173	5849	5	3129	2876100	1013111	2875614	1016203
13953	7173	6767	2	2427	2876100	1013111	2877459	1015122
13954	7173	7172	2	1293	2876100	1013111	2874819	1012929
13955	7173	7174	2	1142	2876100	1013111	2874961	1013023
13956	7173	7176	2	486	2876100	1013111	2875910	1013559
13957	7173	7177	2	2398	2876100	1013111	2877521	1015043
13958	7174	2307	2	617	2874961	1013023	2874356	1012897
13959	7174	2308	2	2659	2874961	1013023	2872302	1012964
13960	7174	2311	2	1433	2874961	1013023	2873567	1012690
13961	7174	5840	2	3082	2874961	1013023	2873582	1010266
13962	7174	5847	2	2229	2874961	1013023	2873569	1011282
13963	7174	6880	2	1285	2874961	1013023	2875890	1013911
13964	7174	7173	2	1142	2874961	1013023	2876100	1013111
13965	7174	7175	2	1099	2874961	1013023	2875951	1013502
13966	7174	7176	2	1089	2874961	1013023	2875910	1013559
13967	7175	2312	2	2430	2875951	1013502	2873564	1013045
13968	7175	2313	2	3066	2875951	1013502	2872916	1013063
13969	7175	5838	2	3041	2875951	1013502	2872910	1013542
13970	7175	5839	2	2387	2875951	1013502	2873564	1013551
13971	7175	5848	2	716	2875951	1013502	2876209	1012834
13972	7175	6767	2	2213	2875951	1013502	2877459	1015122
13973	7175	6880	2	413	2875951	1013502	2875890	1013911
13974	7175	7172	2	1268	2875951	1013502	2874819	1012929
13975	7175	7173	2	418	2875951	1013502	2876100	1013111
13976	7175	7174	2	1099	2875951	1013502	2874961	1013023
13977	7176	2312	2	2401	2875910	1013559	2873564	1013045
13978	7176	2313	2	3034	2875910	1013559	2872916	1013063
13979	7176	5838	2	3000	2875910	1013559	2872910	1013542
13980	7176	5839	2	2346	2875910	1013559	2873564	1013551
13981	7176	5848	2	784	2875910	1013559	2876209	1012834
13982	7176	6767	2	2200	2875910	1013559	2877459	1015122
13983	7176	7172	2	1259	2875910	1013559	2874819	1012929
13984	7176	7173	2	486	2875910	1013559	2876100	1013111
13985	7176	7177	2	2190	2875910	1013559	2877521	1015043
13986	7177	5848	2	2569	2877521	1015043	2876209	1012834
13987	7177	6766	2	2416	2877521	1015043	2879704	1016079
13988	7177	6880	2	1985	2877521	1015043	2875890	1013911
13989	7177	7173	2	2398	2877521	1015043	2876100	1013111
13990	7177	7175	2	2199	2877521	1015043	2875951	1013502
13991	7177	7176	2	2190	2877521	1015043	2875910	1013559
13992	7178	3156	2	1579	2818927	969608	2819974	970790
13993	7178	3170	2	2078	2818927	969608	2817316	968295
13994	7178	3177	2	1064	2818927	969608	2819991	969567
13995	7178	7179	2	242	2818927	969608	2818695	969537
13996	7178	7180	2	2725	2818927	969608	2821040	971329
13997	7179	3156	2	1790	2818695	969537	2819974	970790
13998	7179	3170	2	1855	2818695	969537	2817316	968295
13999	7179	3177	2	1296	2818695	969537	2819991	969567
14000	7179	3178	2	1374	2818695	969537	2819983	970018
14001	7179	7178	2	242	2818695	969537	2818927	969608
14002	7179	7180	2	2951	2818695	969537	2821040	971329
14003	7179	7181	2	2871	2818695	969537	2821040	971195
14004	7180	3177	2	2050	2821040	971329	2819991	969567
14005	7180	3178	2	1684	2821040	971329	2819983	970018
14006	7180	3182	2	2871	2821040	971329	2822614	968927
14007	7180	5807	2	2234	2821040	971329	2822542	969675
14008	7180	7178	2	2725	2821040	971329	2818927	969608
14009	7181	3156	2	1140	2821040	971195	2819974	970790
14010	7181	3177	2	1936	2821040	971195	2819991	969567
14011	7181	3178	2	1581	2821040	971195	2819983	970018
14012	7181	3182	2	2760	2821040	971195	2822614	968927
14013	7181	5807	2	2136	2821040	971195	2822542	969675
14014	7181	7178	2	2642	2821040	971195	2818927	969608
14015	7181	7179	2	2871	2821040	971195	2818695	969537
14016	7183	7198	2	1551	2827739	977421	2827656	978970
14017	7183	7201	2	1481	2827739	977421	2827581	978894
14018	7184	7186	7	407	2828049	977685	2827974	977284
14019	7184	7187	2	464	2828049	977685	2827921	977239
14020	7184	7188	2	1936	2828049	977685	2827821	975762
14021	7184	7190	2	1826	2828049	977685	2827871	975867
14022	7184	7196	2	2401	2828049	977685	2829878	979241
14023	7184	7197	7	1058	2828049	977685	2828852	978374
14024	7184	7199	2	2180	2828049	977685	2829801	978983
14025	7184	7200	7	1010	2828049	977685	2828940	978161
14026	7185	7186	2	374	2827883	977647	2827974	977284
14027	7185	7187	2	409	2827883	977647	2827921	977239
14028	7185	7193	2	597	2827883	977647	2827853	977050
14029	7185	7196	2	2553	2827883	977647	2829878	979241
14030	7185	7197	2	1211	2827883	977647	2828852	978374
14031	7185	7199	2	2337	2827883	977647	2829801	978983
14032	7185	7200	2	1175	2827883	977647	2828940	978161
14033	7186	7184	7	407	2827974	977284	2828049	977685
14034	7186	7185	2	374	2827974	977284	2827883	977647
14035	7186	7190	2	1420	2827974	977284	2827871	975867
14036	7186	7196	2	2730	2827974	977284	2829878	979241
14037	7186	7197	7	1399	2827974	977284	2828852	978374
14038	7186	7199	2	2494	2827974	977284	2829801	978983
14039	7187	7184	2	464	2827921	977239	2828049	977685
14040	7187	7196	2	2799	2827921	977239	2829878	979241
14041	7187	7197	2	1467	2827921	977239	2828852	978374
14042	7187	7199	2	2564	2827921	977239	2829801	978983
14043	7187	7200	2	1374	2827921	977239	2828940	978161
14044	7188	7184	2	1936	2827821	975762	2828049	977685
14045	7188	7191	2	1696	2827821	975762	2826125	975729
14046	7188	7194	2	1952	2827821	975762	2825872	975638
14047	7188	7197	2	2808	2827821	975762	2828852	978374
14048	7188	7200	2	2647	2827821	975762	2828940	978161
14049	7189	7191	2	643	2826636	976120	2826125	975729
14050	7189	7194	2	903	2826636	976120	2825872	975638
14051	7189	7195	7	480	2826636	976120	2826801	976571
14052	7190	7184	2	1826	2827871	975867	2828049	977685
14053	7190	7186	2	1420	2827871	975867	2827974	977284
14054	7190	7197	2	2692	2827871	975867	2828852	978374
14055	7191	7188	2	1696	2826125	975729	2827821	975762
14056	7191	7192	2	1684	2826125	975729	2827423	976802
14057	7191	7194	2	268	2826125	975729	2825872	975638
14058	7191	7195	2	1079	2826125	975729	2826801	976571
14059	7192	7189	7	1041	2827423	976802	2826636	976120
14060	7192	7191	2	1684	2827423	976802	2826125	975729
14061	7193	7185	2	597	2827853	977050	2827883	977647
14062	7194	7188	2	1952	2825872	975638	2827821	975762
14063	7194	7189	2	903	2825872	975638	2826636	976120
14064	7194	7191	2	268	2825872	975638	2826125	975729
14065	7194	7195	2	1316	2825872	975638	2826801	976571
14066	7195	7189	7	480	2826801	976571	2826636	976120
14067	7195	7191	2	1079	2826801	976571	2826125	975729
14068	7196	3191	2	2617	2829878	979241	2828928	981680
14069	7196	7184	2	2401	2829878	979241	2828049	977685
14070	7196	7185	2	2553	2829878	979241	2827883	977647
14071	7196	7186	2	2730	2829878	979241	2827974	977284
14072	7196	7187	2	2799	2829878	979241	2827921	977239
14073	7196	7199	2	269	2829878	979241	2829801	978983
14074	7196	7200	2	1430	2829878	979241	2828940	978161
14075	7196	7204	2	2868	2829878	979241	2831352	981702
14076	7196	7205	2	1639	2829878	979241	2830898	980525
14077	7196	7206	2	2133	2829878	979241	2831282	980847
14078	7197	7185	2	1211	2828852	978374	2827883	977647
14079	7197	7186	7	1399	2828852	978374	2827974	977284
14080	7197	7187	2	1467	2828852	978374	2827921	977239
14081	7197	7188	2	2808	2828852	978374	2827821	975762
14082	7197	7190	2	2692	2828852	978374	2827871	975867
14083	7197	7196	2	1343	2828852	978374	2829878	979241
14084	7197	7199	2	1127	2828852	978374	2829801	978983
14085	7197	7200	7	230	2828852	978374	2828940	978161
14086	7197	7201	2	1373	2828852	978374	2827581	978894
14087	7197	7205	2	2968	2828852	978374	2830898	980525
14088	7198	7183	2	1551	2827656	978970	2827739	977421
14089	7198	7197	2	1336	2827656	978970	2828852	978374
14090	7198	7200	2	1517	2827656	978970	2828940	978161
14091	7199	3191	2	2834	2829801	978983	2828928	981680
14092	7199	7184	2	2180	2829801	978983	2828049	977685
14093	7199	7185	2	2337	2829801	978983	2827883	977647
14094	7199	7186	2	2494	2829801	978983	2827974	977284
14095	7199	7187	2	2564	2829801	978983	2827921	977239
14096	7199	7196	2	269	2829801	978983	2829878	979241
14097	7199	7197	2	1127	2829801	978983	2828852	978374
14098	7199	7200	2	1190	2829801	978983	2828940	978161
14099	7199	7204	2	3130	2829801	978983	2831352	981702
14100	7199	7205	2	1892	2829801	978983	2830898	980525
14101	7200	7184	7	1010	2828940	978161	2828049	977685
14102	7200	7185	2	1175	2828940	978161	2827883	977647
14103	7200	7186	7	1304	2828940	978161	2827974	977284
14104	7200	7187	2	1374	2828940	978161	2827921	977239
14105	7200	7188	2	2647	2828940	978161	2827821	975762
14106	7200	7190	2	2530	2828940	978161	2827871	975867
14107	7200	7196	2	1430	2828940	978161	2829878	979241
14108	7200	7197	7	230	2828940	978161	2828852	978374
14109	7200	7198	2	1517	2828940	978161	2827656	978970
14110	7200	7201	2	1544	2828940	978161	2827581	978894
14111	7200	7205	2	3069	2828940	978161	2830898	980525
14112	7201	7183	2	1481	2827581	978894	2827739	977421
14113	7201	7197	2	1373	2827581	978894	2828852	978374
14114	7201	7200	2	1544	2827581	978894	2828940	978161
14115	7203	3195	2	1024	2832266	982461	2832972	981718
14116	7203	7206	2	1890	2832266	982461	2831282	980847
14117	7203	7207	2	755	2832266	982461	2832361	981711
14118	7203	7208	2	873	2832266	982461	2832754	983186
14119	7204	3195	5	1620	2831352	981702	2832972	981718
14120	7204	7196	2	2868	2831352	981702	2829878	979241
14121	7204	7199	2	3130	2831352	981702	2829801	978983
14122	7204	7203	2	1188	2831352	981702	2832266	982461
14123	7204	7206	2	857	2831352	981702	2831282	980847
14124	7204	7208	2	2041	2831352	981702	2832754	983186
14125	7205	3195	2	2392	2830898	980525	2832972	981718
14126	7205	7197	2	2968	2830898	980525	2828852	978374
14127	7205	7199	2	1892	2830898	980525	2829801	978983
14128	7205	7200	2	3069	2830898	980525	2828940	978161
14129	7205	7203	2	2370	2830898	980525	2832266	982461
14130	7205	7204	2	1261	2830898	980525	2831352	981702
14131	7205	7206	2	501	2830898	980525	2831282	980847
14132	7205	7207	2	1883	2830898	980525	2832361	981711
14133	7206	3195	2	1901	2831282	980847	2832972	981718
14134	7206	7196	2	2133	2831282	980847	2829878	979241
14135	7206	7199	2	2380	2831282	980847	2829801	978983
14136	7206	7203	2	1890	2831282	980847	2832266	982461
14137	7206	7204	2	857	2831282	980847	2831352	981702
14138	7206	7205	2	501	2831282	980847	2830898	980525
14139	7207	7203	2	755	2832361	981711	2832266	982461
14140	7207	7205	2	1883	2832361	981711	2830898	980525
14141	7207	7206	2	1382	2832361	981711	2831282	980847
14142	7208	3195	2	1484	2832754	983186	2832972	981718
14143	7208	7203	2	873	2832754	983186	2832266	982461
14144	7208	7204	2	2041	2832754	983186	2831352	981702
14145	7208	7206	2	2763	2832754	983186	2831282	980847
14146	7208	7207	2	1526	2832754	983186	2832361	981711
14147	7208	7213	2	3003	2832754	983186	2834157	985842
14148	7209	3193	2	1661	2834160	985651	2833164	986981
14149	7209	3236	2	2633	2834160	985651	2836405	987027
14150	7209	7208	2	2837	2834160	985651	2832754	983186
14151	7209	7211	2	2531	2834160	985651	2835327	987898
14152	7209	7212	2	1367	2834160	985651	2834402	986997
14153	7210	3193	5	2121	2835285	987009	2833164	986981
14154	7210	7209	2	1763	2835285	987009	2834160	985651
14155	7210	7211	2	889	2835285	987009	2835327	987898
14156	7210	7213	2	1623	2835285	987009	2834157	985842
14157	7211	3193	2	2349	2835327	987898	2833164	986981
14158	7211	3236	2	1385	2835327	987898	2836405	987027
14159	7211	7209	2	2531	2835327	987898	2834160	985651
14160	7211	7210	2	889	2835327	987898	2835285	987009
14161	7211	7214	2	481	2835327	987898	2835674	988232
14162	7212	3236	5	2003	2834402	986997	2836405	987027
14163	7212	7209	2	1367	2834402	986997	2834160	985651
14164	7212	7211	2	1291	2834402	986997	2835327	987898
14165	7212	7214	2	1772	2834402	986997	2835674	988232
14166	7213	3193	2	1511	2834157	985842	2833164	986981
14167	7213	3236	2	2541	2834157	985842	2836405	987027
14168	7213	7208	2	3003	2834157	985842	2832754	983186
14169	7213	7210	2	1623	2834157	985842	2835285	987009
14170	7213	7211	2	2365	2834157	985842	2835327	987898
14171	7213	7212	2	1180	2834157	985842	2834402	986997
14172	7213	7214	2	2830	2834157	985842	2835674	988232
14173	7214	3193	2	2804	2835674	988232	2833164	986981
14174	7214	3236	2	1409	2835674	988232	2836405	987027
14175	7214	5816	2	2970	2835674	988232	2838360	989501
14176	7214	7209	2	2992	2835674	988232	2834160	985651
14177	7214	7210	2	1283	2835674	988232	2835285	987009
14178	7214	7211	2	481	2835674	988232	2835327	987898
14179	7214	7212	2	1772	2835674	988232	2834402	986997
14180	7214	7213	2	2830	2835674	988232	2834157	985842
14181	7215	3249	2	1472	2839541	994590	2840713	995482
14182	7215	7218	2	601	2839541	994590	2839725	995163
14183	7215	7219	2	2594	2839541	994590	2840699	996912
14184	7215	7220	2	2179	2839541	994590	2840711	996429
14185	7216	7215	2	1735	2840709	995874	2839541	994590
14186	7216	7218	2	1213	2840709	995874	2839725	995163
14187	7216	7220	2	555	2840709	995874	2840711	996429
14188	7217	2235	2	1702	2841527	997520	2842237	999067
14189	7217	3249	2	2194	2841527	997520	2840713	995482
14190	7217	3250	2	836	2841527	997520	2840693	997582
14191	7217	6327	2	319	2841527	997520	2841213	997581
14192	7217	7216	2	1838	2841527	997520	2840709	995874
14193	7217	7218	2	2966	2841527	997520	2839725	995163
14194	7217	7219	2	1027	2841527	997520	2840699	996912
14195	7217	7220	2	1362	2841527	997520	2840711	996429
14196	7218	3249	2	1038	2839725	995163	2840713	995482
14197	7218	3250	2	2605	2839725	995163	2840693	997582
14198	7218	3251	2	3084	2839725	995163	2837795	997569
14199	7218	6326	2	3084	2839725	995163	2841641	997580
14200	7218	6327	2	2839	2839725	995163	2841213	997581
14201	7218	7215	2	601	2839725	995163	2839541	994590
14202	7218	7216	2	1213	2839725	995163	2840709	995874
14203	7218	7217	2	2966	2839725	995163	2841527	997520
14204	7218	7219	2	2001	2839725	995163	2840699	996912
14205	7218	7220	2	1604	2839725	995163	2840711	996429
14206	7219	2233	2	2554	2840699	996912	2842280	998919
14207	7219	2235	2	2647	2840699	996912	2842237	999067
14208	7219	3249	5	1430	2840699	996912	2840713	995482
14209	7219	7215	2	2594	2840699	996912	2839541	994590
14210	7219	7217	2	1027	2840699	996912	2841527	997520
14211	7219	7220	2	483	2840699	996912	2840711	996429
14212	7220	2233	2	2943	2840711	996429	2842280	998919
14213	7220	2235	2	3047	2840711	996429	2842237	999067
14214	7220	3249	2	947	2840711	996429	2840713	995482
14215	7220	3250	2	1153	2840711	996429	2840693	997582
14216	7220	6326	2	1479	2840711	996429	2841641	997580
14217	7220	6327	2	1256	2840711	996429	2841213	997581
14218	7220	7215	2	2179	2840711	996429	2839541	994590
14219	7220	7216	2	555	2840711	996429	2840709	995874
14220	7220	7217	2	1362	2840711	996429	2841527	997520
14221	7221	7223	2	1529	2848013	1016246	2847434	1014830
14222	7221	7225	2	688	2848013	1016246	2848637	1015955
14223	7221	7226	2	1123	2848013	1016246	2848897	1016940
14224	7223	5856	2	2609	2847434	1014830	2848732	1012566
14225	7223	5857	2	2699	2847434	1014830	2845851	1012643
14226	7223	7221	2	1529	2847434	1014830	2848013	1016246
14227	7223	7222	2	1155	2847434	1014830	2847115	1015941
14228	7223	7224	2	1512	2847434	1014830	2848111	1016183
14229	7223	7225	2	1647	2847434	1014830	2848637	1015955
14230	7223	7226	2	2567	2847434	1014830	2848897	1016940
14231	7223	7227	2	821	2847434	1014830	2847657	1015621
14232	7223	7228	2	1104	2847434	1014830	2847373	1015933
14233	7224	7223	2	1512	2848111	1016183	2847434	1014830
14234	7224	7227	2	722	2848111	1016183	2847657	1015621
14235	7225	7221	2	688	2848637	1015955	2848013	1016246
14236	7225	7223	2	1647	2848637	1015955	2847434	1014830
14237	7225	7224	2	573	2848637	1015955	2848111	1016183
14238	7225	7227	2	1035	2848637	1015955	2847657	1015621
14239	7226	5859	2	2711	2848897	1016940	2851048	1018591
14240	7226	7221	2	1123	2848897	1016940	2848013	1016246
14241	7226	7223	2	2567	2848897	1016940	2847434	1014830
14242	7226	7224	2	1091	2848897	1016940	2848111	1016183
14243	7226	7225	2	1018	2848897	1016940	2848637	1015955
14244	7226	7227	2	1810	2848897	1016940	2847657	1015621
14245	7227	7221	2	719	2847657	1015621	2848013	1016246
14246	7227	7224	2	722	2847657	1015621	2848111	1016183
14247	7227	7225	2	1035	2847657	1015621	2848637	1015955
14248	7227	7226	2	1810	2847657	1015621	2848897	1016940
14249	7228	7223	2	1104	2847373	1015933	2847434	1014830
14250	7229	3302	2	2919	2848904	1021726	2851042	1023714
14251	7229	7230	2	655	2848904	1021726	2848386	1022127
14252	7229	7231	2	344	2848904	1021726	2849142	1021477
14253	7229	7232	2	968	2848904	1021726	2848669	1022666
14254	7229	7235	2	706	2848904	1021726	2848599	1022363
14255	7230	3302	5	3094	2848386	1022127	2851042	1023714
14256	7230	7231	2	997	2848386	1022127	2849142	1021477
14257	7230	7235	2	317	2848386	1022127	2848599	1022363
14258	7231	3302	2	2934	2849142	1021477	2851042	1023714
14259	7231	7229	2	344	2849142	1021477	2848904	1021726
14260	7231	7230	2	997	2849142	1021477	2848386	1022127
14261	7232	3302	5	2594	2848669	1022666	2851042	1023714
14262	7232	7229	2	968	2848669	1022666	2848904	1021726
14263	7232	7231	2	1279	2848669	1022666	2849142	1021477
14264	7233	1454	2	2750	2848132	1022881	2846738	1025252
14265	7233	1456	2	2468	2848132	1022881	2846800	1024959
14266	7233	1458	2	598	2848132	1022881	2847886	1023427
14267	7233	7234	2	591	2848132	1022881	2847803	1023372
14268	7234	1454	2	2160	2847803	1023372	2846738	1025252
14269	7234	1455	2	2801	2847803	1023372	2846641	1025921
14270	7234	1456	2	1877	2847803	1023372	2846800	1024959
14271	7235	3302	2	2791	2848599	1022363	2851042	1023714
14272	7235	7229	2	706	2848599	1022363	2848904	1021726
14273	7235	7230	2	317	2848599	1022363	2848386	1022127
14274	7235	7231	2	1039	2848599	1022363	2849142	1021477
14275	7235	7232	2	310	2848599	1022363	2848669	1022666
14276	7236	1454	2	1598	2846404	1026815	2846738	1025252
14277	7236	1455	2	924	2846404	1026815	2846641	1025921
14278	7236	1456	2	1897	2846404	1026815	2846800	1024959
14279	7236	7237	2	246	2846404	1026815	2846308	1027042
14280	7236	7241	2	1379	2846404	1026815	2846251	1028186
14281	7237	7236	2	246	2846308	1027042	2846404	1026815
14282	7237	7239	2	880	2846308	1027042	2846603	1027872
14283	7237	7240	2	426	2846308	1027042	2846391	1027460
14284	7237	7241	2	1145	2846308	1027042	2846251	1028186
14285	7238	3620	5	2583	2846172	1027459	2844304	1025674
14286	7238	7241	2	731	2846172	1027459	2846251	1028186
14287	7238	7243	2	3085	2846172	1027459	2846096	1030544
14288	7239	1454	2	2623	2846603	1027872	2846738	1025252
14289	7239	1456	2	2919	2846603	1027872	2846800	1024959
14290	7239	3619	5	2121	2846603	1027872	2845068	1026407
14291	7239	3620	5	3180	2846603	1027872	2844304	1025674
14292	7239	7236	2	1075	2846603	1027872	2846404	1026815
14293	7239	7237	2	880	2846603	1027872	2846308	1027042
14294	7239	7241	2	471	2846603	1027872	2846251	1028186
14295	7240	1454	2	2235	2846391	1027460	2846738	1025252
14296	7240	1455	2	1559	2846391	1027460	2846641	1025921
14297	7240	1456	2	2534	2846391	1027460	2846800	1024959
14298	7240	7236	2	645	2846391	1027460	2846404	1026815
14299	7240	7237	2	426	2846391	1027460	2846308	1027042
14300	7240	7239	2	463	2846391	1027460	2846603	1027872
14301	7240	7241	2	739	2846391	1027460	2846251	1028186
14302	7241	1454	2	2974	2846251	1028186	2846738	1025252
14303	7241	1455	2	2298	2846251	1028186	2846641	1025921
14304	7241	3619	2	2136	2846251	1028186	2845068	1026407
14305	7241	3620	2	3178	2846251	1028186	2844304	1025674
14306	7241	5713	2	2503	2846251	1028186	2845768	1025730
14307	7241	5714	2	2861	2846251	1028186	2845924	1025343
14308	7241	7236	2	1379	2846251	1028186	2846404	1026815
14309	7241	7239	2	471	2846251	1028186	2846603	1027872
14310	7241	7240	2	739	2846251	1028186	2846391	1027460
14311	7241	7387	2	2222	2846251	1028186	2844922	1026405
14312	7242	3595	2	2433	2846194	1030660	2845682	1033039
14313	7242	3615	2	1113	2846194	1030660	2845690	1031653
14314	7242	7245	2	1008	2846194	1030660	2846036	1031656
14315	7243	3595	2	2529	2846096	1030544	2845682	1033039
14316	7243	3615	2	1180	2846096	1030544	2845690	1031653
14317	7243	7238	2	3085	2846096	1030544	2846172	1027459
14318	7243	7245	2	1113	2846096	1030544	2846036	1031656
14319	7244	7247	2	1191	2846396	1031660	2846683	1032816
14320	7245	3613	5	2993	2846036	1031656	2843043	1031634
14321	7245	7242	2	1008	2846036	1031656	2846194	1030660
14322	7246	1459	2	1608	2846769	1032726	2848339	1033074
14323	7246	1460	2	628	2846769	1032726	2846228	1033046
14324	7246	1462	2	1653	2846769	1032726	2848339	1033246
14325	7246	1463	2	2749	2846769	1032726	2849424	1033439
14326	7246	1464	2	1767	2846769	1032726	2848337	1033542
14327	7246	1465	2	1876	2846769	1032726	2848337	1033757
14328	7246	3585	2	2545	2846769	1032726	2849289	1033086
14329	7246	7244	2	1129	2846769	1032726	2846396	1031660
14330	7247	1459	2	1675	2846683	1032816	2848339	1033074
14331	7247	1460	2	509	2846683	1032816	2846228	1033046
14332	7247	1461	2	2523	2846683	1032816	2849151	1033341
14333	7247	1462	2	1710	2846683	1032816	2848339	1033246
14334	7247	1463	2	2810	2846683	1032816	2849424	1033439
14335	7247	1464	2	1806	2846683	1032816	2848337	1033542
14336	7247	1465	2	1902	2846683	1032816	2848337	1033757
14337	7247	3585	2	2619	2846683	1032816	2849289	1033086
14338	7247	3589	2	1520	2846683	1032816	2846639	1034336
14339	7247	7244	2	1191	2846683	1032816	2846396	1031660
14340	7248	1312	2	1225	2868267	1076914	2867605	1075883
14341	7248	1317	2	963	2868267	1076914	2867746	1076103
14342	7248	7249	2	929	2868267	1076914	2868040	1077815
14343	7249	1317	2	1737	2868040	1077815	2867746	1076103
14344	7249	4908	2	2943	2868040	1077815	2868362	1074889
14345	7249	7248	2	929	2868040	1077815	2868267	1076914
14346	7250	1317	2	829	2867540	1076907	2867746	1076103
14347	7250	7249	2	1036	2867540	1076907	2868040	1077815
14348	7250	7251	2	1190	2867540	1076907	2868153	1077928
14349	7251	1312	2	2117	2868153	1077928	2867605	1075883
14350	7251	1317	2	1869	2868153	1077928	2867746	1076103
14351	7251	4908	2	3046	2868153	1077928	2868362	1074889
14352	7251	7248	2	1020	2868153	1077928	2868267	1076914
14353	7251	7250	2	1190	2868153	1077928	2867540	1076907
14354	7252	5163	2	1486	2869491	1086375	2868504	1087487
14355	7252	7255	2	1216	2869491	1086375	2869008	1087491
14356	7252	7256	2	2242	2869491	1086375	2869303	1088610
14357	7253	7252	2	1146	2869732	1087496	2869491	1086375
14358	7253	7256	2	1193	2869732	1087496	2869303	1088610
14359	7253	7257	2	1031	2869732	1087496	2869380	1086526
14360	7254	5163	2	1307	2869403	1088437	2868504	1087487
14361	7254	7252	2	2063	2869403	1088437	2869491	1086375
14362	7254	7253	2	996	2869403	1088437	2869732	1087496
14363	7254	7255	2	1025	2869403	1088437	2869008	1087491
14364	7254	7257	2	1911	2869403	1088437	2869380	1086526
14365	7255	7252	2	1216	2869008	1087491	2869491	1086375
14366	7255	7254	2	1025	2869008	1087491	2869403	1088437
14367	7255	7256	2	1157	2869008	1087491	2869303	1088610
14368	7256	5163	2	1378	2869303	1088610	2868504	1087487
14369	7256	7252	2	2242	2869303	1088610	2869491	1086375
14370	7256	7253	2	1193	2869303	1088610	2869732	1087496
14371	7257	5162	2	1824	2869380	1086526	2868528	1084913
14372	7257	5163	2	1300	2869380	1086526	2868504	1087487
14373	7257	7253	2	1031	2869380	1086526	2869732	1087496
14374	7257	7254	2	1911	2869380	1086526	2869403	1088437
14375	7257	7255	2	1034	2869380	1086526	2869008	1087491
14376	7257	7256	2	2085	2869380	1086526	2869303	1088610
14377	7258	3148	2	2973	2809330	979752	2812303	979690
14378	7260	7270	2	1008	2809429	976219	2809424	975211
14379	7260	7273	2	2549	2809429	976219	2809467	973670
14380	7262	7263	2	315	2809643	976077	2809514	976365
14381	7262	7266	2	982	2809643	976077	2809505	977050
14382	7262	7272	2	908	2809643	976077	2809513	975178
14383	7262	7273	2	2413	2809643	976077	2809467	973670
14384	7263	3143	2	2351	2809514	976365	2809803	974031
14385	7263	7264	2	566	2809514	976365	2809519	975799
14386	7264	3143	2	1790	2809519	975799	2809803	974031
14387	7264	7262	2	304	2809519	975799	2809643	976077
14388	7264	7266	2	1251	2809519	975799	2809505	977050
14389	7265	7260	2	455	2809429	975764	2809429	976219
14390	7265	7273	2	2094	2809429	975764	2809467	973670
14391	7266	3143	2	3033	2809505	977050	2809803	974031
14392	7266	7262	2	982	2809505	977050	2809643	976077
14393	7266	7263	2	685	2809505	977050	2809514	976365
14394	7266	7264	2	1251	2809505	977050	2809519	975799
14395	7270	1856	2	2679	2809424	975211	2809429	972532
14396	7270	7260	2	1008	2809424	975211	2809429	976219
14397	7270	7265	2	553	2809424	975211	2809429	975764
14398	7270	7273	2	1541	2809424	975211	2809467	973670
14399	7271	1856	2	1185	2809384	973717	2809429	972532
14400	7271	3138	2	2132	2809384	973717	2807406	972921
14401	7271	3143	2	523	2809384	973717	2809803	974031
14402	7272	7262	2	908	2809513	975178	2809643	976077
14403	7273	1856	2	1138	2809467	973670	2809429	972532
14404	7273	3138	2	2192	2809467	973670	2807406	972921
14405	7273	3143	2	493	2809467	973670	2809803	974031
14406	7273	7260	2	2549	2809467	973670	2809429	976219
14407	7273	7262	2	2413	2809467	973670	2809643	976077
14408	7273	7265	2	2094	2809467	973670	2809429	975764
14409	7273	7270	2	1541	2809467	973670	2809424	975211
14410	7273	7274	2	973	2809467	973670	2809337	972705
14411	7274	3138	2	1943	2809337	972705	2807406	972921
14412	7274	3139	2	1374	2809337	972705	2809025	974044
14413	7274	7271	2	1013	2809337	972705	2809384	973717
14414	7274	7273	2	973	2809337	972705	2809467	973670
14415	7278	3848	5	2631	2828518	1027725	2827577	1030182
14416	7278	3851	5	1276	2828518	1027725	2829077	1028873
14417	7279	1602	2	1607	2836735	1019679	2837654	1020998
14418	7279	1611	2	2529	2836735	1019679	2837926	1021910
14419	7279	2622	2	1259	2836735	1019679	2837533	1020653
14420	7279	2624	2	1293	2836735	1019679	2837712	1020527
14421	7279	2627	2	1122	2836735	1019679	2837350	1020618
14422	7279	6499	2	1069	2836735	1019679	2837599	1020310
14423	7279	6500	2	932	2836735	1019679	2836997	1020574
14424	7279	6501	2	1588	2836735	1019679	2837865	1020795
14425	7279	6502	2	1674	2836735	1019679	2837808	1020964
14426	7279	6600	2	2327	2836735	1019679	2838240	1021454
14427	7281	2470	2	3120	2777051	1023298	2779834	1021887
14428	7281	2471	2	2930	2777051	1023298	2779790	1022257
14429	7283	2298	2	3118	2868375	1009639	2868139	1012749
14430	7283	2303	2	1967	2868375	1009639	2868205	1011599
14431	7283	3343	2	1690	2868375	1009639	2866763	1010148
14432	7283	5829	2	2386	2868375	1009639	2867127	1011673
14433	7284	7287	2	1602	2869011	1009508	2868605	1007958
14434	7285	2298	2	3124	2868444	1009639	2868139	1012749
14435	7285	3343	2	1756	2868444	1009639	2866763	1010148
14436	7285	5829	2	2423	2868444	1009639	2867127	1011673
14437	7286	2295	2	3147	2867942	1009581	2868089	1012725
14438	7286	2302	2	1866	2867942	1009581	2868127	1011438
14439	7287	3350	2	1836	2868605	1007958	2869610	1009495
14440	7287	5834	2	2392	2868605	1007958	2869711	1005836
14441	7287	7284	2	1602	2868605	1007958	2869011	1009508
14442	7288	3350	2	1688	2868677	1008088	2869610	1009495
14443	7288	5834	2	2478	2868677	1008088	2869711	1005836
14444	7288	7284	2	1458	2868677	1008088	2869011	1009508
14445	7289	7290	2	1340	2868227	1003117	2868580	1004410
14446	7289	7291	2	1356	2868227	1003117	2868499	1004446
14447	7290	3352	2	2113	2868580	1004410	2866937	1003081
14448	7290	3354	2	2421	2868580	1004410	2866990	1002583
14449	7290	5834	2	1820	2868580	1004410	2869711	1005836
14450	7290	7289	2	1340	2868580	1004410	2868227	1003117
14451	7291	3352	2	2074	2868499	1004446	2866937	1003081
14452	7291	3354	2	2397	2868499	1004446	2866990	1002583
14453	7291	5834	2	1844	2868499	1004446	2869711	1005836
14454	7302	7311	5	2336	2854419	1042294	2852083	1042252
14455	7303	4661	5	2908	2840282	1046080	2842885	1044782
14456	7303	4662	5	2596	2840282	1046080	2842870	1045866
14457	7303	7306	5	1804	2840282	1046080	2841518	1044765
14458	7305	1875	2	3124	2840313	1043523	2841547	1040653
14459	7305	1880	2	3107	2840313	1043523	2839086	1040668
14460	7306	4660	5	1826	2841518	1044765	2842896	1043566
14461	7306	7303	5	1804	2841518	1044765	2840282	1046080
14462	7307	1866	2	3043	2846893	1042177	2844257	1040656
14463	7307	1874	2	2895	2846893	1042177	2844400	1040704
14464	7307	7310	5	2667	2846893	1042177	2849560	1042208
14465	7310	7307	5	2667	2849560	1042208	2846893	1042177
14466	7311	4729	5	2668	2852083	1042252	2852083	1044920
14467	7311	6857	2	3160	2852083	1042252	2854735	1040532
14468	7311	7302	5	2336	2852083	1042252	2854419	1042294
14469	7315	1875	2	2926	2838992	1042079	2841547	1040653
14470	7321	3600	5	1184	2845617	1040048	2845625	1038864
14471	7321	7322	5	2100	2845617	1040048	2845631	1037948
14472	7322	3572	5	1606	2845631	1037948	2845620	1039554
14473	7322	7321	5	2100	2845631	1037948	2845617	1040048
14474	7323	3568	5	3016	2855704	1039528	2853555	1037411
14475	7323	6797	2	1229	2855704	1039528	2855757	1038300
14476	7323	6798	2	1234	2855704	1039528	2855886	1038307
14477	7323	6799	2	1369	2855704	1039528	2857072	1039597
14478	7323	6806	2	1454	2855704	1039528	2857111	1039896
14479	7324	1484	2	2045	2853517	1039713	2851745	1040735
14480	7324	1485	7	2547	2853517	1039713	2851145	1040641
14481	7324	3565	5	2813	2853517	1039713	2850857	1040629
14482	7324	6815	2	2115	2853517	1039713	2855567	1040236
14483	7325	1472	2	2693	2854580	1038957	2853616	1036442
14484	7325	1474	2	2688	2854580	1038957	2853562	1036469
14485	7325	1475	5	2596	2854580	1038957	2853475	1036607
14486	7325	3568	5	1854	2854580	1038957	2853555	1037411
14487	7325	6797	2	1347	2854580	1038957	2855757	1038300
14488	7325	6798	2	1458	2854580	1038957	2855886	1038307
14489	7325	6799	2	2572	2854580	1038957	2857072	1039597
14490	7325	6806	2	2699	2854580	1038957	2857111	1039896
14491	7326	1486	2	2984	2850911	1038060	2852139	1040780
14492	7326	3565	5	2569	2850911	1038060	2850857	1040629
14493	7328	3639	5	1667	2833841	1031021	2835195	1030048
14494	7329	3784	5	1535	2832628	1031033	2831190	1031572
14495	7332	2794	5	1135	2792071	1036028	2792949	1036748
14496	7333	1242	2	883	2859265	1041311	2859979	1041831
14497	7333	2937	7	385	2859265	1041311	2859004	1041595
14498	7333	6795	7	414	2859265	1041311	2859121	1041700
14499	7333	6796	2	866	2859265	1041311	2859805	1041989
14500	7333	6800	2	1123	2859265	1041311	2858285	1040761
14501	7333	6802	2	1858	2859265	1041311	2857593	1040499
14502	7333	6810	2	430	2859265	1041311	2858840	1041243
14503	7333	6864	2	561	2859265	1041311	2859437	1041846
14504	7338	7086	7	1201	2793524	1047196	2794697	1047455
14505	7338	7088	7	1942	2793524	1047196	2794949	1048516
14506	7338	7089	7	329	2793524	1047196	2793853	1047192
14507	7339	7080	2	645	2795478	1047140	2796120	1047071
14508	7339	7082	2	1660	2795478	1047140	2797133	1047008
14509	7339	7354	2	203	2795478	1047140	2795306	1047031
14510	7343	7080	2	1791	2797909	1046984	2796120	1047071
14511	7343	7082	2	776	2797909	1046984	2797133	1047008
14512	7343	7358	7	1611	2797909	1046984	2796302	1047103
14513	7343	7378	2	3069	2797909	1046984	2794927	1046257
14514	7345	2801	2	2505	2794736	1046055	2794204	1043607
14515	7345	2803	7	319	2794736	1046055	2795033	1045938
14516	7345	2805	2	1503	2794736	1046055	2794528	1044566
14517	7345	7079	7	1203	2794736	1046055	2794671	1044853
14518	7345	7082	2	2579	2794736	1046055	2797133	1047008
14519	7345	7092	7	2144	2794736	1046055	2796273	1044559
14520	7345	7347	2	613	2794736	1046055	2794750	1045442
14521	7345	7353	2	1708	2794736	1046055	2794364	1044387
14522	7345	7378	2	278	2794736	1046055	2794927	1046257
14523	7345	7384	7	313	2794736	1046055	2794958	1045834
14524	7346	2806	2	1763	2795310	1047360	2794749	1049032
14525	7346	2808	2	2065	2795310	1047360	2794645	1049315
14526	7346	2810	2	2273	2795310	1047360	2794739	1049561
14527	7346	6155	2	2523	2795310	1047360	2796545	1049561
14528	7346	7085	2	542	2795310	1047360	2795849	1047425
14529	7346	7087	2	207	2795310	1047360	2795125	1047454
14530	7346	7088	2	1211	2795310	1047360	2794949	1048516
14531	7347	2801	2	1914	2794750	1045442	2794204	1043607
14532	7347	2803	2	571	2794750	1045442	2795033	1045938
14533	7347	2804	2	837	2794750	1045442	2794779	1044605
14534	7347	2805	2	903	2794750	1045442	2794528	1044566
14535	7347	7077	2	2080	2794750	1045442	2793300	1046934
14536	7347	7079	2	594	2794750	1045442	2794671	1044853
14537	7347	7082	2	2851	2794750	1045442	2797133	1047008
14538	7347	7090	2	922	2794750	1045442	2794280	1044648
14539	7347	7091	2	970	2794750	1045442	2795295	1046245
14540	7347	7093	2	2752	2794750	1045442	2797082	1046904
14541	7347	7345	2	613	2794750	1045442	2794736	1046055
14542	7347	7348	2	491	2794750	1045442	2794725	1045933
14543	7347	7349	2	946	2794750	1045442	2794928	1046372
14544	7347	7350	2	1004	2794750	1045442	2794889	1046437
14545	7347	7352	2	1543	2794750	1045442	2795679	1046675
14546	7347	7353	2	1123	2794750	1045442	2794364	1044387
14547	7347	7358	2	2273	2794750	1045442	2796302	1047103
14548	7347	7362	2	1375	2794750	1045442	2794748	1046817
14549	7347	7370	2	1479	2794750	1045442	2795080	1046884
14550	7347	7371	2	997	2794750	1045442	2795203	1046331
14551	7347	7378	2	833	2794750	1045442	2794927	1046257
14552	7347	7381	2	837	2794750	1045442	2794623	1044614
14553	7347	7384	2	443	2794750	1045442	2794958	1045834
14554	7348	2801	2	2383	2794725	1045933	2794204	1043607
14555	7348	2803	7	308	2794725	1045933	2795033	1045938
14556	7348	2805	2	1381	2794725	1045933	2794528	1044566
14557	7348	7079	7	1081	2794725	1045933	2794671	1044853
14558	7348	7082	2	2637	2794725	1045933	2797133	1047008
14559	7348	7347	2	491	2794725	1045933	2794750	1045442
14560	7348	7378	2	381	2794725	1045933	2794927	1046257
14561	7348	7384	7	253	2794725	1045933	2794958	1045834
14562	7349	2801	2	2858	2794928	1046372	2794204	1043607
14563	7349	2805	2	1849	2794928	1046372	2794528	1044566
14564	7349	7082	2	2294	2794928	1046372	2797133	1047008
14565	7349	7091	7	388	2794928	1046372	2795295	1046245
14566	7349	7347	2	946	2794928	1046372	2794750	1045442
14567	7349	7353	2	2063	2794928	1046372	2794364	1044387
14568	7349	7371	7	278	2794928	1046372	2795203	1046331
14569	7350	2801	2	2911	2794889	1046437	2794204	1043607
14570	7350	2805	2	1905	2794889	1046437	2794528	1044566
14571	7350	7091	7	449	2794889	1046437	2795295	1046245
14572	7350	7347	2	1004	2794889	1046437	2794750	1045442
14573	7350	7353	2	2116	2794889	1046437	2794364	1044387
14574	7351	1714	2	2045	2808887	1049075	2809127	1051106
14575	7351	1734	2	2661	2808887	1049075	2809005	1051734
14576	7351	7363	7	856	2808887	1049075	2808077	1048797
14577	7351	7366	7	1534	2808887	1049075	2807495	1048429
14578	7352	2804	7	2257	2795679	1046675	2794779	1044605
14579	7352	2805	2	2402	2795679	1046675	2794528	1044566
14580	7352	7079	7	2082	2795679	1046675	2794671	1044853
14581	7352	7082	2	1491	2795679	1046675	2797133	1047008
14582	7352	7091	7	576	2795679	1046675	2795295	1046245
14583	7352	7093	7	1421	2795679	1046675	2797082	1046904
14584	7352	7347	2	1543	2795679	1046675	2794750	1045442
14585	7352	7353	2	2638	2795679	1046675	2794364	1044387
14586	7352	7378	2	860	2795679	1046675	2794927	1046257
14587	7353	2799	2	2149	2794364	1044387	2793999	1042269
14588	7353	2802	2	2422	2794364	1044387	2793777	1042037
14589	7353	2803	2	1689	2794364	1044387	2795033	1045938
14590	7353	2804	2	468	2794364	1044387	2794779	1044605
14591	7353	2805	2	242	2794364	1044387	2794528	1044566
14592	7353	7079	2	558	2794364	1044387	2794671	1044853
14593	7353	7090	2	274	2794364	1044387	2794280	1044648
14594	7353	7091	2	2078	2794364	1044387	2795295	1046245
14595	7353	7345	2	1708	2794364	1044387	2794736	1046055
14596	7353	7347	2	1123	2794364	1044387	2794750	1045442
14597	7353	7348	2	1587	2794364	1044387	2794725	1045933
14598	7353	7349	2	2063	2794364	1044387	2794928	1046372
14599	7353	7350	2	2116	2794364	1044387	2794889	1046437
14600	7353	7352	2	2638	2794364	1044387	2795679	1046675
14601	7353	7362	2	2460	2794364	1044387	2794748	1046817
14602	7353	7370	2	2597	2794364	1044387	2795080	1046884
14603	7353	7371	2	2117	2794364	1044387	2795203	1046331
14604	7353	7378	2	1952	2794364	1044387	2794927	1046257
14605	7353	7381	2	344	2794364	1044387	2794623	1044614
14606	7353	7384	2	1564	2794364	1044387	2794958	1045834
14607	7354	7080	2	814	2795306	1047031	2796120	1047071
14608	7354	7081	2	315	2795306	1047031	2795621	1047034
14609	7354	7339	2	203	2795306	1047031	2795478	1047140
14610	7354	7358	2	998	2795306	1047031	2796302	1047103
14611	7355	1599	2	1388	2823344	1060299	2822748	1059045
14612	7355	5980	5	1638	2823344	1060299	2824529	1059168
14613	7356	1398	7	421	2808090	1048579	2808511	1048584
14614	7356	1399	2	440	2808090	1048579	2807717	1048345
14615	7356	1401	2	2166	2808090	1048579	2806322	1047326
14616	7356	1711	2	1047	2808090	1048579	2809049	1048158
14617	7356	1712	2	957	2808090	1048579	2809007	1048303
14618	7356	1728	2	1973	2808090	1048579	2806529	1047371
14619	7356	1735	7	806	2808090	1048579	2808729	1049071
14620	7356	7363	7	218	2808090	1048579	2808077	1048797
14621	7356	7366	7	613	2808090	1048579	2807495	1048429
14622	7356	7369	2	686	2808090	1048579	2808715	1048863
14623	7356	7373	2	641	2808090	1048579	2807500	1048327
14624	7358	2805	2	3095	2796302	1047103	2794528	1044566
14625	7358	7079	7	2778	2796302	1047103	2794671	1044853
14626	7358	7082	2	836	2796302	1047103	2797133	1047008
14627	7358	7091	7	1322	2796302	1047103	2795295	1046245
14628	7358	7093	7	804	2796302	1047103	2797082	1046904
14629	7358	7347	2	2273	2796302	1047103	2794750	1045442
14630	7358	7352	7	755	2796302	1047103	2795679	1046675
14631	7358	7354	2	998	2796302	1047103	2795306	1047031
14632	7358	7378	2	1614	2796302	1047103	2794927	1046257
14633	7358	7381	7	3002	2796302	1047103	2794623	1044614
14634	7358	7384	7	1848	2796302	1047103	2794958	1045834
14635	7361	1624	2	2192	2818133	1046286	2818729	1048396
14636	7361	1626	7	1335	2818133	1046286	2818158	1047621
14637	7361	1632	2	2863	2818133	1046286	2819250	1048923
14638	7361	1634	7	1528	2818133	1046286	2818604	1047740
14639	7361	1637	5	1635	2818133	1046286	2818710	1047816
14640	7361	1638	5	1811	2818133	1046286	2819178	1047766
14641	7361	1641	7	576	2818133	1046286	2817608	1046524
14642	7361	1642	7	566	2818133	1046286	2817567	1046269
14643	7361	1649	2	1554	2818133	1046286	2816694	1045699
14644	7361	1652	7	435	2818133	1046286	2817728	1046127
14645	7361	1653	2	454	2818133	1046286	2818023	1046727
14646	7361	1657	5	1588	2818133	1046286	2816901	1047289
14647	7361	2919	5	1501	2818133	1046286	2816684	1046681
14648	7361	4707	7	507	2818133	1046286	2818024	1045790
14649	7361	6377	5	2604	2818133	1046286	2815532	1046413
14650	7362	2805	2	2261	2794748	1046817	2794528	1044566
14651	7362	7347	2	1375	2794748	1046817	2794750	1045442
14652	7362	7353	2	2460	2794748	1046817	2794364	1044387
14653	7362	7378	2	587	2794748	1046817	2794927	1046257
14654	7363	1398	7	483	2808077	1048797	2808511	1048584
14655	7363	1399	2	577	2808077	1048797	2807717	1048345
14656	7363	1401	2	2289	2808077	1048797	2806322	1047326
14657	7363	1711	2	1163	2808077	1048797	2809049	1048158
14658	7363	1728	2	2104	2808077	1048797	2806529	1047371
14659	7363	1735	7	707	2808077	1048797	2808729	1049071
14660	7363	7351	7	856	2808077	1048797	2808887	1049075
14661	7363	7356	7	218	2808077	1048797	2808090	1048579
14662	7363	7364	2	505	2808077	1048797	2808579	1048736
14663	7363	7366	7	688	2808077	1048797	2807495	1048429
14664	7363	7369	2	641	2808077	1048797	2808715	1048863
14665	7363	7373	2	744	2808077	1048797	2807500	1048327
14666	7364	1399	2	946	2808579	1048736	2807717	1048345
14667	7364	1400	2	2905	2808579	1048736	2806107	1047209
14668	7364	1401	2	2661	2808579	1048736	2806322	1047326
14669	7364	1714	2	2432	2808579	1048736	2809127	1051106
14670	7364	1728	2	2462	2808579	1048736	2806529	1047371
14671	7364	1729	2	1513	2808579	1048736	2807174	1048174
14672	7364	1735	2	367	2808579	1048736	2808729	1049071
14673	7364	5960	2	1790	2808579	1048736	2808940	1050490
14674	7364	6419	2	1836	2808579	1048736	2809275	1050436
14675	7364	7356	2	513	2808579	1048736	2808090	1048579
14676	7364	7363	2	505	2808579	1048736	2808077	1048797
14677	7364	7366	2	1126	2808579	1048736	2807495	1048429
14678	7364	7373	2	1153	2808579	1048736	2807500	1048327
14679	7365	1399	2	1189	2808899	1048478	2807717	1048345
14680	7365	1401	2	2822	2808899	1048478	2806322	1047326
14681	7365	1711	2	353	2808899	1048478	2809049	1048158
14682	7365	1728	2	2615	2808899	1048478	2806529	1047371
14683	7365	6416	5	676	2808899	1048478	2808926	1047802
14684	7365	7356	7	815	2808899	1048478	2808090	1048579
14685	7365	7366	7	1404	2808899	1048478	2807495	1048429
14686	7365	7373	2	1407	2808899	1048478	2807500	1048327
14687	7366	1398	7	1027	2807495	1048429	2808511	1048584
14688	7366	1399	2	237	2807495	1048429	2807717	1048345
14689	7366	1401	2	1610	2807495	1048429	2806322	1047326
14690	7366	1728	2	1432	2807495	1048429	2806529	1047371
14691	7366	1735	7	1391	2807495	1048429	2808729	1049071
14692	7366	7351	7	1534	2807495	1048429	2808887	1049075
14693	7366	7363	7	688	2807495	1048429	2808077	1048797
14694	7366	7364	2	1126	2807495	1048429	2808579	1048736
14695	7366	7365	7	1404	2807495	1048429	2808899	1048478
14696	7366	7369	2	1294	2807495	1048429	2808715	1048863
14697	7367	2806	2	1980	2795567	1047228	2794749	1049032
14698	7367	2808	2	2281	2795567	1047228	2794645	1049315
14699	7367	2810	7	2475	2795567	1047228	2794739	1049561
14700	7367	6155	7	2529	2795567	1047228	2796545	1049561
14701	7367	7083	2	1061	2795567	1047228	2795200	1048224
14702	7367	7085	7	343	2795567	1047228	2795849	1047425
14703	7367	7346	2	288	2795567	1047228	2795310	1047360
14704	7368	2876	2	2285	2800507	1046949	2802792	1046953
14705	7369	1398	2	345	2808715	1048863	2808511	1048584
14706	7369	1399	2	1124	2808715	1048863	2807717	1048345
14707	7369	1400	2	3088	2808715	1048863	2806107	1047209
14708	7369	1401	2	2844	2808715	1048863	2806322	1047326
14709	7369	1728	2	2646	2808715	1048863	2806529	1047371
14710	7369	1729	2	1688	2808715	1048863	2807174	1048174
14711	7369	7356	2	686	2808715	1048863	2808090	1048579
14712	7369	7363	2	641	2808715	1048863	2808077	1048797
14713	7369	7366	2	1294	2808715	1048863	2807495	1048429
14714	7370	2805	2	2382	2795080	1046884	2794528	1044566
14715	7370	7347	2	1479	2795080	1046884	2794750	1045442
14716	7370	7353	2	2597	2795080	1046884	2794364	1044387
14717	7370	7378	2	645	2795080	1046884	2794927	1046257
14718	7371	2801	2	2901	2795203	1046331	2794204	1043607
14719	7371	2805	2	1889	2795203	1046331	2794528	1044566
14720	7371	7082	2	2045	2795203	1046331	2797133	1047008
14721	7371	7347	2	997	2795203	1046331	2794750	1045442
14722	7371	7349	7	278	2795203	1046331	2794928	1046372
14723	7371	7353	2	2117	2795203	1046331	2794364	1044387
14724	7371	7378	2	285	2795203	1046331	2794927	1046257
14725	7373	1210	2	3137	2807500	1048327	2808946	1045543
14726	7373	1398	2	1043	2807500	1048327	2808511	1048584
14727	7373	1399	2	217	2807500	1048327	2807717	1048345
14728	7373	1400	2	1786	2807500	1048327	2806107	1047209
14729	7373	1707	2	3184	2807500	1048327	2808742	1045395
14730	7373	1728	2	1362	2807500	1048327	2806529	1047371
14731	7373	1729	2	360	2807500	1048327	2807174	1048174
14732	7373	1735	2	1436	2807500	1048327	2808729	1049071
14733	7373	1736	2	1813	2807500	1048327	2809010	1049332
14734	7373	1737	2	1448	2807500	1048327	2808927	1048577
14735	7373	6399	2	2715	2807500	1048327	2808832	1045961
14736	7373	6417	2	532	2807500	1048327	2807614	1047807
14737	7373	6418	2	1702	2807500	1048327	2808935	1049243
14738	7373	7356	2	641	2807500	1048327	2808090	1048579
14739	7373	7363	2	744	2807500	1048327	2808077	1048797
14740	7373	7364	2	1153	2807500	1048327	2808579	1048736
14741	7373	7365	2	1407	2807500	1048327	2808899	1048478
14742	7373	7369	2	1327	2807500	1048327	2808715	1048863
14743	7378	2801	2	2746	2794927	1046257	2794204	1043607
14744	7378	2803	2	336	2794927	1046257	2795033	1045938
14745	7378	2804	2	1658	2794927	1046257	2794779	1044605
14746	7378	2805	2	1737	2794927	1046257	2794528	1044566
14747	7378	6092	2	1927	2794927	1046257	2793091	1045669
14748	7378	6093	2	2044	2794927	1046257	2793829	1044532
14749	7378	7079	2	1427	2794927	1046257	2794671	1044853
14750	7378	7082	2	2330	2794927	1046257	2797133	1047008
14751	7378	7090	2	1734	2794927	1046257	2794280	1044648
14752	7378	7091	2	368	2794927	1046257	2795295	1046245
14753	7378	7092	2	2166	2794927	1046257	2796273	1044559
14754	7378	7093	2	2250	2794927	1046257	2797082	1046904
14755	7378	7343	2	3069	2794927	1046257	2797909	1046984
14756	7378	7345	2	278	2794927	1046257	2794736	1046055
14757	7378	7347	2	833	2794927	1046257	2794750	1045442
14758	7378	7352	2	860	2794927	1046257	2795679	1046675
14759	7378	7358	2	1614	2794927	1046257	2796302	1047103
14760	7378	7362	2	587	2794927	1046257	2794748	1046817
14761	7378	7370	2	645	2794927	1046257	2795080	1046884
14762	7378	7371	2	285	2794927	1046257	2795203	1046331
14763	7378	7381	2	1670	2794927	1046257	2794623	1044614
14764	7378	7384	2	424	2794927	1046257	2794958	1045834
14765	7381	2801	2	1090	2794623	1044614	2794204	1043607
14766	7381	2802	2	2712	2794623	1044614	2793777	1042037
14767	7381	7090	7	344	2794623	1044614	2794280	1044648
14768	7381	7347	2	837	2794623	1044614	2794750	1045442
14769	7381	7353	2	344	2794623	1044614	2794364	1044387
14770	7381	7358	7	3002	2794623	1044614	2796302	1047103
14771	7381	7378	2	1670	2794623	1044614	2794927	1046257
14772	7382	1647	2	420	2817112	1045561	2816693	1045532
14773	7382	1649	2	440	2817112	1045561	2816694	1045699
14774	7382	1651	2	1244	2817112	1045561	2818342	1045751
14775	7382	1666	2	2672	2817112	1045561	2814440	1045504
14776	7382	1668	2	2562	2817112	1045561	2814550	1045586
14777	7382	1715	2	327	2817112	1045561	2816801	1045664
14778	7382	1716	2	637	2817112	1045561	2816477	1045612
14779	7382	1718	2	1826	2817112	1045561	2815286	1045517
14780	7382	2914	2	2407	2817112	1045561	2814860	1046411
14781	7382	2915	2	2518	2817112	1045561	2814856	1046681
14782	7383	3455	2	382	2887852	1026664	2887840	1026282
14783	7383	3462	2	2652	2887852	1026664	2885205	1026838
14784	7383	3464	2	262	2887852	1026664	2887823	1026925
14785	7384	2801	2	2351	2794958	1045834	2794204	1043607
14786	7384	2804	7	1241	2794958	1045834	2794779	1044605
14787	7384	2805	2	1338	2794958	1045834	2794528	1044566
14788	7384	7079	7	1022	2794958	1045834	2794671	1044853
14789	7384	7082	2	2471	2794958	1045834	2797133	1047008
14790	7384	7092	7	1831	2794958	1045834	2796273	1044559
14791	7384	7093	7	2378	2794958	1045834	2797082	1046904
14792	7384	7345	7	313	2794958	1045834	2794736	1046055
14793	7384	7347	2	443	2794958	1045834	2794750	1045442
14794	7384	7348	7	253	2794958	1045834	2794725	1045933
14795	7384	7353	2	1564	2794958	1045834	2794364	1044387
14796	7384	7358	7	1848	2794958	1045834	2796302	1047103
14797	7384	7378	2	424	2794958	1045834	2794927	1046257
14798	7385	3455	2	306	2887853	1026588	2887840	1026282
14799	7385	3462	2	2659	2887853	1026588	2885205	1026838
14800	7385	3464	2	338	2887853	1026588	2887823	1026925
14801	7386	1609	2	1707	2822025	1060288	2822156	1058586
14802	7386	1610	5	230	2822025	1060288	2822030	1060058
14803	7387	7241	2	2222	2844922	1026405	2846251	1028186
14804	7389	4122	5	1409	2768589	1046484	2768987	1045132
14805	7390	1670	2	831	2813843	1046836	2813678	1046021
14806	7391	3751	5	2636	2810908	1048831	2811204	1046211
14807	7391	6405	5	3138	2810908	1048831	2812889	1046397
14808	7391	6891	5	1928	2810908	1048831	2811750	1050566
14809	7392	1672	2	1402	2813629	1046500	2812378	1045865
14810	7392	2917	2	2894	2813629	1046500	2812144	1048985
14811	7392	2918	2	2643	2813629	1046500	2811772	1048381
14812	7392	2922	2	1107	2813629	1046500	2813231	1047534
14813	7392	2923	2	1873	2813629	1046500	2812473	1047974
14814	7392	2924	2	3108	2813629	1046500	2811425	1048692
14815	7392	3737	2	2942	2813629	1046500	2813305	1049425
14816	7392	3750	2	2501	2813629	1046500	2811209	1045867
14817	7392	6378	2	907	2813629	1046500	2813024	1047177
14818	7392	6379	2	612	2813629	1046500	2813295	1047014
14819	7392	6381	2	755	2813629	1046500	2812886	1046636
14820	7392	6383	2	1400	2813629	1046500	2813439	1047888
14821	7392	6405	2	747	2813629	1046500	2812889	1046397
14822	7392	6406	2	1679	2813629	1046500	2811961	1046301
14823	7392	6409	2	2164	2813629	1046500	2811565	1047151
14824	7392	6410	2	392	2813629	1046500	2813249	1046401
14825	7392	6624	2	2122	2813629	1046500	2811962	1047814
14826	7392	6907	2	2576	2813629	1046500	2811561	1048037
