42951
1	1201	1738	2
2	1201	1752	2
3	1201	1753	2
4	1201	1755	2
5	1201	1756	2
6	1201	1758	2
7	1201	1759	2
8	1201	1760	2
9	1201	1761	2
10	1201	1765	2
11	1201	1766	2
12	1201	1767	2
13	1201	1771	5
14	1201	1772	5
15	1201	2881	2
16	1202	1208	2
17	1202	1738	2
18	1202	1753	2
19	1202	1755	2
20	1202	1756	2
21	1202	1758	2
22	1202	1759	2
23	1202	1760	2
24	1202	1761	2
25	1202	1765	2
26	1202	1766	2
27	1202	1767	2
28	1202	1768	2
29	1202	2881	2
30	1203	1204	2
31	1203	1205	2
32	1203	1210	2
33	1203	1660	2
34	1203	1671	2
35	1203	1672	2
36	1203	1706	2
37	1203	1707	2
38	1203	1708	2
39	1203	1709	2
40	1203	1710	2
41	1203	2883	2
42	1203	2884	2
43	1203	2885	2
44	1203	2886	2
45	1203	2887	2
46	1203	2911	2
47	1203	2926	2
48	1203	3750	2
49	1203	3751	2
50	1203	3752	2
51	1203	3753	2
52	1203	5706	2
53	1203	5708	2
54	1203	5709	2
55	1203	5923	2
56	1203	6381	2
57	1203	6399	2
58	1203	6400	2
59	1203	6401	2
60	1203	6402	2
61	1203	6403	2
62	1203	6404	2
63	1203	6405	2
64	1203	6406	2
65	1203	6408	2
66	1203	6409	2
67	1203	6410	2
68	1203	6411	2
69	1203	6414	2
70	1203	6415	2
71	1203	6416	2
72	1203	6422	2
73	1203	6423	2
74	1203	6424	2
75	1203	6624	2
76	1203	6907	2
77	1204	1209	2
78	1204	1210	5
79	1204	1672	2
80	1204	1707	5
81	1204	2911	5
82	1204	3750	5
83	1204	3752	5
84	1204	5708	5
85	1204	5709	5
86	1204	6399	5
87	1204	6401	5
88	1204	6403	5
89	1204	6422	5
90	1205	1203	2
91	1205	1209	2
92	1205	1706	5
93	1205	1707	5
94	1205	1709	5
95	1205	1710	5
96	1205	2883	5
97	1205	2884	5
98	1205	2887	5
99	1205	2911	5
100	1205	2928	5
101	1205	3756	5
102	1205	5706	5
103	1205	5922	5
104	1205	5923	5
105	1205	6399	5
106	1205	6401	5
107	1205	6403	5
108	1205	6404	5
109	1205	6415	5
110	1205	6416	5
111	1205	6423	5
112	1205	6424	5
113	1206	1744	2
114	1206	1746	2
115	1206	1752	2
116	1206	1753	2
117	1206	1755	2
118	1206	1756	2
119	1206	1758	2
120	1206	1759	2
121	1206	1760	2
122	1206	1761	2
123	1206	1766	2
124	1206	1767	2
125	1206	4575	5
126	1206	5532	5
127	1206	6716	2
128	1206	6717	2
129	1207	2720	2
130	1207	2721	5
131	1207	2722	2
132	1207	2725	2
133	1207	4182	5
134	1207	6119	7
135	1207	6512	5
136	1207	6513	5
137	1208	1201	2
138	1208	1202	2
139	1208	1738	2
140	1208	1739	2
141	1208	1759	2
142	1208	1761	2
143	1208	1762	2
144	1208	1763	2
145	1208	1764	2
146	1208	1766	2
147	1208	1767	2
148	1208	1770	2
149	1208	1771	2
150	1208	1772	2
151	1208	2881	2
152	1208	2882	2
153	1208	4573	2
154	1208	4574	2
155	1208	4575	2
156	1208	6167	2
157	1209	1204	2
158	1209	1205	2
159	1209	1661	2
160	1209	1672	2
161	1209	1706	2
162	1209	1707	2
163	1209	1708	2
164	1209	1710	2
165	1209	2883	2
166	1209	2884	2
167	1209	2885	2
168	1209	2886	2
169	1209	2887	2
170	1209	2911	2
171	1209	3750	2
172	1209	3751	2
173	1209	3752	2
174	1209	3753	2
175	1209	5706	2
176	1209	5708	2
177	1209	5709	2
178	1209	5923	2
179	1209	6381	2
180	1209	6399	2
181	1209	6400	2
182	1209	6401	2
183	1209	6402	2
184	1209	6403	2
185	1209	6404	2
186	1209	6405	2
187	1209	6406	2
188	1209	6408	2
189	1209	6409	2
190	1209	6410	2
191	1209	6411	2
192	1209	6414	2
193	1209	6415	2
194	1209	6416	2
195	1209	6422	2
196	1209	6423	2
197	1209	6424	2
198	1209	6624	2
199	1209	6907	2
200	1210	1203	2
201	1210	1204	5
202	1210	1209	2
203	1210	1399	2
204	1210	1401	2
205	1210	1706	5
206	1210	1707	5
207	1210	1708	5
208	1210	1709	5
209	1210	1710	5
210	1210	1711	2
211	1210	1712	2
212	1210	1728	2
213	1210	1737	5
214	1210	2883	5
215	1210	2884	5
216	1210	2887	5
217	1210	2928	5
218	1210	3750	5
219	1210	3751	5
220	1210	3752	5
221	1210	5706	5
222	1210	5708	5
223	1210	5922	5
224	1210	5923	5
225	1210	6399	5
226	1210	6400	5
227	1210	6401	5
228	1210	6402	5
229	1210	6403	5
230	1210	6404	5
231	1210	6408	5
232	1210	6409	5
233	1210	6411	5
234	1210	6414	5
235	1210	6415	5
236	1210	6416	5
237	1210	6417	5
238	1210	6422	5
239	1210	6423	5
240	1210	6424	5
241	1210	7365	5
242	1210	7373	2
243	1211	1212	5
244	1211	2687	5
245	1211	3015	5
246	1212	3014	5
247	1213	5776	5
248	1213	6756	5
249	1214	3065	5
250	1214	3066	5
251	1214	6756	5
252	1215	7198	2
253	1215	7201	2
254	1216	1218	2
255	1218	1216	2
256	1219	7221	2
257	1219	7223	2
258	1219	7224	2
259	1219	7227	2
260	1220	6588	5
261	1221	3307	5
262	1221	5865	5
263	1222	3299	5
264	1222	5859	5
265	1222	7226	2
266	1223	3364	5
267	1224	3367	5
268	1224	3441	5
269	1225	2314	5
270	1225	3368	5
271	1225	3369	5
272	1225	6584	5
273	1226	2317	2
274	1226	2319	5
275	1226	2321	2
276	1226	2322	2
277	1226	2323	5
278	1226	2324	2
279	1226	2326	2
280	1226	2328	2
281	1226	2329	2
282	1226	2330	2
283	1226	2333	5
284	1226	6584	5
285	1227	1396	5
286	1229	3380	5
287	1232	5012	2
288	1234	7076	2
289	1234	7161	5
290	1234	7162	2
291	1234	7165	2
292	1234	7166	2
293	1235	1238	2
294	1235	1240	2
295	1235	1395	5
296	1235	1504	2
297	1235	1506	2
298	1235	3489	5
299	1235	3493	5
300	1235	3494	5
301	1235	4846	5
302	1235	6679	5
303	1235	6878	5
304	1236	1235	5
305	1236	1238	2
306	1236	1240	2
307	1236	1395	5
308	1236	1504	2
309	1236	1506	2
310	1236	3493	5
311	1236	3494	5
312	1236	4846	5
313	1236	4847	5
314	1236	4849	5
315	1236	6679	5
316	1237	1239	5
317	1237	1240	2
318	1237	1504	2
319	1237	1506	2
320	1237	3486	5
321	1237	3487	5
322	1237	3488	5
323	1237	3490	5
324	1237	5716	5
325	1237	6879	5
326	1238	1235	2
327	1238	1236	2
328	1238	1237	2
329	1238	1239	2
330	1238	1395	2
331	1238	1504	2
332	1238	1505	2
333	1238	1506	2
334	1238	1507	2
335	1238	3486	2
336	1238	3487	2
337	1238	3488	2
338	1238	3490	2
339	1238	3491	2
340	1238	3493	2
341	1238	3494	2
342	1238	3495	2
343	1238	4846	2
344	1238	6679	2
345	1238	6878	2
346	1238	6879	2
347	1239	1237	5
348	1239	1238	2
349	1239	1240	2
350	1239	1504	2
351	1239	1506	2
352	1239	1507	5
353	1239	3486	5
354	1239	3487	5
355	1239	3488	5
356	1239	3490	5
357	1239	5716	5
358	1240	1235	2
359	1240	1236	2
360	1240	1237	2
361	1240	1395	2
362	1240	1505	2
363	1240	1506	2
364	1240	1507	2
365	1240	3486	2
366	1240	3487	2
367	1240	3488	2
368	1240	3490	2
369	1240	3491	2
370	1240	3493	2
371	1240	3494	2
372	1240	3495	2
373	1240	4846	2
374	1240	6679	2
375	1240	6878	2
376	1240	6879	2
377	1241	1242	2
378	1241	1243	2
379	1241	1479	2
380	1241	1492	2
381	1241	1493	2
382	1241	1494	2
383	1241	1495	2
384	1241	1497	2
385	1241	1499	2
386	1241	1523	2
387	1241	2888	2
388	1241	2890	2
389	1241	2891	2
390	1241	2892	2
391	1241	2893	2
392	1241	2894	2
393	1241	2895	2
394	1241	2898	2
395	1241	2899	2
396	1241	2900	2
397	1241	2901	2
398	1241	2902	2
399	1241	2903	2
400	1241	2904	2
401	1241	2905	2
402	1241	2906	2
403	1241	2907	2
404	1241	2908	2
405	1241	2932	2
406	1241	2933	2
407	1241	2934	2
408	1241	2935	2
409	1241	2936	2
410	1241	2937	2
411	1241	2938	2
412	1241	2940	2
413	1241	2941	2
414	1241	2942	2
415	1241	2943	2
416	1241	2945	2
417	1241	2946	2
418	1241	2947	2
419	1241	2950	2
420	1241	2951	2
421	1241	2952	2
422	1241	2953	2
423	1241	3506	2
424	1241	3507	2
425	1241	3508	2
426	1241	3509	2
427	1241	3510	2
428	1241	3511	2
429	1241	3512	2
430	1241	3513	2
431	1241	3514	2
432	1241	3515	2
433	1241	3516	2
434	1241	3517	2
435	1241	3518	2
436	1241	3519	2
437	1241	3520	2
438	1241	3521	2
439	1241	3522	2
440	1241	3523	2
441	1241	3524	2
442	1241	3525	2
443	1241	3526	2
444	1241	3527	2
445	1241	3528	2
446	1241	3529	2
447	1241	3530	2
448	1241	3531	2
449	1241	3532	2
450	1241	3533	2
451	1241	3534	2
452	1241	3535	2
453	1241	3543	2
454	1241	3544	2
455	1241	3545	2
456	1241	3546	2
457	1241	3547	2
458	1241	3548	2
459	1241	5711	2
460	1241	5718	2
461	1241	5719	2
462	1241	5720	2
463	1241	5721	2
464	1241	5722	2
465	1241	6210	2
466	1241	6212	2
467	1241	6213	2
468	1241	6331	2
469	1241	6337	2
470	1241	6338	2
471	1241	6339	2
472	1241	6627	2
473	1241	6787	2
474	1241	6788	2
475	1241	6789	2
476	1241	6790	2
477	1241	6791	2
478	1241	6792	2
479	1241	6793	2
480	1241	6795	2
481	1241	6796	2
482	1241	6800	2
483	1241	6808	2
484	1241	6809	2
485	1241	6810	2
486	1241	6811	2
487	1241	6812	2
488	1241	6813	2
489	1241	6864	2
490	1241	6865	2
491	1241	6866	2
492	1241	6867	2
493	1241	7333	2
494	1242	1479	2
495	1242	1492	2
496	1242	1493	2
497	1242	1494	2
498	1242	1495	2
499	1242	1520	2
500	1242	1521	2
501	1242	1522	2
502	1242	1523	2
503	1242	1524	2
504	1242	2888	2
505	1242	2889	2
506	1242	2890	2
507	1242	2891	2
508	1242	2892	2
509	1242	2893	2
510	1242	2894	2
511	1242	2895	2
512	1242	2896	2
513	1242	2898	2
514	1242	2899	2
515	1242	2900	2
516	1242	2901	2
517	1242	2902	2
518	1242	2903	2
519	1242	2904	2
520	1242	2905	2
521	1242	2906	2
522	1242	2907	2
523	1242	2908	2
524	1242	2930	2
525	1242	2931	2
526	1242	2932	2
527	1242	2933	2
528	1242	2934	2
529	1242	2935	2
530	1242	2936	2
531	1242	2937	2
532	1242	2938	2
533	1242	2940	2
534	1242	2941	2
535	1242	2942	2
536	1242	2943	2
537	1242	2945	2
538	1242	2946	2
539	1242	2947	2
540	1242	2948	2
541	1242	2949	2
542	1242	2950	2
543	1242	2951	2
544	1242	2952	2
545	1242	2953	2
546	1242	3506	2
547	1242	3508	2
548	1242	3509	2
549	1242	3510	2
550	1242	3514	2
551	1242	3515	2
552	1242	3516	2
553	1242	3517	2
554	1242	3518	2
555	1242	3519	2
556	1242	3520	2
557	1242	3521	2
558	1242	3522	2
559	1242	3523	2
560	1242	3524	2
561	1242	3525	2
562	1242	3526	2
563	1242	3527	2
564	1242	3528	2
565	1242	3529	2
566	1242	3530	2
567	1242	3531	2
568	1242	3532	2
569	1242	3533	2
570	1242	3534	2
571	1242	3535	2
572	1242	3536	2
573	1242	3544	2
574	1242	3545	2
575	1242	3546	2
576	1242	3547	2
577	1242	4735	2
578	1242	4736	2
579	1242	5711	2
580	1242	5718	2
581	1242	5719	2
582	1242	5720	2
583	1242	5721	2
584	1242	5722	2
585	1242	6210	2
586	1242	6212	2
587	1242	6213	2
588	1242	6331	2
589	1242	6332	2
590	1242	6337	2
591	1242	6338	2
592	1242	6339	2
593	1242	6627	2
594	1242	6787	2
595	1242	6788	2
596	1242	6789	2
597	1242	6790	2
598	1242	6791	2
599	1242	6792	2
600	1242	6793	2
601	1242	6794	2
602	1242	6795	2
603	1242	6796	2
604	1242	6800	2
605	1242	6802	2
606	1242	6804	2
607	1242	6808	2
608	1242	6809	2
609	1242	6810	2
610	1242	6811	2
611	1242	6812	2
612	1242	6813	2
613	1242	6864	2
614	1242	6865	2
615	1242	6866	2
616	1242	6867	2
617	1242	7333	2
618	1243	1241	2
619	1243	1242	2
620	1243	1479	2
621	1243	1492	2
622	1243	1494	2
623	1243	1495	2
624	1243	1523	2
625	1243	6787	2
626	1243	6788	2
627	1243	6790	2
628	1243	6792	2
629	1243	6793	2
630	1243	6794	2
631	1243	6796	2
632	1243	6800	2
633	1243	6802	2
634	1243	6808	2
635	1243	6809	2
636	1243	6810	2
637	1243	6811	2
638	1243	6813	2
639	1243	6864	2
640	1243	6865	2
641	1244	1861	2
642	1244	1862	5
643	1244	1863	2
644	1244	1866	2
645	1244	1867	5
646	1244	1868	2
647	1244	1874	2
648	1244	3596	5
649	1244	4660	5
650	1244	4706	5
651	1244	4710	5
652	1244	4711	5
653	1244	6435	5
654	1244	6436	5
655	1244	6437	5
656	1244	6440	5
657	1245	1866	2
658	1245	1867	5
659	1245	1868	2
660	1245	1869	2
661	1245	1874	2
662	1245	1875	2
663	1245	1878	5
664	1245	3602	5
665	1245	3603	5
666	1245	4661	5
667	1245	4708	5
668	1245	6216	5
669	1245	6336	5
670	1245	6438	5
671	1245	6440	5
672	1245	6611	5
673	1245	6699	5
674	1245	7305	5
675	1245	7306	5
676	1246	1247	2
677	1246	1248	2
678	1246	1249	2
679	1246	1250	2
680	1246	1251	2
681	1246	1394	2
682	1246	1871	2
683	1246	1881	2
684	1246	1882	2
685	1246	1883	2
686	1246	1884	2
687	1246	1887	2
688	1246	1890	2
689	1246	1891	2
690	1246	1892	2
691	1246	1893	2
692	1246	1894	2
693	1246	1896	2
694	1246	1900	2
695	1246	3667	2
696	1246	3671	2
697	1246	3672	2
698	1246	3673	2
699	1246	3674	2
700	1246	3675	2
701	1246	4648	2
702	1246	6227	2
703	1246	6228	2
704	1246	6442	2
705	1246	6443	2
706	1246	6444	2
707	1246	6445	2
708	1246	6446	2
709	1246	6612	2
710	1246	6613	2
711	1246	6855	2
712	1246	6856	2
713	1247	1248	2
714	1247	1249	2
715	1247	1250	2
716	1247	1251	2
717	1247	1394	2
718	1247	1871	2
719	1247	1872	2
720	1247	1883	2
721	1247	1884	2
722	1247	1886	2
723	1247	1887	2
724	1247	1888	2
725	1247	1890	2
726	1247	1891	2
727	1247	1893	2
728	1247	1894	2
729	1247	1896	2
730	1247	1898	2
731	1247	1899	2
732	1247	1900	2
733	1247	3672	2
734	1247	3673	2
735	1247	3674	2
736	1247	3675	2
737	1247	4648	2
738	1247	5900	2
739	1247	5902	2
740	1247	5903	2
741	1247	6226	2
742	1247	6227	2
743	1247	6442	2
744	1247	6443	2
745	1247	6445	2
746	1247	6446	2
747	1247	6447	2
748	1247	6448	2
749	1247	6449	2
750	1247	6613	2
751	1247	6855	2
752	1247	6856	2
753	1248	1246	2
754	1248	1247	2
755	1248	1872	2
756	1248	1884	2
757	1248	1886	2
758	1248	1887	2
759	1248	1889	2
760	1248	1890	2
761	1248	1894	2
762	1248	1897	2
763	1248	5903	5
764	1248	6226	5
765	1248	6227	5
766	1248	6445	5
767	1248	6448	5
768	1248	6449	5
769	1248	6855	2
770	1249	1246	2
771	1249	1247	2
772	1249	1250	2
773	1249	1251	2
774	1249	1394	2
775	1249	1871	2
776	1249	1872	2
777	1249	1884	2
778	1249	1886	2
779	1249	1887	2
780	1249	1888	2
781	1249	1889	2
782	1249	1890	2
783	1249	1891	2
784	1249	1892	2
785	1249	1893	2
786	1249	1894	2
787	1249	1897	2
788	1249	1898	2
789	1249	1899	2
790	1249	1900	2
791	1249	3672	2
792	1249	3673	2
793	1249	3674	2
794	1249	3675	2
795	1249	4648	2
796	1249	4649	2
797	1249	5902	2
798	1249	5903	2
799	1249	6226	2
800	1249	6227	2
801	1249	6228	2
802	1249	6442	2
803	1249	6443	2
804	1249	6445	2
805	1249	6446	2
806	1249	6447	2
807	1249	6448	2
808	1249	6449	2
809	1249	6613	2
810	1249	6855	2
811	1250	1246	2
812	1250	1247	2
813	1250	1249	2
814	1250	1394	5
815	1250	1872	2
816	1250	1884	2
817	1250	1886	2
818	1250	1887	2
819	1250	1888	2
820	1250	1889	2
821	1250	1890	2
822	1250	1891	5
823	1250	1892	5
824	1250	1893	5
825	1250	1894	2
826	1250	1897	2
827	1250	1898	5
828	1250	3672	5
829	1250	3673	5
830	1250	3675	5
831	1250	4648	5
832	1250	4649	5
833	1250	6228	5
834	1250	6442	5
835	1250	6443	5
836	1250	6855	2
837	1251	1246	2
838	1251	1247	2
839	1251	1249	2
840	1251	1872	2
841	1251	1886	2
842	1251	1887	2
843	1251	1889	2
844	1251	1890	2
845	1251	1894	2
846	1251	1896	5
847	1251	1897	2
848	1251	1899	5
849	1251	1900	5
850	1251	5903	5
851	1251	6227	5
852	1251	6445	5
853	1251	6447	5
854	1251	6448	5
855	1251	6449	5
856	1251	6855	2
857	1252	1635	5
858	1252	1657	5
859	1252	1666	2
860	1252	1667	2
861	1252	1668	2
862	1252	1669	2
863	1252	1670	2
864	1252	1718	2
865	1252	1719	2
866	1252	1721	2
867	1252	2873	7
868	1252	2912	5
869	1252	2913	5
870	1252	2914	5
871	1252	2919	5
872	1252	2920	7
873	1252	2921	7
874	1252	3702	7
875	1252	3703	7
876	1252	3706	7
877	1252	3707	7
878	1252	3709	7
879	1252	3710	7
880	1252	3711	7
881	1252	3712	7
882	1252	3713	7
883	1252	3714	7
884	1252	3715	7
885	1252	3716	7
886	1252	3717	7
887	1252	3718	7
888	1252	3719	7
889	1252	3720	7
890	1252	3721	7
891	1252	3722	7
892	1252	3723	7
893	1252	3724	7
894	1252	3725	7
895	1252	3726	7
896	1252	3727	7
897	1252	3728	7
898	1252	3729	7
899	1252	3730	7
900	1252	3733	7
901	1252	3734	7
902	1252	3743	7
903	1252	3744	7
904	1252	3745	7
905	1252	3746	7
906	1252	4512	5
907	1252	6375	5
908	1252	6377	5
909	1252	6382	7
910	1252	6623	7
911	1252	6894	7
912	1252	6895	7
913	1252	6911	7
914	1252	7392	2
915	1253	1670	2
916	1253	2916	7
917	1253	3721	7
918	1253	3723	7
919	1253	3724	7
920	1253	3725	7
921	1253	3726	7
922	1253	3727	7
923	1253	3729	7
924	1253	3730	7
925	1253	3733	7
926	1253	3734	7
927	1253	3735	7
928	1253	3736	7
929	1253	3739	7
930	1253	3740	7
931	1253	3741	7
932	1253	3742	7
933	1253	4484	7
934	1253	4511	5
935	1253	4512	5
936	1253	6380	7
937	1253	6886	7
938	1253	6887	7
939	1253	6888	7
940	1253	6889	7
941	1253	6891	5
942	1253	6892	5
943	1253	6894	7
944	1253	6895	7
945	1253	6896	7
946	1253	6897	7
947	1253	6898	7
948	1253	6899	7
949	1253	6900	7
950	1253	6903	7
951	1253	6906	7
952	1253	6908	7
953	1253	6909	7
954	1253	7392	2
955	1254	3627	2
956	1254	6500	2
957	1254	7279	2
958	1255	3862	2
959	1256	1602	2
960	1256	2622	2
961	1256	2623	2
962	1256	2624	2
963	1256	2627	2
964	1256	3627	2
965	1256	6499	2
966	1256	6500	2
967	1256	6501	2
968	1256	6502	2
969	1257	1258	2
970	1257	1259	2
971	1257	1260	2
972	1257	1695	2
973	1257	1696	2
974	1257	1700	2
975	1257	1702	2
976	1257	1703	2
977	1257	1704	2
978	1257	1705	2
979	1257	1774	2
980	1257	1775	2
981	1257	1777	2
982	1257	1778	2
983	1257	1779	2
984	1257	1780	2
985	1257	3944	2
986	1257	3945	2
987	1257	3951	2
988	1257	3965	2
989	1257	3966	2
990	1257	3967	2
991	1257	3971	2
992	1257	5987	2
993	1257	6398	2
994	1257	6693	2
995	1258	1259	2
996	1258	1695	2
997	1258	1696	2
998	1258	1700	2
999	1258	1702	2
1000	1258	1703	2
1001	1258	1704	2
1002	1258	1705	2
1003	1258	1774	2
1004	1258	1775	2
1005	1258	1776	2
1006	1258	1777	2
1007	1258	1778	2
1008	1258	1779	2
1009	1258	1780	2
1010	1258	3965	2
1011	1258	3966	2
1012	1258	3967	2
1013	1258	3968	2
1014	1258	3971	2
1015	1258	5880	2
1016	1258	5987	2
1017	1258	6398	2
1018	1258	6693	2
1019	1259	1257	2
1020	1259	1258	2
1021	1259	1695	2
1022	1259	1696	2
1023	1259	1700	2
1024	1259	1702	2
1025	1259	1703	2
1026	1259	1704	2
1027	1259	1705	2
1028	1259	1774	2
1029	1259	1775	2
1030	1259	1776	2
1031	1259	1777	2
1032	1259	1778	2
1033	1259	1779	2
1034	1259	1780	2
1035	1259	3944	2
1036	1259	3945	2
1037	1259	3951	2
1038	1259	3965	2
1039	1259	3966	2
1040	1259	3967	2
1041	1259	3971	2
1042	1259	5987	2
1043	1259	6398	2
1044	1260	1257	2
1045	1260	1258	2
1046	1260	1259	2
1047	1260	1695	2
1048	1260	1696	2
1049	1260	1701	2
1050	1260	1702	2
1051	1260	1703	2
1052	1260	1704	2
1053	1260	1705	2
1054	1260	1774	2
1055	1260	1776	2
1056	1260	1777	2
1057	1260	1778	2
1058	1260	1779	2
1059	1260	1780	2
1060	1260	1781	2
1061	1260	1783	2
1062	1260	3944	2
1063	1260	3951	2
1064	1260	3956	2
1065	1260	3965	2
1066	1260	3966	2
1067	1260	3967	2
1068	1260	3971	2
1069	1260	5880	2
1070	1260	5882	2
1071	1260	5987	2
1072	1260	5989	2
1073	1260	5991	2
1074	1260	6398	2
1075	1260	6693	2
1076	1261	5877	2
1077	1262	2638	2
1078	1262	2639	2
1079	1262	2640	2
1080	1262	2641	2
1081	1262	5983	2
1082	1262	5984	2
1083	1262	5985	2
1084	1263	2480	2
1085	1263	2484	2
1086	1263	2487	2
1087	1263	2581	2
1088	1263	2582	2
1089	1263	2584	2
1090	1263	4065	5
1091	1264	4069	5
1092	1264	6690	5
1093	1265	2043	5
1094	1265	2045	5
1095	1265	4061	5
1096	1265	4062	5
1097	1266	4114	5
1098	1266	4381	5
1099	1266	4385	5
1100	1266	4388	5
1101	1266	6704	5
1102	1267	2546	5
1103	1267	4378	5
1104	1267	4382	5
1105	1267	4388	5
1106	1267	6486	5
1107	1268	2488	5
1108	1268	2489	2
1109	1268	2491	2
1110	1268	2547	5
1111	1268	2548	5
1112	1268	2550	2
1113	1268	2551	2
1114	1268	2552	2
1115	1268	2556	5
1116	1268	2557	5
1117	1268	2558	2
1118	1268	2559	2
1119	1268	2560	2
1120	1268	2561	2
1121	1268	2566	5
1122	1268	4379	5
1123	1268	4381	5
1124	1268	4382	5
1125	1268	6153	5
1126	1268	6487	5
1127	1269	6066	5
1128	1269	6575	5
1129	1271	2020	2
1130	1271	2057	2
1131	1271	4089	5
1132	1271	6062	5
1133	1272	4090	5
1134	1272	6062	5
1135	1272	6064	5
1136	1273	2730	2
1137	1273	2731	2
1138	1273	2732	2
1139	1273	6126	2
1140	1273	6127	2
1141	1274	2728	5
1142	1274	2729	5
1143	1274	2730	2
1144	1274	2731	5
1145	1274	2732	5
1146	1275	1975	2
1147	1275	1976	2
1148	1275	1977	2
1149	1275	1978	2
1150	1277	4375	5
1151	1277	6483	5
1152	1277	6484	5
1153	1278	2545	5
1154	1278	4375	5
1155	1278	4376	5
1156	1279	1282	2
1157	1279	1283	2
1158	1279	1284	2
1159	1279	6183	2
1160	1279	6186	2
1161	1280	1279	2
1162	1280	1281	2
1163	1280	1282	2
1164	1280	1283	2
1165	1280	1284	2
1166	1280	4466	2
1167	1280	6186	2
1168	1281	1279	2
1169	1281	1280	2
1170	1281	1282	2
1171	1281	1283	2
1172	1281	1284	2
1173	1281	1952	2
1174	1281	1955	2
1175	1281	1956	2
1176	1281	1957	2
1177	1282	1279	2
1178	1282	1280	2
1179	1282	1283	2
1180	1282	4466	2
1181	1282	6186	2
1182	1283	1279	2
1183	1283	1281	2
1184	1283	1282	2
1185	1283	1952	2
1186	1283	1954	2
1187	1283	1955	2
1188	1283	1956	2
1189	1283	1957	2
1190	1283	6186	2
1191	1284	1279	2
1192	1284	1280	2
1193	1284	1281	2
1194	1284	1282	2
1195	1284	1283	2
1196	1284	6183	2
1197	1284	6186	2
1198	1285	4558	5
1199	1285	4585	5
1200	1287	1763	5
1201	1287	4567	5
1202	1287	6167	5
1203	1288	4567	5
1204	1289	5765	5
1205	1291	2452	5
1206	1291	2455	5
1207	1291	5764	5
1208	1291	6932	5
1209	1292	4585	5
1210	1293	4636	2
1211	1293	4638	2
1212	1293	4668	2
1213	1293	6852	2
1214	1293	6853	2
1215	1294	4636	2
1216	1294	4637	2
1217	1294	4638	2
1218	1294	4647	2
1219	1294	6853	2
1220	1295	1296	2
1221	1295	1569	2
1222	1295	1571	2
1223	1295	1572	2
1224	1295	1573	2
1225	1295	1575	2
1226	1295	1576	2
1227	1295	1577	2
1228	1295	1583	2
1229	1295	1584	2
1230	1295	1585	2
1231	1295	1586	2
1232	1295	1587	2
1233	1295	1589	2
1234	1295	1590	2
1235	1295	1593	2
1236	1295	1594	2
1237	1295	6243	2
1238	1295	6357	2
1239	1295	6700	2
1240	1295	6848	2
1241	1295	6849	2
1242	1295	6850	2
1243	1296	1435	2
1244	1296	1574	2
1245	1296	1575	5
1246	1296	1590	5
1247	1296	1593	2
1248	1296	1594	2
1249	1296	6243	5
1250	1296	6849	2
1251	1296	6850	2
1252	1297	1295	2
1253	1297	1568	2
1254	1297	1569	2
1255	1297	1570	2
1256	1297	1571	2
1257	1297	1574	2
1258	1297	1575	2
1259	1297	1576	2
1260	1297	1577	2
1261	1297	1579	2
1262	1297	1581	2
1263	1297	1582	2
1264	1297	1583	2
1265	1297	1585	2
1266	1297	1586	2
1267	1297	1587	2
1268	1297	1588	2
1269	1297	1589	2
1270	1297	4677	2
1271	1297	4678	2
1272	1297	6241	2
1273	1297	6243	2
1274	1297	6356	2
1275	1297	6700	2
1276	1298	1297	2
1277	1298	1569	2
1278	1298	1571	2
1279	1298	1576	2
1280	1298	1577	2
1281	1298	1579	2
1282	1298	1581	2
1283	1298	1582	2
1284	1298	1583	2
1285	1298	1584	2
1286	1298	1585	2
1287	1298	1586	2
1288	1298	1587	2
1289	1298	1588	2
1290	1298	1589	2
1291	1298	4696	2
1292	1298	4702	2
1293	1298	4703	2
1294	1298	6241	2
1295	1298	6934	2
1296	1298	7102	2
1297	1298	7105	2
1298	1298	7106	2
1299	1298	7107	2
1300	1298	7108	2
1301	1298	7109	2
1302	1298	7110	2
1303	1299	1889	2
1304	1299	1897	2
1305	1299	4652	2
1306	1299	4667	2
1307	1299	5965	2
1308	1299	6854	2
1309	1300	1303	2
1310	1300	4600	5
1311	1300	4604	5
1312	1300	4698	5
1313	1300	7095	2
1314	1300	7096	5
1315	1300	7097	2
1316	1300	7099	2
1317	1300	7100	2
1318	1301	4601	5
1319	1301	4604	5
1320	1301	5974	5
1321	1301	5977	5
1322	1301	6242	5
1323	1301	7095	2
1324	1301	7096	5
1325	1301	7097	2
1326	1301	7099	2
1327	1301	7100	2
1328	1302	1300	2
1329	1302	4604	2
1330	1302	4823	2
1331	1302	4824	2
1332	1302	7097	2
1333	1303	4604	2
1334	1303	4823	2
1335	1303	4824	2
1336	1303	7097	2
1337	1304	1306	2
1338	1304	1307	2
1339	1304	1309	2
1340	1304	2374	2
1341	1304	2376	2
1342	1304	2378	2
1343	1304	2379	2
1344	1304	4777	2
1345	1304	4779	2
1346	1305	1304	2
1347	1305	1306	2
1348	1305	1307	2
1349	1305	1308	2
1350	1305	1309	2
1351	1305	4934	2
1352	1306	1304	2
1353	1306	1308	2
1354	1306	1309	2
1355	1307	1304	2
1356	1307	1305	2
1357	1307	1306	2
1358	1307	1308	2
1359	1307	1309	2
1360	1307	2376	2
1361	1307	2378	2
1362	1307	4777	2
1363	1307	4779	2
1364	1308	1304	2
1365	1308	1305	2
1366	1308	1306	2
1367	1308	1307	2
1368	1308	1309	2
1369	1309	1304	2
1370	1309	1305	2
1371	1309	1306	2
1372	1309	4934	2
1373	1310	1311	2
1374	1310	1313	2
1375	1310	1314	2
1376	1310	4904	2
1377	1311	1310	2
1378	1311	1313	2
1379	1311	1314	2
1380	1311	1315	2
1381	1311	1316	2
1382	1311	4904	2
1383	1312	1316	2
1384	1312	1317	2
1385	1312	4908	2
1386	1312	4909	2
1387	1312	4910	2
1388	1312	4911	2
1389	1312	7248	2
1390	1312	7249	2
1391	1312	7250	2
1392	1312	7251	2
1393	1313	1310	2
1394	1313	1312	2
1395	1313	1314	2
1396	1313	1316	2
1397	1313	1317	2
1398	1313	4908	2
1399	1314	1310	2
1400	1314	1313	2
1401	1314	1315	2
1402	1314	4908	2
1403	1315	1310	2
1404	1315	1311	2
1405	1315	1313	2
1406	1315	1314	2
1407	1315	1316	2
1408	1315	4908	2
1409	1316	1310	2
1410	1316	1311	2
1411	1316	1312	2
1412	1316	1313	2
1413	1316	1314	2
1414	1316	1315	2
1415	1316	4908	2
1416	1317	1312	2
1417	1317	1313	2
1418	1317	1316	2
1419	1317	4908	2
1420	1317	4909	2
1421	1317	4911	2
1422	1317	7249	2
1423	1317	7250	2
1424	1318	4915	5
1425	1318	4917	5
1426	1319	6982	5
1427	1319	6983	5
1428	1319	6987	5
1429	1319	6989	5
1430	1320	4927	5
1431	1320	4956	5
1432	1321	4924	5
1433	1321	4927	5
1434	1321	4929	5
1435	1321	4930	5
1436	1322	4943	2
1437	1322	4954	2
1438	1322	7115	2
1439	1322	7116	2
1440	1322	7117	2
1441	1322	7118	2
1442	1322	7119	2
1443	1323	4946	2
1444	1323	4947	2
1445	1323	7112	2
1446	1323	7114	2
1447	1324	4952	5
1448	1324	4953	5
1449	1324	4954	5
1450	1324	4964	5
1451	1324	4965	5
1452	1324	4968	5
1453	1325	1327	5
1454	1325	4953	5
1455	1325	4964	5
1456	1325	4965	5
1457	1325	4969	5
1458	1326	4948	5
1459	1326	4959	5
1460	1326	4960	5
1461	1326	4962	5
1462	1327	1325	5
1463	1327	4952	5
1464	1327	4962	5
1465	1327	4964	5
1466	1327	4965	5
1467	1327	4966	5
1468	1327	4968	5
1469	1327	4969	5
1470	1333	6309	2
1471	1336	1337	2
1472	1337	1336	2
1473	1337	1338	2
1474	1338	1336	2
1475	1338	7002	2
1476	1339	4936	5
1477	1340	4936	5
1478	1341	2380	2
1479	1341	2381	2
1480	1341	2382	2
1481	1341	2383	2
1482	1341	2385	5
1483	1341	2386	5
1484	1342	5170	5
1485	1343	1344	2
1486	1343	1345	2
1487	1343	2399	2
1488	1343	2400	2
1489	1343	2401	2
1490	1343	2403	2
1491	1343	2404	2
1492	1343	2406	2
1493	1343	2408	2
1494	1343	2409	2
1495	1343	4826	2
1496	1343	4828	2
1497	1343	5184	2
1498	1343	5185	2
1499	1343	6256	2
1500	1344	1345	2
1501	1344	2405	2
1502	1344	5184	5
1503	1344	5185	5
1504	1345	1343	2
1505	1345	2399	2
1506	1345	2400	2
1507	1345	2401	2
1508	1345	2403	2
1509	1345	2404	2
1510	1345	2405	2
1511	1345	2406	2
1512	1345	2407	2
1513	1345	2408	2
1514	1345	2409	2
1515	1345	4828	2
1516	1345	5184	2
1517	1345	5185	2
1518	1345	5186	2
1519	1345	6256	2
1520	1346	5187	5
1521	1346	6872	5
1522	1346	6873	2
1523	1346	6874	2
1524	1346	6875	2
1525	1346	6876	2
1526	1347	1349	2
1527	1347	1350	2
1528	1347	1351	2
1529	1347	1352	2
1530	1347	5187	5
1531	1347	6872	5
1532	1347	6873	2
1533	1347	6874	2
1534	1348	1350	2
1535	1348	1351	2
1536	1348	1352	2
1537	1348	1562	2
1538	1348	1563	2
1539	1348	1564	2
1540	1348	2830	5
1541	1348	6873	2
1542	1348	6874	2
1543	1349	1347	2
1544	1349	1348	2
1545	1349	1350	2
1546	1349	1351	2
1547	1349	1352	2
1548	1349	1353	2
1549	1349	1354	2
1550	1349	1563	2
1551	1349	1564	2
1552	1349	1565	2
1553	1349	1566	2
1554	1349	1567	2
1555	1349	2830	2
1556	1349	2831	2
1557	1349	2832	2
1558	1349	5192	2
1559	1349	6354	2
1560	1350	1347	2
1561	1350	1348	2
1562	1350	1349	2
1563	1350	1351	2
1564	1350	1353	2
1565	1350	1354	2
1566	1350	1564	2
1567	1350	1565	2
1568	1350	1566	2
1569	1350	1567	2
1570	1350	2830	2
1571	1350	2831	2
1572	1350	5191	2
1573	1350	5192	2
1574	1350	6354	2
1575	1350	6666	2
1576	1350	6871	2
1577	1350	6872	2
1578	1350	6873	2
1579	1351	1347	2
1580	1351	1348	2
1581	1351	1349	2
1582	1351	1352	2
1583	1351	1353	2
1584	1351	1354	2
1585	1351	1562	2
1586	1351	1563	2
1587	1351	1564	2
1588	1351	1566	2
1589	1351	1567	2
1590	1351	2830	2
1591	1351	2831	2
1592	1351	2832	2
1593	1351	5192	2
1594	1351	6354	2
1595	1352	1347	2
1596	1352	1348	2
1597	1352	1351	2
1598	1352	1354	2
1599	1352	1564	2
1600	1352	1565	2
1601	1352	1566	2
1602	1352	1567	2
1603	1352	2830	2
1604	1352	2831	2
1605	1352	5191	2
1606	1352	5192	2
1607	1352	6354	2
1608	1352	6666	2
1609	1352	6871	2
1610	1352	6872	2
1611	1352	6873	2
1612	1352	6874	2
1613	1353	1349	2
1614	1353	1350	2
1615	1353	1351	2
1616	1353	1352	2
1617	1353	1562	2
1618	1353	1563	2
1619	1353	1564	2
1620	1353	6874	2
1621	1354	1349	2
1622	1354	1350	2
1623	1354	1351	2
1624	1354	1352	2
1625	1354	1562	2
1626	1354	1563	2
1627	1354	1564	2
1628	1354	1565	5
1629	1354	1566	5
1630	1354	6354	5
1631	1355	1356	2
1632	1355	6733	2
1633	1355	6734	2
1634	1355	6998	5
1635	1356	1556	2
1636	1356	6732	2
1637	1356	6733	2
1638	1356	6734	2
1639	1356	6997	2
1640	1356	6998	2
1641	1356	6999	2
1642	1356	7000	2
1643	1356	7001	2
1644	1360	5223	2
1645	1362	5217	5
1646	1364	5279	5
1647	1365	5280	5
1648	1365	5281	5
1649	1366	5280	5
1650	1366	6661	5
1651	1367	5274	5
1652	1367	5286	5
1653	1368	5287	5
1654	1368	5737	5
1655	1373	5345	2
1656	1373	5356	2
1657	1373	5399	2
1658	1374	5355	2
1659	1375	5440	2
1660	1375	5441	2
1661	1375	5442	2
1662	1375	5743	2
1663	1375	5744	2
1664	1375	6676	2
1665	1375	6773	2
1666	1375	6774	2
1667	1376	6674	2
1668	1376	6676	2
1669	1376	6772	2
1670	1382	5479	5
1671	1382	6713	5
1672	1383	5488	5
1673	1383	6675	5
1674	1384	5474	5
1675	1386	5482	5
1676	1388	5490	5
1677	1388	5491	5
1678	1388	5494	5
1679	1389	2592	2
1680	1389	5583	5
1681	1389	5584	5
1682	1389	5587	5
1683	1389	5594	5
1684	1390	5585	5
1685	1390	5587	5
1686	1391	5565	5
1687	1391	6170	5
1688	1392	4465	2
1689	1392	4466	2
1690	1394	1246	2
1691	1394	1247	2
1692	1394	1249	2
1693	1394	1250	5
1694	1394	1871	5
1695	1394	1872	2
1696	1394	1884	2
1697	1394	1886	2
1698	1394	1887	2
1699	1394	1888	2
1700	1394	1889	2
1701	1394	1890	2
1702	1394	1891	5
1703	1394	1892	5
1704	1394	1893	5
1705	1394	1894	2
1706	1394	1896	5
1707	1394	1897	2
1708	1394	1898	5
1709	1394	3672	5
1710	1394	3673	5
1711	1394	3674	5
1712	1394	4648	5
1713	1394	4649	5
1714	1394	6228	5
1715	1394	6442	5
1716	1394	6443	5
1717	1394	6855	2
1718	1395	1236	5
1719	1395	1238	2
1720	1395	1240	2
1721	1395	1504	2
1722	1395	1506	2
1723	1395	3489	5
1724	1395	3493	5
1725	1395	3494	5
1726	1395	4846	5
1727	1395	6878	5
1728	1396	1227	5
1729	1397	3289	2
1730	1398	1399	2
1731	1398	1400	7
1732	1398	1401	2
1733	1398	1428	2
1734	1398	1711	2
1735	1398	1712	2
1736	1398	1714	2
1737	1398	1725	2
1738	1398	1727	2
1739	1398	1728	2
1740	1398	1729	7
1741	1398	1734	2
1742	1398	6416	5
1743	1398	6419	5
1744	1398	7356	7
1745	1398	7363	7
1746	1398	7366	7
1747	1398	7369	2
1748	1398	7373	2
1749	1399	1210	2
1750	1399	1400	2
1751	1399	1401	2
1752	1399	1428	2
1753	1399	1707	2
1754	1399	1711	2
1755	1399	1712	2
1756	1399	1713	2
1757	1399	1714	2
1758	1399	1722	2
1759	1399	1723	2
1760	1399	1724	2
1761	1399	1725	2
1762	1399	1726	2
1763	1399	1727	2
1764	1399	1728	2
1765	1399	1729	2
1766	1399	1730	2
1767	1399	1731	2
1768	1399	1735	2
1769	1399	1736	2
1770	1399	1737	2
1771	1399	2911	2
1772	1399	5921	2
1773	1399	5922	2
1774	1399	5923	2
1775	1399	5924	2
1776	1399	5938	2
1777	1399	5960	2
1778	1399	6399	2
1779	1399	6401	2
1780	1399	6403	2
1781	1399	6404	2
1782	1399	6411	2
1783	1399	6412	2
1784	1399	6414	2
1785	1399	6415	2
1786	1399	6416	2
1787	1399	6417	2
1788	1399	6418	2
1789	1399	6419	2
1790	1399	6420	2
1791	1399	6421	2
1792	1399	6422	2
1793	1399	6423	2
1794	1399	6424	2
1795	1399	6625	2
1796	1399	7351	2
1797	1399	7356	2
1798	1399	7363	2
1799	1399	7365	2
1800	1399	7366	2
1801	1399	7369	2
1802	1399	7373	2
1803	1400	1398	7
1804	1400	1399	2
1805	1400	1401	2
1806	1400	1711	2
1807	1400	1712	2
1808	1400	1728	2
1809	1400	2874	2
1810	1400	2875	2
1811	1400	2878	5
1812	1400	5922	7
1813	1400	6416	5
1814	1400	6417	7
1815	1400	7356	7
1816	1400	7363	7
1817	1400	7364	2
1818	1400	7365	7
1819	1400	7369	2
1820	1400	7373	2
1821	1401	1210	2
1822	1401	1398	2
1823	1401	1399	2
1824	1401	1400	2
1825	1401	1707	2
1826	1401	1709	2
1827	1401	1711	2
1828	1401	1712	2
1829	1401	1728	2
1830	1401	1729	2
1831	1401	1735	2
1832	1401	1737	2
1833	1401	2875	2
1834	1401	2878	2
1835	1401	2879	2
1836	1401	2911	2
1837	1401	2928	2
1838	1401	5921	2
1839	1401	5922	2
1840	1401	5923	2
1841	1401	6399	2
1842	1401	6401	2
1843	1401	6403	2
1844	1401	6404	2
1845	1401	6414	2
1846	1401	6415	2
1847	1401	6416	2
1848	1401	6417	2
1849	1401	6423	2
1850	1401	6424	2
1851	1401	6538	2
1852	1401	7351	2
1853	1401	7356	2
1854	1401	7363	2
1855	1401	7364	2
1856	1401	7365	2
1857	1401	7366	2
1858	1401	7369	2
1859	1401	7373	2
1860	1402	1403	2
1861	1402	1410	2
1862	1402	5982	5
1863	1403	1405	2
1864	1403	5943	2
1865	1403	6428	2
1866	1403	6429	2
1867	1404	1406	2
1868	1404	1408	5
1869	1404	1409	2
1870	1404	4559	5
1871	1405	1403	2
1872	1405	1404	7
1873	1405	1408	5
1874	1406	1404	2
1875	1406	1407	2
1876	1406	1408	2
1877	1406	4553	2
1878	1406	4559	2
1879	1406	4561	2
1880	1406	4562	2
1881	1406	5944	2
1882	1406	5945	2
1883	1406	5946	2
1884	1406	5947	2
1885	1406	5982	2
1886	1407	1409	2
1887	1407	4559	5
1888	1408	1404	5
1889	1408	1405	5
1890	1408	1406	2
1891	1408	1409	2
1892	1408	4559	5
1893	1409	1407	2
1894	1409	1408	2
1895	1409	4553	2
1896	1409	4559	2
1897	1409	4561	2
1898	1409	4562	2
1899	1409	5944	2
1900	1409	5945	2
1901	1409	5946	2
1902	1409	5947	2
1903	1409	5982	2
1904	1410	1402	2
1905	1410	1405	2
1906	1410	5943	2
1907	1410	6428	2
1908	1410	6429	2
1909	1411	1412	2
1910	1411	1414	2
1911	1411	1415	2
1912	1411	1416	2
1913	1411	4534	2
1914	1411	4536	2
1915	1411	4537	2
1916	1411	4538	2
1917	1411	4561	2
1918	1411	5947	2
1919	1411	5948	2
1920	1411	5949	2
1921	1411	6633	2
1922	1412	1411	2
1923	1412	1413	2
1924	1412	1416	2
1925	1412	4535	5
1926	1412	4536	5
1927	1412	4537	5
1928	1412	5947	5
1929	1412	5949	5
1930	1412	6633	5
1931	1413	1415	2
1932	1413	1416	2
1933	1413	4534	2
1934	1413	4536	2
1935	1413	4537	2
1936	1413	4538	2
1937	1413	4561	2
1938	1413	5947	2
1939	1413	5948	2
1940	1413	5949	2
1941	1413	6633	2
1942	1414	1411	2
1943	1414	1412	2
1944	1414	1413	2
1945	1414	1415	2
1946	1414	1416	2
1947	1414	4533	2
1948	1414	4534	2
1949	1414	5942	2
1950	1414	5948	2
1951	1414	5949	2
1952	1414	5950	2
1953	1414	6633	2
1954	1415	1413	2
1955	1415	1414	2
1956	1415	1416	2
1957	1416	1412	2
1958	1416	1413	2
1959	1416	1414	2
1960	1416	4533	2
1961	1416	5942	2
1962	1416	5948	2
1963	1416	5949	2
1964	1416	5950	2
1965	1416	5951	2
1966	1417	1418	2
1967	1417	1419	2
1968	1417	1420	2
1969	1417	1421	2
1970	1417	4490	2
1971	1417	4491	2
1972	1417	4529	2
1973	1417	5942	2
1974	1417	5950	2
1975	1417	5951	2
1976	1417	5952	2
1977	1417	5970	2
1978	1418	1419	2
1979	1418	1420	2
1980	1418	1421	2
1981	1418	1422	2
1982	1418	1423	2
1983	1418	1424	2
1984	1418	4490	2
1985	1418	4491	2
1986	1418	5928	2
1987	1418	5952	2
1988	1418	5970	2
1989	1418	6670	2
1990	1419	1418	2
1991	1419	1420	2
1992	1419	1422	5
1993	1419	1423	2
1994	1419	1424	2
1995	1419	1425	5
1996	1419	4490	5
1997	1419	4492	5
1998	1419	4529	5
1999	1420	1417	2
2000	1420	1418	2
2001	1420	1419	2
2002	1420	1422	2
2003	1420	1423	2
2004	1420	1425	2
2005	1420	4490	2
2006	1420	4491	2
2007	1420	5928	2
2008	1420	5952	2
2009	1420	5970	2
2010	1421	1417	2
2011	1421	1418	2
2012	1421	1420	2
2013	1421	1423	2
2014	1421	1425	5
2015	1421	5928	5
2016	1421	5955	5
2017	1421	6426	5
2018	1421	6427	5
2019	1421	6670	5
2020	1422	1418	2
2021	1422	1419	5
2022	1422	1420	2
2023	1422	1423	2
2024	1422	1424	2
2025	1422	4486	5
2026	1422	4490	5
2027	1422	4492	5
2028	1422	5931	5
2029	1422	5932	5
2030	1422	5934	5
2031	1423	1419	2
2032	1423	1420	2
2033	1423	1421	2
2034	1423	1424	2
2035	1423	1425	2
2036	1423	1426	2
2037	1423	4483	2
2038	1423	4486	2
2039	1423	4487	2
2040	1423	4490	2
2041	1423	4491	2
2042	1423	5926	2
2043	1423	5928	2
2044	1423	5929	2
2045	1423	5930	2
2046	1423	5931	2
2047	1423	5932	2
2048	1423	5934	2
2049	1423	5952	2
2050	1423	5953	2
2051	1423	5954	2
2052	1423	5955	2
2053	1423	5956	2
2054	1423	5957	2
2055	1423	6426	2
2056	1423	6427	2
2057	1423	6670	2
2058	1424	1418	2
2059	1424	1419	2
2060	1424	1420	2
2061	1424	1421	2
2062	1424	1422	2
2063	1424	1423	2
2064	1424	1425	2
2065	1424	4486	2
2066	1424	4487	2
2067	1424	4490	2
2068	1424	4491	2
2069	1424	4492	2
2070	1424	5928	2
2071	1424	5931	2
2072	1424	5932	2
2073	1424	5952	2
2074	1424	5953	2
2075	1424	5955	2
2076	1424	6426	2
2077	1424	6427	2
2078	1424	6670	2
2079	1425	1419	5
2080	1425	1420	2
2081	1425	1421	5
2082	1425	1423	2
2083	1425	1424	2
2084	1425	1733	2
2085	1425	4482	5
2086	1425	4483	5
2087	1425	4491	5
2088	1425	5928	5
2089	1425	5930	5
2090	1425	5933	5
2091	1425	5936	5
2092	1425	5955	5
2093	1425	6670	7
2094	1426	1423	2
2095	1426	1714	2
2096	1426	1733	2
2097	1426	1734	2
2098	1426	4482	5
2099	1426	4483	5
2100	1426	4494	5
2101	1426	5926	5
2102	1426	5928	5
2103	1426	5954	5
2104	1426	5956	5
2105	1426	5957	5
2106	1426	6426	5
2107	1426	6427	5
2108	1427	1428	2
2109	1427	1714	2
2110	1427	1725	2
2111	1427	1727	2
2112	1427	1733	2
2113	1427	1734	2
2114	1427	5924	5
2115	1427	5925	5
2116	1427	5929	7
2117	1427	5930	5
2118	1427	5933	5
2119	1427	5935	7
2120	1427	5936	5
2121	1427	6891	5
2122	1427	6892	5
2123	1427	7364	2
2124	1427	7369	2
2125	1428	1398	2
2126	1428	1399	2
2127	1428	1711	2
2128	1428	1712	2
2129	1428	1713	2
2130	1428	1722	2
2131	1428	1723	2
2132	1428	1724	2
2133	1428	1725	2
2134	1428	1726	2
2135	1428	1727	2
2136	1428	1729	2
2137	1428	1730	2
2138	1428	1731	2
2139	1428	1732	2
2140	1428	1734	2
2141	1428	1735	2
2142	1428	1737	2
2143	1428	2917	2
2144	1428	2918	2
2145	1428	2924	2
2146	1428	2925	2
2147	1428	4485	2
2148	1428	5922	2
2149	1428	5923	2
2150	1428	5933	2
2151	1428	5936	2
2152	1428	5937	2
2153	1428	5938	2
2154	1428	5958	2
2155	1428	5959	2
2156	1428	5960	2
2157	1428	6403	2
2158	1428	6404	2
2159	1428	6411	2
2160	1428	6412	2
2161	1428	6413	2
2162	1428	6414	2
2163	1428	6415	2
2164	1428	6416	2
2165	1428	6417	2
2166	1428	6418	2
2167	1428	6419	2
2168	1428	6420	2
2169	1428	6421	2
2170	1428	6422	2
2171	1428	6423	2
2172	1428	6424	2
2173	1428	6425	2
2174	1428	6625	2
2175	1428	6695	2
2176	1428	6877	2
2177	1428	6890	2
2178	1428	6891	2
2179	1428	6892	2
2180	1428	6893	2
2181	1428	6901	2
2182	1428	6903	2
2183	1428	6904	2
2184	1428	6905	2
2185	1428	6907	2
2186	1428	7351	2
2187	1428	7356	2
2188	1428	7363	2
2189	1428	7364	2
2190	1428	7365	2
2191	1428	7366	2
2192	1428	7369	2
2193	1428	7373	2
2194	1428	7391	2
2195	1429	1430	2
2196	1429	2019	2
2197	1429	2020	2
2198	1429	2021	2
2199	1429	2022	2
2200	1429	2057	2
2201	1429	2076	2
2202	1429	2077	2
2203	1429	2078	2
2204	1429	2079	2
2205	1429	2080	2
2206	1429	2081	2
2207	1429	2088	2
2208	1429	2089	2
2209	1429	2090	2
2210	1429	2091	2
2211	1429	6688	2
2212	1430	2020	2
2213	1430	2022	2
2214	1430	2057	2
2215	1430	2076	2
2216	1430	2079	2
2217	1430	2080	2
2218	1430	2081	2
2219	1430	2089	2
2220	1430	2090	2
2221	1430	4089	2
2222	1430	6061	2
2223	1430	6466	2
2224	1430	6688	2
2225	1431	2030	2
2226	1431	2031	2
2227	1431	2032	2
2228	1431	2033	2
2229	1431	2038	2
2230	1431	2039	2
2231	1431	2040	2
2232	1431	2041	2
2233	1431	2043	5
2234	1431	2045	5
2235	1431	6103	5
2236	1432	2028	5
2237	1432	2029	5
2238	1432	2030	2
2239	1432	2031	2
2240	1432	2032	2
2241	1432	2033	2
2242	1432	2036	5
2243	1432	2037	5
2244	1432	2038	2
2245	1432	2039	2
2246	1432	2040	2
2247	1432	2041	2
2248	1432	6109	5
2249	1433	1434	2
2250	1433	2010	2
2251	1433	2011	2
2252	1433	2012	2
2253	1433	4072	2
2254	1433	4073	2
2255	1433	4075	2
2256	1433	4076	2
2257	1433	4125	2
2258	1433	6108	2
2259	1434	2010	2
2260	1434	2011	2
2261	1434	2012	5
2262	1434	2013	2
2263	1435	1296	2
2264	1435	1573	2
2265	1435	1591	2
2266	1435	1592	2
2267	1435	1593	2
2268	1435	1594	2
2269	1435	1595	2
2270	1435	1596	2
2271	1435	4645	2
2272	1435	4646	2
2273	1435	4647	2
2274	1435	6359	2
2275	1435	6360	2
2276	1435	6848	2
2277	1435	6849	2
2278	1435	6850	2
2279	1436	1438	2
2280	1437	1436	2
2281	1437	1438	2
2282	1437	1439	2
2283	1437	7375	2
2284	1438	1436	2
2285	1438	1437	2
2286	1438	7375	2
2287	1439	1437	2
2288	1439	1438	2
2289	1440	1444	2
2290	1440	1445	2
2291	1440	5785	2
2292	1440	5787	2
2293	1440	5792	2
2294	1441	1442	2
2295	1441	1443	2
2296	1441	1444	2
2297	1441	1445	2
2298	1441	5785	2
2299	1441	5787	2
2300	1441	5792	2
2301	1442	1440	2
2302	1442	1441	2
2303	1442	1444	2
2304	1443	1440	2
2305	1443	1441	2
2306	1443	1442	2
2307	1443	1444	2
2308	1443	1445	2
2309	1443	5787	2
2310	1443	5792	2
2311	1444	1440	2
2312	1444	1442	2
2313	1444	1443	2
2314	1444	5787	2
2315	1444	5792	2
2316	1445	1440	2
2317	1445	1443	2
2318	1445	1444	2
2319	1445	5792	5
2320	1446	1447	2
2321	1446	1449	2
2322	1446	1451	2
2323	1446	5794	2
2324	1446	5796	2
2325	1446	7336	2
2326	1447	1448	2
2327	1447	1450	2
2328	1447	1451	2
2329	1448	1447	2
2330	1448	1451	2
2331	1448	5794	2
2332	1448	5796	2
2333	1448	7336	2
2334	1449	1446	2
2335	1449	1448	2
2336	1449	1450	2
2337	1449	1451	2
2338	1450	1447	2
2339	1450	1449	2
2340	1450	1451	2
2341	1450	1832	2
2342	1450	1834	2
2343	1450	1857	2
2344	1450	1859	2
2345	1450	3165	2
2346	1450	5796	2
2347	1450	5799	2
2348	1450	6325	2
2349	1450	6433	2
2350	1450	6687	2
2351	1450	7336	2
2352	1451	1447	2
2353	1451	1448	2
2354	1451	1449	2
2355	1451	1450	2
2356	1451	5794	2
2357	1451	5796	2
2358	1451	5799	2
2359	1451	6325	2
2360	1451	7336	2
2361	1453	2980	2
2362	1454	1456	2
2363	1454	1457	2
2364	1454	1458	2
2365	1454	3619	2
2366	1454	3620	2
2367	1454	5713	2
2368	1454	5714	2
2369	1454	6222	2
2370	1454	7233	2
2371	1454	7234	2
2372	1454	7237	2
2373	1454	7238	2
2374	1454	7239	2
2375	1454	7240	2
2376	1454	7241	2
2377	1454	7387	2
2378	1455	1454	2
2379	1455	1456	2
2380	1455	1458	2
2381	1455	7234	2
2382	1455	7236	2
2383	1455	7237	2
2384	1455	7239	5
2385	1455	7240	2
2386	1455	7241	2
2387	1456	1454	2
2388	1456	1455	2
2389	1456	1457	2
2390	1456	1458	2
2391	1456	3619	2
2392	1456	3620	2
2393	1456	5713	2
2394	1456	5714	2
2395	1456	6222	2
2396	1456	7232	2
2397	1456	7233	2
2398	1456	7235	2
2399	1456	7236	2
2400	1456	7237	2
2401	1456	7238	2
2402	1456	7239	2
2403	1456	7240	2
2404	1456	7387	2
2405	1457	1454	2
2406	1457	1458	2
2407	1457	3619	5
2408	1457	3620	5
2409	1457	5713	5
2410	1457	6222	5
2411	1457	7234	2
2412	1457	7236	2
2413	1457	7237	2
2414	1457	7238	5
2415	1457	7240	2
2416	1457	7241	2
2417	1457	7387	5
2418	1458	1455	2
2419	1458	1456	2
2420	1458	1457	2
2421	1458	3302	2
2422	1458	5713	2
2423	1458	5714	2
2424	1458	6222	2
2425	1458	7229	2
2426	1458	7230	2
2427	1458	7231	2
2428	1458	7232	2
2429	1458	7233	2
2430	1458	7235	2
2431	1459	1461	2
2432	1459	1463	2
2433	1459	7246	2
2434	1459	7247	2
2435	1460	1461	2
2436	1460	1462	5
2437	1460	1464	5
2438	1460	1465	5
2439	1460	3585	5
2440	1460	3589	5
2441	1460	7242	2
2442	1460	7243	2
2443	1460	7244	5
2444	1460	7246	2
2445	1460	7247	2
2446	1461	1459	2
2447	1461	1460	2
2448	1461	1462	2
2449	1461	1463	2
2450	1461	1464	2
2451	1461	1465	2
2452	1461	1469	2
2453	1461	1470	2
2454	1461	3579	2
2455	1461	3580	2
2456	1461	3583	2
2457	1461	3584	2
2458	1461	3585	2
2459	1461	3589	2
2460	1461	3590	2
2461	1461	6218	2
2462	1461	6220	2
2463	1461	7246	2
2464	1461	7247	2
2465	1462	1460	5
2466	1462	1463	2
2467	1462	7246	2
2468	1462	7247	2
2469	1463	1459	2
2470	1463	1461	2
2471	1463	1462	2
2472	1463	1465	2
2473	1463	1468	2
2474	1463	1469	2
2475	1463	1470	2
2476	1463	3579	2
2477	1463	3580	2
2478	1463	3583	2
2479	1463	3584	2
2480	1463	3585	2
2481	1463	3589	2
2482	1463	3590	2
2483	1463	6218	2
2484	1463	6220	2
2485	1463	6870	2
2486	1463	7246	2
2487	1464	1460	5
2488	1464	1461	2
2489	1464	1463	2
2490	1464	1469	7
2491	1464	1470	7
2492	1464	7246	2
2493	1464	7247	2
2494	1465	1460	5
2495	1465	1461	2
2496	1465	1463	2
2497	1465	1469	7
2498	1465	7246	2
2499	1465	7247	2
2500	1466	1987	5
2501	1466	1988	2
2502	1466	1989	7
2503	1466	1992	2
2504	1466	1998	2
2505	1466	6117	7
2506	1466	6119	7
2507	1467	1491	7
2508	1467	1993	2
2509	1467	1995	2
2510	1467	1999	2
2511	1467	2002	2
2512	1467	2003	2
2513	1467	2004	2
2514	1467	2005	2
2515	1467	2006	2
2516	1467	2007	2
2517	1467	2008	2
2518	1467	2009	2
2519	1467	2856	7
2520	1467	4122	5
2521	1467	4123	5
2522	1467	6114	7
2523	1467	7004	5
2524	1467	7005	7
2525	1467	7006	2
2526	1467	7007	2
2527	1467	7008	2
2528	1467	7010	7
2529	1467	7389	5
2530	1468	1461	2
2531	1468	1463	2
2532	1468	1469	2
2533	1468	1470	2
2534	1468	1473	2
2535	1468	1474	2
2536	1468	1475	2
2537	1468	1478	2
2538	1468	3567	2
2539	1468	3568	2
2540	1468	3575	2
2541	1468	3576	2
2542	1468	3580	2
2543	1468	3581	2
2544	1468	3585	2
2545	1468	3590	2
2546	1468	6220	2
2547	1468	6870	2
2548	1468	7326	2
2549	1469	1461	2
2550	1469	1463	2
2551	1469	1464	7
2552	1469	1465	7
2553	1469	3578	5
2554	1469	3580	5
2555	1469	3585	7
2556	1469	3590	7
2557	1469	6870	2
2558	1470	1461	2
2559	1470	1463	2
2560	1470	1464	7
2561	1470	1468	2
2562	1470	3580	5
2563	1470	3585	7
2564	1470	6220	7
2565	1470	6870	2
2566	1471	1472	2
2567	1471	1473	7
2568	1471	1474	2
2569	1471	1475	5
2570	1471	1477	7
2571	1471	1478	5
2572	1471	3553	5
2573	1471	3563	5
2574	1471	3568	5
2575	1471	3575	5
2576	1471	3576	5
2577	1471	6219	7
2578	1471	6532	5
2579	1471	6797	2
2580	1471	6798	2
2581	1471	6870	2
2582	1471	7325	7
2583	1472	1468	2
2584	1472	1473	2
2585	1472	1475	2
2586	1472	1476	2
2587	1472	1477	2
2588	1472	1478	2
2589	1472	3562	2
2590	1472	3563	2
2591	1472	3567	2
2592	1472	3568	2
2593	1472	3575	2
2594	1472	3576	2
2595	1472	3581	2
2596	1472	6215	2
2597	1472	6219	2
2598	1472	6220	2
2599	1472	6797	2
2600	1472	6870	2
2601	1472	6881	2
2602	1472	7325	2
2603	1472	7326	2
2604	1473	1468	2
2605	1473	1471	7
2606	1473	1472	2
2607	1473	1476	7
2608	1473	1478	5
2609	1473	3553	5
2610	1473	3563	5
2611	1473	3568	5
2612	1473	3575	5
2613	1473	6219	7
2614	1473	6532	5
2615	1473	6797	2
2616	1473	6798	2
2617	1473	6870	2
2618	1473	7325	7
2619	1474	1468	2
2620	1474	1471	2
2621	1474	1473	2
2622	1474	1476	2
2623	1474	1477	2
2624	1474	1478	2
2625	1474	3562	2
2626	1474	3563	2
2627	1474	3567	2
2628	1474	3568	2
2629	1474	3575	2
2630	1474	3576	2
2631	1474	3581	2
2632	1474	6215	2
2633	1474	6219	2
2634	1474	6220	2
2635	1474	6797	2
2636	1474	6798	2
2637	1474	6881	2
2638	1474	7325	2
2639	1474	7326	2
2640	1475	1468	2
2641	1475	1472	2
2642	1475	1473	5
2643	1475	1476	5
2644	1475	1477	5
2645	1475	1478	5
2646	1475	3563	5
2647	1475	3568	5
2648	1475	3575	5
2649	1475	6219	5
2650	1475	6220	5
2651	1475	6797	2
2652	1475	6798	2
2653	1475	6870	2
2654	1475	7325	5
2655	1476	1471	7
2656	1476	1472	2
2657	1476	1473	7
2658	1476	1474	2
2659	1476	1475	5
2660	1476	1478	5
2661	1476	3553	5
2662	1476	3563	5
2663	1476	3568	5
2664	1476	3575	5
2665	1476	3576	5
2666	1476	6532	5
2667	1476	6797	2
2668	1476	6798	2
2669	1476	7325	7
2670	1477	1471	7
2671	1477	1472	2
2672	1477	1474	2
2673	1477	1475	5
2674	1477	3553	5
2675	1477	3563	5
2676	1477	3568	5
2677	1477	3575	5
2678	1477	6219	7
2679	1477	6532	5
2680	1477	6797	2
2681	1477	6798	2
2682	1477	6870	2
2683	1477	7325	7
2684	1478	1468	2
2685	1478	1471	5
2686	1478	1472	2
2687	1478	1473	5
2688	1478	1474	2
2689	1478	1475	5
2690	1478	1476	5
2691	1478	3563	5
2692	1478	3575	5
2693	1478	6219	5
2694	1478	6220	5
2695	1478	6797	2
2696	1478	6798	2
2697	1478	6870	2
2698	1479	1241	2
2699	1479	1243	2
2700	1479	1492	2
2701	1479	1493	2
2702	1479	1494	2
2703	1479	1495	2
2704	1479	1520	2
2705	1479	1521	2
2706	1479	1522	2
2707	1479	1523	2
2708	1479	1524	2
2709	1479	2888	2
2710	1479	2889	2
2711	1479	2890	2
2712	1479	2891	2
2713	1479	2892	2
2714	1479	2893	2
2715	1479	2894	2
2716	1479	2895	2
2717	1479	2896	2
2718	1479	2900	2
2719	1479	2901	2
2720	1479	2902	2
2721	1479	2903	2
2722	1479	2905	2
2723	1479	2906	2
2724	1479	2907	2
2725	1479	2908	2
2726	1479	2931	2
2727	1479	2932	2
2728	1479	2933	2
2729	1479	2934	2
2730	1479	2935	2
2731	1479	2936	2
2732	1479	2937	2
2733	1479	2938	2
2734	1479	2940	2
2735	1479	2941	2
2736	1479	2942	2
2737	1479	2943	2
2738	1479	2950	2
2739	1479	2951	2
2740	1479	2952	2
2741	1479	2953	2
2742	1479	3505	2
2743	1479	3506	2
2744	1479	3508	2
2745	1479	3509	2
2746	1479	3510	2
2747	1479	3519	2
2748	1479	3520	2
2749	1479	3521	2
2750	1479	3522	2
2751	1479	3523	2
2752	1479	3524	2
2753	1479	3525	2
2754	1479	3526	2
2755	1479	3527	2
2756	1479	3528	2
2757	1479	3529	2
2758	1479	3533	2
2759	1479	3534	2
2760	1479	3535	2
2761	1479	3536	2
2762	1479	4735	2
2763	1479	4736	2
2764	1479	5711	2
2765	1479	5718	2
2766	1479	5719	2
2767	1479	5721	2
2768	1479	5722	2
2769	1479	6210	2
2770	1479	6212	2
2771	1479	6213	2
2772	1479	6337	2
2773	1479	6338	2
2774	1479	6339	2
2775	1479	6627	2
2776	1479	6787	2
2777	1479	6788	2
2778	1479	6789	2
2779	1479	6790	2
2780	1479	6791	2
2781	1479	6792	2
2782	1479	6793	2
2783	1479	6794	2
2784	1479	6795	2
2785	1479	6796	2
2786	1479	6800	2
2787	1479	6802	2
2788	1479	6808	2
2789	1479	6809	2
2790	1479	6811	2
2791	1479	6813	2
2792	1479	6864	2
2793	1479	6865	2
2794	1479	6866	2
2795	1479	6867	2
2796	1479	7333	2
2797	1480	1481	2
2798	1480	1484	2
2799	1480	1486	2
2800	1480	1488	2
2801	1480	2944	7
2802	1480	6215	7
2803	1480	6797	2
2804	1480	6798	2
2805	1480	6799	2
2806	1480	6801	2
2807	1480	6802	2
2808	1480	6803	2
2809	1480	6805	2
2810	1480	6806	2
2811	1480	6815	2
2812	1480	6857	2
2813	1480	6858	2
2814	1480	7324	7
2815	1481	1484	2
2816	1481	1485	2
2817	1481	1486	2
2818	1481	1487	2
2819	1481	1490	2
2820	1481	1873	2
2821	1481	2909	2
2822	1481	2910	2
2823	1481	2944	2
2824	1481	3537	2
2825	1481	3538	2
2826	1481	3539	2
2827	1481	3540	2
2828	1481	3541	2
2829	1481	3542	2
2830	1481	3564	2
2831	1481	3565	2
2832	1481	3566	2
2833	1481	3568	2
2834	1481	3569	2
2835	1481	3570	2
2836	1481	4730	2
2837	1481	6215	2
2838	1481	6330	2
2839	1481	6333	2
2840	1481	6532	2
2841	1481	6533	2
2842	1481	6797	2
2843	1481	6798	2
2844	1481	6801	2
2845	1481	6803	2
2846	1481	6805	2
2847	1481	6807	2
2848	1481	6815	2
2849	1481	6857	2
2850	1481	7302	2
2851	1481	7308	2
2852	1481	7311	2
2853	1481	7323	2
2854	1481	7324	2
2855	1481	7325	2
2856	1482	1484	2
2857	1482	1486	2
2858	1482	1487	7
2859	1482	1489	2
2860	1482	3564	7
2861	1482	3566	5
2862	1482	3569	7
2863	1482	6437	5
2864	1482	7308	5
2865	1482	7309	5
2866	1482	7310	5
2867	1482	7311	5
2868	1482	7312	5
2869	1483	1482	2
2870	1483	1484	2
2871	1483	1485	2
2872	1483	1486	2
2873	1483	1487	2
2874	1483	1863	2
2875	1483	1873	2
2876	1483	3565	2
2877	1483	3566	2
2878	1483	3571	2
2879	1483	3573	2
2880	1483	4711	2
2881	1483	6214	2
2882	1483	6434	2
2883	1483	6435	2
2884	1483	6436	2
2885	1483	6437	2
2886	1483	7308	2
2887	1483	7309	2
2888	1483	7310	2
2889	1483	7311	2
2890	1483	7312	2
2891	1483	7326	2
2892	1484	1480	2
2893	1484	1482	2
2894	1484	1483	2
2895	1484	1485	2
2896	1484	1486	2
2897	1484	1487	2
2898	1484	1488	2
2899	1484	1489	2
2900	1484	1490	2
2901	1484	1873	2
2902	1484	2944	2
2903	1484	3564	2
2904	1484	3565	2
2905	1484	3566	2
2906	1484	3569	2
2907	1484	3570	2
2908	1484	6214	2
2909	1484	6215	2
2910	1484	6857	2
2911	1484	6858	2
2912	1484	7302	2
2913	1484	7308	2
2914	1484	7309	2
2915	1484	7310	2
2916	1484	7311	2
2917	1484	7312	2
2918	1484	7324	2
2919	1484	7326	2
2920	1485	1481	2
2921	1485	1483	2
2922	1485	1486	2
2923	1485	1488	2
2924	1485	1489	2
2925	1485	1873	7
2926	1485	3565	5
2927	1485	3571	7
2928	1485	6214	5
2929	1485	6434	7
2930	1485	7326	5
2931	1486	1480	2
2932	1486	1481	2
2933	1486	1482	2
2934	1486	1484	2
2935	1486	1485	2
2936	1486	1488	2
2937	1486	1489	2
2938	1486	1490	2
2939	1486	1873	2
2940	1486	2944	2
2941	1486	3540	2
2942	1486	3542	2
2943	1486	3564	2
2944	1486	3565	2
2945	1486	3566	2
2946	1486	3569	2
2947	1486	3570	2
2948	1486	4730	2
2949	1486	6214	2
2950	1486	6215	2
2951	1486	6857	2
2952	1486	6858	2
2953	1486	7302	2
2954	1486	7308	2
2955	1486	7309	2
2956	1486	7310	2
2957	1486	7311	2
2958	1486	7312	2
2959	1486	7324	2
2960	1486	7325	2
2961	1486	7326	2
2962	1487	1481	2
2963	1487	1482	7
2964	1487	1483	2
2965	1487	1484	2
2966	1487	1486	2
2967	1487	1488	2
2968	1487	1489	2
2969	1487	3564	7
2970	1487	3569	7
2971	1487	3570	5
2972	1487	6435	7
2973	1487	6437	5
2974	1487	7308	5
2975	1487	7309	5
2976	1487	7310	5
2977	1487	7311	5
2978	1487	7312	5
2979	1488	1480	2
2980	1488	1484	2
2981	1488	1485	2
2982	1488	1487	2
2983	1488	1490	2
2984	1488	1873	2
2985	1488	2909	2
2986	1488	2910	2
2987	1488	2944	2
2988	1488	3537	2
2989	1488	3538	2
2990	1488	3539	2
2991	1488	3540	2
2992	1488	3541	2
2993	1488	3542	2
2994	1488	3564	2
2995	1488	3565	2
2996	1488	3566	2
2997	1488	3568	2
2998	1488	3569	2
2999	1488	3570	2
3000	1488	4730	2
3001	1488	6215	2
3002	1488	6330	2
3003	1488	6333	2
3004	1488	6532	2
3005	1488	6533	2
3006	1488	6797	2
3007	1488	6798	2
3008	1488	6801	2
3009	1488	6803	2
3010	1488	6805	2
3011	1488	6807	2
3012	1488	6815	2
3013	1488	6857	2
3014	1488	6858	2
3015	1488	7302	2
3016	1488	7308	2
3017	1488	7311	2
3018	1488	7323	2
3019	1488	7324	2
3020	1488	7325	2
3021	1489	1482	2
3022	1489	1485	2
3023	1489	1486	2
3024	1489	1487	2
3025	1489	1861	2
3026	1489	3565	2
3027	1489	3566	2
3028	1489	3571	2
3029	1489	3573	2
3030	1489	6214	2
3031	1489	6434	2
3032	1489	6435	2
3033	1489	6436	2
3034	1489	6437	2
3035	1489	7308	2
3036	1489	7309	2
3037	1489	7310	2
3038	1489	7311	2
3039	1489	7312	2
3040	1489	7326	2
3041	1490	1481	2
3042	1490	1484	2
3043	1490	1486	2
3044	1490	2896	5
3045	1490	2897	5
3046	1490	2909	7
3047	1490	2910	7
3048	1490	3537	5
3049	1490	3539	5
3050	1490	3540	5
3051	1490	3541	5
3052	1490	3570	5
3053	1490	4733	5
3054	1490	6797	2
3055	1490	6798	2
3056	1490	6799	2
3057	1490	6801	2
3058	1490	6802	2
3059	1490	6803	2
3060	1490	6805	2
3061	1490	6806	2
3062	1490	6807	7
3063	1490	6815	2
3064	1490	6857	2
3065	1490	6858	2
3066	1490	7302	5
3067	1490	7311	5
3068	1491	1993	2
3069	1491	1995	2
3070	1491	1996	2
3071	1491	1998	2
3072	1491	1999	2
3073	1491	2002	2
3074	1491	2003	2
3075	1491	2004	2
3076	1491	2005	2
3077	1491	2006	2
3078	1491	2007	2
3079	1491	2008	2
3080	1491	2009	2
3081	1491	2857	2
3082	1491	6114	7
3083	1491	7004	5
3084	1491	7005	7
3085	1491	7006	2
3086	1491	7010	7
3087	1491	7389	5
3088	1492	1241	2
3089	1492	1242	2
3090	1492	1243	2
3091	1492	1479	2
3092	1492	1493	2
3093	1492	1494	2
3094	1492	1495	2
3095	1492	1521	2
3096	1492	1522	2
3097	1492	1523	2
3098	1492	2888	2
3099	1492	2889	2
3100	1492	2890	2
3101	1492	2891	2
3102	1492	2892	2
3103	1492	2893	2
3104	1492	2894	2
3105	1492	2895	2
3106	1492	2896	2
3107	1492	2898	2
3108	1492	2899	2
3109	1492	2900	2
3110	1492	2901	2
3111	1492	2902	2
3112	1492	2903	2
3113	1492	2904	2
3114	1492	2905	2
3115	1492	2906	2
3116	1492	2907	2
3117	1492	2908	2
3118	1492	2930	2
3119	1492	2931	2
3120	1492	2932	2
3121	1492	2933	2
3122	1492	2934	2
3123	1492	2935	2
3124	1492	2936	2
3125	1492	2937	2
3126	1492	2938	2
3127	1492	2940	2
3128	1492	2941	2
3129	1492	2942	2
3130	1492	2943	2
3131	1492	2945	2
3132	1492	2946	2
3133	1492	2947	2
3134	1492	2948	2
3135	1492	2949	2
3136	1492	2950	2
3137	1492	2951	2
3138	1492	2952	2
3139	1492	2953	2
3140	1492	3506	2
3141	1492	3508	2
3142	1492	3509	2
3143	1492	3510	2
3144	1492	3513	2
3145	1492	3514	2
3146	1492	3515	2
3147	1492	3516	2
3148	1492	3517	2
3149	1492	3518	2
3150	1492	3519	2
3151	1492	3520	2
3152	1492	3521	2
3153	1492	3522	2
3154	1492	3523	2
3155	1492	3524	2
3156	1492	3525	2
3157	1492	3526	2
3158	1492	3527	2
3159	1492	3528	2
3160	1492	3529	2
3161	1492	3530	2
3162	1492	3531	2
3163	1492	3532	2
3164	1492	3533	2
3165	1492	3534	2
3166	1492	3535	2
3167	1492	3536	2
3168	1492	3544	2
3169	1492	3545	2
3170	1492	3546	2
3171	1492	3547	2
3172	1492	3548	2
3173	1492	3551	2
3174	1492	4735	2
3175	1492	4736	2
3176	1492	5711	2
3177	1492	5718	2
3178	1492	5719	2
3179	1492	5720	2
3180	1492	5721	2
3181	1492	5722	2
3182	1492	6210	2
3183	1492	6212	2
3184	1492	6213	2
3185	1492	6331	2
3186	1492	6332	2
3187	1492	6337	2
3188	1492	6338	2
3189	1492	6339	2
3190	1492	6627	2
3191	1492	6787	2
3192	1492	6788	2
3193	1492	6789	2
3194	1492	6790	2
3195	1492	6791	2
3196	1492	6792	2
3197	1492	6793	2
3198	1492	6794	2
3199	1492	6795	2
3200	1492	6796	2
3201	1492	6800	2
3202	1492	6802	2
3203	1492	6804	2
3204	1492	6809	2
3205	1492	6810	2
3206	1492	6811	2
3207	1492	6812	2
3208	1492	6813	2
3209	1492	6863	2
3210	1492	6864	2
3211	1492	6865	2
3212	1492	6866	2
3213	1492	6867	2
3214	1492	7333	2
3215	1493	1241	2
3216	1493	1242	2
3217	1493	1479	2
3218	1493	1492	2
3219	1493	1494	2
3220	1493	1523	2
3221	1493	2894	7
3222	1493	2902	7
3223	1493	2903	7
3224	1493	2932	7
3225	1493	2933	7
3226	1493	2934	7
3227	1493	2935	7
3228	1493	2936	7
3229	1493	2948	7
3230	1493	2951	7
3231	1493	5711	7
3232	1493	6213	7
3233	1493	6339	7
3234	1493	6787	2
3235	1493	6788	2
3236	1493	6790	2
3237	1493	6792	2
3238	1493	6793	2
3239	1493	6794	2
3240	1493	6795	7
3241	1493	6796	2
3242	1493	6799	2
3243	1493	6800	2
3244	1493	6801	2
3245	1493	6802	2
3246	1493	6803	2
3247	1493	6804	7
3248	1493	6805	2
3249	1493	6806	2
3250	1493	6808	2
3251	1493	6809	2
3252	1493	6810	2
3253	1493	6811	2
3254	1493	6813	2
3255	1493	6862	7
3256	1493	6864	2
3257	1493	6865	2
3258	1494	1241	2
3259	1494	1242	2
3260	1494	1243	2
3261	1494	1492	2
3262	1494	1493	2
3263	1494	1495	2
3264	1494	1520	2
3265	1494	1521	2
3266	1494	1522	2
3267	1494	1523	2
3268	1494	1524	2
3269	1494	2888	2
3270	1494	2889	2
3271	1494	2896	2
3272	1494	2905	2
3273	1494	2906	2
3274	1494	2907	2
3275	1494	2936	2
3276	1494	2937	2
3277	1494	2938	2
3278	1494	2940	2
3279	1494	2952	2
3280	1494	2953	2
3281	1494	3505	2
3282	1494	3506	2
3283	1494	3508	2
3284	1494	3509	2
3285	1494	3534	2
3286	1494	3535	2
3287	1494	3536	2
3288	1494	4735	2
3289	1494	4736	2
3290	1494	6210	2
3291	1494	6213	2
3292	1494	6337	2
3293	1494	6338	2
3294	1494	6339	2
3295	1494	6627	2
3296	1494	6789	2
3297	1494	6795	2
3298	1494	6796	2
3299	1494	6808	2
3300	1494	6809	2
3301	1494	6810	2
3302	1494	6811	2
3303	1494	6812	2
3304	1494	6864	2
3305	1494	6865	2
3306	1494	7333	2
3307	1495	1241	2
3308	1495	1242	2
3309	1495	1243	2
3310	1495	1479	2
3311	1495	1494	2
3312	1495	1522	2
3313	1495	1523	2
3314	1495	2888	2
3315	1495	2889	2
3316	1495	2890	2
3317	1495	2891	2
3318	1495	2892	2
3319	1495	2893	2
3320	1495	2894	2
3321	1495	2895	2
3322	1495	2896	2
3323	1495	2897	2
3324	1495	2898	2
3325	1495	2899	2
3326	1495	2900	2
3327	1495	2901	2
3328	1495	2902	2
3329	1495	2903	2
3330	1495	2904	2
3331	1495	2905	2
3332	1495	2906	2
3333	1495	2907	2
3334	1495	2908	2
3335	1495	2909	2
3336	1495	2910	2
3337	1495	2930	2
3338	1495	2931	2
3339	1495	2932	2
3340	1495	2933	2
3341	1495	2934	2
3342	1495	2935	2
3343	1495	2936	2
3344	1495	2937	2
3345	1495	2938	2
3346	1495	2940	2
3347	1495	2941	2
3348	1495	2942	2
3349	1495	2943	2
3350	1495	2945	2
3351	1495	2946	2
3352	1495	2947	2
3353	1495	2948	2
3354	1495	2949	2
3355	1495	2950	2
3356	1495	2951	2
3357	1495	2952	2
3358	1495	2953	2
3359	1495	3506	2
3360	1495	3508	2
3361	1495	3509	2
3362	1495	3510	2
3363	1495	3513	2
3364	1495	3514	2
3365	1495	3515	2
3366	1495	3516	2
3367	1495	3517	2
3368	1495	3518	2
3369	1495	3519	2
3370	1495	3520	2
3371	1495	3521	2
3372	1495	3522	2
3373	1495	3523	2
3374	1495	3524	2
3375	1495	3525	2
3376	1495	3526	2
3377	1495	3527	2
3378	1495	3528	2
3379	1495	3529	2
3380	1495	3530	2
3381	1495	3531	2
3382	1495	3532	2
3383	1495	3533	2
3384	1495	3534	2
3385	1495	3535	2
3386	1495	3536	2
3387	1495	3537	2
3388	1495	3543	2
3389	1495	3544	2
3390	1495	3545	2
3391	1495	3546	2
3392	1495	3547	2
3393	1495	3548	2
3394	1495	3551	2
3395	1495	3554	2
3396	1495	3555	2
3397	1495	3556	2
3398	1495	4735	2
3399	1495	4736	2
3400	1495	5711	2
3401	1495	5718	2
3402	1495	5719	2
3403	1495	5720	2
3404	1495	5721	2
3405	1495	5722	2
3406	1495	6210	2
3407	1495	6212	2
3408	1495	6213	2
3409	1495	6332	2
3410	1495	6337	2
3411	1495	6338	2
3412	1495	6339	2
3413	1495	6627	2
3414	1495	6787	2
3415	1495	6788	2
3416	1495	6789	2
3417	1495	6790	2
3418	1495	6791	2
3419	1495	6793	2
3420	1495	6794	2
3421	1495	6795	2
3422	1495	6796	2
3423	1495	6799	2
3424	1495	6800	2
3425	1495	6801	2
3426	1495	6802	2
3427	1495	6803	2
3428	1495	6804	2
3429	1495	6805	2
3430	1495	6806	2
3431	1495	6808	2
3432	1495	6810	2
3433	1495	6811	2
3434	1495	6812	2
3435	1495	6859	2
3436	1495	6860	2
3437	1495	6862	2
3438	1495	6863	2
3439	1495	6864	2
3440	1495	6865	2
3441	1496	1497	2
3442	1496	1499	2
3443	1496	1500	2
3444	1496	1501	5
3445	1496	1502	2
3446	1496	1503	5
3447	1496	3503	5
3448	1496	3504	5
3449	1496	3507	5
3450	1496	6787	2
3451	1496	6788	2
3452	1496	6790	2
3453	1496	6792	2
3454	1496	6793	2
3455	1496	6794	2
3456	1496	6813	2
3457	1496	6868	2
3458	1496	6869	2
3459	1497	1241	2
3460	1497	1498	2
3461	1497	1500	2
3462	1497	1501	2
3463	1497	1502	2
3464	1497	1503	2
3465	1497	3497	2
3466	1497	3502	2
3467	1497	3503	2
3468	1497	3504	2
3469	1497	3505	2
3470	1497	3506	2
3471	1497	3507	2
3472	1497	3508	2
3473	1497	3509	2
3474	1497	3510	2
3475	1497	3517	2
3476	1497	3518	2
3477	1497	3519	2
3478	1497	3520	2
3479	1497	3521	2
3480	1497	3522	2
3481	1497	3523	2
3482	1497	3524	2
3483	1497	3533	2
3484	1497	3534	2
3485	1497	4831	2
3486	1497	6331	2
3487	1497	6337	2
3488	1497	6627	2
3489	1497	6787	2
3490	1497	6788	2
3491	1497	6789	2
3492	1497	6790	2
3493	1497	6791	2
3494	1497	6792	2
3495	1497	6793	2
3496	1497	6794	2
3497	1497	6811	2
3498	1497	6813	2
3499	1497	6866	2
3500	1497	6867	2
3501	1497	6869	2
3502	1498	1497	2
3503	1498	1500	2
3504	1498	1501	5
3505	1498	1502	2
3506	1498	1503	5
3507	1498	3497	5
3508	1498	3504	5
3509	1498	3507	5
3510	1498	6787	2
3511	1498	6788	2
3512	1498	6790	2
3513	1498	6792	2
3514	1498	6793	2
3515	1498	6794	2
3516	1498	6813	2
3517	1498	6868	2
3518	1498	6869	2
3519	1499	1241	2
3520	1499	1496	2
3521	1499	1498	2
3522	1499	1500	2
3523	1499	1501	2
3524	1499	1502	2
3525	1499	1503	2
3526	1499	3497	2
3527	1499	3502	2
3528	1499	3503	2
3529	1499	3504	2
3530	1499	3505	2
3531	1499	3506	2
3532	1499	3507	2
3533	1499	3508	2
3534	1499	3509	2
3535	1499	3510	2
3536	1499	3517	2
3537	1499	3518	2
3538	1499	3519	2
3539	1499	3520	2
3540	1499	3521	2
3541	1499	3522	2
3542	1499	3523	2
3543	1499	3524	2
3544	1499	3533	2
3545	1499	3534	2
3546	1499	4831	2
3547	1499	5724	2
3548	1499	6331	2
3549	1499	6337	2
3550	1499	6627	2
3551	1499	6787	2
3552	1499	6788	2
3553	1499	6789	2
3554	1499	6790	2
3555	1499	6791	2
3556	1499	6792	2
3557	1499	6793	2
3558	1499	6794	2
3559	1499	6808	2
3560	1499	6811	2
3561	1499	6866	2
3562	1499	6867	2
3563	1499	6868	2
3564	1499	6869	2
3565	1500	1496	2
3566	1500	1497	2
3567	1500	1498	2
3568	1500	1499	2
3569	1500	1503	2
3570	1500	3491	2
3571	1500	3496	2
3572	1500	3497	2
3573	1500	3502	2
3574	1500	3503	2
3575	1500	6209	2
3576	1500	6340	2
3577	1500	6868	2
3578	1501	1496	5
3579	1501	1497	2
3580	1501	1498	5
3581	1501	1499	2
3582	1501	1500	2
3583	1501	1502	2
3584	1501	3496	5
3585	1501	3503	5
3586	1501	6340	5
3587	1501	6787	2
3588	1501	6792	2
3589	1501	6793	2
3590	1501	6813	2
3591	1501	6868	2
3592	1501	6869	2
3593	1502	1496	2
3594	1502	1497	2
3595	1502	1498	2
3596	1502	1499	2
3597	1502	1501	2
3598	1502	1503	2
3599	1502	3491	2
3600	1502	3496	2
3601	1502	3497	2
3602	1502	3502	2
3603	1502	3503	2
3604	1502	6209	2
3605	1502	6340	2
3606	1502	6868	2
3607	1502	6869	2
3608	1503	1496	5
3609	1503	1497	2
3610	1503	1498	5
3611	1503	1499	2
3612	1503	1500	2
3613	1503	3496	5
3614	1503	3497	5
3615	1503	3503	5
3616	1503	6868	2
3617	1503	6869	2
3618	1504	1235	2
3619	1504	1236	2
3620	1504	1237	2
3621	1504	1238	2
3622	1504	1239	2
3623	1504	1240	2
3624	1504	1395	2
3625	1504	1505	2
3626	1504	1507	2
3627	1504	1511	2
3628	1504	1512	2
3629	1504	1514	2
3630	1504	3485	2
3631	1504	3486	2
3632	1504	3487	2
3633	1504	3488	2
3634	1504	3489	2
3635	1504	3490	2
3636	1504	3493	2
3637	1504	5716	2
3638	1504	5717	2
3639	1504	6208	2
3640	1504	6341	2
3641	1504	6342	2
3642	1504	6679	2
3643	1504	6878	2
3644	1504	6879	2
3645	1505	1238	2
3646	1505	1240	2
3647	1505	1506	2
3648	1505	1510	2
3649	1505	1511	2
3650	1506	1235	2
3651	1506	1236	2
3652	1506	1237	2
3653	1506	1239	2
3654	1506	1240	2
3655	1506	1505	2
3656	1506	1507	2
3657	1506	1510	2
3658	1506	1511	2
3659	1506	1512	2
3660	1506	1514	2
3661	1506	3481	2
3662	1506	3485	2
3663	1506	3486	2
3664	1506	3487	2
3665	1506	3488	2
3666	1506	3489	2
3667	1506	3493	2
3668	1506	5716	2
3669	1506	5717	2
3670	1506	6208	2
3671	1506	6341	2
3672	1506	6342	2
3673	1506	6679	2
3674	1506	6878	2
3675	1506	6879	2
3676	1507	1237	5
3677	1507	1238	2
3678	1507	1239	5
3679	1507	1240	2
3680	1507	1504	2
3681	1507	1506	2
3682	1507	3486	5
3683	1507	3487	5
3684	1507	3488	5
3685	1507	3490	5
3686	1507	5716	5
3687	1507	6879	5
3688	1508	1513	2
3689	1508	1515	2
3690	1508	1516	2
3691	1508	1518	2
3692	1508	1519	2
3693	1508	3479	5
3694	1508	3480	5
3695	1508	3481	5
3696	1508	3482	5
3697	1508	3483	5
3698	1508	6205	5
3699	1508	6206	5
3700	1508	6208	5
3701	1508	6341	5
3702	1508	7157	2
3703	1509	1508	2
3704	1509	1510	2
3705	1509	1511	2
3706	1509	1512	2
3707	1509	1513	2
3708	1509	1514	2
3709	1509	1518	2
3710	1509	1519	2
3711	1509	3479	2
3712	1509	3480	2
3713	1509	3481	2
3714	1509	3482	2
3715	1509	5717	2
3716	1509	6200	2
3717	1509	6201	2
3718	1509	6202	2
3719	1509	6207	2
3720	1509	6208	2
3721	1509	6341	2
3722	1509	6342	2
3723	1509	6343	2
3724	1509	7156	2
3725	1510	1504	2
3726	1510	1505	2
3727	1510	1506	2
3728	1510	1509	2
3729	1510	1514	2
3730	1510	1515	2
3731	1510	1516	2
3732	1510	3480	2
3733	1510	3481	2
3734	1510	3484	2
3735	1510	3485	2
3736	1510	3489	2
3737	1510	5716	2
3738	1510	5717	2
3739	1510	6202	2
3740	1510	6208	2
3741	1510	6341	2
3742	1510	6342	2
3743	1511	1504	2
3744	1511	1505	2
3745	1511	1509	2
3746	1511	1512	2
3747	1511	1513	2
3748	1511	1514	2
3749	1511	1515	2
3750	1511	1516	2
3751	1511	3480	2
3752	1511	3481	2
3753	1511	3484	2
3754	1511	3485	2
3755	1511	3489	2
3756	1511	4851	2
3757	1511	5716	2
3758	1511	5717	2
3759	1511	6202	2
3760	1511	6208	2
3761	1511	6341	2
3762	1511	6342	2
3763	1512	1504	2
3764	1512	1506	2
3765	1512	1509	2
3766	1512	1510	2
3767	1512	1511	2
3768	1512	1515	2
3769	1512	1516	2
3770	1512	3484	5
3771	1512	3485	5
3772	1512	5716	5
3773	1512	5717	5
3774	1512	6201	5
3775	1512	6202	5
3776	1513	1508	2
3777	1513	1509	2
3778	1513	1510	2
3779	1513	1511	2
3780	1513	1512	2
3781	1513	1514	2
3782	1513	3479	2
3783	1513	3480	2
3784	1513	3481	2
3785	1513	3484	2
3786	1513	3485	2
3787	1513	5716	2
3788	1513	5717	2
3789	1513	6200	2
3790	1513	6201	2
3791	1513	6202	2
3792	1513	6207	2
3793	1513	6208	2
3794	1513	6341	2
3795	1513	6342	2
3796	1513	6343	2
3797	1513	7156	2
3798	1514	1504	2
3799	1514	1506	2
3800	1514	1509	2
3801	1514	1510	2
3802	1514	1513	2
3803	1514	1515	2
3804	1514	1516	2
3805	1514	3479	5
3806	1514	3480	5
3807	1514	3481	5
3808	1514	4851	5
3809	1514	6207	5
3810	1514	6208	5
3811	1514	6343	5
3812	1514	7156	5
3813	1515	1508	2
3814	1515	1509	2
3815	1515	1510	2
3816	1515	1512	2
3817	1515	1516	2
3818	1515	3479	2
3819	1515	3480	2
3820	1515	3481	2
3821	1515	3484	2
3822	1515	3485	2
3823	1515	5716	2
3824	1515	5717	2
3825	1515	6200	2
3826	1515	6201	2
3827	1515	6202	2
3828	1515	6207	2
3829	1515	6208	2
3830	1515	6341	2
3831	1515	6342	2
3832	1515	6343	2
3833	1515	7156	2
3834	1516	1508	2
3835	1516	1510	2
3836	1516	1511	2
3837	1516	1512	2
3838	1516	1513	2
3839	1516	1514	2
3840	1516	1515	2
3841	1516	1519	2
3842	1516	3479	2
3843	1516	3480	2
3844	1516	3481	2
3845	1516	3482	2
3846	1516	5717	2
3847	1516	6200	2
3848	1516	6201	2
3849	1516	6202	2
3850	1516	6207	2
3851	1516	6208	2
3852	1516	6341	2
3853	1516	6342	2
3854	1516	7156	2
3855	1517	1518	2
3856	1517	1519	2
3857	1517	6229	5
3858	1517	6343	5
3859	1517	6344	5
3860	1517	6345	2
3861	1517	7157	2
3862	1517	7159	2
3863	1517	7160	5
3864	1518	1508	2
3865	1518	1509	2
3866	1518	1516	2
3867	1518	1519	2
3868	1518	3479	2
3869	1518	3482	2
3870	1518	3483	2
3871	1518	6199	2
3872	1518	6200	2
3873	1518	6201	2
3874	1518	6205	2
3875	1518	6206	2
3876	1518	6207	2
3877	1518	6343	2
3878	1518	6344	2
3879	1518	6345	2
3880	1518	6346	2
3881	1518	7156	2
3882	1518	7159	2
3883	1518	7160	2
3884	1519	1508	2
3885	1519	1516	2
3886	1519	1517	2
3887	1519	1518	2
3888	1519	3479	2
3889	1519	3482	2
3890	1519	3483	2
3891	1519	6199	2
3892	1519	6200	2
3893	1519	6201	2
3894	1519	6202	2
3895	1519	6205	2
3896	1519	6206	2
3897	1519	6207	2
3898	1519	6343	2
3899	1519	6344	2
3900	1519	6345	2
3901	1519	6346	2
3902	1519	7156	2
3903	1519	7157	2
3904	1519	7158	2
3905	1519	7159	2
3906	1519	7160	2
3907	1520	1242	2
3908	1520	1479	2
3909	1520	1522	2
3910	1520	1523	2
3911	1520	2905	2
3912	1520	2906	2
3913	1520	2907	2
3914	1520	2908	2
3915	1520	3505	2
3916	1520	3506	2
3917	1520	3534	2
3918	1520	3535	2
3919	1520	3536	2
3920	1520	4735	2
3921	1520	4736	2
3922	1520	6210	2
3923	1520	6212	2
3924	1520	6338	2
3925	1520	6339	2
3926	1520	6796	2
3927	1520	6809	2
3928	1520	6812	2
3929	1520	6865	2
3930	1521	1242	2
3931	1521	1479	2
3932	1521	1492	2
3933	1521	1494	2
3934	1521	1520	2
3935	1521	1523	2
3936	1521	1524	2
3937	1521	2888	5
3938	1521	2889	5
3939	1521	2906	5
3940	1521	4736	5
3941	1521	6796	2
3942	1521	6808	2
3943	1521	6809	2
3944	1521	6811	2
3945	1521	6864	2
3946	1521	6865	2
3947	1522	1242	2
3948	1522	1479	2
3949	1522	1492	2
3950	1522	1494	2
3951	1522	1495	2
3952	1522	1520	2
3953	1522	1523	2
3954	1522	2905	5
3955	1522	2907	5
3956	1522	2908	5
3957	1522	3535	5
3958	1522	6212	5
3959	1522	6338	5
3960	1522	6339	5
3961	1522	6795	5
3962	1522	6796	2
3963	1522	6808	2
3964	1522	6809	2
3965	1522	6811	2
3966	1522	6864	2
3967	1522	6865	2
3968	1523	1241	2
3969	1523	1242	2
3970	1523	1243	2
3971	1523	1479	2
3972	1523	1492	2
3973	1523	1493	2
3974	1523	1494	2
3975	1523	1495	2
3976	1523	1520	2
3977	1523	1521	2
3978	1523	1524	2
3979	1523	2888	2
3980	1523	2889	2
3981	1523	2890	2
3982	1523	2891	2
3983	1523	2892	2
3984	1523	2894	2
3985	1523	2896	2
3986	1523	2901	2
3987	1523	2905	2
3988	1523	2906	2
3989	1523	2907	2
3990	1523	2908	2
3991	1523	2936	2
3992	1523	2937	2
3993	1523	2938	2
3994	1523	2940	2
3995	1523	2943	2
3996	1523	2952	2
3997	1523	2953	2
3998	1523	3505	2
3999	1523	3506	2
4000	1523	3508	2
4001	1523	3509	2
4002	1523	3510	2
4003	1523	3520	2
4004	1523	3522	2
4005	1523	3533	2
4006	1523	3534	2
4007	1523	3535	2
4008	1523	3536	2
4009	1523	4735	2
4010	1523	4736	2
4011	1523	5722	2
4012	1523	6210	2
4013	1523	6212	2
4014	1523	6213	2
4015	1523	6337	2
4016	1523	6338	2
4017	1523	6339	2
4018	1523	6627	2
4019	1523	6788	2
4020	1523	6789	2
4021	1523	6790	2
4022	1523	6791	2
4023	1523	6792	2
4024	1523	6793	2
4025	1523	6794	2
4026	1523	6795	2
4027	1523	6796	2
4028	1523	6808	2
4029	1523	6809	2
4030	1523	6810	2
4031	1523	6811	2
4032	1523	6812	2
4033	1523	6813	2
4034	1523	6864	2
4035	1523	6866	2
4036	1523	6867	2
4037	1523	7333	2
4038	1524	1242	2
4039	1524	1479	2
4040	1524	1494	2
4041	1524	1521	2
4042	1524	1522	2
4043	1524	1523	2
4044	1524	2905	2
4045	1524	2906	2
4046	1524	2907	2
4047	1524	2908	2
4048	1524	3505	2
4049	1524	3506	2
4050	1524	3534	2
4051	1524	3535	2
4052	1524	3536	2
4053	1524	4735	2
4054	1524	4736	2
4055	1524	6210	2
4056	1524	6212	2
4057	1524	6213	2
4058	1524	6337	2
4059	1524	6338	2
4060	1524	6339	2
4061	1524	6627	2
4062	1524	6796	2
4063	1524	6809	2
4064	1524	6812	2
4065	1524	6864	2
4066	1524	6865	2
4067	1525	1536	2
4068	1525	1537	2
4069	1525	1538	2
4070	1525	1539	2
4071	1525	1541	2
4072	1525	1542	2
4073	1525	1543	2
4074	1525	1544	2
4075	1525	1545	2
4076	1525	4756	2
4077	1525	4758	2
4078	1525	6234	2
4079	1525	6237	2
4080	1525	6348	2
4081	1526	1525	2
4082	1526	1535	2
4083	1526	1536	2
4084	1526	1540	2
4085	1526	1541	2
4086	1526	1542	2
4087	1526	4752	5
4088	1526	4756	5
4089	1526	6348	5
4090	1527	1528	2
4091	1527	1529	2
4092	1527	1530	2
4093	1527	4737	2
4094	1527	4738	2
4095	1527	4829	2
4096	1527	6211	2
4097	1528	1527	2
4098	1528	1529	2
4099	1528	1530	2
4100	1528	1531	2
4101	1528	1532	2
4102	1528	4737	2
4103	1528	4738	2
4104	1528	4829	2
4105	1528	6211	2
4106	1529	1527	2
4107	1529	1531	2
4108	1529	1535	2
4109	1529	1536	2
4110	1529	4738	2
4111	1529	4752	2
4112	1529	4753	2
4113	1529	4755	2
4114	1529	6211	2
4115	1530	1527	2
4116	1530	1529	2
4117	1530	1532	2
4118	1531	1527	2
4119	1531	1528	2
4120	1531	1529	2
4121	1531	4829	5
4122	1531	4835	5
4123	1532	1527	2
4124	1532	1528	2
4125	1532	1530	2
4126	1532	1531	2
4127	1532	1535	2
4128	1532	4738	2
4129	1532	4752	2
4130	1532	4753	2
4131	1532	4755	2
4132	1532	6211	2
4133	1533	2856	7
4134	1533	4122	5
4135	1533	4123	5
4136	1533	6113	7
4137	1533	7004	5
4138	1533	7005	7
4139	1533	7006	2
4140	1533	7007	2
4141	1533	7008	2
4142	1533	7010	7
4143	1533	7011	7
4144	1533	7012	2
4145	1533	7013	2
4146	1533	7014	7
4147	1533	7389	5
4148	1534	1551	7
4149	1534	6113	7
4150	1534	7012	2
4151	1534	7013	2
4152	1534	7017	5
4153	1534	7018	5
4154	1534	7020	2
4155	1534	7021	2
4156	1534	7022	2
4157	1534	7023	2
4158	1535	1525	2
4159	1535	1526	2
4160	1535	1532	2
4161	1535	1536	2
4162	1535	1537	2
4163	1535	1538	2
4164	1535	1539	2
4165	1535	1540	2
4166	1535	4752	2
4167	1535	4753	2
4168	1535	4755	2
4169	1535	4756	2
4170	1535	4758	2
4171	1536	1525	2
4172	1536	1526	2
4173	1536	1529	2
4174	1536	1532	2
4175	1536	1535	2
4176	1536	1537	2
4177	1536	1539	2
4178	1536	1541	2
4179	1536	1542	2
4180	1536	4752	2
4181	1536	4753	2
4182	1536	4755	2
4183	1536	4756	2
4184	1536	4758	2
4185	1537	1525	2
4186	1537	1526	5
4187	1537	1536	2
4188	1537	1540	2
4189	1537	1541	2
4190	1537	1542	2
4191	1537	4752	5
4192	1537	4755	7
4193	1537	4758	5
4194	1537	6348	5
4195	1538	1525	2
4196	1538	1535	2
4197	1538	1536	2
4198	1538	1540	2
4199	1538	1541	2
4200	1538	1542	2
4201	1538	1543	5
4202	1538	4753	7
4203	1538	4868	5
4204	1539	1525	2
4205	1539	1535	2
4206	1539	1536	2
4207	1539	1538	5
4208	1539	1541	2
4209	1539	1542	2
4210	1539	1543	5
4211	1539	6237	5
4212	1540	1526	2
4213	1540	1535	2
4214	1540	1536	2
4215	1540	1537	2
4216	1540	1538	2
4217	1540	1539	2
4218	1540	1542	2
4219	1540	1543	2
4220	1540	1544	2
4221	1540	1545	2
4222	1540	4756	2
4223	1540	4758	2
4224	1540	6234	2
4225	1540	6237	2
4226	1540	6348	2
4227	1541	1525	2
4228	1541	1526	2
4229	1541	1536	2
4230	1541	1537	2
4231	1541	1538	2
4232	1541	1539	2
4233	1541	1540	2
4234	1541	1542	2
4235	1541	1545	2
4236	1541	4756	2
4237	1541	4758	2
4238	1541	6234	2
4239	1541	6237	2
4240	1541	6348	2
4241	1542	1526	2
4242	1542	1536	2
4243	1542	1537	2
4244	1542	1538	2
4245	1542	1539	2
4246	1542	1540	2
4247	1542	1541	2
4248	1542	1543	2
4249	1542	1544	2
4250	1542	1545	2
4251	1542	4756	2
4252	1542	4758	2
4253	1542	6234	2
4254	1542	6237	2
4255	1542	6348	2
4256	1543	1525	2
4257	1543	1538	5
4258	1543	1539	5
4259	1543	1540	2
4260	1543	1541	2
4261	1543	1542	2
4262	1543	1545	2
4263	1543	2359	2
4264	1543	6236	5
4265	1544	1525	2
4266	1544	1540	2
4267	1544	1541	2
4268	1544	1542	2
4269	1544	1543	2
4270	1544	2362	2
4271	1544	6234	2
4272	1544	6235	2
4273	1544	6236	2
4274	1544	6237	2
4275	1544	6348	2
4276	1545	1525	2
4277	1545	1540	2
4278	1545	1541	2
4279	1545	1543	2
4280	1545	2359	2
4281	1545	2362	2
4282	1545	2363	2
4283	1545	2367	2
4284	1545	2368	2
4285	1545	6234	2
4286	1545	6235	2
4287	1545	6236	2
4288	1545	6237	2
4289	1546	6742	2
4290	1547	5103	2
4291	1548	5093	2
4292	1550	6996	2
4293	1551	1534	7
4294	1551	6489	7
4295	1551	7018	5
4296	1551	7019	5
4297	1551	7020	2
4298	1551	7021	2
4299	1551	7022	2
4300	1551	7023	2
4301	1551	7024	7
4302	1551	7025	7
4303	1551	7043	2
4304	1551	7044	7
4305	1551	7045	2
4306	1552	1554	2
4307	1552	1555	2
4308	1552	1556	2
4309	1552	1557	2
4310	1552	1558	2
4311	1552	1559	2
4312	1552	1560	2
4313	1552	1561	2
4314	1552	6353	2
4315	1553	1552	2
4316	1553	1554	2
4317	1553	1556	2
4318	1553	1558	2
4319	1553	1560	2
4320	1553	1561	2
4321	1553	6351	2
4322	1553	6353	2
4323	1554	1552	2
4324	1554	1556	2
4325	1554	6351	5
4326	1554	6353	5
4327	1554	6733	2
4328	1554	6734	2
4329	1554	6999	5
4330	1554	7001	2
4331	1555	1552	2
4332	1555	1554	2
4333	1555	1556	2
4334	1555	1560	2
4335	1555	1561	2
4336	1555	6351	2
4337	1555	6353	2
4338	1555	7001	2
4339	1556	1356	2
4340	1556	1552	2
4341	1556	1553	2
4342	1556	1554	2
4343	1556	6732	2
4344	1556	6733	2
4345	1556	6734	2
4346	1556	6997	2
4347	1556	6998	2
4348	1556	6999	2
4349	1556	7000	2
4350	1556	7001	2
4351	1557	1552	2
4352	1557	1558	2
4353	1557	1560	2
4354	1557	1561	2
4355	1557	1562	2
4356	1557	1564	2
4357	1557	2832	2
4358	1557	6353	2
4359	1558	1552	2
4360	1558	1553	2
4361	1558	1555	2
4362	1558	1559	2
4363	1558	1561	2
4364	1558	1563	2
4365	1559	1552	2
4366	1559	1558	2
4367	1559	1562	2
4368	1559	1563	2
4369	1559	1564	2
4370	1559	2830	2
4371	1559	2832	2
4372	1559	6353	2
4373	1559	6354	2
4374	1560	1553	2
4375	1560	1555	2
4376	1560	1557	2
4377	1560	1559	2
4378	1560	1561	2
4379	1560	1563	2
4380	1560	6353	2
4381	1561	1552	2
4382	1561	1553	2
4383	1561	1555	2
4384	1561	1557	2
4385	1561	1558	2
4386	1561	1559	2
4387	1562	1348	2
4388	1562	1349	2
4389	1562	1351	2
4390	1562	1353	2
4391	1562	1354	2
4392	1562	1557	2
4393	1562	1563	2
4394	1562	1564	2
4395	1562	1565	2
4396	1562	1566	2
4397	1562	1567	2
4398	1562	2830	2
4399	1562	2831	2
4400	1562	2832	2
4401	1562	5192	2
4402	1562	6354	2
4403	1563	1348	2
4404	1563	1349	2
4405	1563	1351	2
4406	1563	1353	2
4407	1563	1354	2
4408	1563	1557	2
4409	1563	1558	2
4410	1563	1559	2
4411	1563	1560	2
4412	1563	1562	2
4413	1563	1567	2
4414	1563	2830	2
4415	1563	2832	2
4416	1563	5192	2
4417	1563	6354	2
4418	1564	1348	2
4419	1564	1349	2
4420	1564	1350	2
4421	1564	1352	2
4422	1564	1353	2
4423	1564	1354	2
4424	1564	1557	2
4425	1564	1559	2
4426	1564	1562	2
4427	1564	1563	2
4428	1564	1565	2
4429	1564	1566	2
4430	1564	1567	2
4431	1564	2830	2
4432	1564	2831	2
4433	1564	2832	2
4434	1564	5192	2
4435	1564	6354	2
4436	1565	1349	2
4437	1565	1350	2
4438	1565	1351	2
4439	1565	1352	2
4440	1565	1354	5
4441	1565	1562	2
4442	1565	1564	2
4443	1565	1566	7
4444	1565	1567	5
4445	1565	2831	5
4446	1565	2832	5
4447	1565	5192	5
4448	1565	6354	5
4449	1565	6873	2
4450	1565	6874	2
4451	1566	1349	2
4452	1566	1351	2
4453	1566	1352	2
4454	1566	1354	5
4455	1566	1562	2
4456	1566	1564	2
4457	1566	1567	5
4458	1566	2831	5
4459	1566	2832	5
4460	1566	5192	5
4461	1566	6354	5
4462	1566	6873	2
4463	1566	6874	2
4464	1567	1349	2
4465	1567	1350	2
4466	1567	1351	2
4467	1567	1352	2
4468	1567	1562	2
4469	1567	1563	2
4470	1567	1564	2
4471	1567	1565	5
4472	1567	2831	5
4473	1567	2832	5
4474	1567	6354	5
4475	1568	1297	2
4476	1568	1571	2
4477	1568	1576	5
4478	1568	1577	5
4479	1568	1578	2
4480	1568	1579	2
4481	1568	1581	2
4482	1568	1582	2
4483	1568	1585	2
4484	1568	1586	5
4485	1568	4674	5
4486	1568	4676	5
4487	1568	4679	5
4488	1568	4680	5
4489	1568	6933	5
4490	1569	1295	2
4491	1569	1297	2
4492	1569	1298	2
4493	1569	1570	2
4494	1569	1571	2
4495	1569	1578	2
4496	1569	1579	2
4497	1569	1580	2
4498	1569	1581	2
4499	1569	1582	2
4500	1569	1585	2
4501	1569	1586	5
4502	1569	4674	5
4503	1569	4677	5
4504	1569	4678	5
4505	1569	4679	5
4506	1569	4680	5
4507	1569	6933	5
4508	1570	1297	2
4509	1570	1569	2
4510	1570	1576	2
4511	1570	1577	2
4512	1570	1579	2
4513	1570	1581	2
4514	1570	1582	2
4515	1570	1583	2
4516	1570	1584	2
4517	1570	1585	2
4518	1570	1586	2
4519	1570	1588	2
4520	1570	1589	2
4521	1570	4696	2
4522	1570	4702	2
4523	1570	4703	2
4524	1570	6241	2
4525	1570	6243	2
4526	1570	6356	2
4527	1570	7102	2
4528	1570	7104	2
4529	1570	7105	2
4530	1570	7106	2
4531	1570	7107	2
4532	1570	7108	2
4533	1570	7109	2
4534	1570	7110	2
4535	1571	1295	2
4536	1571	1297	2
4537	1571	1298	2
4538	1571	1568	2
4539	1571	1569	2
4540	1571	1570	2
4541	1571	1575	2
4542	1571	1576	2
4543	1571	1577	2
4544	1571	1579	2
4545	1571	1581	2
4546	1571	1582	2
4547	1571	1583	2
4548	1571	1584	2
4549	1571	1585	2
4550	1571	1586	2
4551	1571	1587	2
4552	1571	1588	2
4553	1571	1589	2
4554	1571	1590	2
4555	1571	4677	2
4556	1571	4678	2
4557	1571	6243	2
4558	1571	6356	2
4559	1571	6700	2
4560	1572	1295	2
4561	1572	1574	2
4562	1572	1592	2
4563	1572	1593	2
4564	1572	1594	2
4565	1572	1596	2
4566	1572	6849	2
4567	1572	6850	2
4568	1573	1295	2
4569	1573	1435	2
4570	1573	1574	2
4571	1573	1575	5
4572	1573	1590	5
4573	1573	1593	2
4574	1573	1594	2
4575	1573	1596	2
4576	1573	6243	5
4577	1573	6700	5
4578	1573	6849	2
4579	1573	6850	2
4580	1574	1296	2
4581	1574	1297	2
4582	1574	1571	2
4583	1574	1572	2
4584	1574	1573	2
4585	1574	1583	2
4586	1574	1584	2
4587	1574	1585	2
4588	1574	1590	2
4589	1574	1593	2
4590	1574	1594	2
4591	1574	6243	2
4592	1574	6357	2
4593	1574	6700	2
4594	1574	6848	2
4595	1574	6850	2
4596	1575	1295	2
4597	1575	1296	5
4598	1575	1297	2
4599	1575	1571	2
4600	1575	1573	5
4601	1575	1593	2
4602	1575	1594	2
4603	1575	6700	7
4604	1575	6849	2
4605	1575	6850	2
4606	1576	1295	2
4607	1576	1297	2
4608	1576	1298	2
4609	1576	1568	5
4610	1576	1569	5
4611	1576	1570	2
4612	1576	1571	2
4613	1576	1577	7
4614	1576	1578	2
4615	1576	1580	2
4616	1576	1581	2
4617	1576	1582	2
4618	1576	1585	2
4619	1576	1586	7
4620	1576	4677	5
4621	1576	4678	5
4622	1576	4679	5
4623	1576	6933	5
4624	1577	1295	2
4625	1577	1297	2
4626	1577	1298	2
4627	1577	1568	5
4628	1577	1570	2
4629	1577	1571	2
4630	1577	1576	7
4631	1577	1578	2
4632	1577	1579	2
4633	1577	1580	2
4634	1577	1581	2
4635	1577	1582	2
4636	1577	1585	2
4637	1577	4677	5
4638	1577	4678	5
4639	1577	4679	5
4640	1577	6933	5
4641	1578	1568	2
4642	1578	1569	2
4643	1578	1576	2
4644	1578	1577	2
4645	1578	1579	2
4646	1578	1580	2
4647	1578	1581	2
4648	1578	1582	2
4649	1578	1583	2
4650	1578	1585	2
4651	1578	1586	2
4652	1578	1587	2
4653	1578	1588	2
4654	1578	1589	2
4655	1578	4678	2
4656	1578	4679	2
4657	1578	4680	2
4658	1578	4690	2
4659	1578	4691	2
4660	1578	4703	2
4661	1578	4787	2
4662	1578	4788	2
4663	1578	6241	2
4664	1578	6356	2
4665	1578	6934	2
4666	1578	6936	2
4667	1578	6937	2
4668	1578	6938	2
4669	1578	6939	2
4670	1578	6940	2
4671	1578	6941	2
4672	1578	6942	2
4673	1578	6943	2
4674	1578	6945	2
4675	1578	6946	2
4676	1578	6947	2
4677	1579	1297	2
4678	1579	1298	2
4679	1579	1568	2
4680	1579	1569	2
4681	1579	1570	2
4682	1579	1571	2
4683	1579	1576	2
4684	1579	1577	2
4685	1579	1580	2
4686	1579	1582	2
4687	1579	1583	2
4688	1579	1584	2
4689	1579	1585	2
4690	1579	1586	2
4691	1579	1587	2
4692	1579	1588	2
4693	1579	1589	2
4694	1579	4677	2
4695	1579	4678	2
4696	1579	4679	2
4697	1579	4680	2
4698	1579	4703	2
4699	1579	6241	2
4700	1579	6356	2
4701	1579	6933	2
4702	1579	6934	2
4703	1579	6935	2
4704	1579	6936	2
4705	1579	6942	2
4706	1580	1569	2
4707	1580	1576	2
4708	1580	1577	2
4709	1580	1578	2
4710	1580	1579	2
4711	1580	1582	2
4712	1580	1583	2
4713	1580	1585	2
4714	1580	1586	2
4715	1580	1587	2
4716	1580	1588	2
4717	1580	1589	2
4718	1580	4678	2
4719	1580	4679	2
4720	1580	4680	2
4721	1580	4690	2
4722	1580	4691	2
4723	1580	4703	2
4724	1580	4787	2
4725	1580	4788	2
4726	1580	6241	2
4727	1580	6933	2
4728	1580	6934	2
4729	1580	6935	2
4730	1580	6936	2
4731	1580	6937	2
4732	1580	6938	2
4733	1580	6939	2
4734	1580	6940	2
4735	1580	6941	2
4736	1580	6942	2
4737	1580	6943	2
4738	1580	6945	2
4739	1580	6946	2
4740	1580	6947	2
4741	1581	1297	2
4742	1581	1298	2
4743	1581	1568	2
4744	1581	1569	2
4745	1581	1570	2
4746	1581	1571	2
4747	1581	1576	2
4748	1581	1577	2
4749	1581	1578	2
4750	1581	1580	2
4751	1581	1583	2
4752	1581	1584	2
4753	1581	1585	2
4754	1581	1586	2
4755	1581	1587	2
4756	1581	1589	2
4757	1581	4677	2
4758	1581	4678	2
4759	1581	4679	2
4760	1581	4680	2
4761	1581	4691	2
4762	1581	4703	2
4763	1581	4788	2
4764	1581	6241	2
4765	1581	6356	2
4766	1581	6933	2
4767	1581	6934	2
4768	1581	6935	2
4769	1581	6936	2
4770	1581	6942	2
4771	1581	6946	2
4772	1582	1297	2
4773	1582	1298	2
4774	1582	1568	2
4775	1582	1569	2
4776	1582	1570	2
4777	1582	1571	2
4778	1582	1576	2
4779	1582	1577	2
4780	1582	1578	2
4781	1582	1579	2
4782	1582	1580	2
4783	1582	1581	2
4784	1582	1584	2
4785	1582	1585	2
4786	1582	1586	2
4787	1582	1587	2
4788	1582	1588	2
4789	1582	1589	2
4790	1582	4677	2
4791	1582	4678	2
4792	1582	4679	2
4793	1582	4703	2
4794	1582	6241	2
4795	1582	6356	2
4796	1582	6933	2
4797	1582	6934	2
4798	1583	1295	2
4799	1583	1297	2
4800	1583	1298	2
4801	1583	1570	2
4802	1583	1574	2
4803	1583	1578	2
4804	1583	1579	2
4805	1583	1580	2
4806	1583	1581	2
4807	1583	1582	2
4808	1583	1588	5
4809	1583	1589	5
4810	1583	4703	5
4811	1583	6241	5
4812	1583	6356	5
4813	1583	6934	5
4814	1584	1295	2
4815	1584	1297	2
4816	1584	1298	2
4817	1584	1570	2
4818	1584	1571	2
4819	1584	1574	2
4820	1584	1579	2
4821	1584	1581	2
4822	1584	1582	2
4823	1584	6243	5
4824	1585	1295	2
4825	1585	1297	2
4826	1585	1298	2
4827	1585	1568	2
4828	1585	1569	2
4829	1585	1570	2
4830	1585	1571	2
4831	1585	1574	2
4832	1585	1576	2
4833	1585	1577	2
4834	1585	1578	2
4835	1585	1580	2
4836	1585	1581	2
4837	1585	1582	2
4838	1585	1584	2
4839	1585	1586	2
4840	1585	1587	2
4841	1585	1588	2
4842	1585	1589	2
4843	1585	4677	2
4844	1585	4678	2
4845	1585	4679	2
4846	1585	4703	2
4847	1585	6241	2
4848	1585	6356	2
4849	1585	6933	2
4850	1585	6934	2
4851	1586	1295	2
4852	1586	1297	2
4853	1586	1298	2
4854	1586	1568	5
4855	1586	1569	5
4856	1586	1570	2
4857	1586	1571	2
4858	1586	1576	7
4859	1586	1578	2
4860	1586	1579	2
4861	1586	1580	2
4862	1586	1581	2
4863	1586	1582	2
4864	1586	4677	5
4865	1586	4678	5
4866	1586	4679	5
4867	1586	6933	5
4868	1587	1295	2
4869	1587	1297	2
4870	1587	1298	2
4871	1587	1570	2
4872	1587	1571	2
4873	1587	1578	2
4874	1587	1579	2
4875	1587	1580	2
4876	1587	1581	2
4877	1587	1582	2
4878	1587	1585	2
4879	1587	4703	5
4880	1587	6356	5
4881	1587	6934	5
4882	1588	1297	2
4883	1588	1570	2
4884	1588	1571	2
4885	1588	1578	2
4886	1588	1579	2
4887	1588	1580	2
4888	1588	1581	2
4889	1588	1582	2
4890	1588	1583	5
4891	1588	1585	2
4892	1588	1589	7
4893	1588	4702	5
4894	1588	4703	5
4895	1588	6241	7
4896	1588	6356	5
4897	1588	6934	5
4898	1588	7104	2
4899	1589	1295	2
4900	1589	1297	2
4901	1589	1298	2
4902	1589	1570	2
4903	1589	1571	2
4904	1589	1578	2
4905	1589	1579	2
4906	1589	1580	2
4907	1589	1581	2
4908	1589	1583	5
4909	1589	1585	2
4910	1589	4703	5
4911	1589	6356	5
4912	1589	6934	5
4913	1590	1295	2
4914	1590	1296	5
4915	1590	1571	2
4916	1590	1574	2
4917	1590	1575	7
4918	1590	1593	2
4919	1590	1594	2
4920	1590	6700	7
4921	1590	6849	2
4922	1590	6850	2
4923	1591	1435	2
4924	1591	1592	2
4925	1591	1594	2
4926	1591	1596	2
4927	1591	1597	2
4928	1591	1606	2
4929	1591	4645	5
4930	1591	6359	5
4931	1591	6360	5
4932	1591	6848	5
4933	1591	6849	2
4934	1591	6850	2
4935	1592	1435	2
4936	1592	1572	2
4937	1592	1594	2
4938	1592	1595	2
4939	1592	1597	2
4940	1592	1600	2
4941	1592	1606	2
4942	1592	1607	2
4943	1592	4623	2
4944	1592	4642	2
4945	1592	4645	2
4946	1592	4646	2
4947	1592	4647	2
4948	1592	5979	2
4949	1592	5980	2
4950	1592	6358	2
4951	1592	6359	2
4952	1592	6360	2
4953	1592	6848	2
4954	1592	6849	2
4955	1592	6850	2
4956	1592	6851	2
4957	1593	1295	2
4958	1593	1296	2
4959	1593	1435	2
4960	1593	1572	2
4961	1593	1573	2
4962	1593	1574	2
4963	1593	1575	2
4964	1593	1590	2
4965	1593	1591	2
4966	1593	1592	2
4967	1593	1595	2
4968	1593	1596	2
4969	1593	4646	2
4970	1593	6357	2
4971	1593	6359	2
4972	1593	6360	2
4973	1593	6700	2
4974	1593	6848	2
4975	1593	6849	2
4976	1593	6851	2
4977	1594	1295	2
4978	1594	1296	2
4979	1594	1435	2
4980	1594	1572	2
4981	1594	1573	2
4982	1594	1574	2
4983	1594	1575	2
4984	1594	1590	2
4985	1594	1591	2
4986	1594	1592	2
4987	1594	4646	2
4988	1594	6357	2
4989	1594	6359	2
4990	1594	6360	2
4991	1594	6700	2
4992	1594	6848	2
4993	1594	6849	2
4994	1594	6850	2
4995	1594	6851	2
4996	1595	1435	2
4997	1595	1592	2
4998	1595	1593	2
4999	1595	1594	2
5000	1595	1597	2
5001	1595	1606	2
5002	1595	4645	5
5003	1595	5979	5
5004	1595	6359	5
5005	1595	6848	5
5006	1595	6849	2
5007	1595	6850	2
5008	1596	1435	2
5009	1596	1572	2
5010	1596	1573	2
5011	1596	1591	2
5012	1596	1593	2
5013	1596	1594	2
5014	1596	1595	2
5015	1596	1600	2
5016	1596	1606	2
5017	1596	1607	2
5018	1596	4623	2
5019	1596	4642	2
5020	1596	4645	2
5021	1596	4646	2
5022	1596	4647	2
5023	1596	5979	2
5024	1596	5980	2
5025	1596	6358	2
5026	1596	6359	2
5027	1596	6360	2
5028	1596	6848	2
5029	1596	6849	2
5030	1596	6850	2
5031	1596	6851	2
5032	1597	1591	2
5033	1597	1592	2
5034	1597	1595	2
5035	1597	1596	2
5036	1597	1598	2
5037	1597	1601	2
5038	1597	1604	2
5039	1597	1607	2
5040	1597	4623	2
5041	1597	4641	2
5042	1597	4642	2
5043	1597	4643	2
5044	1597	4645	2
5045	1597	4646	2
5046	1597	4647	2
5047	1597	5979	2
5048	1597	5980	2
5049	1597	6358	2
5050	1597	6359	2
5051	1597	6360	2
5052	1598	1597	2
5053	1598	1600	5
5054	1598	1604	5
5055	1598	1605	7
5056	1598	1606	2
5057	1598	1607	5
5058	1598	1609	2
5059	1598	4623	5
5060	1598	5980	5
5061	1598	6358	5
5062	1599	1598	2
5063	1599	1600	2
5064	1599	1601	2
5065	1599	1603	2
5066	1599	1604	2
5067	1599	1605	2
5068	1599	1607	2
5069	1599	1608	2
5070	1599	1610	2
5071	1599	4623	2
5072	1599	4642	2
5073	1599	4643	2
5074	1599	4644	2
5075	1599	5969	2
5076	1599	5972	2
5077	1599	5979	2
5078	1599	5980	2
5079	1599	6358	2
5080	1599	6361	2
5081	1599	6710	2
5082	1599	7355	2
5083	1599	7386	2
5084	1600	1592	2
5085	1600	1596	2
5086	1600	1597	2
5087	1600	1598	5
5088	1600	1599	2
5089	1600	1604	5
5090	1600	1606	2
5091	1600	1609	2
5092	1600	4623	5
5093	1600	5979	5
5094	1600	6358	5
5095	1600	6710	5
5096	1600	7355	5
5097	1601	1597	2
5098	1601	1599	2
5099	1601	1600	5
5100	1601	1605	5
5101	1601	1606	2
5102	1601	1607	5
5103	1601	1609	2
5104	1601	5979	5
5105	1601	5980	5
5106	1601	6358	5
5107	1601	6710	5
5108	1601	7355	5
5109	1602	1256	2
5110	1602	1611	5
5111	1602	2622	5
5112	1602	2623	5
5113	1602	2624	5
5114	1602	3625	5
5115	1602	3626	5
5116	1602	3627	5
5117	1602	3631	5
5118	1602	6499	5
5119	1602	6500	5
5120	1602	6501	5
5121	1602	6600	5
5122	1602	7279	2
5123	1603	1599	2
5124	1603	1609	2
5125	1603	4613	5
5126	1603	4618	5
5127	1603	5969	5
5128	1603	5972	5
5129	1603	6361	5
5130	1604	1597	2
5131	1604	1598	5
5132	1604	1599	2
5133	1604	1600	5
5134	1604	1606	2
5135	1604	1608	2
5136	1604	1609	2
5137	1604	4623	5
5138	1604	5979	5
5139	1604	5980	5
5140	1604	6358	5
5141	1604	6710	5
5142	1604	7355	5
5143	1605	1598	7
5144	1605	1599	2
5145	1605	1601	5
5146	1605	1608	2
5147	1605	1609	2
5148	1605	4508	5
5149	1605	4623	5
5150	1605	4641	5
5151	1605	4642	5
5152	1605	4643	5
5153	1605	4644	5
5154	1605	5969	5
5155	1605	5980	5
5156	1605	6358	5
5157	1605	6361	5
5158	1606	1591	2
5159	1606	1595	2
5160	1606	1596	2
5161	1606	1598	2
5162	1606	1600	2
5163	1606	1601	2
5164	1606	1604	2
5165	1606	1607	2
5166	1606	4623	2
5167	1606	4641	2
5168	1606	4642	2
5169	1606	4643	2
5170	1606	4645	2
5171	1606	4646	2
5172	1606	4647	2
5173	1606	5979	2
5174	1606	5980	2
5175	1606	6358	2
5176	1606	6359	2
5177	1606	6360	2
5178	1607	1592	2
5179	1607	1596	2
5180	1607	1597	2
5181	1607	1598	5
5182	1607	1599	2
5183	1607	1601	5
5184	1607	1604	5
5185	1607	1609	2
5186	1607	4623	5
5187	1607	5979	5
5188	1607	5980	5
5189	1607	6358	5
5190	1607	6710	5
5191	1607	7355	5
5192	1608	1599	2
5193	1608	1604	2
5194	1608	1609	2
5195	1608	1612	2
5196	1608	1613	2
5197	1608	4508	2
5198	1608	4626	2
5199	1608	4628	2
5200	1608	4633	2
5201	1608	4640	2
5202	1608	4641	2
5203	1608	4643	2
5204	1608	4644	2
5205	1608	5962	2
5206	1608	5968	2
5207	1608	5969	2
5208	1608	6361	2
5209	1608	6364	2
5210	1608	6365	2
5211	1608	6366	2
5212	1608	6367	2
5213	1608	6368	2
5214	1609	1598	2
5215	1609	1599	2
5216	1609	1600	2
5217	1609	1601	2
5218	1609	1603	2
5219	1609	1604	2
5220	1609	1605	2
5221	1609	1607	2
5222	1609	1608	2
5223	1609	1610	2
5224	1609	4508	2
5225	1609	4623	2
5226	1609	4642	2
5227	1609	4643	2
5228	1609	4644	2
5229	1609	5969	2
5230	1609	5972	2
5231	1609	5980	2
5232	1609	6358	2
5233	1609	6361	2
5234	1609	6367	2
5235	1609	6710	2
5236	1609	7355	2
5237	1609	7386	2
5238	1610	1599	2
5239	1610	4613	5
5240	1610	4618	5
5241	1610	5969	5
5242	1610	5972	5
5243	1610	7386	5
5244	1611	2622	5
5245	1611	2623	5
5246	1611	2624	5
5247	1611	2626	5
5248	1611	2627	5
5249	1611	3625	5
5250	1611	3627	5
5251	1611	3631	5
5252	1611	6499	5
5253	1611	6500	5
5254	1611	6501	5
5255	1611	6502	5
5256	1611	6600	5
5257	1611	7279	2
5258	1612	1608	2
5259	1612	1613	2
5260	1612	1615	2
5261	1612	1616	2
5262	1612	1620	2
5263	1612	3696	2
5264	1612	3697	2
5265	1612	4626	2
5266	1612	4627	2
5267	1612	4628	2
5268	1612	4629	2
5269	1612	4630	2
5270	1612	4631	2
5271	1612	4632	2
5272	1612	4633	2
5273	1612	4634	2
5274	1612	4640	2
5275	1612	4641	2
5276	1612	5962	2
5277	1612	5964	2
5278	1612	5967	2
5279	1612	5968	2
5280	1612	6364	2
5281	1612	6365	2
5282	1612	6366	2
5283	1612	6367	2
5284	1612	6368	2
5285	1613	1608	2
5286	1613	1614	2
5287	1613	1615	2
5288	1613	4641	5
5289	1613	4643	5
5290	1613	4644	5
5291	1613	6366	5
5292	1614	1612	2
5293	1614	1613	2
5294	1614	1615	2
5295	1614	1616	2
5296	1614	1617	2
5297	1614	1619	2
5298	1614	1621	2
5299	1614	3687	2
5300	1614	3688	2
5301	1614	3689	2
5302	1614	3696	2
5303	1614	3697	2
5304	1614	3698	2
5305	1614	4625	2
5306	1614	4626	2
5307	1614	4627	2
5308	1614	4628	2
5309	1614	4629	2
5310	1614	4630	2
5311	1614	4631	2
5312	1614	4632	2
5313	1614	4633	2
5314	1614	5961	2
5315	1614	5962	2
5316	1614	5963	2
5317	1614	5968	2
5318	1614	6364	2
5319	1614	6365	2
5320	1614	6366	2
5321	1614	6368	2
5322	1615	1612	2
5323	1615	1613	2
5324	1615	1614	2
5325	1615	1616	2
5326	1615	1617	2
5327	1615	1618	2
5328	1615	1619	2
5329	1615	1620	2
5330	1615	1621	2
5331	1615	3687	2
5332	1615	3688	2
5333	1615	3689	2
5334	1615	3696	2
5335	1615	3697	2
5336	1615	3698	2
5337	1615	4625	2
5338	1615	4626	2
5339	1615	4627	2
5340	1615	4628	2
5341	1615	4629	2
5342	1615	4630	2
5343	1615	4631	2
5344	1615	4632	2
5345	1615	5961	2
5346	1615	5962	2
5347	1615	5963	2
5348	1615	5968	2
5349	1615	6364	2
5350	1615	6365	2
5351	1615	6366	2
5352	1615	6368	2
5353	1615	6531	2
5354	1616	1612	2
5355	1616	1614	2
5356	1616	1617	5
5357	1616	1618	2
5358	1616	1619	5
5359	1616	1621	2
5360	1616	1622	2
5361	1616	3697	5
5362	1616	3698	5
5363	1616	4627	5
5364	1616	4628	5
5365	1616	4631	5
5366	1616	6365	5
5367	1616	6368	5
5368	1617	1614	2
5369	1617	1615	2
5370	1617	1616	5
5371	1617	1620	5
5372	1617	1621	2
5373	1617	1622	2
5374	1617	1632	2
5375	1617	3697	5
5376	1617	3698	5
5377	1617	4627	5
5378	1617	4628	5
5379	1617	4631	5
5380	1617	6365	5
5381	1617	6368	5
5382	1618	1614	2
5383	1618	1615	2
5384	1618	1616	2
5385	1618	1617	2
5386	1618	1619	2
5387	1618	1620	2
5388	1618	1623	2
5389	1618	1624	2
5390	1618	1632	2
5391	1618	1633	2
5392	1618	1645	2
5393	1618	2868	2
5394	1618	3687	2
5395	1618	3688	2
5396	1618	3689	2
5397	1618	3696	2
5398	1618	3697	2
5399	1618	3698	2
5400	1618	3699	2
5401	1618	3700	2
5402	1618	3705	2
5403	1618	4627	2
5404	1618	4628	2
5405	1618	4629	2
5406	1618	4631	2
5407	1618	5907	2
5408	1618	5961	2
5409	1618	5962	2
5410	1618	5963	2
5411	1618	6365	2
5412	1618	6368	2
5413	1618	6369	2
5414	1618	6531	2
5415	1619	1614	2
5416	1619	1615	2
5417	1619	1617	5
5418	1619	1618	2
5419	1619	1620	5
5420	1619	1621	2
5421	1619	1622	2
5422	1619	1632	2
5423	1619	3697	5
5424	1619	4627	5
5425	1619	4628	5
5426	1619	4631	5
5427	1619	6365	5
5428	1619	6368	5
5429	1620	1612	2
5430	1620	1614	2
5431	1620	1615	2
5432	1620	1616	5
5433	1620	1618	2
5434	1620	1619	5
5435	1620	1621	2
5436	1620	1622	2
5437	1620	3697	5
5438	1620	3698	5
5439	1620	4627	5
5440	1620	4628	5
5441	1620	4631	5
5442	1620	6365	5
5443	1620	6368	5
5444	1621	1614	2
5445	1621	1616	2
5446	1621	1617	2
5447	1621	1620	2
5448	1621	1622	2
5449	1621	1623	2
5450	1621	1632	2
5451	1621	1633	2
5452	1621	2868	2
5453	1621	3687	2
5454	1621	3688	2
5455	1621	3689	2
5456	1621	3696	2
5457	1621	3697	2
5458	1621	3698	2
5459	1621	3699	2
5460	1621	3700	2
5461	1621	4627	2
5462	1621	4628	2
5463	1621	4629	2
5464	1621	4631	2
5465	1621	5907	2
5466	1621	5961	2
5467	1621	5962	2
5468	1621	5963	2
5469	1621	6365	2
5470	1621	6368	2
5471	1621	6369	2
5472	1621	6531	2
5473	1622	1616	2
5474	1622	1617	2
5475	1622	1618	2
5476	1622	1619	2
5477	1622	1620	2
5478	1622	1621	2
5479	1622	1625	2
5480	1622	1626	2
5481	1622	1627	2
5482	1622	1632	2
5483	1622	1633	2
5484	1622	1634	2
5485	1622	1635	2
5486	1622	1636	2
5487	1622	1637	2
5488	1622	1638	2
5489	1622	1639	2
5490	1622	1640	2
5491	1622	1643	2
5492	1622	1644	2
5493	1622	1645	2
5494	1622	1653	2
5495	1622	1655	2
5496	1622	1658	2
5497	1622	1659	2
5498	1622	2866	2
5499	1622	2867	2
5500	1622	2868	2
5501	1622	2869	2
5502	1622	3689	2
5503	1622	3691	2
5504	1622	3692	2
5505	1622	3693	2
5506	1622	3694	2
5507	1622	3695	2
5508	1622	3696	2
5509	1622	3697	2
5510	1622	3698	2
5511	1622	3699	2
5512	1622	3700	2
5513	1622	3701	2
5514	1622	3702	2
5515	1622	3703	2
5516	1622	3704	2
5517	1622	3705	2
5518	1622	3706	2
5519	1622	3707	2
5520	1622	3708	2
5521	1622	3709	2
5522	1622	3711	2
5523	1622	3712	2
5524	1622	3721	2
5525	1622	5907	2
5526	1622	5909	2
5527	1622	5910	2
5528	1622	5912	2
5529	1622	6369	2
5530	1622	6370	2
5531	1622	6371	2
5532	1622	6531	2
5533	1623	1618	2
5534	1623	1621	2
5535	1623	1622	2
5536	1623	1624	2
5537	1623	1625	5
5538	1623	1626	5
5539	1623	1627	5
5540	1623	1632	2
5541	1623	1634	5
5542	1623	1635	5
5543	1623	1636	5
5544	1623	1637	5
5545	1623	1638	5
5546	1623	1639	5
5547	1623	1641	5
5548	1623	1642	5
5549	1623	1643	5
5550	1623	1644	5
5551	1623	1652	5
5552	1623	1653	2
5553	1623	1655	5
5554	1623	1657	5
5555	1623	1659	5
5556	1623	1717	2
5557	1623	2919	5
5558	1623	3699	5
5559	1623	3700	5
5560	1623	3701	5
5561	1623	3702	5
5562	1623	3703	5
5563	1623	3704	5
5564	1623	3708	5
5565	1623	3711	5
5566	1623	3712	5
5567	1623	3713	5
5568	1623	3720	5
5569	1623	3743	5
5570	1623	3744	5
5571	1623	4707	5
5572	1623	6369	5
5573	1623	6371	5
5574	1623	7361	5
5575	1624	1618	2
5576	1624	1622	2
5577	1624	1623	2
5578	1624	1626	2
5579	1624	1627	2
5580	1624	1629	2
5581	1624	1631	2
5582	1624	1632	2
5583	1624	1633	2
5584	1624	1634	2
5585	1624	1635	2
5586	1624	1636	2
5587	1624	1637	2
5588	1624	1638	2
5589	1624	1639	2
5590	1624	1640	2
5591	1624	1641	2
5592	1624	1642	2
5593	1624	1643	2
5594	1624	1644	2
5595	1624	1645	2
5596	1624	1651	2
5597	1624	1652	2
5598	1624	1653	2
5599	1624	1654	2
5600	1624	1655	2
5601	1624	1657	2
5602	1624	1658	2
5603	1624	1659	2
5604	1624	1717	2
5605	1624	2919	2
5606	1624	2920	2
5607	1624	3691	2
5608	1624	3692	2
5609	1624	3693	2
5610	1624	3694	2
5611	1624	3695	2
5612	1624	3699	2
5613	1624	3700	2
5614	1624	3701	2
5615	1624	3702	2
5616	1624	3703	2
5617	1624	3704	2
5618	1624	3705	2
5619	1624	3706	2
5620	1624	3707	2
5621	1624	3708	2
5622	1624	3709	2
5623	1624	3710	2
5624	1624	3711	2
5625	1624	3712	2
5626	1624	3713	2
5627	1624	3714	2
5628	1624	3715	2
5629	1624	3716	2
5630	1624	3720	2
5631	1624	3721	2
5632	1624	3722	2
5633	1624	3723	2
5634	1624	3728	2
5635	1624	3743	2
5636	1624	3744	2
5637	1624	4707	2
5638	1624	5907	2
5639	1624	5908	2
5640	1624	5909	2
5641	1624	5910	2
5642	1624	5912	2
5643	1624	6369	2
5644	1624	6370	2
5645	1624	6371	2
5646	1624	6616	2
5647	1624	7361	2
5648	1625	1622	2
5649	1625	1623	5
5650	1625	1624	2
5651	1625	1626	7
5652	1625	1627	5
5653	1625	1628	2
5654	1625	1632	2
5655	1625	1633	5
5656	1625	1634	7
5657	1625	1635	5
5658	1625	1637	5
5659	1625	1638	5
5660	1625	1639	5
5661	1625	1643	5
5662	1625	1644	5
5663	1625	1646	2
5664	1625	1647	2
5665	1625	1649	2
5666	1625	1653	2
5667	1625	1654	2
5668	1625	1657	5
5669	1625	1658	7
5670	1625	1715	2
5671	1625	1716	2
5672	1625	1717	2
5673	1625	1720	2
5674	1625	2919	5
5675	1625	3699	5
5676	1625	3700	5
5677	1625	3701	5
5678	1625	3704	5
5679	1625	6371	5
5680	1625	6376	5
5681	1625	7382	2
5682	1626	1622	2
5683	1626	1623	5
5684	1626	1624	2
5685	1626	1625	7
5686	1626	1627	5
5687	1626	1628	2
5688	1626	1630	2
5689	1626	1632	2
5690	1626	1633	5
5691	1626	1635	5
5692	1626	1637	5
5693	1626	1638	5
5694	1626	1639	5
5695	1626	1643	5
5696	1626	1644	5
5697	1626	1646	2
5698	1626	1647	2
5699	1626	1649	2
5700	1626	1653	2
5701	1626	1654	2
5702	1626	1655	7
5703	1626	1657	5
5704	1626	1658	7
5705	1626	1659	5
5706	1626	1715	2
5707	1626	1716	2
5708	1626	1717	2
5709	1626	1720	2
5710	1626	2919	5
5711	1626	3699	5
5712	1626	3700	5
5713	1626	3701	5
5714	1626	3704	5
5715	1626	6371	5
5716	1626	6376	5
5717	1626	6377	5
5718	1626	7382	2
5719	1627	1622	2
5720	1627	1623	5
5721	1627	1624	2
5722	1627	1625	5
5723	1627	1632	2
5724	1627	1633	5
5725	1627	1634	5
5726	1627	1635	5
5727	1627	1636	5
5728	1627	1638	5
5729	1627	1639	5
5730	1627	1641	5
5731	1627	1642	5
5732	1627	1643	5
5733	1627	1644	5
5734	1627	1646	2
5735	1627	1647	2
5736	1627	1649	2
5737	1627	1652	5
5738	1627	1653	2
5739	1627	1654	2
5740	1627	1655	5
5741	1627	1657	5
5742	1627	1658	5
5743	1627	1659	5
5744	1627	1715	2
5745	1627	1716	2
5746	1627	1717	2
5747	1627	1720	2
5748	1627	2919	5
5749	1627	2920	5
5750	1627	2921	5
5751	1627	3699	5
5752	1627	3700	5
5753	1627	3701	5
5754	1627	3702	5
5755	1627	3703	5
5756	1627	3704	5
5757	1627	3705	5
5758	1627	3708	5
5759	1627	3711	5
5760	1627	3712	5
5761	1627	3713	5
5762	1627	3716	5
5763	1627	3717	5
5764	1627	3720	5
5765	1627	3732	5
5766	1627	3743	5
5767	1627	3744	5
5768	1627	3745	5
5769	1627	3746	5
5770	1627	4707	5
5771	1627	6369	5
5772	1627	6371	5
5773	1627	6376	5
5774	1627	6377	5
5775	1627	7361	5
5776	1627	7382	2
5777	1628	1625	2
5778	1628	1626	2
5779	1628	1629	2
5780	1628	1631	2
5781	1628	1634	2
5782	1628	1636	2
5783	1628	1637	2
5784	1628	1638	2
5785	1628	1639	2
5786	1628	1640	2
5787	1628	1641	2
5788	1628	1642	2
5789	1628	1643	2
5790	1628	1644	2
5791	1628	1645	2
5792	1628	1646	2
5793	1628	1647	2
5794	1628	1648	2
5795	1628	1649	2
5796	1628	1650	2
5797	1628	1651	2
5798	1628	1652	2
5799	1628	1653	2
5800	1628	1654	2
5801	1628	1655	2
5802	1628	1656	2
5803	1628	1659	2
5804	1628	1715	2
5805	1628	1717	2
5806	1628	1910	2
5807	1628	1911	2
5808	1628	1913	2
5809	1628	1914	2
5810	1628	2862	2
5811	1628	2863	2
5812	1628	2864	2
5813	1628	3691	2
5814	1628	3692	2
5815	1628	3693	2
5816	1628	3694	2
5817	1628	3695	2
5818	1628	3699	2
5819	1628	3700	2
5820	1628	3701	2
5821	1628	3747	2
5822	1628	3767	2
5823	1628	3768	2
5824	1628	3769	2
5825	1628	3770	2
5826	1628	3771	2
5827	1628	4707	2
5828	1628	5702	2
5829	1628	5908	2
5830	1628	5909	2
5831	1628	5910	2
5832	1628	5911	2
5833	1628	5912	2
5834	1628	6369	2
5835	1628	6370	2
5836	1628	6371	2
5837	1628	6372	2
5838	1628	6615	2
5839	1628	6616	2
5840	1628	7361	2
5841	1628	7382	2
5842	1629	1624	2
5843	1629	1630	2
5844	1629	1646	2
5845	1629	1647	2
5846	1629	1649	2
5847	1629	1653	2
5848	1629	1715	2
5849	1629	1716	2
5850	1629	1717	2
5851	1629	1720	2
5852	1629	1912	2
5853	1629	1913	2
5854	1629	7382	2
5855	1630	1626	2
5856	1630	1629	2
5857	1630	1634	2
5858	1630	1636	2
5859	1630	1637	2
5860	1630	1638	2
5861	1630	1639	2
5862	1630	1640	2
5863	1630	1641	2
5864	1630	1642	2
5865	1630	1643	2
5866	1630	1644	2
5867	1630	1645	2
5868	1630	1646	2
5869	1630	1648	2
5870	1630	1650	2
5871	1630	1651	2
5872	1630	1652	2
5873	1630	1653	2
5874	1630	1654	2
5875	1630	1655	2
5876	1630	1656	2
5877	1630	1659	2
5878	1630	1910	2
5879	1630	1911	2
5880	1630	1912	2
5881	1630	1913	2
5882	1630	1914	2
5883	1630	2862	2
5884	1630	2863	2
5885	1630	2864	2
5886	1630	3691	2
5887	1630	3692	2
5888	1630	3693	2
5889	1630	3694	2
5890	1630	3695	2
5891	1630	3699	2
5892	1630	3700	2
5893	1630	3701	2
5894	1630	3747	2
5895	1630	3767	2
5896	1630	3768	2
5897	1630	3769	2
5898	1630	3770	2
5899	1630	3771	2
5900	1630	4707	2
5901	1630	5702	2
5902	1630	5908	2
5903	1630	5909	2
5904	1630	5910	2
5905	1630	5911	2
5906	1630	5912	2
5907	1630	6369	2
5908	1630	6370	2
5909	1630	6371	2
5910	1630	6615	2
5911	1630	6616	2
5912	1630	7361	2
5913	1630	7382	2
5914	1631	1624	2
5915	1631	1628	2
5916	1631	1630	2
5917	1631	1632	2
5918	1631	1640	5
5919	1631	1645	5
5920	1631	1646	2
5921	1631	1647	2
5922	1631	1649	2
5923	1631	1653	2
5924	1631	1654	2
5925	1631	1715	2
5926	1631	1716	2
5927	1631	1717	2
5928	1631	1720	2
5929	1631	1912	2
5930	1631	1913	2
5931	1631	3691	5
5932	1631	3692	5
5933	1631	3693	5
5934	1631	3694	5
5935	1631	3695	5
5936	1631	5907	5
5937	1631	5908	5
5938	1631	5909	5
5939	1631	5910	5
5940	1631	5911	5
5941	1631	6370	5
5942	1631	6616	5
5943	1631	7382	2
5944	1632	1617	2
5945	1632	1618	2
5946	1632	1619	2
5947	1632	1622	2
5948	1632	1623	2
5949	1632	1624	2
5950	1632	1625	2
5951	1632	1626	2
5952	1632	1627	2
5953	1632	1631	2
5954	1632	1633	2
5955	1632	1634	2
5956	1632	1635	2
5957	1632	1636	2
5958	1632	1637	2
5959	1632	1638	2
5960	1632	1639	2
5961	1632	1640	2
5962	1632	1641	2
5963	1632	1642	2
5964	1632	1643	2
5965	1632	1644	2
5966	1632	1645	2
5967	1632	1652	2
5968	1632	1653	2
5969	1632	1655	2
5970	1632	1657	2
5971	1632	1658	2
5972	1632	1659	2
5973	1632	2866	2
5974	1632	2867	2
5975	1632	2868	2
5976	1632	2869	2
5977	1632	3691	2
5978	1632	3692	2
5979	1632	3693	2
5980	1632	3694	2
5981	1632	3695	2
5982	1632	3698	2
5983	1632	3699	2
5984	1632	3700	2
5985	1632	3701	2
5986	1632	3702	2
5987	1632	3703	2
5988	1632	3704	2
5989	1632	3705	2
5990	1632	3706	2
5991	1632	3707	2
5992	1632	3708	2
5993	1632	3709	2
5994	1632	3710	2
5995	1632	3711	2
5996	1632	3712	2
5997	1632	3714	2
5998	1632	3721	2
5999	1632	3722	2
6000	1632	3743	2
6001	1632	5907	2
6002	1632	5909	2
6003	1632	5910	2
6004	1632	5912	2
6005	1632	6369	2
6006	1632	6370	2
6007	1632	6371	2
6008	1632	6531	2
6009	1632	6616	2
6010	1632	7361	2
6011	1633	1618	2
6012	1633	1621	2
6013	1633	1622	2
6014	1633	1624	2
6015	1633	1625	5
6016	1633	1626	5
6017	1633	1627	5
6018	1633	1634	5
6019	1633	1635	5
6020	1633	1636	5
6021	1633	1637	5
6022	1633	1638	5
6023	1633	1639	5
6024	1633	1641	5
6025	1633	1642	5
6026	1633	1643	5
6027	1633	1644	5
6028	1633	1652	5
6029	1633	1653	2
6030	1633	1654	2
6031	1633	1655	5
6032	1633	1657	5
6033	1633	1658	5
6034	1633	1659	5
6035	1633	1717	2
6036	1633	2919	5
6037	1633	3699	5
6038	1633	3701	5
6039	1633	3702	5
6040	1633	3703	5
6041	1633	3704	5
6042	1633	3705	5
6043	1633	3708	5
6044	1633	3711	5
6045	1633	3712	5
6046	1633	3713	5
6047	1633	3743	5
6048	1633	3744	5
6049	1633	4707	5
6050	1633	6369	5
6051	1633	6371	5
6052	1633	7361	5
6053	1634	1622	2
6054	1634	1623	5
6055	1634	1624	2
6056	1634	1625	7
6057	1634	1627	5
6058	1634	1628	2
6059	1634	1630	2
6060	1634	1632	2
6061	1634	1636	7
6062	1634	1638	5
6063	1634	1639	5
6064	1634	1643	5
6065	1634	1646	2
6066	1634	1647	2
6067	1634	1649	2
6068	1634	1653	2
6069	1634	1654	2
6070	1634	1657	5
6071	1634	1658	7
6072	1634	1659	5
6073	1634	1715	2
6074	1634	1716	2
6075	1634	1717	2
6076	1634	1720	2
6077	1634	2919	5
6078	1634	3699	5
6079	1634	3700	5
6080	1634	3701	5
6081	1634	3704	5
6082	1634	6371	5
6083	1634	6376	5
6084	1634	7382	2
6085	1635	1252	5
6086	1635	1622	2
6087	1635	1623	5
6088	1635	1624	2
6089	1635	1625	5
6090	1635	1626	5
6091	1635	1632	2
6092	1635	1633	5
6093	1635	1634	5
6094	1635	1636	5
6095	1635	1637	5
6096	1635	1638	5
6097	1635	1639	5
6098	1635	1641	5
6099	1635	1642	5
6100	1635	1643	5
6101	1635	1644	5
6102	1635	1646	2
6103	1635	1647	2
6104	1635	1649	2
6105	1635	1652	5
6106	1635	1653	2
6107	1635	1655	5
6108	1635	1657	5
6109	1635	1658	5
6110	1635	1659	5
6111	1635	1715	2
6112	1635	1716	2
6113	1635	1717	2
6114	1635	1720	2
6115	1635	2919	5
6116	1635	2920	5
6117	1635	2921	5
6118	1635	3699	5
6119	1635	3700	5
6120	1635	3701	5
6121	1635	3702	5
6122	1635	3703	5
6123	1635	3705	5
6124	1635	3708	5
6125	1635	3711	5
6126	1635	3712	5
6127	1635	3713	5
6128	1635	3717	5
6129	1635	3720	5
6130	1635	3732	5
6131	1635	3743	5
6132	1635	3744	5
6133	1635	3745	5
6134	1635	3746	5
6135	1635	4707	5
6136	1635	6369	5
6137	1635	6371	5
6138	1635	6376	5
6139	1635	6377	5
6140	1635	6382	5
6141	1635	7361	5
6142	1635	7382	2
6143	1636	1622	2
6144	1636	1623	5
6145	1636	1624	2
6146	1636	1627	5
6147	1636	1628	2
6148	1636	1630	2
6149	1636	1632	2
6150	1636	1633	5
6151	1636	1635	5
6152	1636	1637	5
6153	1636	1639	5
6154	1636	1643	5
6155	1636	1644	5
6156	1636	1646	2
6157	1636	1647	2
6158	1636	1649	2
6159	1636	1653	2
6160	1636	1654	2
6161	1636	1657	5
6162	1636	1659	5
6163	1636	1715	2
6164	1636	1716	2
6165	1636	1717	2
6166	1636	1720	2
6167	1636	2919	5
6168	1636	3699	5
6169	1636	3700	5
6170	1636	3701	5
6171	1636	3704	5
6172	1636	6371	5
6173	1636	6376	5
6174	1636	6377	5
6175	1636	7382	2
6176	1637	1622	2
6177	1637	1623	5
6178	1637	1624	2
6179	1637	1625	5
6180	1637	1626	5
6181	1637	1627	5
6182	1637	1628	2
6183	1637	1630	2
6184	1637	1632	2
6185	1637	1633	5
6186	1637	1635	5
6187	1637	1636	5
6188	1637	1641	5
6189	1637	1642	5
6190	1637	1643	5
6191	1637	1646	2
6192	1637	1647	2
6193	1637	1649	2
6194	1637	1652	5
6195	1637	1653	2
6196	1637	1654	2
6197	1637	1655	5
6198	1637	1657	5
6199	1637	1658	5
6200	1637	1659	5
6201	1637	1715	2
6202	1637	1716	2
6203	1637	1717	2
6204	1637	1720	2
6205	1637	2919	5
6206	1637	2920	5
6207	1637	3699	5
6208	1637	3700	5
6209	1637	3701	5
6210	1637	3702	5
6211	1637	3703	5
6212	1637	3704	5
6213	1637	3705	5
6214	1637	3708	5
6215	1637	3711	5
6216	1637	3712	5
6217	1637	3713	5
6218	1637	3716	5
6219	1637	3720	5
6220	1637	3743	5
6221	1637	3744	5
6222	1637	4707	5
6223	1637	6369	5
6224	1637	6371	5
6225	1637	6376	5
6226	1637	7361	5
6227	1637	7382	2
6228	1638	1622	2
6229	1638	1623	5
6230	1638	1624	2
6231	1638	1625	5
6232	1638	1626	5
6233	1638	1627	5
6234	1638	1628	2
6235	1638	1630	2
6236	1638	1632	2
6237	1638	1633	5
6238	1638	1634	5
6239	1638	1635	5
6240	1638	1636	5
6241	1638	1637	5
6242	1638	1639	5
6243	1638	1641	5
6244	1638	1642	5
6245	1638	1643	5
6246	1638	1644	5
6247	1638	1646	2
6248	1638	1652	5
6249	1638	1653	2
6250	1638	1654	2
6251	1638	1655	5
6252	1638	1657	5
6253	1638	1658	5
6254	1638	1659	5
6255	1638	1715	2
6256	1638	1717	2
6257	1638	2919	5
6258	1638	3699	5
6259	1638	3700	5
6260	1638	3701	5
6261	1638	3702	5
6262	1638	3703	5
6263	1638	3704	5
6264	1638	3705	5
6265	1638	3708	5
6266	1638	3711	5
6267	1638	3712	5
6268	1638	3713	5
6269	1638	3743	5
6270	1638	3744	5
6271	1638	4707	5
6272	1638	6369	5
6273	1638	6371	5
6274	1638	6376	5
6275	1638	7361	5
6276	1638	7382	2
6277	1639	1622	2
6278	1639	1623	5
6279	1639	1624	2
6280	1639	1625	5
6281	1639	1626	5
6282	1639	1627	5
6283	1639	1628	2
6284	1639	1630	2
6285	1639	1632	2
6286	1639	1633	5
6287	1639	1634	5
6288	1639	1635	5
6289	1639	1636	5
6290	1639	1637	5
6291	1639	1638	5
6292	1639	1641	5
6293	1639	1642	5
6294	1639	1644	5
6295	1639	1652	5
6296	1639	1653	2
6297	1639	1654	2
6298	1639	1655	5
6299	1639	1657	5
6300	1639	1658	5
6301	1639	1659	5
6302	1639	1717	2
6303	1639	2919	5
6304	1639	3699	5
6305	1639	3700	5
6306	1639	3701	5
6307	1639	3702	5
6308	1639	3703	5
6309	1639	3704	5
6310	1639	3705	5
6311	1639	3708	5
6312	1639	3711	5
6313	1639	3712	5
6314	1639	3743	5
6315	1639	3744	5
6316	1639	4707	5
6317	1639	6369	5
6318	1639	7361	5
6319	1639	7382	2
6320	1640	1622	2
6321	1640	1624	2
6322	1640	1628	2
6323	1640	1630	2
6324	1640	1631	5
6325	1640	1632	2
6326	1640	1645	5
6327	1640	1653	2
6328	1640	1654	2
6329	1640	1717	2
6330	1640	1913	2
6331	1640	2867	5
6332	1640	2869	5
6333	1640	2870	5
6334	1640	2872	5
6335	1640	3691	5
6336	1640	3692	5
6337	1640	3693	5
6338	1640	3694	5
6339	1640	3695	5
6340	1640	5907	5
6341	1640	5908	5
6342	1640	5909	5
6343	1640	5910	5
6344	1640	5912	5
6345	1640	6370	5
6346	1640	6616	5
6347	1641	1623	5
6348	1641	1624	2
6349	1641	1627	5
6350	1641	1628	2
6351	1641	1630	2
6352	1641	1632	2
6353	1641	1633	5
6354	1641	1635	5
6355	1641	1637	5
6356	1641	1638	5
6357	1641	1639	5
6358	1641	1643	5
6359	1641	1644	5
6360	1641	1646	2
6361	1641	1647	2
6362	1641	1649	2
6363	1641	1653	2
6364	1641	1654	2
6365	1641	1657	5
6366	1641	1659	5
6367	1641	1667	2
6368	1641	1668	2
6369	1641	1715	2
6370	1641	1716	2
6371	1641	1717	2
6372	1641	1718	2
6373	1641	1719	2
6374	1641	1720	2
6375	1641	1721	2
6376	1641	2912	5
6377	1641	2913	5
6378	1641	2914	5
6379	1641	2919	5
6380	1641	3699	5
6381	1641	3700	5
6382	1641	3701	5
6383	1641	3704	5
6384	1641	4707	7
6385	1641	6371	5
6386	1641	6375	5
6387	1641	6376	5
6388	1641	6377	5
6389	1641	7361	7
6390	1641	7382	2
6391	1642	1623	5
6392	1642	1624	2
6393	1642	1627	5
6394	1642	1628	2
6395	1642	1630	2
6396	1642	1632	2
6397	1642	1633	5
6398	1642	1635	5
6399	1642	1637	5
6400	1642	1638	5
6401	1642	1639	5
6402	1642	1641	7
6403	1642	1643	5
6404	1642	1644	5
6405	1642	1646	2
6406	1642	1647	2
6407	1642	1649	2
6408	1642	1652	7
6409	1642	1653	2
6410	1642	1654	2
6411	1642	1657	5
6412	1642	1659	5
6413	1642	1667	2
6414	1642	1668	2
6415	1642	1715	2
6416	1642	1717	2
6417	1642	1718	2
6418	1642	1719	2
6419	1642	1720	2
6420	1642	1721	2
6421	1642	2912	5
6422	1642	2913	5
6423	1642	2914	5
6424	1642	2919	5
6425	1642	3699	5
6426	1642	3700	5
6427	1642	3701	5
6428	1642	3704	5
6429	1642	4707	7
6430	1642	6371	5
6431	1642	6375	5
6432	1642	6377	5
6433	1642	7382	2
6434	1643	1622	2
6435	1643	1623	5
6436	1643	1624	2
6437	1643	1625	5
6438	1643	1626	5
6439	1643	1627	5
6440	1643	1628	2
6441	1643	1630	2
6442	1643	1632	2
6443	1643	1633	5
6444	1643	1634	5
6445	1643	1635	5
6446	1643	1636	5
6447	1643	1637	5
6448	1643	1638	5
6449	1643	1641	5
6450	1643	1642	5
6451	1643	1652	5
6452	1643	1653	2
6453	1643	1654	2
6454	1643	1655	5
6455	1643	1657	5
6456	1643	1658	5
6457	1643	1659	5
6458	1643	1717	2
6459	1643	2919	5
6460	1643	3699	5
6461	1643	3701	5
6462	1643	3702	5
6463	1643	3703	5
6464	1643	3704	5
6465	1643	3705	5
6466	1643	3708	5
6467	1643	3711	5
6468	1643	3712	5
6469	1643	3743	5
6470	1643	3744	5
6471	1643	4707	5
6472	1643	6369	5
6473	1643	6371	5
6474	1643	7361	5
6475	1644	1622	2
6476	1644	1623	5
6477	1644	1624	2
6478	1644	1625	5
6479	1644	1626	5
6480	1644	1627	5
6481	1644	1628	2
6482	1644	1630	2
6483	1644	1632	2
6484	1644	1633	5
6485	1644	1635	5
6486	1644	1636	5
6487	1644	1638	5
6488	1644	1639	5
6489	1644	1641	5
6490	1644	1642	5
6491	1644	1643	5
6492	1644	1646	2
6493	1644	1647	2
6494	1644	1649	2
6495	1644	1652	5
6496	1644	1653	2
6497	1644	1654	2
6498	1644	1655	5
6499	1644	1657	5
6500	1644	1658	5
6501	1644	1715	2
6502	1644	1716	2
6503	1644	1717	2
6504	1644	1720	2
6505	1644	2919	5
6506	1644	2920	5
6507	1644	3699	5
6508	1644	3700	5
6509	1644	3701	5
6510	1644	3702	5
6511	1644	3703	5
6512	1644	3704	5
6513	1644	3705	5
6514	1644	3708	5
6515	1644	3711	5
6516	1644	3712	5
6517	1644	3713	5
6518	1644	3716	5
6519	1644	3720	5
6520	1644	3743	5
6521	1644	3744	5
6522	1644	4707	5
6523	1644	6369	5
6524	1644	6371	5
6525	1644	6376	5
6526	1644	7361	5
6527	1644	7382	2
6528	1645	1618	2
6529	1645	1622	2
6530	1645	1624	2
6531	1645	1628	2
6532	1645	1630	2
6533	1645	1631	5
6534	1645	1632	2
6535	1645	1640	5
6536	1645	1653	2
6537	1645	1654	2
6538	1645	1717	2
6539	1645	1913	2
6540	1645	2866	5
6541	1645	2867	5
6542	1645	2868	5
6543	1645	2869	5
6544	1645	2870	5
6545	1645	2872	5
6546	1645	3691	5
6547	1645	3692	5
6548	1645	3693	5
6549	1645	3694	5
6550	1645	3695	5
6551	1645	5907	5
6552	1645	5908	5
6553	1645	5909	5
6554	1645	5910	5
6555	1645	5911	5
6556	1645	5912	5
6557	1645	6370	5
6558	1645	6616	5
6559	1646	1625	2
6560	1646	1626	2
6561	1646	1627	2
6562	1646	1628	2
6563	1646	1629	2
6564	1646	1630	2
6565	1646	1631	2
6566	1646	1634	2
6567	1646	1635	2
6568	1646	1636	2
6569	1646	1637	2
6570	1646	1638	2
6571	1646	1641	2
6572	1646	1642	2
6573	1646	1644	2
6574	1646	1647	2
6575	1646	1648	2
6576	1646	1649	2
6577	1646	1651	2
6578	1646	1652	2
6579	1646	1653	2
6580	1646	1655	2
6581	1646	1656	2
6582	1646	1657	2
6583	1646	1659	2
6584	1646	1664	2
6585	1646	1666	2
6586	1646	1667	2
6587	1646	1668	2
6588	1646	1669	2
6589	1646	1715	2
6590	1646	1716	2
6591	1646	1717	2
6592	1646	1718	2
6593	1646	1719	2
6594	1646	1720	2
6595	1646	1721	2
6596	1646	2862	2
6597	1646	2864	2
6598	1646	2912	2
6599	1646	2913	2
6600	1646	2914	2
6601	1646	2915	2
6602	1646	2919	2
6603	1646	2920	2
6604	1646	2921	2
6605	1646	3695	2
6606	1646	3701	2
6607	1646	3702	2
6608	1646	3703	2
6609	1646	3704	2
6610	1646	3711	2
6611	1646	3712	2
6612	1646	3713	2
6613	1646	3717	2
6614	1646	3720	2
6615	1646	3743	2
6616	1646	3744	2
6617	1646	3745	2
6618	1646	3746	2
6619	1646	3747	2
6620	1646	3748	2
6621	1646	3749	2
6622	1646	3770	2
6623	1646	4707	2
6624	1646	5702	2
6625	1646	5703	2
6626	1646	5704	2
6627	1646	5705	2
6628	1646	5912	2
6629	1646	5914	2
6630	1646	6372	2
6631	1646	6373	2
6632	1646	6374	2
6633	1646	6375	2
6634	1646	6376	2
6635	1646	6377	2
6636	1646	6382	2
6637	1646	6407	2
6638	1646	7361	2
6639	1647	1625	2
6640	1647	1626	2
6641	1647	1627	2
6642	1647	1628	2
6643	1647	1629	2
6644	1647	1631	2
6645	1647	1634	2
6646	1647	1635	2
6647	1647	1636	2
6648	1647	1637	2
6649	1647	1641	2
6650	1647	1642	2
6651	1647	1644	2
6652	1647	1648	2
6653	1647	1650	2
6654	1647	1651	2
6655	1647	1652	2
6656	1647	1653	2
6657	1647	1654	2
6658	1647	1655	2
6659	1647	1656	2
6660	1647	1657	2
6661	1647	1659	2
6662	1647	1660	2
6663	1647	1663	2
6664	1647	1664	2
6665	1647	1665	2
6666	1647	1666	2
6667	1647	1667	2
6668	1647	1668	2
6669	1647	1669	2
6670	1647	1670	2
6671	1647	1716	2
6672	1647	1717	2
6673	1647	1718	2
6674	1647	1719	2
6675	1647	1720	2
6676	1647	1721	2
6677	1647	2862	2
6678	1647	2864	2
6679	1647	2873	2
6680	1647	2912	2
6681	1647	2913	2
6682	1647	2914	2
6683	1647	2915	2
6684	1647	2919	2
6685	1647	2920	2
6686	1647	2921	2
6687	1647	3702	2
6688	1647	3703	2
6689	1647	3704	2
6690	1647	3710	2
6691	1647	3711	2
6692	1647	3712	2
6693	1647	3713	2
6694	1647	3716	2
6695	1647	3717	2
6696	1647	3720	2
6697	1647	3743	2
6698	1647	3744	2
6699	1647	3745	2
6700	1647	3746	2
6701	1647	3747	2
6702	1647	3748	2
6703	1647	3749	2
6704	1647	4707	2
6705	1647	5702	2
6706	1647	5703	2
6707	1647	5704	2
6708	1647	5705	2
6709	1647	5912	2
6710	1647	5914	2
6711	1647	6373	2
6712	1647	6374	2
6713	1647	6375	2
6714	1647	6376	2
6715	1647	6377	2
6716	1647	6382	2
6717	1647	6407	2
6718	1647	6698	2
6719	1647	7361	2
6720	1647	7390	2
6721	1648	1628	2
6722	1648	1630	2
6723	1648	1646	2
6724	1648	1647	2
6725	1648	1650	5
6726	1648	1653	2
6727	1648	1654	2
6728	1648	1715	2
6729	1648	1716	2
6730	1648	1717	2
6731	1648	1720	2
6732	1648	1912	2
6733	1648	1913	2
6734	1648	2863	5
6735	1648	2864	5
6736	1648	3747	5
6737	1648	3768	5
6738	1648	3769	5
6739	1648	3770	5
6740	1648	3771	5
6741	1648	3773	5
6742	1648	3774	5
6743	1648	5684	5
6744	1648	5702	5
6745	1648	6615	5
6746	1648	7382	2
6747	1649	1625	2
6748	1649	1626	2
6749	1649	1627	2
6750	1649	1628	2
6751	1649	1629	2
6752	1649	1631	2
6753	1649	1634	2
6754	1649	1635	2
6755	1649	1636	2
6756	1649	1637	2
6757	1649	1641	2
6758	1649	1642	2
6759	1649	1644	2
6760	1649	1646	2
6761	1649	1648	2
6762	1649	1650	2
6763	1649	1651	2
6764	1649	1652	2
6765	1649	1653	2
6766	1649	1654	2
6767	1649	1655	2
6768	1649	1656	2
6769	1649	1657	2
6770	1649	1658	2
6771	1649	1659	2
6772	1649	1660	2
6773	1649	1663	2
6774	1649	1664	2
6775	1649	1665	2
6776	1649	1666	2
6777	1649	1667	2
6778	1649	1668	2
6779	1649	1669	2
6780	1649	1670	2
6781	1649	1716	2
6782	1649	1717	2
6783	1649	1718	2
6784	1649	1719	2
6785	1649	1721	2
6786	1649	2862	2
6787	1649	2873	2
6788	1649	2912	2
6789	1649	2913	2
6790	1649	2914	2
6791	1649	2915	2
6792	1649	2919	2
6793	1649	2920	2
6794	1649	2921	2
6795	1649	3702	2
6796	1649	3703	2
6797	1649	3704	2
6798	1649	3708	2
6799	1649	3709	2
6800	1649	3710	2
6801	1649	3711	2
6802	1649	3712	2
6803	1649	3713	2
6804	1649	3716	2
6805	1649	3717	2
6806	1649	3720	2
6807	1649	3732	2
6808	1649	3743	2
6809	1649	3744	2
6810	1649	3745	2
6811	1649	3746	2
6812	1649	3747	2
6813	1649	3748	2
6814	1649	3749	2
6815	1649	4707	2
6816	1649	5702	2
6817	1649	5703	2
6818	1649	5704	2
6819	1649	5705	2
6820	1649	5912	2
6821	1649	5914	2
6822	1649	6372	2
6823	1649	6373	2
6824	1649	6374	2
6825	1649	6375	2
6826	1649	6377	2
6827	1649	6382	2
6828	1649	6407	2
6829	1649	6623	2
6830	1649	6698	2
6831	1649	7361	2
6832	1649	7382	2
6833	1649	7390	2
6834	1649	7392	2
6835	1650	1628	2
6836	1650	1630	2
6837	1650	1646	2
6838	1650	1647	2
6839	1650	1648	5
6840	1650	1649	2
6841	1650	1653	2
6842	1650	1654	2
6843	1650	1715	2
6844	1650	1716	2
6845	1650	1717	2
6846	1650	1720	2
6847	1650	1912	2
6848	1650	1913	2
6849	1650	2862	5
6850	1650	2863	5
6851	1650	2864	5
6852	1650	3747	5
6853	1650	3768	5
6854	1650	3769	5
6855	1650	3770	5
6856	1650	3771	5
6857	1650	5702	5
6858	1650	6615	5
6859	1650	7382	2
6860	1651	1624	2
6861	1651	1628	2
6862	1651	1630	2
6863	1651	1646	2
6864	1651	1647	2
6865	1651	1649	2
6866	1651	1654	2
6867	1651	1667	2
6868	1651	1715	2
6869	1651	1716	2
6870	1651	1717	2
6871	1651	1718	2
6872	1651	1720	2
6873	1651	6372	5
6874	1651	7382	2
6875	1652	1623	5
6876	1652	1624	2
6877	1652	1627	5
6878	1652	1628	2
6879	1652	1630	2
6880	1652	1632	2
6881	1652	1633	5
6882	1652	1635	5
6883	1652	1637	5
6884	1652	1638	5
6885	1652	1639	5
6886	1652	1641	7
6887	1652	1642	7
6888	1652	1643	5
6889	1652	1644	5
6890	1652	1646	2
6891	1652	1647	2
6892	1652	1649	2
6893	1652	1653	2
6894	1652	1654	2
6895	1652	1657	5
6896	1652	1659	5
6897	1652	1667	2
6898	1652	1715	2
6899	1652	1716	2
6900	1652	1717	2
6901	1652	1718	2
6902	1652	1719	2
6903	1652	1720	2
6904	1652	1721	2
6905	1652	2912	5
6906	1652	2913	5
6907	1652	2914	5
6908	1652	2919	5
6909	1652	3699	5
6910	1652	3700	5
6911	1652	3701	5
6912	1652	3704	5
6913	1652	6371	5
6914	1652	6375	5
6915	1652	6376	5
6916	1652	6377	5
6917	1652	7382	2
6918	1653	1622	2
6919	1653	1623	2
6920	1653	1624	2
6921	1653	1625	2
6922	1653	1626	2
6923	1653	1627	2
6924	1653	1628	2
6925	1653	1629	2
6926	1653	1630	2
6927	1653	1631	2
6928	1653	1633	2
6929	1653	1634	2
6930	1653	1635	2
6931	1653	1636	2
6932	1653	1637	2
6933	1653	1638	2
6934	1653	1639	2
6935	1653	1640	2
6936	1653	1641	2
6937	1653	1642	2
6938	1653	1643	2
6939	1653	1644	2
6940	1653	1645	2
6941	1653	1646	2
6942	1653	1647	2
6943	1653	1648	2
6944	1653	1649	2
6945	1653	1650	2
6946	1653	1651	2
6947	1653	1652	2
6948	1653	1654	2
6949	1653	1655	2
6950	1653	1656	2
6951	1653	1657	2
6952	1653	1658	2
6953	1653	1659	2
6954	1653	1667	2
6955	1653	1715	2
6956	1653	1716	2
6957	1653	1717	2
6958	1653	1718	2
6959	1653	1720	2
6960	1653	2862	2
6961	1653	2864	2
6962	1653	2914	2
6963	1653	2915	2
6964	1653	2919	2
6965	1653	2920	2
6966	1653	2921	2
6967	1653	3692	2
6968	1653	3693	2
6969	1653	3694	2
6970	1653	3695	2
6971	1653	3699	2
6972	1653	3700	2
6973	1653	3701	2
6974	1653	3702	2
6975	1653	3703	2
6976	1653	3704	2
6977	1653	3705	2
6978	1653	3706	2
6979	1653	3707	2
6980	1653	3708	2
6981	1653	3709	2
6982	1653	3710	2
6983	1653	3711	2
6984	1653	3712	2
6985	1653	3713	2
6986	1653	3714	2
6987	1653	3715	2
6988	1653	3716	2
6989	1653	3717	2
6990	1653	3720	2
6991	1653	3743	2
6992	1653	3744	2
6993	1653	3745	2
6994	1653	3746	2
6995	1653	3747	2
6996	1653	3748	2
6997	1653	3768	2
6998	1653	3769	2
6999	1653	3770	2
7000	1653	4707	2
7001	1653	5908	2
7002	1653	5909	2
7003	1653	5910	2
7004	1653	5912	2
7005	1653	6369	2
7006	1653	6370	2
7007	1653	6371	2
7008	1653	6372	2
7009	1653	6373	2
7010	1653	6375	2
7011	1653	6376	2
7012	1653	6377	2
7013	1653	6382	2
7014	1653	6616	2
7015	1653	7361	2
7016	1653	7382	2
7017	1654	1624	2
7018	1654	1625	2
7019	1654	1626	2
7020	1654	1627	2
7021	1654	1630	2
7022	1654	1631	2
7023	1654	1633	2
7024	1654	1634	2
7025	1654	1636	2
7026	1654	1637	2
7027	1654	1638	2
7028	1654	1639	2
7029	1654	1640	2
7030	1654	1641	2
7031	1654	1642	2
7032	1654	1643	2
7033	1654	1644	2
7034	1654	1645	2
7035	1654	1646	2
7036	1654	1647	2
7037	1654	1648	2
7038	1654	1649	2
7039	1654	1650	2
7040	1654	1651	2
7041	1654	1652	2
7042	1654	1653	2
7043	1654	1655	2
7044	1654	1656	2
7045	1654	1657	2
7046	1654	1658	2
7047	1654	1659	2
7048	1654	1715	2
7049	1654	1716	2
7050	1654	1717	2
7051	1654	1720	2
7052	1654	1911	2
7053	1654	1912	2
7054	1654	1913	2
7055	1654	1914	2
7056	1654	2862	2
7057	1654	2863	2
7058	1654	2864	2
7059	1654	2919	2
7060	1654	3691	2
7061	1654	3692	2
7062	1654	3693	2
7063	1654	3694	2
7064	1654	3695	2
7065	1654	3699	2
7066	1654	3700	2
7067	1654	3701	2
7068	1654	3711	2
7069	1654	3744	2
7070	1654	3747	2
7071	1654	3748	2
7072	1654	3768	2
7073	1654	3769	2
7074	1654	3770	2
7075	1654	3771	2
7076	1654	4707	2
7077	1654	5702	2
7078	1654	5908	2
7079	1654	5909	2
7080	1654	5910	2
7081	1654	5911	2
7082	1654	5912	2
7083	1654	6369	2
7084	1654	6370	2
7085	1654	6371	2
7086	1654	6372	2
7087	1654	6376	2
7088	1654	6615	2
7089	1654	6616	2
7090	1654	7361	2
7091	1654	7382	2
7092	1655	1622	2
7093	1655	1623	5
7094	1655	1624	2
7095	1655	1625	7
7096	1655	1627	5
7097	1655	1628	2
7098	1655	1630	2
7099	1655	1632	2
7100	1655	1633	5
7101	1655	1635	5
7102	1655	1637	5
7103	1655	1638	5
7104	1655	1639	5
7105	1655	1643	5
7106	1655	1644	5
7107	1655	1646	2
7108	1655	1647	2
7109	1655	1649	2
7110	1655	1653	2
7111	1655	1654	2
7112	1655	1657	5
7113	1655	1658	7
7114	1655	1659	5
7115	1655	1715	2
7116	1655	1716	2
7117	1655	1717	2
7118	1655	1720	2
7119	1655	2919	5
7120	1655	3699	5
7121	1655	3700	5
7122	1655	3701	5
7123	1655	3704	5
7124	1655	6371	5
7125	1655	6376	5
7126	1655	6377	5
7127	1655	7382	2
7128	1656	1628	2
7129	1656	1630	2
7130	1656	1646	2
7131	1656	1647	2
7132	1656	1649	2
7133	1656	1650	5
7134	1656	1653	2
7135	1656	1654	2
7136	1656	1715	2
7137	1656	1716	2
7138	1656	1717	2
7139	1656	1720	2
7140	1656	1912	2
7141	1656	1913	2
7142	1656	2863	5
7143	1656	3768	5
7144	1656	3769	5
7145	1656	3770	5
7146	1656	3771	5
7147	1656	3773	5
7148	1656	3774	5
7149	1656	5684	5
7150	1656	5702	5
7151	1656	6615	5
7152	1656	7382	2
7153	1657	1252	5
7154	1657	1623	5
7155	1657	1624	2
7156	1657	1625	5
7157	1657	1626	5
7158	1657	1627	5
7159	1657	1632	2
7160	1657	1633	5
7161	1657	1634	5
7162	1657	1635	5
7163	1657	1636	5
7164	1657	1637	5
7165	1657	1638	5
7166	1657	1639	5
7167	1657	1641	5
7168	1657	1642	5
7169	1657	1643	5
7170	1657	1644	5
7171	1657	1646	2
7172	1657	1647	2
7173	1657	1649	2
7174	1657	1652	5
7175	1657	1653	2
7176	1657	1654	2
7177	1657	1655	5
7178	1657	1658	5
7179	1657	1659	5
7180	1657	1666	2
7181	1657	1667	2
7182	1657	1668	2
7183	1657	1715	2
7184	1657	1716	2
7185	1657	1717	2
7186	1657	1718	2
7187	1657	1719	2
7188	1657	1720	2
7189	1657	1721	2
7190	1657	2873	5
7191	1657	2912	5
7192	1657	2913	5
7193	1657	2914	5
7194	1657	2915	5
7195	1657	2919	5
7196	1657	2920	5
7197	1657	2921	5
7198	1657	3699	5
7199	1657	3700	5
7200	1657	3701	5
7201	1657	3702	5
7202	1657	3703	5
7203	1657	3704	5
7204	1657	3705	5
7205	1657	3708	5
7206	1657	3710	5
7207	1657	3712	5
7208	1657	3713	5
7209	1657	3714	5
7210	1657	3715	5
7211	1657	3716	5
7212	1657	3717	5
7213	1657	3718	5
7214	1657	3719	5
7215	1657	3720	5
7216	1657	3726	5
7217	1657	3727	5
7218	1657	3728	5
7219	1657	3731	5
7220	1657	3732	5
7221	1657	3745	5
7222	1657	3746	5
7223	1657	4707	5
7224	1657	6369	5
7225	1657	6371	5
7226	1657	6375	5
7227	1657	6376	5
7228	1657	6377	5
7229	1657	6382	5
7230	1657	6407	5
7231	1657	6623	5
7232	1657	6911	5
7233	1657	7361	5
7234	1657	7382	2
7235	1658	1622	2
7236	1658	1623	5
7237	1658	1624	2
7238	1658	1626	7
7239	1658	1627	5
7240	1658	1632	2
7241	1658	1633	5
7242	1658	1634	7
7243	1658	1635	5
7244	1658	1637	5
7245	1658	1638	5
7246	1658	1639	5
7247	1658	1643	5
7248	1658	1644	5
7249	1658	1649	2
7250	1658	1653	2
7251	1658	1654	2
7252	1658	1655	7
7253	1658	1657	5
7254	1658	1659	5
7255	1658	1715	2
7256	1658	1717	2
7257	1658	2919	5
7258	1658	3699	5
7259	1658	3700	5
7260	1658	3701	5
7261	1658	3704	5
7262	1658	6371	5
7263	1658	6376	5
7264	1658	7382	2
7265	1659	1622	2
7266	1659	1623	5
7267	1659	1624	2
7268	1659	1626	5
7269	1659	1627	5
7270	1659	1628	2
7271	1659	1630	2
7272	1659	1632	2
7273	1659	1633	5
7274	1659	1634	5
7275	1659	1636	5
7276	1659	1637	5
7277	1659	1638	5
7278	1659	1639	5
7279	1659	1641	5
7280	1659	1642	5
7281	1659	1643	5
7282	1659	1644	5
7283	1659	1646	2
7284	1659	1647	2
7285	1659	1649	2
7286	1659	1652	5
7287	1659	1653	2
7288	1659	1654	2
7289	1659	1655	5
7290	1659	1657	5
7291	1659	1715	2
7292	1659	1716	2
7293	1659	1717	2
7294	1659	1720	2
7295	1659	2919	5
7296	1659	2920	5
7297	1659	2921	5
7298	1659	3699	5
7299	1659	3700	5
7300	1659	3701	5
7301	1659	3702	5
7302	1659	3703	5
7303	1659	3704	5
7304	1659	3705	5
7305	1659	3708	5
7306	1659	3711	5
7307	1659	3712	5
7308	1659	3713	5
7309	1659	3716	5
7310	1659	3717	5
7311	1659	3720	5
7312	1659	3743	5
7313	1659	3744	5
7314	1659	3745	5
7315	1659	4707	5
7316	1659	6369	5
7317	1659	6371	5
7318	1659	6376	5
7319	1659	7361	5
7320	1659	7382	2
7321	1660	1203	2
7322	1660	1647	2
7323	1660	1649	2
7324	1660	1661	2
7325	1660	1662	2
7326	1660	1663	2
7327	1660	1664	2
7328	1660	1665	2
7329	1660	1666	2
7330	1660	1667	2
7331	1660	1668	2
7332	1660	1669	2
7333	1660	1670	2
7334	1660	1671	2
7335	1660	1672	2
7336	1660	1715	2
7337	1660	1716	2
7338	1660	1718	2
7339	1660	1719	2
7340	1660	1720	2
7341	1660	1721	2
7342	1660	2873	2
7343	1660	2885	2
7344	1660	2886	2
7345	1660	2912	2
7346	1660	2913	2
7347	1660	2914	2
7348	1660	2915	2
7349	1660	2920	2
7350	1660	2921	2
7351	1660	2922	2
7352	1660	2923	2
7353	1660	2926	2
7354	1660	3738	2
7355	1660	3745	2
7356	1660	3746	2
7357	1660	3748	2
7358	1660	3749	2
7359	1660	3750	2
7360	1660	3751	2
7361	1660	3752	2
7362	1660	3753	2
7363	1660	5703	2
7364	1660	5704	2
7365	1660	5705	2
7366	1660	5914	2
7367	1660	6372	2
7368	1660	6373	2
7369	1660	6374	2
7370	1660	6375	2
7371	1660	6376	2
7372	1660	6377	2
7373	1660	6378	2
7374	1660	6379	2
7375	1660	6380	2
7376	1660	6381	2
7377	1660	6382	2
7378	1660	6383	2
7379	1660	6405	2
7380	1660	6406	2
7381	1660	6407	2
7382	1660	6408	2
7383	1660	6409	2
7384	1660	6410	2
7385	1660	6623	2
7386	1660	6624	2
7387	1660	6696	2
7388	1660	6698	2
7389	1660	7390	2
7390	1660	7392	2
7391	1661	1203	2
7392	1661	1209	2
7393	1661	1662	2
7394	1661	1663	2
7395	1661	1664	2
7396	1661	1665	2
7397	1661	1666	2
7398	1661	1667	2
7399	1661	1668	2
7400	1661	1669	2
7401	1661	1670	2
7402	1661	1671	2
7403	1661	1672	2
7404	1661	1718	2
7405	1661	1721	2
7406	1661	2873	2
7407	1661	2885	2
7408	1661	2886	2
7409	1661	2912	2
7410	1661	2913	2
7411	1661	2914	2
7412	1661	2915	2
7413	1661	2918	2
7414	1661	2920	2
7415	1661	2921	2
7416	1661	2922	2
7417	1661	2923	2
7418	1661	2926	2
7419	1661	3738	2
7420	1661	3745	2
7421	1661	3746	2
7422	1661	3749	2
7423	1661	3750	2
7424	1661	3751	2
7425	1661	3752	2
7426	1661	3753	2
7427	1661	5703	2
7428	1661	5704	2
7429	1661	5709	2
7430	1661	5914	2
7431	1661	6373	2
7432	1661	6374	2
7433	1661	6375	2
7434	1661	6377	2
7435	1661	6378	2
7436	1661	6379	2
7437	1661	6380	2
7438	1661	6381	2
7439	1661	6382	2
7440	1661	6383	2
7441	1661	6402	2
7442	1661	6405	2
7443	1661	6406	2
7444	1661	6407	2
7445	1661	6408	2
7446	1661	6409	2
7447	1661	6410	2
7448	1661	6623	2
7449	1661	6624	2
7450	1661	6696	2
7451	1661	6698	2
7452	1661	6907	2
7453	1661	7390	2
7454	1661	7392	2
7455	1662	1660	2
7456	1662	1661	2
7457	1662	1664	2
7458	1662	1665	2
7459	1662	1667	2
7460	1662	1668	2
7461	1662	1669	2
7462	1662	1673	2
7463	1662	1718	2
7464	1662	1719	2
7465	1662	1721	2
7466	1662	2885	2
7467	1662	2886	2
7468	1662	2926	2
7469	1662	2927	2
7470	1662	3749	2
7471	1662	3753	2
7472	1662	3761	2
7473	1662	3762	2
7474	1662	3763	2
7475	1662	3764	2
7476	1662	3811	2
7477	1662	3812	2
7478	1662	3813	2
7479	1662	5699	2
7480	1662	5703	2
7481	1662	5704	2
7482	1662	5705	2
7483	1662	5709	2
7484	1662	5914	2
7485	1662	6373	2
7486	1662	6374	2
7487	1662	6384	2
7488	1662	6385	2
7489	1663	1647	2
7490	1663	1649	2
7491	1663	1660	2
7492	1663	1661	2
7493	1663	1662	2
7494	1663	1664	2
7495	1663	1665	2
7496	1663	1666	2
7497	1663	1667	2
7498	1663	1668	2
7499	1663	1669	2
7500	1663	1672	2
7501	1663	1673	2
7502	1663	1715	2
7503	1663	1716	2
7504	1663	1718	2
7505	1663	1719	2
7506	1663	1720	2
7507	1663	1721	2
7508	1663	2873	2
7509	1663	2885	2
7510	1663	2886	2
7511	1663	2912	2
7512	1663	2913	2
7513	1663	2914	2
7514	1663	2915	2
7515	1663	2920	2
7516	1663	2921	2
7517	1663	2922	2
7518	1663	2926	2
7519	1663	3745	2
7520	1663	3746	2
7521	1663	3748	2
7522	1663	3749	2
7523	1663	3750	2
7524	1663	3751	2
7525	1663	3752	2
7526	1663	3753	2
7527	1663	5703	2
7528	1663	5704	2
7529	1663	5705	2
7530	1663	5709	2
7531	1663	5914	2
7532	1663	6372	2
7533	1663	6373	2
7534	1663	6374	2
7535	1663	6375	2
7536	1663	6376	2
7537	1663	6377	2
7538	1663	6378	2
7539	1663	6379	2
7540	1663	6380	2
7541	1663	6381	2
7542	1663	6382	2
7543	1663	6383	2
7544	1663	6405	2
7545	1663	6406	2
7546	1663	6407	2
7547	1663	6408	2
7548	1663	6409	2
7549	1663	6410	2
7550	1663	6623	2
7551	1663	6696	2
7552	1663	6698	2
7553	1663	7390	2
7554	1663	7392	2
7555	1664	1646	2
7556	1664	1647	2
7557	1664	1649	2
7558	1664	1660	2
7559	1664	1661	2
7560	1664	1662	2
7561	1664	1663	2
7562	1664	1665	5
7563	1664	1668	2
7564	1664	1669	2
7565	1664	1670	2
7566	1664	1672	2
7567	1664	1715	2
7568	1664	1716	2
7569	1664	1718	2
7570	1664	1719	2
7571	1664	1720	2
7572	1664	1721	2
7573	1664	3748	5
7574	1664	3749	5
7575	1664	5703	5
7576	1664	5704	5
7577	1664	5705	5
7578	1664	5914	5
7579	1664	6372	5
7580	1664	6373	5
7581	1664	6374	5
7582	1664	7382	2
7583	1664	7392	2
7584	1665	1647	2
7585	1665	1649	2
7586	1665	1660	2
7587	1665	1661	2
7588	1665	1662	2
7589	1665	1663	2
7590	1665	1666	2
7591	1665	1667	2
7592	1665	1668	2
7593	1665	1669	2
7594	1665	1670	2
7595	1665	1672	2
7596	1665	1673	2
7597	1665	1715	2
7598	1665	1716	2
7599	1665	1718	2
7600	1665	1719	2
7601	1665	1720	2
7602	1665	1721	2
7603	1665	2927	5
7604	1665	3748	5
7605	1665	3749	5
7606	1665	3764	5
7607	1665	3812	5
7608	1665	5703	5
7609	1665	5704	5
7610	1665	5705	5
7611	1665	6372	5
7612	1665	6373	5
7613	1665	6374	5
7614	1665	7392	2
7615	1666	1252	2
7616	1666	1646	2
7617	1666	1647	2
7618	1666	1649	2
7619	1666	1657	2
7620	1666	1660	2
7621	1666	1661	2
7622	1666	1662	2
7623	1666	1663	2
7624	1666	1664	2
7625	1666	1665	2
7626	1666	1667	2
7627	1666	1669	2
7628	1666	1670	2
7629	1666	1671	2
7630	1666	1672	2
7631	1666	1715	2
7632	1666	1716	2
7633	1666	1719	2
7634	1666	1720	2
7635	1666	1721	2
7636	1666	2873	2
7637	1666	2885	2
7638	1666	2886	2
7639	1666	2912	2
7640	1666	2913	2
7641	1666	2914	2
7642	1666	2915	2
7643	1666	2919	2
7644	1666	2920	2
7645	1666	2921	2
7646	1666	2922	2
7647	1666	2923	2
7648	1666	2926	2
7649	1666	3717	2
7650	1666	3720	2
7651	1666	3732	2
7652	1666	3738	2
7653	1666	3743	2
7654	1666	3744	2
7655	1666	3745	2
7656	1666	3746	2
7657	1666	3748	2
7658	1666	3749	2
7659	1666	5703	2
7660	1666	5704	2
7661	1666	5705	2
7662	1666	5914	2
7663	1666	6372	2
7664	1666	6373	2
7665	1666	6374	2
7666	1666	6375	2
7667	1666	6376	2
7668	1666	6377	2
7669	1666	6378	2
7670	1666	6379	2
7671	1666	6380	2
7672	1666	6381	2
7673	1666	6382	2
7674	1666	6383	2
7675	1666	6405	2
7676	1666	6406	2
7677	1666	6407	2
7678	1666	6408	2
7679	1666	6410	2
7680	1666	6623	2
7681	1666	6696	2
7682	1666	6698	2
7683	1666	7382	2
7684	1666	7390	2
7685	1666	7392	2
7686	1667	1252	2
7687	1667	1641	2
7688	1667	1642	2
7689	1667	1647	2
7690	1667	1649	2
7691	1667	1651	2
7692	1667	1652	2
7693	1667	1653	2
7694	1667	1657	2
7695	1667	1660	2
7696	1667	1661	2
7697	1667	1662	2
7698	1667	1663	2
7699	1667	1664	2
7700	1667	1665	2
7701	1667	1666	2
7702	1667	1668	2
7703	1667	1669	2
7704	1667	1670	2
7705	1667	1671	2
7706	1667	1672	2
7707	1667	1715	2
7708	1667	1716	2
7709	1667	1719	2
7710	1667	1720	2
7711	1667	1721	2
7712	1667	2873	2
7713	1667	2885	2
7714	1667	2886	2
7715	1667	2912	2
7716	1667	2913	2
7717	1667	2914	2
7718	1667	2915	2
7719	1667	2919	2
7720	1667	2920	2
7721	1667	2921	2
7722	1667	2922	2
7723	1667	3711	2
7724	1667	3712	2
7725	1667	3713	2
7726	1667	3716	2
7727	1667	3717	2
7728	1667	3720	2
7729	1667	3732	2
7730	1667	3743	2
7731	1667	3744	2
7732	1667	3745	2
7733	1667	3746	2
7734	1667	3747	2
7735	1667	3748	2
7736	1667	3749	2
7737	1667	4707	2
7738	1667	5703	2
7739	1667	5704	2
7740	1667	5705	2
7741	1667	5914	2
7742	1667	6372	2
7743	1667	6373	2
7744	1667	6374	2
7745	1667	6375	2
7746	1667	6376	2
7747	1667	6377	2
7748	1667	6378	2
7749	1667	6379	2
7750	1667	6380	2
7751	1667	6381	2
7752	1667	6382	2
7753	1667	6383	2
7754	1667	6405	2
7755	1667	6407	2
7756	1667	6410	2
7757	1667	6623	2
7758	1667	6696	2
7759	1667	6698	2
7760	1667	7361	2
7761	1667	7382	2
7762	1667	7390	2
7763	1667	7392	2
7764	1668	1252	2
7765	1668	1641	2
7766	1668	1642	2
7767	1668	1646	2
7768	1668	1647	2
7769	1668	1649	2
7770	1668	1657	2
7771	1668	1660	2
7772	1668	1661	2
7773	1668	1662	2
7774	1668	1663	2
7775	1668	1664	2
7776	1668	1665	2
7777	1668	1667	2
7778	1668	1670	2
7779	1668	1671	2
7780	1668	1672	2
7781	1668	1715	2
7782	1668	1716	2
7783	1668	1718	2
7784	1668	1719	2
7785	1668	1720	2
7786	1668	2873	2
7787	1668	2885	2
7788	1668	2886	2
7789	1668	2912	2
7790	1668	2913	2
7791	1668	2914	2
7792	1668	2915	2
7793	1668	2919	2
7794	1668	2920	2
7795	1668	2921	2
7796	1668	2922	2
7797	1668	2923	2
7798	1668	2926	2
7799	1668	3713	2
7800	1668	3716	2
7801	1668	3717	2
7802	1668	3720	2
7803	1668	3732	2
7804	1668	3738	2
7805	1668	3743	2
7806	1668	3744	2
7807	1668	3745	2
7808	1668	3746	2
7809	1668	3748	2
7810	1668	3749	2
7811	1668	5703	2
7812	1668	5704	2
7813	1668	5705	2
7814	1668	5914	2
7815	1668	6372	2
7816	1668	6373	2
7817	1668	6374	2
7818	1668	6375	2
7819	1668	6376	2
7820	1668	6377	2
7821	1668	6378	2
7822	1668	6379	2
7823	1668	6380	2
7824	1668	6381	2
7825	1668	6382	2
7826	1668	6383	2
7827	1668	6405	2
7828	1668	6406	2
7829	1668	6407	2
7830	1668	6408	2
7831	1668	6410	2
7832	1668	6623	2
7833	1668	6696	2
7834	1668	6698	2
7835	1668	7382	2
7836	1668	7390	2
7837	1668	7392	2
7838	1669	1252	2
7839	1669	1646	2
7840	1669	1647	2
7841	1669	1649	2
7842	1669	1660	2
7843	1669	1661	2
7844	1669	1662	2
7845	1669	1663	2
7846	1669	1664	2
7847	1669	1665	2
7848	1669	1666	2
7849	1669	1667	2
7850	1669	1668	2
7851	1669	1670	2
7852	1669	1671	2
7853	1669	1715	2
7854	1669	1716	2
7855	1669	1718	2
7856	1669	1719	2
7857	1669	1720	2
7858	1669	1721	2
7859	1669	2873	2
7860	1669	2885	2
7861	1669	2886	2
7862	1669	2912	2
7863	1669	2913	2
7864	1669	2914	2
7865	1669	2915	2
7866	1669	2919	2
7867	1669	2920	2
7868	1669	2921	2
7869	1669	2922	2
7870	1669	2923	2
7871	1669	2926	2
7872	1669	3717	2
7873	1669	3720	2
7874	1669	3732	2
7875	1669	3738	2
7876	1669	3743	2
7877	1669	3744	2
7878	1669	3745	2
7879	1669	3746	2
7880	1669	3748	2
7881	1669	3749	2
7882	1669	3750	2
7883	1669	3751	2
7884	1669	3752	2
7885	1669	3753	2
7886	1669	5703	2
7887	1669	5704	2
7888	1669	5705	2
7889	1669	5914	2
7890	1669	6372	2
7891	1669	6373	2
7892	1669	6374	2
7893	1669	6375	2
7894	1669	6376	2
7895	1669	6377	2
7896	1669	6378	2
7897	1669	6379	2
7898	1669	6380	2
7899	1669	6381	2
7900	1669	6382	2
7901	1669	6383	2
7902	1669	6405	2
7903	1669	6406	2
7904	1669	6407	2
7905	1669	6408	2
7906	1669	6409	2
7907	1669	6410	2
7908	1669	6623	2
7909	1669	6624	2
7910	1669	6696	2
7911	1669	6698	2
7912	1669	7382	2
7913	1669	7390	2
7914	1669	7392	2
7915	1670	1252	2
7916	1670	1253	2
7917	1670	1647	2
7918	1670	1649	2
7919	1670	1660	2
7920	1670	1661	2
7921	1670	1663	2
7922	1670	1664	2
7923	1670	1665	2
7924	1670	1666	2
7925	1670	1667	2
7926	1670	1668	2
7927	1670	1669	2
7928	1670	1671	2
7929	1670	1672	2
7930	1670	1715	2
7931	1670	1716	2
7932	1670	1718	2
7933	1670	1719	2
7934	1670	1720	2
7935	1670	1721	2
7936	1670	2885	2
7937	1670	2886	2
7938	1670	2912	2
7939	1670	2913	2
7940	1670	2914	2
7941	1670	2915	2
7942	1670	2918	2
7943	1670	2919	2
7944	1670	2920	2
7945	1670	2921	2
7946	1670	2922	2
7947	1670	2923	2
7948	1670	2926	2
7949	1670	3716	2
7950	1670	3717	2
7951	1670	3720	2
7952	1670	3731	2
7953	1670	3732	2
7954	1670	3738	2
7955	1670	3743	2
7956	1670	3744	2
7957	1670	3745	2
7958	1670	3746	2
7959	1670	3749	2
7960	1670	3750	2
7961	1670	3751	2
7962	1670	3752	2
7963	1670	3753	2
7964	1670	5703	2
7965	1670	5704	2
7966	1670	5914	2
7967	1670	6372	2
7968	1670	6373	2
7969	1670	6374	2
7970	1670	6375	2
7971	1670	6376	2
7972	1670	6377	2
7973	1670	6378	2
7974	1670	6379	2
7975	1670	6380	2
7976	1670	6381	2
7977	1670	6382	2
7978	1670	6383	2
7979	1670	6402	2
7980	1670	6405	2
7981	1670	6406	2
7982	1670	6407	2
7983	1670	6408	2
7984	1670	6409	2
7985	1670	6410	2
7986	1670	6623	2
7987	1670	6624	2
7988	1670	6696	2
7989	1670	6907	2
7990	1670	6911	2
7991	1670	7390	2
7992	1670	7392	2
7993	1671	1203	2
7994	1671	1660	2
7995	1671	1661	2
7996	1671	1663	2
7997	1671	1666	2
7998	1671	1667	2
7999	1671	1668	2
8000	1671	1669	2
8001	1671	1670	2
8002	1671	1716	2
8003	1671	1718	2
8004	1671	1719	2
8005	1671	1720	2
8006	1671	1721	2
8007	1671	3750	5
8008	1671	7392	2
8009	1672	1203	2
8010	1672	1204	2
8011	1672	1660	2
8012	1672	1661	2
8013	1672	1663	2
8014	1672	1664	2
8015	1672	1665	2
8016	1672	1666	2
8017	1672	1667	2
8018	1672	1668	2
8019	1672	1669	2
8020	1672	1670	2
8021	1672	1671	2
8022	1672	1718	2
8023	1672	1719	2
8024	1672	1721	2
8025	1672	2873	2
8026	1672	2885	2
8027	1672	2886	2
8028	1672	2912	2
8029	1672	2913	2
8030	1672	2914	2
8031	1672	2915	2
8032	1672	2917	2
8033	1672	2918	2
8034	1672	2922	2
8035	1672	2923	2
8036	1672	2924	2
8037	1672	2926	2
8038	1672	3738	2
8039	1672	3750	2
8040	1672	3751	2
8041	1672	3752	2
8042	1672	3753	2
8043	1672	5704	2
8044	1672	5708	2
8045	1672	5709	2
8046	1672	5914	2
8047	1672	6374	2
8048	1672	6375	2
8049	1672	6378	2
8050	1672	6379	2
8051	1672	6380	2
8052	1672	6381	2
8053	1672	6382	2
8054	1672	6383	2
8055	1672	6400	2
8056	1672	6402	2
8057	1672	6405	2
8058	1672	6406	2
8059	1672	6407	2
8060	1672	6408	2
8061	1672	6409	2
8062	1672	6410	2
8063	1672	6623	2
8064	1672	6624	2
8065	1672	6696	2
8066	1672	6698	2
8067	1672	6907	2
8068	1672	7390	2
8069	1672	7392	2
8070	1673	1662	2
8071	1673	1663	2
8072	1673	1665	2
8073	1673	2885	2
8074	1673	2886	2
8075	1673	2926	2
8076	1673	2927	2
8077	1673	3749	2
8078	1673	3760	2
8079	1673	3761	2
8080	1673	3762	2
8081	1673	3763	2
8082	1673	3764	2
8083	1673	3811	2
8084	1673	3812	2
8085	1673	3813	2
8086	1673	3814	2
8087	1673	5703	2
8088	1673	5704	2
8089	1673	5705	2
8090	1673	5709	2
8091	1673	5895	2
8092	1673	5914	2
8093	1673	6384	2
8094	1673	6385	2
8095	1673	6386	2
8096	1673	6389	2
8097	1674	1675	2
8098	1674	1676	2
8099	1674	1678	2
8100	1674	1679	2
8101	1674	1681	2
8102	1674	1683	2
8103	1674	1684	2
8104	1674	3759	2
8105	1674	3760	2
8106	1674	3806	2
8107	1674	3814	2
8108	1674	3815	2
8109	1674	3816	2
8110	1674	3817	2
8111	1674	3818	2
8112	1674	3819	2
8113	1674	3824	2
8114	1674	5647	2
8115	1674	5895	2
8116	1674	5896	2
8117	1674	5897	2
8118	1674	6384	2
8119	1674	6386	2
8120	1674	6387	2
8121	1674	6388	2
8122	1674	6389	2
8123	1674	6390	2
8124	1674	6391	2
8125	1674	6626	2
8126	1675	1677	2
8127	1675	1679	2
8128	1675	1680	2
8129	1675	3759	5
8130	1675	3760	5
8131	1675	3817	5
8132	1675	3818	5
8133	1675	3819	5
8134	1675	3824	5
8135	1675	5647	5
8136	1675	6384	5
8137	1675	6388	5
8138	1675	6389	5
8139	1675	6391	5
8140	1675	6617	5
8141	1675	6626	5
8142	1676	1674	2
8143	1676	1677	2
8144	1676	1678	7
8145	1676	1679	2
8146	1676	1680	2
8147	1676	3806	5
8148	1676	3807	5
8149	1676	3813	5
8150	1676	3814	5
8151	1676	3815	5
8152	1676	5895	5
8153	1676	6385	5
8154	1676	6387	5
8155	1676	6390	5
8156	1677	1675	2
8157	1677	1678	2
8158	1677	1679	2
8159	1677	1680	2
8160	1677	1681	2
8161	1677	1683	2
8162	1677	1684	2
8163	1677	3759	2
8164	1677	3760	2
8165	1677	3806	2
8166	1677	3814	2
8167	1677	3815	2
8168	1677	3816	2
8169	1677	3817	2
8170	1677	3818	2
8171	1677	3819	2
8172	1677	3824	2
8173	1677	5647	2
8174	1677	5895	2
8175	1677	5896	2
8176	1677	5897	2
8177	1677	6384	2
8178	1677	6386	2
8179	1677	6387	2
8180	1677	6388	2
8181	1677	6389	2
8182	1677	6390	2
8183	1677	6391	2
8184	1677	6626	2
8185	1678	1674	2
8186	1678	1677	2
8187	1678	1680	2
8188	1678	1682	2
8189	1678	1684	7
8190	1678	1685	2
8191	1678	5653	5
8192	1678	5895	5
8193	1678	6386	5
8194	1678	6387	5
8195	1678	6390	5
8196	1679	1674	2
8197	1679	1675	2
8198	1679	1676	2
8199	1679	1678	2
8200	1679	1680	2
8201	1679	1681	2
8202	1679	1682	2
8203	1679	1683	2
8204	1679	1684	2
8205	1679	1685	2
8206	1679	3759	2
8207	1679	3806	2
8208	1679	3815	2
8209	1679	3816	2
8210	1679	3817	2
8211	1679	3818	2
8212	1679	3819	2
8213	1679	5647	2
8214	1679	5648	2
8215	1679	5651	2
8216	1679	5653	2
8217	1679	5656	2
8218	1679	5657	2
8219	1679	5895	2
8220	1679	5896	2
8221	1679	5897	2
8222	1679	6386	2
8223	1679	6387	2
8224	1679	6388	2
8225	1679	6389	2
8226	1679	6390	2
8227	1679	6391	2
8228	1679	6626	2
8229	1680	1674	2
8230	1680	1675	2
8231	1680	1676	2
8232	1680	1677	2
8233	1680	1678	2
8234	1680	1679	2
8235	1680	1683	2
8236	1680	1684	2
8237	1680	1685	2
8238	1680	3759	2
8239	1680	3806	2
8240	1680	3814	2
8241	1680	3815	2
8242	1680	3816	2
8243	1680	3817	2
8244	1680	3818	2
8245	1680	3819	2
8246	1680	3824	2
8247	1680	5647	2
8248	1680	5657	2
8249	1680	5895	2
8250	1680	5896	2
8251	1680	5897	2
8252	1680	6386	2
8253	1680	6387	2
8254	1680	6388	2
8255	1680	6389	2
8256	1680	6390	2
8257	1680	6391	2
8258	1680	6626	2
8259	1681	1674	2
8260	1681	1675	7
8261	1681	1677	2
8262	1681	1679	2
8263	1681	1680	2
8264	1681	1682	2
8265	1681	1683	7
8266	1681	1685	2
8267	1681	3759	5
8268	1681	3817	5
8269	1681	3818	5
8270	1681	3819	5
8271	1681	5647	5
8272	1681	5648	5
8273	1681	5651	5
8274	1681	6388	5
8275	1681	6389	5
8276	1681	6596	5
8277	1681	6626	5
8278	1682	1678	2
8279	1682	1679	2
8280	1682	1681	2
8281	1682	1683	2
8282	1682	1684	2
8283	1682	3816	2
8284	1682	3817	2
8285	1682	5647	2
8286	1682	5648	2
8287	1682	5649	2
8288	1682	5650	2
8289	1682	5652	2
8290	1682	5654	2
8291	1682	5656	2
8292	1682	5657	2
8293	1682	5659	2
8294	1682	5896	2
8295	1682	5897	2
8296	1682	5898	2
8297	1682	6387	2
8298	1682	6388	2
8299	1682	6390	2
8300	1682	6391	2
8301	1682	6392	2
8302	1682	6393	2
8303	1682	6596	2
8304	1682	6626	2
8305	1683	1674	2
8306	1683	1677	2
8307	1683	1679	2
8308	1683	1680	2
8309	1683	1681	7
8310	1683	1685	2
8311	1683	3817	5
8312	1683	3818	5
8313	1683	5647	5
8314	1683	5648	5
8315	1683	5650	5
8316	1683	6388	5
8317	1683	6391	5
8318	1683	6596	5
8319	1683	6626	5
8320	1684	1674	2
8321	1684	1677	2
8322	1684	1678	7
8323	1684	1679	2
8324	1684	1680	2
8325	1684	1682	2
8326	1684	1685	2
8327	1684	5653	5
8328	1684	6390	5
8329	1685	1678	2
8330	1685	1680	2
8331	1685	1681	2
8332	1685	1683	2
8333	1685	3816	2
8334	1685	3817	2
8335	1685	5647	2
8336	1685	5648	2
8337	1685	5649	2
8338	1685	5650	2
8339	1685	5651	2
8340	1685	5652	2
8341	1685	5654	2
8342	1685	5656	2
8343	1685	5657	2
8344	1685	5659	2
8345	1685	5896	2
8346	1685	5897	2
8347	1685	5898	2
8348	1685	6387	2
8349	1685	6388	2
8350	1685	6390	2
8351	1685	6391	2
8352	1685	6392	2
8353	1685	6393	2
8354	1685	6596	2
8355	1685	6626	2
8356	1686	1688	2
8357	1686	1689	2
8358	1686	1691	2
8359	1686	1692	2
8360	1686	1693	2
8361	1686	5649	2
8362	1686	5650	2
8363	1686	5655	2
8364	1686	5675	2
8365	1686	5676	2
8366	1686	5677	2
8367	1686	5679	2
8368	1686	5680	2
8369	1686	5898	2
8370	1686	6392	2
8371	1686	6393	2
8372	1686	6394	2
8373	1686	6395	2
8374	1686	6593	2
8375	1686	6594	2
8376	1686	6595	2
8377	1687	1686	2
8378	1687	1689	2
8379	1687	1690	2
8380	1687	1691	7
8381	1687	1693	2
8382	1687	3973	5
8383	1687	5649	5
8384	1687	5675	5
8385	1687	5676	5
8386	1687	5677	5
8387	1687	5678	5
8388	1687	6393	5
8389	1687	6396	7
8390	1687	6593	5
8391	1688	1686	2
8392	1688	1690	2
8393	1688	1692	7
8394	1688	1693	2
8395	1688	5679	5
8396	1688	5680	5
8397	1688	5682	5
8398	1688	5879	5
8399	1688	5898	5
8400	1688	6394	5
8401	1688	6594	5
8402	1688	6595	5
8403	1689	1686	2
8404	1689	1687	2
8405	1689	1688	2
8406	1689	1690	2
8407	1689	1691	2
8408	1689	1692	2
8409	1689	1693	2
8410	1689	5649	2
8411	1689	5655	2
8412	1689	5675	2
8413	1689	5676	2
8414	1689	5677	2
8415	1689	5679	2
8416	1689	5680	2
8417	1689	5879	2
8418	1689	5898	2
8419	1689	6392	2
8420	1689	6393	2
8421	1689	6394	2
8422	1689	6395	2
8423	1689	6593	2
8424	1689	6594	2
8425	1689	6595	2
8426	1690	1686	2
8427	1690	1687	2
8428	1690	1688	2
8429	1690	1689	2
8430	1690	1691	2
8431	1690	1692	2
8432	1690	1693	2
8433	1690	3973	2
8434	1690	3977	2
8435	1690	3983	2
8436	1690	5675	2
8437	1690	5676	2
8438	1690	5678	2
8439	1690	5679	2
8440	1690	5680	2
8441	1690	5681	2
8442	1690	5879	2
8443	1690	6394	2
8444	1690	6395	2
8445	1690	6396	2
8446	1690	6397	2
8447	1690	6593	2
8448	1691	1686	2
8449	1691	1687	7
8450	1691	1689	2
8451	1691	1693	2
8452	1691	3973	5
8453	1691	3977	5
8454	1691	5649	5
8455	1691	5675	5
8456	1691	5676	5
8457	1691	5678	5
8458	1691	6393	5
8459	1691	6395	5
8460	1691	6593	5
8461	1692	1686	2
8462	1692	1688	7
8463	1692	1689	2
8464	1692	1690	2
8465	1692	1693	2
8466	1692	3983	5
8467	1692	5679	5
8468	1692	5680	5
8469	1692	5681	5
8470	1692	5682	5
8471	1692	5879	5
8472	1692	6392	5
8473	1692	6594	5
8474	1693	1686	2
8475	1693	1687	2
8476	1693	1688	2
8477	1693	1690	2
8478	1693	1691	2
8479	1693	3973	2
8480	1693	3977	2
8481	1693	3983	2
8482	1693	5675	2
8483	1693	5676	2
8484	1693	5678	2
8485	1693	5679	2
8486	1693	5680	2
8487	1693	5681	2
8488	1693	5879	2
8489	1693	6394	2
8490	1693	6395	2
8491	1693	6396	2
8492	1693	6397	2
8493	1693	6593	2
8494	1694	1695	2
8495	1694	1696	2
8496	1694	1698	2
8497	1694	1702	2
8498	1694	1703	2
8499	1694	3970	5
8500	1694	3978	5
8501	1694	3979	5
8502	1695	1257	2
8503	1695	1258	2
8504	1695	1259	2
8505	1695	1260	2
8506	1695	1697	2
8507	1695	1698	2
8508	1695	1702	2
8509	1695	1703	2
8510	1695	1704	2
8511	1695	1705	2
8512	1695	1774	2
8513	1695	3966	2
8514	1695	3967	2
8515	1695	3968	2
8516	1695	3969	2
8517	1695	3970	2
8518	1695	3971	2
8519	1695	3972	2
8520	1695	3974	2
8521	1695	3978	2
8522	1695	5880	2
8523	1695	6398	2
8524	1695	6693	2
8525	1696	1257	2
8526	1696	1258	2
8527	1696	1259	2
8528	1696	1260	2
8529	1696	1694	2
8530	1696	1697	2
8531	1696	1698	2
8532	1696	1699	2
8533	1696	1702	2
8534	1696	1704	2
8535	1696	1705	2
8536	1696	1774	2
8537	1696	3966	2
8538	1696	3967	2
8539	1696	3968	2
8540	1696	3969	2
8541	1696	3970	2
8542	1696	3971	2
8543	1696	3972	2
8544	1696	3974	2
8545	1696	3978	2
8546	1696	5880	2
8547	1696	6398	2
8548	1696	6693	2
8549	1697	1695	2
8550	1697	1698	2
8551	1697	1699	2
8552	1697	1702	2
8553	1697	1703	2
8554	1697	3967	5
8555	1697	3968	5
8556	1697	3974	7
8557	1697	5880	7
8558	1698	1690	2
8559	1698	1694	2
8560	1698	1695	2
8561	1698	1699	2
8562	1698	3968	2
8563	1698	3969	2
8564	1698	3972	2
8565	1698	3973	2
8566	1698	3974	2
8567	1698	3977	2
8568	1698	3978	2
8569	1698	3983	2
8570	1698	5678	2
8571	1698	6396	2
8572	1698	6397	2
8573	1699	1694	2
8574	1699	1695	2
8575	1699	1696	2
8576	1699	1697	2
8577	1699	1698	2
8578	1699	3967	2
8579	1699	3968	2
8580	1699	3969	2
8581	1699	3970	2
8582	1699	3972	2
8583	1699	3973	2
8584	1699	3974	2
8585	1699	3977	2
8586	1699	3978	2
8587	1699	3979	2
8588	1699	3983	2
8589	1699	5678	2
8590	1699	6396	2
8591	1699	6397	2
8592	1700	1257	2
8593	1700	1258	2
8594	1700	1259	2
8595	1700	1260	2
8596	1700	1702	2
8597	1700	1704	2
8598	1700	1705	2
8599	1700	1781	2
8600	1700	1782	2
8601	1700	1783	2
8602	1700	1791	2
8603	1700	1794	2
8604	1700	3944	2
8605	1700	3955	2
8606	1700	3956	2
8607	1700	3965	2
8608	1700	3966	2
8609	1700	3967	2
8610	1700	5880	2
8611	1700	5882	2
8612	1700	5883	2
8613	1700	5884	2
8614	1700	5989	2
8615	1700	5991	2
8616	1700	5992	2
8617	1700	6398	2
8618	1700	6431	2
8619	1700	6432	2
8620	1700	6529	2
8621	1700	6693	2
8622	1701	1260	2
8623	1701	1700	2
8624	1701	1705	2
8625	1701	1780	2
8626	1701	1782	2
8627	1701	1783	2
8628	1701	1788	2
8629	1701	1789	2
8630	1701	1790	2
8631	1701	1791	2
8632	1701	1792	2
8633	1701	1793	2
8634	1701	1795	2
8635	1701	3966	5
8636	1701	5880	7
8637	1701	5883	5
8638	1701	5884	5
8639	1701	6529	7
8640	1701	6692	2
8641	1702	1257	2
8642	1702	1258	2
8643	1702	1259	2
8644	1702	1260	2
8645	1702	1694	2
8646	1702	1696	2
8647	1702	1697	2
8648	1702	1700	2
8649	1702	1703	2
8650	1702	1704	2
8651	1702	1705	2
8652	1702	1774	2
8653	1702	1776	2
8654	1702	1777	2
8655	1702	1778	2
8656	1702	1779	2
8657	1702	1780	2
8658	1702	3966	2
8659	1702	3967	2
8660	1702	3968	2
8661	1702	3969	2
8662	1702	3970	2
8663	1702	3971	2
8664	1702	5880	2
8665	1702	6398	2
8666	1702	6693	2
8667	1703	1257	2
8668	1703	1259	2
8669	1703	1260	2
8670	1703	1694	2
8671	1703	1695	2
8672	1703	1696	2
8673	1703	1697	2
8674	1703	1702	2
8675	1703	1705	2
8676	1703	1774	2
8677	1703	1776	2
8678	1703	1777	2
8679	1703	1778	2
8680	1703	1779	2
8681	1703	3966	2
8682	1703	3967	2
8683	1703	3968	2
8684	1703	3969	2
8685	1703	3970	2
8686	1703	3971	2
8687	1703	5880	2
8688	1703	6398	2
8689	1703	6693	2
8690	1704	1257	2
8691	1704	1258	2
8692	1704	1259	2
8693	1704	1260	2
8694	1704	1695	2
8695	1704	1696	2
8696	1704	1700	2
8697	1704	1702	2
8698	1704	1703	2
8699	1704	1705	2
8700	1704	1774	2
8701	1704	1775	2
8702	1704	1776	2
8703	1704	1777	2
8704	1704	1780	2
8705	1704	6693	2
8706	1705	1258	2
8707	1705	1259	2
8708	1705	1260	2
8709	1705	1695	2
8710	1705	1696	2
8711	1705	1700	2
8712	1705	1701	2
8713	1705	1702	2
8714	1705	1703	2
8715	1705	1704	2
8716	1705	1774	2
8717	1705	1775	2
8718	1705	1776	2
8719	1705	1777	2
8720	1705	1778	2
8721	1705	1779	2
8722	1705	1780	2
8723	1705	1781	2
8724	1705	3944	2
8725	1705	3951	2
8726	1705	3956	2
8727	1705	3965	2
8728	1705	3966	2
8729	1705	3967	2
8730	1705	3971	2
8731	1705	5880	2
8732	1705	5987	2
8733	1705	5991	2
8734	1705	6398	2
8735	1706	1203	2
8736	1706	1205	5
8737	1706	1209	2
8738	1706	1210	5
8739	1706	1707	5
8740	1706	1708	5
8741	1706	1709	5
8742	1706	1710	5
8743	1706	1711	2
8744	1706	2883	5
8745	1706	2884	5
8746	1706	2887	5
8747	1706	2928	5
8748	1706	5706	5
8749	1706	6399	5
8750	1707	1203	2
8751	1707	1204	5
8752	1707	1205	5
8753	1707	1209	2
8754	1707	1210	5
8755	1707	1399	2
8756	1707	1401	2
8757	1707	1709	5
8758	1707	1710	5
8759	1707	1711	2
8760	1707	1712	2
8761	1707	1728	2
8762	1707	1737	5
8763	1707	2883	5
8764	1707	2884	5
8765	1707	2887	5
8766	1707	2911	5
8767	1707	2928	5
8768	1707	3750	5
8769	1707	3751	5
8770	1707	3752	5
8771	1707	5706	5
8772	1707	5922	5
8773	1707	5923	5
8774	1707	6399	5
8775	1707	6400	5
8776	1707	6401	5
8777	1707	6402	5
8778	1707	6403	5
8779	1707	6404	5
8780	1707	6408	5
8781	1707	6414	5
8782	1707	6415	5
8783	1707	6416	5
8784	1707	6417	5
8785	1707	7365	5
8786	1707	7373	2
8787	1708	1203	2
8788	1708	1209	2
8789	1708	1210	5
8790	1708	1706	5
8791	1708	1707	5
8792	1708	1709	5
8793	1708	1710	5
8794	1708	2884	5
8795	1708	2887	5
8796	1708	2911	5
8797	1708	2928	5
8798	1708	3755	5
8799	1708	3756	5
8800	1708	5706	5
8801	1708	5707	5
8802	1708	5923	5
8803	1708	6399	5
8804	1708	6401	5
8805	1708	6403	5
8806	1708	6404	5
8807	1708	6415	5
8808	1709	1203	2
8809	1709	1205	5
8810	1709	1209	2
8811	1709	1210	5
8812	1709	1401	2
8813	1709	1706	5
8814	1709	1707	5
8815	1709	1708	5
8816	1709	1710	5
8817	1709	1728	2
8818	1709	2883	5
8819	1709	2884	5
8820	1709	2911	5
8821	1709	2928	5
8822	1709	5706	5
8823	1709	5922	5
8824	1709	5923	5
8825	1709	6399	5
8826	1709	6400	5
8827	1709	6401	5
8828	1709	6402	5
8829	1709	6403	5
8830	1709	6404	5
8831	1709	6415	5
8832	1709	6416	5
8833	1709	6417	5
8834	1710	1203	2
8835	1710	1205	5
8836	1710	1209	2
8837	1710	1210	5
8838	1710	1707	5
8839	1710	1708	5
8840	1710	1709	5
8841	1710	2883	5
8842	1710	2884	5
8843	1710	2887	5
8844	1710	2928	5
8845	1710	3755	5
8846	1710	3756	5
8847	1710	5706	5
8848	1710	5922	5
8849	1710	5923	5
8850	1710	6399	5
8851	1710	6400	5
8852	1710	6401	5
8853	1710	6402	5
8854	1710	6403	5
8855	1710	6404	5
8856	1710	6415	5
8857	1710	6416	5
8858	1710	6417	5
8859	1711	1210	2
8860	1711	1398	2
8861	1711	1399	2
8862	1711	1400	2
8863	1711	1401	2
8864	1711	1706	2
8865	1711	1707	2
8866	1711	1713	2
8867	1711	1714	2
8868	1711	1722	2
8869	1711	1723	2
8870	1711	1724	2
8871	1711	1725	2
8872	1711	1726	2
8873	1711	1727	2
8874	1711	1728	2
8875	1711	1729	2
8876	1711	1730	2
8877	1711	1735	2
8878	1711	1736	2
8879	1711	1737	2
8880	1711	2911	2
8881	1711	2918	2
8882	1711	2924	2
8883	1711	2925	2
8884	1711	3750	2
8885	1711	3751	2
8886	1711	4485	2
8887	1711	5922	2
8888	1711	5923	2
8889	1711	5938	2
8890	1711	5960	2
8891	1711	6399	2
8892	1711	6400	2
8893	1711	6401	2
8894	1711	6402	2
8895	1711	6403	2
8896	1711	6404	2
8897	1711	6408	2
8898	1711	6409	2
8899	1711	6411	2
8900	1711	6412	2
8901	1711	6413	2
8902	1711	6414	2
8903	1711	6415	2
8904	1711	6416	2
8905	1711	6417	2
8906	1711	6418	2
8907	1711	6419	2
8908	1711	6420	2
8909	1711	6421	2
8910	1711	6422	2
8911	1711	6423	2
8912	1711	6424	2
8913	1711	6624	2
8914	1711	6625	2
8915	1711	6695	2
8916	1711	6877	2
8917	1711	6893	2
8918	1711	6901	2
8919	1711	6903	2
8920	1711	6905	2
8921	1711	6907	2
8922	1711	7351	2
8923	1711	7356	2
8924	1711	7363	2
8925	1711	7364	2
8926	1711	7365	2
8927	1711	7366	2
8928	1711	7369	2
8929	1711	7373	2
8930	1711	7391	2
8931	1712	1210	2
8932	1712	1398	2
8933	1712	1399	2
8934	1712	1400	2
8935	1712	1401	2
8936	1712	1428	2
8937	1712	1707	2
8938	1712	1713	2
8939	1712	1714	2
8940	1712	1722	2
8941	1712	1723	2
8942	1712	1724	2
8943	1712	1725	2
8944	1712	1726	2
8945	1712	1727	2
8946	1712	1728	2
8947	1712	1729	2
8948	1712	1730	2
8949	1712	1731	2
8950	1712	1735	2
8951	1712	1736	2
8952	1712	1737	2
8953	1712	2911	2
8954	1712	2918	2
8955	1712	2924	2
8956	1712	2925	2
8957	1712	3751	2
8958	1712	4485	2
8959	1712	5922	2
8960	1712	5923	2
8961	1712	5938	2
8962	1712	5960	2
8963	1712	6399	2
8964	1712	6400	2
8965	1712	6401	2
8966	1712	6402	2
8967	1712	6403	2
8968	1712	6404	2
8969	1712	6409	2
8970	1712	6411	2
8971	1712	6412	2
8972	1712	6413	2
8973	1712	6414	2
8974	1712	6415	2
8975	1712	6416	2
8976	1712	6417	2
8977	1712	6418	2
8978	1712	6419	2
8979	1712	6420	2
8980	1712	6421	2
8981	1712	6422	2
8982	1712	6423	2
8983	1712	6424	2
8984	1712	6624	2
8985	1712	6625	2
8986	1712	6695	2
8987	1712	6877	2
8988	1712	6893	2
8989	1712	6901	2
8990	1712	6903	2
8991	1712	6905	2
8992	1712	6907	2
8993	1712	7351	2
8994	1712	7356	2
8995	1712	7363	2
8996	1712	7364	2
8997	1712	7365	2
8998	1712	7366	2
8999	1712	7369	2
9000	1712	7373	2
9001	1712	7391	2
9002	1713	1399	2
9003	1713	1428	2
9004	1713	1711	2
9005	1713	1712	2
9006	1713	1725	2
9007	1713	1727	2
9008	1713	1732	7
9009	1713	1734	2
9010	1713	5960	5
9011	1713	6419	5
9012	1713	6420	7
9013	1713	6425	7
9014	1713	7364	2
9015	1713	7369	2
9016	1713	7373	2
9017	1714	1398	2
9018	1714	1399	2
9019	1714	1426	2
9020	1714	1427	2
9021	1714	1428	2
9022	1714	1711	2
9023	1714	1712	2
9024	1714	1713	2
9025	1714	1722	2
9026	1714	1723	2
9027	1714	1724	2
9028	1714	1725	2
9029	1714	1726	2
9030	1714	1727	2
9031	1714	1730	2
9032	1714	1731	2
9033	1714	1732	2
9034	1714	1733	2
9035	1714	1734	2
9036	1714	1735	2
9037	1714	1736	2
9038	1714	1737	2
9039	1714	2925	2
9040	1714	4485	2
9041	1714	5924	2
9042	1714	5925	2
9043	1714	5926	2
9044	1714	5929	2
9045	1714	5930	2
9046	1714	5933	2
9047	1714	5935	2
9048	1714	5936	2
9049	1714	5937	2
9050	1714	5938	2
9051	1714	5954	2
9052	1714	5956	2
9053	1714	5957	2
9054	1714	5958	2
9055	1714	5959	2
9056	1714	5960	2
9057	1714	6411	2
9058	1714	6412	2
9059	1714	6413	2
9060	1714	6418	2
9061	1714	6419	2
9062	1714	6420	2
9063	1714	6421	2
9064	1714	6422	2
9065	1714	6425	2
9066	1714	6625	2
9067	1714	6695	2
9068	1714	6877	2
9069	1714	6882	2
9070	1714	6890	2
9071	1714	6891	2
9072	1714	6892	2
9073	1714	6893	2
9074	1714	6898	2
9075	1714	6900	2
9076	1714	6901	2
9077	1714	6902	2
9078	1714	6903	2
9079	1714	6904	2
9080	1714	6905	2
9081	1714	7351	2
9082	1714	7356	2
9083	1714	7363	2
9084	1714	7364	2
9085	1714	7365	2
9086	1714	7366	2
9087	1714	7369	2
9088	1714	7391	2
9089	1715	1625	2
9090	1715	1626	2
9091	1715	1627	2
9092	1715	1628	2
9093	1715	1629	2
9094	1715	1631	2
9095	1715	1634	2
9096	1715	1635	2
9097	1715	1636	2
9098	1715	1637	2
9099	1715	1638	2
9100	1715	1641	2
9101	1715	1642	2
9102	1715	1644	2
9103	1715	1646	2
9104	1715	1648	2
9105	1715	1650	2
9106	1715	1651	2
9107	1715	1652	2
9108	1715	1653	2
9109	1715	1654	2
9110	1715	1655	2
9111	1715	1656	2
9112	1715	1657	2
9113	1715	1658	2
9114	1715	1659	2
9115	1715	1660	2
9116	1715	1663	2
9117	1715	1664	2
9118	1715	1665	2
9119	1715	1666	2
9120	1715	1667	2
9121	1715	1668	2
9122	1715	1669	2
9123	1715	1670	2
9124	1715	1717	2
9125	1715	1718	2
9126	1715	1719	2
9127	1715	1721	2
9128	1715	2862	2
9129	1715	2864	2
9130	1715	2873	2
9131	1715	2912	2
9132	1715	2913	2
9133	1715	2914	2
9134	1715	2915	2
9135	1715	2919	2
9136	1715	2920	2
9137	1715	2921	2
9138	1715	3695	2
9139	1715	3701	2
9140	1715	3702	2
9141	1715	3703	2
9142	1715	3704	2
9143	1715	3708	2
9144	1715	3709	2
9145	1715	3710	2
9146	1715	3711	2
9147	1715	3712	2
9148	1715	3713	2
9149	1715	3716	2
9150	1715	3717	2
9151	1715	3720	2
9152	1715	3732	2
9153	1715	3743	2
9154	1715	3744	2
9155	1715	3745	2
9156	1715	3746	2
9157	1715	3747	2
9158	1715	3748	2
9159	1715	3749	2
9160	1715	4707	2
9161	1715	5702	2
9162	1715	5703	2
9163	1715	5704	2
9164	1715	5705	2
9165	1715	5912	2
9166	1715	5914	2
9167	1715	6372	2
9168	1715	6373	2
9169	1715	6374	2
9170	1715	6375	2
9171	1715	6377	2
9172	1715	6382	2
9173	1715	6407	2
9174	1715	6698	2
9175	1715	7361	2
9176	1715	7382	2
9177	1715	7390	2
9178	1716	1625	2
9179	1716	1626	2
9180	1716	1627	2
9181	1716	1629	2
9182	1716	1631	2
9183	1716	1634	2
9184	1716	1635	2
9185	1716	1636	2
9186	1716	1637	2
9187	1716	1641	2
9188	1716	1642	2
9189	1716	1644	2
9190	1716	1646	2
9191	1716	1647	2
9192	1716	1648	2
9193	1716	1649	2
9194	1716	1650	2
9195	1716	1651	2
9196	1716	1652	2
9197	1716	1653	2
9198	1716	1654	2
9199	1716	1655	2
9200	1716	1656	2
9201	1716	1657	2
9202	1716	1659	2
9203	1716	1660	2
9204	1716	1663	2
9205	1716	1664	2
9206	1716	1665	2
9207	1716	1666	2
9208	1716	1667	2
9209	1716	1669	2
9210	1716	1670	2
9211	1716	1671	2
9212	1716	1715	2
9213	1716	1717	2
9214	1716	1718	2
9215	1716	1719	2
9216	1716	1721	2
9217	1716	2862	2
9218	1716	2873	2
9219	1716	2912	2
9220	1716	2913	2
9221	1716	2914	2
9222	1716	2915	2
9223	1716	2919	2
9224	1716	2920	2
9225	1716	2921	2
9226	1716	3702	2
9227	1716	3703	2
9228	1716	3704	2
9229	1716	3709	2
9230	1716	3710	2
9231	1716	3711	2
9232	1716	3712	2
9233	1716	3713	2
9234	1716	3716	2
9235	1716	3717	2
9236	1716	3720	2
9237	1716	3732	2
9238	1716	3743	2
9239	1716	3744	2
9240	1716	3745	2
9241	1716	3746	2
9242	1716	3747	2
9243	1716	3748	2
9244	1716	3749	2
9245	1716	4707	2
9246	1716	5702	2
9247	1716	5703	2
9248	1716	5704	2
9249	1716	5705	2
9250	1716	5912	2
9251	1716	5914	2
9252	1716	6372	2
9253	1716	6373	2
9254	1716	6374	2
9255	1716	6375	2
9256	1716	6376	2
9257	1716	6377	2
9258	1716	6382	2
9259	1716	6407	2
9260	1716	6623	2
9261	1716	6696	2
9262	1716	6698	2
9263	1716	7361	2
9264	1716	7382	2
9265	1716	7390	2
9266	1716	7392	2
9267	1717	1623	2
9268	1717	1624	2
9269	1717	1625	2
9270	1717	1626	2
9271	1717	1627	2
9272	1717	1628	2
9273	1717	1629	2
9274	1717	1630	2
9275	1717	1631	2
9276	1717	1633	2
9277	1717	1634	2
9278	1717	1635	2
9279	1717	1636	2
9280	1717	1637	2
9281	1717	1638	2
9282	1717	1639	2
9283	1717	1640	2
9284	1717	1641	2
9285	1717	1642	2
9286	1717	1643	2
9287	1717	1644	2
9288	1717	1645	2
9289	1717	1646	2
9290	1717	1647	2
9291	1717	1648	2
9292	1717	1649	2
9293	1717	1650	2
9294	1717	1651	2
9295	1717	1652	2
9296	1717	1653	2
9297	1717	1654	2
9298	1717	1655	2
9299	1717	1656	2
9300	1717	1657	2
9301	1717	1658	2
9302	1717	1659	2
9303	1717	1716	2
9304	1717	1720	2
9305	1717	1912	2
9306	1717	1913	2
9307	1717	2862	2
9308	1717	2863	2
9309	1717	2864	2
9310	1717	2919	2
9311	1717	2920	2
9312	1717	3691	2
9313	1717	3692	2
9314	1717	3693	2
9315	1717	3694	2
9316	1717	3695	2
9317	1717	3699	2
9318	1717	3700	2
9319	1717	3701	2
9320	1717	3702	2
9321	1717	3704	2
9322	1717	3711	2
9323	1717	3744	2
9324	1717	3747	2
9325	1717	3748	2
9326	1717	3768	2
9327	1717	3769	2
9328	1717	3770	2
9329	1717	3771	2
9330	1717	4707	2
9331	1717	5702	2
9332	1717	5908	2
9333	1717	5909	2
9334	1717	5910	2
9335	1717	5912	2
9336	1717	6369	2
9337	1717	6370	2
9338	1717	6371	2
9339	1717	6372	2
9340	1717	6376	2
9341	1717	6615	2
9342	1717	6616	2
9343	1717	7361	2
9344	1717	7382	2
9345	1718	1252	2
9346	1718	1641	2
9347	1718	1642	2
9348	1718	1646	2
9349	1718	1649	2
9350	1718	1651	2
9351	1718	1652	2
9352	1718	1653	2
9353	1718	1657	2
9354	1718	1660	2
9355	1718	1661	2
9356	1718	1662	2
9357	1718	1663	2
9358	1718	1664	2
9359	1718	1665	2
9360	1718	1666	2
9361	1718	1668	2
9362	1718	1669	2
9363	1718	1670	2
9364	1718	1671	2
9365	1718	1672	2
9366	1718	1715	2
9367	1718	1716	2
9368	1718	1719	2
9369	1718	1720	2
9370	1718	1721	2
9371	1718	2873	2
9372	1718	2885	2
9373	1718	2886	2
9374	1718	2912	2
9375	1718	2913	2
9376	1718	2914	2
9377	1718	2915	2
9378	1718	2919	2
9379	1718	2920	2
9380	1718	2921	2
9381	1718	2922	2
9382	1718	3711	2
9383	1718	3712	2
9384	1718	3713	2
9385	1718	3716	2
9386	1718	3717	2
9387	1718	3720	2
9388	1718	3732	2
9389	1718	3743	2
9390	1718	3744	2
9391	1718	3745	2
9392	1718	3746	2
9393	1718	3747	2
9394	1718	3748	2
9395	1718	3749	2
9396	1718	4707	2
9397	1718	5703	2
9398	1718	5704	2
9399	1718	5705	2
9400	1718	5914	2
9401	1718	6372	2
9402	1718	6373	2
9403	1718	6374	2
9404	1718	6375	2
9405	1718	6376	2
9406	1718	6377	2
9407	1718	6378	2
9408	1718	6379	2
9409	1718	6380	2
9410	1718	6381	2
9411	1718	6382	2
9412	1718	6383	2
9413	1718	6405	2
9414	1718	6407	2
9415	1718	6410	2
9416	1718	6623	2
9417	1718	6696	2
9418	1718	6698	2
9419	1718	6911	2
9420	1718	7361	2
9421	1718	7382	2
9422	1718	7390	2
9423	1718	7392	2
9424	1719	1252	2
9425	1719	1641	2
9426	1719	1642	2
9427	1719	1646	2
9428	1719	1647	2
9429	1719	1649	2
9430	1719	1652	2
9431	1719	1657	2
9432	1719	1660	2
9433	1719	1661	2
9434	1719	1662	2
9435	1719	1663	2
9436	1719	1664	2
9437	1719	1665	2
9438	1719	1666	2
9439	1719	1668	2
9440	1719	1669	2
9441	1719	1670	2
9442	1719	1671	2
9443	1719	1672	2
9444	1719	1715	2
9445	1719	1716	2
9446	1719	1720	2
9447	1719	1721	2
9448	1719	2873	2
9449	1719	2885	2
9450	1719	2886	2
9451	1719	2912	2
9452	1719	2913	2
9453	1719	2914	2
9454	1719	2915	2
9455	1719	2919	2
9456	1719	2920	2
9457	1719	2921	2
9458	1719	2922	2
9459	1719	2926	2
9460	1719	3712	2
9461	1719	3713	2
9462	1719	3716	2
9463	1719	3717	2
9464	1719	3720	2
9465	1719	3732	2
9466	1719	3738	2
9467	1719	3743	2
9468	1719	3744	2
9469	1719	3745	2
9470	1719	3746	2
9471	1719	3748	2
9472	1719	3749	2
9473	1719	5703	2
9474	1719	5704	2
9475	1719	5705	2
9476	1719	5914	2
9477	1719	6372	2
9478	1719	6373	2
9479	1719	6375	2
9480	1719	6376	2
9481	1719	6377	2
9482	1719	6378	2
9483	1719	6379	2
9484	1719	6380	2
9485	1719	6381	2
9486	1719	6382	2
9487	1719	6383	2
9488	1719	6405	2
9489	1719	6406	2
9490	1719	6407	2
9491	1719	6410	2
9492	1719	6623	2
9493	1719	6696	2
9494	1719	6698	2
9495	1719	7382	2
9496	1719	7390	2
9497	1719	7392	2
9498	1720	1625	2
9499	1720	1626	2
9500	1720	1627	2
9501	1720	1629	2
9502	1720	1631	2
9503	1720	1634	2
9504	1720	1635	2
9505	1720	1636	2
9506	1720	1637	2
9507	1720	1641	2
9508	1720	1642	2
9509	1720	1644	2
9510	1720	1646	2
9511	1720	1647	2
9512	1720	1648	2
9513	1720	1649	2
9514	1720	1650	2
9515	1720	1651	2
9516	1720	1652	2
9517	1720	1653	2
9518	1720	1654	2
9519	1720	1655	2
9520	1720	1656	2
9521	1720	1657	2
9522	1720	1659	2
9523	1720	1660	2
9524	1720	1663	2
9525	1720	1664	2
9526	1720	1665	2
9527	1720	1666	2
9528	1720	1667	2
9529	1720	1668	2
9530	1720	1669	2
9531	1720	1670	2
9532	1720	1671	2
9533	1720	1715	2
9534	1720	1717	2
9535	1720	1718	2
9536	1720	1719	2
9537	1720	2862	2
9538	1720	2873	2
9539	1720	2912	2
9540	1720	2913	2
9541	1720	2914	2
9542	1720	2915	2
9543	1720	2919	2
9544	1720	2920	2
9545	1720	2921	2
9546	1720	3702	2
9547	1720	3703	2
9548	1720	3704	2
9549	1720	3709	2
9550	1720	3710	2
9551	1720	3711	2
9552	1720	3712	2
9553	1720	3713	2
9554	1720	3716	2
9555	1720	3717	2
9556	1720	3720	2
9557	1720	3732	2
9558	1720	3743	2
9559	1720	3744	2
9560	1720	3745	2
9561	1720	3746	2
9562	1720	3747	2
9563	1720	3748	2
9564	1720	3749	2
9565	1720	4707	2
9566	1720	5702	2
9567	1720	5703	2
9568	1720	5704	2
9569	1720	5705	2
9570	1720	5914	2
9571	1720	6372	2
9572	1720	6373	2
9573	1720	6374	2
9574	1720	6375	2
9575	1720	6376	2
9576	1720	6377	2
9577	1720	6382	2
9578	1720	6407	2
9579	1720	6623	2
9580	1720	6696	2
9581	1720	6698	2
9582	1720	6911	2
9583	1720	7361	2
9584	1720	7382	2
9585	1720	7390	2
9586	1720	7392	2
9587	1721	1252	2
9588	1721	1641	2
9589	1721	1642	2
9590	1721	1646	2
9591	1721	1647	2
9592	1721	1649	2
9593	1721	1652	2
9594	1721	1657	2
9595	1721	1660	2
9596	1721	1661	2
9597	1721	1662	2
9598	1721	1663	2
9599	1721	1664	2
9600	1721	1665	2
9601	1721	1666	2
9602	1721	1667	2
9603	1721	1670	2
9604	1721	1671	2
9605	1721	1672	2
9606	1721	1715	2
9607	1721	1716	2
9608	1721	1718	2
9609	1721	1719	2
9610	1721	1720	2
9611	1721	2873	2
9612	1721	2885	2
9613	1721	2886	2
9614	1721	2913	2
9615	1721	2914	2
9616	1721	2915	2
9617	1721	2919	2
9618	1721	2920	2
9619	1721	2921	2
9620	1721	2922	2
9621	1721	2926	2
9622	1721	3711	2
9623	1721	3712	2
9624	1721	3713	2
9625	1721	3716	2
9626	1721	3717	2
9627	1721	3720	2
9628	1721	3732	2
9629	1721	3738	2
9630	1721	3743	2
9631	1721	3744	2
9632	1721	3745	2
9633	1721	3746	2
9634	1721	3748	2
9635	1721	3749	2
9636	1721	5703	2
9637	1721	5704	2
9638	1721	5705	2
9639	1721	5914	2
9640	1721	6372	2
9641	1721	6373	2
9642	1721	6374	2
9643	1721	6375	2
9644	1721	6376	2
9645	1721	6377	2
9646	1721	6378	2
9647	1721	6379	2
9648	1721	6380	2
9649	1721	6381	2
9650	1721	6382	2
9651	1721	6383	2
9652	1721	6405	2
9653	1721	6406	2
9654	1721	6407	2
9655	1721	6410	2
9656	1721	6623	2
9657	1721	6696	2
9658	1721	6911	2
9659	1721	7382	2
9660	1721	7390	2
9661	1721	7392	2
9662	1722	1399	2
9663	1722	1428	2
9664	1722	1711	2
9665	1722	1712	2
9666	1722	1714	2
9667	1722	1724	7
9668	1722	1725	2
9669	1722	1726	7
9670	1722	1727	2
9671	1722	1734	2
9672	1722	2917	7
9673	1722	2918	7
9674	1722	2922	7
9675	1722	2923	7
9676	1722	2924	7
9677	1722	2925	7
9678	1722	3751	5
9679	1722	4485	7
9680	1722	5938	5
9681	1722	6378	7
9682	1722	6383	7
9683	1722	6402	7
9684	1722	6408	7
9685	1722	6409	7
9686	1722	6624	7
9687	1722	6695	5
9688	1722	6877	7
9689	1722	6891	5
9690	1722	6892	5
9691	1722	6893	5
9692	1722	6901	7
9693	1722	6905	7
9694	1722	6907	7
9695	1722	7364	2
9696	1722	7369	2
9697	1722	7391	7
9698	1723	1399	2
9699	1723	1428	2
9700	1723	1711	2
9701	1723	1712	2
9702	1723	1714	2
9703	1723	1725	2
9704	1723	1726	7
9705	1723	1727	2
9706	1723	1734	2
9707	1723	2917	7
9708	1723	2918	7
9709	1723	2922	7
9710	1723	2923	7
9711	1723	2924	7
9712	1723	2925	7
9713	1723	3751	5
9714	1723	4485	7
9715	1723	5933	5
9716	1723	5938	5
9717	1723	6383	7
9718	1723	6402	7
9719	1723	6408	7
9720	1723	6409	7
9721	1723	6413	7
9722	1723	6624	7
9723	1723	6625	7
9724	1723	6695	5
9725	1723	6891	5
9726	1723	6892	5
9727	1723	6893	5
9728	1723	6901	7
9729	1723	6905	7
9730	1723	6907	7
9731	1723	7364	2
9732	1723	7369	2
9733	1723	7391	7
9734	1724	1399	2
9735	1724	1428	2
9736	1724	1711	2
9737	1724	1712	2
9738	1724	1714	2
9739	1724	1722	7
9740	1724	1723	7
9741	1724	1726	7
9742	1724	1727	2
9743	1724	1734	2
9744	1724	2917	7
9745	1724	2918	7
9746	1724	2923	7
9747	1724	2924	7
9748	1724	2925	7
9749	1724	3751	5
9750	1724	4485	7
9751	1724	5933	5
9752	1724	5938	5
9753	1724	6409	7
9754	1724	6413	7
9755	1724	6624	7
9756	1724	6625	7
9757	1724	6695	5
9758	1724	6877	7
9759	1724	6891	5
9760	1724	6892	5
9761	1724	6893	5
9762	1724	6901	7
9763	1724	6905	7
9764	1724	6907	7
9765	1724	7364	2
9766	1724	7369	2
9767	1724	7373	2
9768	1724	7391	7
9769	1725	1398	2
9770	1725	1399	2
9771	1725	1427	2
9772	1725	1428	2
9773	1725	1711	2
9774	1725	1712	2
9775	1725	1713	2
9776	1725	1714	2
9777	1725	1722	2
9778	1725	1723	2
9779	1725	1724	2
9780	1725	1726	2
9781	1725	1729	2
9782	1725	1730	2
9783	1725	1731	2
9784	1725	1732	2
9785	1725	1734	2
9786	1725	1735	2
9787	1725	1736	2
9788	1725	1737	2
9789	1725	2911	2
9790	1725	2916	2
9791	1725	2917	2
9792	1725	2918	2
9793	1725	2923	2
9794	1725	2924	2
9795	1725	2925	2
9796	1725	3742	2
9797	1725	3751	2
9798	1725	4484	2
9799	1725	4485	2
9800	1725	5922	2
9801	1725	5923	2
9802	1725	5937	2
9803	1725	5938	2
9804	1725	5960	2
9805	1725	6399	2
9806	1725	6401	2
9807	1725	6402	2
9808	1725	6403	2
9809	1725	6404	2
9810	1725	6409	2
9811	1725	6411	2
9812	1725	6413	2
9813	1725	6414	2
9814	1725	6415	2
9815	1725	6416	2
9816	1725	6417	2
9817	1725	6418	2
9818	1725	6419	2
9819	1725	6420	2
9820	1725	6421	2
9821	1725	6422	2
9822	1725	6423	2
9823	1725	6424	2
9824	1725	6624	2
9825	1725	6625	2
9826	1725	6695	2
9827	1725	6877	2
9828	1725	6890	2
9829	1725	6891	2
9830	1725	6892	2
9831	1725	6893	2
9832	1725	6898	2
9833	1725	6900	2
9834	1725	6901	2
9835	1725	6903	2
9836	1725	6904	2
9837	1725	6905	2
9838	1725	6907	2
9839	1725	7351	2
9840	1725	7356	2
9841	1725	7363	2
9842	1725	7364	2
9843	1725	7365	2
9844	1725	7366	2
9845	1725	7373	2
9846	1725	7391	2
9847	1726	1399	2
9848	1726	1428	2
9849	1726	1711	2
9850	1726	1712	2
9851	1726	1714	2
9852	1726	1723	7
9853	1726	1724	7
9854	1726	1725	2
9855	1726	1727	2
9856	1726	1734	2
9857	1726	2917	7
9858	1726	2918	7
9859	1726	2923	7
9860	1726	2924	7
9861	1726	2925	7
9862	1726	3751	5
9863	1726	4485	7
9864	1726	5938	5
9865	1726	6408	7
9866	1726	6409	7
9867	1726	6413	7
9868	1726	6624	7
9869	1726	6625	7
9870	1726	6695	5
9871	1726	6877	7
9872	1726	6891	5
9873	1726	6892	5
9874	1726	6893	5
9875	1726	6901	7
9876	1726	6905	7
9877	1726	6907	7
9878	1726	7364	2
9879	1726	7369	2
9880	1726	7373	2
9881	1726	7391	7
9882	1727	1398	2
9883	1727	1399	2
9884	1727	1427	2
9885	1727	1428	2
9886	1727	1711	2
9887	1727	1712	2
9888	1727	1713	2
9889	1727	1714	2
9890	1727	1722	2
9891	1727	1723	2
9892	1727	1724	2
9893	1727	1729	2
9894	1727	1730	2
9895	1727	1731	2
9896	1727	1732	2
9897	1727	1734	2
9898	1727	1735	2
9899	1727	1736	2
9900	1727	1737	2
9901	1727	2911	2
9902	1727	2916	2
9903	1727	2917	2
9904	1727	2918	2
9905	1727	2923	2
9906	1727	2924	2
9907	1727	2925	2
9908	1727	3742	2
9909	1727	3751	2
9910	1727	4484	2
9911	1727	4485	2
9912	1727	5922	2
9913	1727	5923	2
9914	1727	5937	2
9915	1727	5938	2
9916	1727	5960	2
9917	1727	6399	2
9918	1727	6401	2
9919	1727	6402	2
9920	1727	6403	2
9921	1727	6404	2
9922	1727	6408	2
9923	1727	6409	2
9924	1727	6411	2
9925	1727	6413	2
9926	1727	6414	2
9927	1727	6415	2
9928	1727	6416	2
9929	1727	6417	2
9930	1727	6418	2
9931	1727	6419	2
9932	1727	6420	2
9933	1727	6421	2
9934	1727	6422	2
9935	1727	6423	2
9936	1727	6424	2
9937	1727	6624	2
9938	1727	6625	2
9939	1727	6695	2
9940	1727	6877	2
9941	1727	6890	2
9942	1727	6891	2
9943	1727	6892	2
9944	1727	6893	2
9945	1727	6898	2
9946	1727	6900	2
9947	1727	6901	2
9948	1727	6903	2
9949	1727	6904	2
9950	1727	6905	2
9951	1727	6907	2
9952	1727	7351	2
9953	1727	7356	2
9954	1727	7363	2
9955	1727	7364	2
9956	1727	7365	2
9957	1727	7366	2
9958	1727	7369	2
9959	1727	7373	2
9960	1727	7391	2
9961	1728	1210	2
9962	1728	1398	2
9963	1728	1400	2
9964	1728	1401	2
9965	1728	1707	2
9966	1728	1709	2
9967	1728	1711	2
9968	1728	1712	2
9969	1728	1729	2
9970	1728	1730	2
9971	1728	1731	2
9972	1728	1735	2
9973	1728	1736	2
9974	1728	1737	2
9975	1728	2874	2
9976	1728	2875	2
9977	1728	2878	2
9978	1728	2879	2
9979	1728	2911	2
9980	1728	2928	2
9981	1728	5921	2
9982	1728	5922	2
9983	1728	5923	2
9984	1728	6399	2
9985	1728	6401	2
9986	1728	6403	2
9987	1728	6404	2
9988	1728	6414	2
9989	1728	6415	2
9990	1728	6416	2
9991	1728	6418	2
9992	1728	6422	2
9993	1728	6423	2
9994	1728	6424	2
9995	1728	6538	2
9996	1728	7351	2
9997	1728	7356	2
9998	1728	7363	2
9999	1728	7364	2
10000	1728	7365	2
10001	1728	7366	2
10002	1728	7369	2
10003	1728	7373	2
10004	1729	1398	7
10005	1729	1399	2
10006	1729	1400	7
10007	1729	1428	2
10008	1729	1711	2
10009	1729	1712	2
10010	1729	1725	2
10011	1729	1727	2
10012	1729	1728	2
10013	1729	1735	7
10014	1729	1736	7
10015	1729	1737	7
10016	1729	2874	2
10017	1729	2875	2
10018	1729	2911	5
10019	1729	5923	5
10020	1729	6399	5
10021	1729	6401	5
10022	1729	6403	5
10023	1729	6404	5
10024	1729	6418	7
10025	1729	7356	7
10026	1729	7363	7
10027	1729	7364	2
10028	1729	7365	7
10029	1729	7366	7
10030	1729	7369	2
10031	1729	7373	2
10032	1730	1399	2
10033	1730	1428	2
10034	1730	1711	2
10035	1730	1712	2
10036	1730	1714	2
10037	1730	1725	2
10038	1730	1727	2
10039	1730	1728	2
10040	1730	1734	2
10041	1730	7364	2
10042	1730	7369	2
10043	1730	7373	2
10044	1731	1399	2
10045	1731	1428	2
10046	1731	1711	2
10047	1731	1712	2
10048	1731	1714	2
10049	1731	1725	2
10050	1731	1727	2
10051	1731	1728	2
10052	1731	1734	2
10053	1731	7364	2
10054	1731	7369	2
10055	1731	7373	2
10056	1732	1428	2
10057	1732	1713	7
10058	1732	1714	2
10059	1732	1725	2
10060	1732	1727	2
10061	1732	1733	2
10062	1732	5924	5
10063	1732	5925	5
10064	1732	5926	5
10065	1732	5956	5
10066	1732	5959	5
10067	1732	5960	5
10068	1732	6425	7
10069	1732	7364	2
10070	1732	7369	2
10071	1733	1425	2
10072	1733	1426	2
10073	1733	1427	2
10074	1733	1714	2
10075	1733	4482	2
10076	1733	4483	2
10077	1733	4487	2
10078	1733	5925	2
10079	1733	5926	2
10080	1733	5929	2
10081	1733	5930	2
10082	1733	5931	2
10083	1733	5932	2
10084	1733	5933	2
10085	1733	5934	2
10086	1733	5935	2
10087	1733	5936	2
10088	1733	5937	2
10089	1733	5938	2
10090	1733	5953	2
10091	1733	5954	2
10092	1733	5955	2
10093	1733	5956	2
10094	1733	5957	2
10095	1733	5958	2
10096	1733	5959	2
10097	1733	5960	2
10098	1733	6419	2
10099	1733	6425	2
10100	1733	6426	2
10101	1733	6427	2
10102	1733	6695	2
10103	1733	6893	2
10104	1733	6904	2
10105	1734	1398	2
10106	1734	1426	2
10107	1734	1427	2
10108	1734	1428	2
10109	1734	1713	2
10110	1734	1714	2
10111	1734	1722	2
10112	1734	1723	2
10113	1734	1724	2
10114	1734	1725	2
10115	1734	1726	2
10116	1734	1727	2
10117	1734	1730	2
10118	1734	1731	2
10119	1734	1733	2
10120	1734	1735	2
10121	1734	1736	2
10122	1734	1737	2
10123	1734	5924	2
10124	1734	5925	2
10125	1734	5926	2
10126	1734	5929	2
10127	1734	5930	2
10128	1734	5931	2
10129	1734	5933	2
10130	1734	5935	2
10131	1734	5936	2
10132	1734	5937	2
10133	1734	5938	2
10134	1734	5953	2
10135	1734	5954	2
10136	1734	5956	2
10137	1734	5957	2
10138	1734	5958	2
10139	1734	5959	2
10140	1734	5960	2
10141	1734	6412	2
10142	1734	6413	2
10143	1734	6418	2
10144	1734	6419	2
10145	1734	6420	2
10146	1734	6421	2
10147	1734	6425	2
10148	1734	6695	2
10149	1734	6877	2
10150	1734	6882	2
10151	1734	6890	2
10152	1734	6891	2
10153	1734	6892	2
10154	1734	6893	2
10155	1734	6898	2
10156	1734	6900	2
10157	1734	6901	2
10158	1734	6902	2
10159	1734	6903	2
10160	1734	6904	2
10161	1734	6905	2
10162	1734	7351	2
10163	1734	7363	2
10164	1734	7364	2
10165	1734	7369	2
10166	1735	1399	2
10167	1735	1401	2
10168	1735	1428	2
10169	1735	1711	2
10170	1735	1712	2
10171	1735	1714	2
10172	1735	1725	2
10173	1735	1727	2
10174	1735	1728	2
10175	1735	1729	7
10176	1735	1734	2
10177	1735	5959	5
10178	1735	5960	5
10179	1735	6419	5
10180	1735	7356	7
10181	1735	7363	7
10182	1735	7364	2
10183	1735	7366	7
10184	1735	7369	2
10185	1736	1399	2
10186	1736	1711	2
10187	1736	1712	2
10188	1736	1714	2
10189	1736	1725	2
10190	1736	1727	2
10191	1736	1728	2
10192	1736	1729	7
10193	1736	1734	2
10194	1736	5959	5
10195	1736	5960	5
10196	1736	6419	5
10197	1736	7351	7
10198	1736	7356	7
10199	1736	7363	7
10200	1736	7364	2
10201	1736	7366	7
10202	1736	7369	2
10203	1736	7373	2
10204	1737	1210	5
10205	1737	1399	2
10206	1737	1401	2
10207	1737	1428	2
10208	1737	1707	5
10209	1737	1711	2
10210	1737	1712	2
10211	1737	1714	2
10212	1737	1725	2
10213	1737	1727	2
10214	1737	1728	2
10215	1737	1729	7
10216	1737	1734	2
10217	1737	2911	5
10218	1737	5922	7
10219	1737	5923	5
10220	1737	6399	5
10221	1737	6401	5
10222	1737	6403	5
10223	1737	6404	5
10224	1737	7364	2
10225	1737	7369	2
10226	1737	7373	2
10227	1738	1201	2
10228	1738	1202	2
10229	1738	1208	2
10230	1738	1739	2
10231	1738	1761	2
10232	1738	1762	2
10233	1738	1763	2
10234	1738	1764	2
10235	1738	1765	2
10236	1738	1766	2
10237	1738	1767	2
10238	1738	1768	2
10239	1738	1770	2
10240	1738	1771	2
10241	1738	1772	2
10242	1738	2881	2
10243	1738	2882	2
10244	1738	4573	2
10245	1738	4574	2
10246	1738	4575	2
10247	1738	6167	2
10248	1739	1208	2
10249	1739	1761	2
10250	1739	1763	5
10251	1739	1764	5
10252	1739	1767	2
10253	1739	1768	2
10254	1739	1769	2
10255	1739	1770	5
10256	1739	1773	2
10257	1739	2881	2
10258	1739	6165	5
10259	1739	6167	5
10260	1740	1741	2
10261	1740	1743	2
10262	1740	1744	2
10263	1740	1745	2
10264	1740	1746	2
10265	1740	1747	2
10266	1740	1752	2
10267	1740	1753	2
10268	1740	1754	2
10269	1740	1757	2
10270	1740	1758	2
10271	1740	2446	2
10272	1740	2448	2
10273	1740	2449	2
10274	1740	2450	2
10275	1740	4578	2
10276	1740	5759	2
10277	1740	6716	2
10278	1740	6717	2
10279	1741	1742	2
10280	1741	1744	2
10281	1741	1746	2
10282	1741	1752	2
10283	1741	1753	2
10284	1741	1754	5
10285	1741	1755	2
10286	1741	1756	2
10287	1741	1757	5
10288	1741	1758	2
10289	1741	1759	2
10290	1741	1760	2
10291	1741	6716	2
10292	1741	6717	2
10293	1742	1741	2
10294	1742	1745	2
10295	1742	1746	2
10296	1742	1747	2
10297	1742	1752	2
10298	1742	1753	2
10299	1742	1754	2
10300	1742	1757	2
10301	1742	1758	2
10302	1742	2444	2
10303	1742	2446	2
10304	1742	2448	2
10305	1742	2449	2
10306	1742	2450	2
10307	1742	4578	2
10308	1742	6716	2
10309	1742	6717	2
10310	1743	1740	2
10311	1743	1742	2
10312	1743	1744	2
10313	1743	1746	2
10314	1743	1749	5
10315	1743	1752	2
10316	1743	1753	2
10317	1743	1758	2
10318	1743	1759	2
10319	1743	1760	2
10320	1743	2444	2
10321	1743	2446	2
10322	1743	4578	5
10323	1743	6716	2
10324	1743	6717	2
10325	1744	1206	2
10326	1744	1740	2
10327	1744	1741	2
10328	1744	1742	2
10329	1744	1743	2
10330	1744	1745	2
10331	1744	1747	2
10332	1744	1748	2
10333	1744	1749	2
10334	1744	1750	2
10335	1744	1751	2
10336	1744	1752	2
10337	1744	1753	2
10338	1744	1754	2
10339	1744	1755	2
10340	1744	1756	2
10341	1744	1757	2
10342	1744	1758	2
10343	1744	1759	2
10344	1744	1760	2
10345	1744	2444	2
10346	1744	2446	2
10347	1744	4578	2
10348	1744	5759	2
10349	1744	6717	2
10350	1745	1740	2
10351	1745	1742	2
10352	1745	1746	2
10353	1745	1749	5
10354	1745	1752	2
10355	1745	1753	2
10356	1745	1755	2
10357	1745	1756	2
10358	1745	1758	2
10359	1745	1759	2
10360	1745	1760	2
10361	1745	2444	2
10362	1745	2446	2
10363	1745	4578	5
10364	1745	6716	2
10365	1745	6717	2
10366	1746	1206	2
10367	1746	1741	2
10368	1746	1742	2
10369	1746	1743	2
10370	1746	1745	2
10371	1746	1748	2
10372	1746	1749	2
10373	1746	1750	2
10374	1746	1751	2
10375	1746	1752	2
10376	1746	1753	2
10377	1746	1754	2
10378	1746	1755	2
10379	1746	1756	2
10380	1746	1757	2
10381	1746	1758	2
10382	1746	1759	2
10383	1746	1760	2
10384	1746	2444	2
10385	1746	2446	2
10386	1746	4578	2
10387	1746	5759	2
10388	1746	6716	2
10389	1746	6717	2
10390	1747	1740	2
10391	1747	1742	2
10392	1747	1744	2
10393	1747	1746	2
10394	1747	1752	2
10395	1747	1753	2
10396	1747	1754	5
10397	1747	1755	2
10398	1747	1756	2
10399	1747	1757	5
10400	1747	1758	2
10401	1747	1759	2
10402	1747	1760	2
10403	1747	2444	2
10404	1747	2446	2
10405	1747	5759	5
10406	1747	6716	2
10407	1747	6717	2
10408	1748	1744	2
10409	1748	1746	2
10410	1748	1750	5
10411	1748	1752	2
10412	1748	1753	2
10413	1748	1756	2
10414	1748	1758	2
10415	1748	1759	2
10416	1748	1760	2
10417	1748	1761	2
10418	1748	1766	2
10419	1748	1767	2
10420	1748	6716	2
10421	1748	6717	2
10422	1749	1743	5
10423	1749	1744	2
10424	1749	1745	5
10425	1749	1746	2
10426	1749	1752	2
10427	1749	1753	2
10428	1749	1755	2
10429	1749	1756	2
10430	1749	1758	2
10431	1749	1759	2
10432	1749	1760	2
10433	1749	1761	2
10434	1749	1766	2
10435	1749	1767	2
10436	1749	6716	2
10437	1749	6717	2
10438	1750	1206	5
10439	1750	1744	2
10440	1750	1746	2
10441	1750	1748	5
10442	1750	1752	2
10443	1750	1753	2
10444	1750	1755	2
10445	1750	1756	2
10446	1750	1758	2
10447	1750	1759	2
10448	1750	1760	2
10449	1750	1761	2
10450	1750	1766	2
10451	1750	1767	2
10452	1750	4575	5
10453	1750	6716	2
10454	1750	6717	2
10455	1751	1744	2
10456	1751	1746	2
10457	1751	1752	2
10458	1751	1753	2
10459	1751	1755	2
10460	1751	1758	2
10461	1751	1759	2
10462	1751	1761	2
10463	1751	1766	2
10464	1751	1767	2
10465	1751	6716	2
10466	1751	6717	2
10467	1752	1201	2
10468	1752	1206	2
10469	1752	1740	2
10470	1752	1741	2
10471	1752	1742	2
10472	1752	1743	2
10473	1752	1744	2
10474	1752	1745	2
10475	1752	1746	2
10476	1752	1747	2
10477	1752	1748	2
10478	1752	1749	2
10479	1752	1750	2
10480	1752	1751	2
10481	1752	1753	2
10482	1752	1754	2
10483	1752	1755	2
10484	1752	1756	2
10485	1752	1757	2
10486	1752	1759	2
10487	1752	1760	2
10488	1752	1761	2
10489	1752	1766	2
10490	1752	4575	2
10491	1752	5759	2
10492	1752	6716	2
10493	1753	1201	2
10494	1753	1202	2
10495	1753	1206	2
10496	1753	1740	2
10497	1753	1741	2
10498	1753	1742	2
10499	1753	1743	2
10500	1753	1744	2
10501	1753	1745	2
10502	1753	1746	2
10503	1753	1747	2
10504	1753	1748	2
10505	1753	1749	2
10506	1753	1750	2
10507	1753	1751	2
10508	1753	1755	2
10509	1753	1756	2
10510	1753	1757	2
10511	1753	1758	2
10512	1753	1759	2
10513	1753	1760	2
10514	1753	1761	2
10515	1753	1766	2
10516	1753	1767	2
10517	1753	4575	2
10518	1753	5759	2
10519	1753	6716	2
10520	1753	6717	2
10521	1754	1740	2
10522	1754	1741	5
10523	1754	1742	2
10524	1754	1744	2
10525	1754	1746	2
10526	1754	1747	5
10527	1754	1752	2
10528	1754	1753	2
10529	1754	1755	2
10530	1754	1756	2
10531	1754	1757	5
10532	1754	1758	2
10533	1754	1759	2
10534	1754	1760	2
10535	1754	1761	2
10536	1754	1766	2
10537	1754	1767	2
10538	1754	5759	5
10539	1754	6716	2
10540	1754	6717	2
10541	1755	1201	2
10542	1755	1202	2
10543	1755	1206	2
10544	1755	1741	2
10545	1755	1744	2
10546	1755	1745	2
10547	1755	1746	2
10548	1755	1747	2
10549	1755	1749	2
10550	1755	1750	2
10551	1755	1751	2
10552	1755	1752	2
10553	1755	1753	2
10554	1755	1754	2
10555	1755	1756	2
10556	1755	1758	2
10557	1755	1759	2
10558	1755	1760	2
10559	1755	1761	2
10560	1755	1766	2
10561	1755	5759	2
10562	1755	6429	2
10563	1755	6716	2
10564	1755	6717	2
10565	1756	1201	2
10566	1756	1202	2
10567	1756	1206	2
10568	1756	1741	2
10569	1756	1744	2
10570	1756	1745	2
10571	1756	1746	2
10572	1756	1747	2
10573	1756	1748	2
10574	1756	1749	2
10575	1756	1750	2
10576	1756	1751	2
10577	1756	1752	2
10578	1756	1753	2
10579	1756	1754	2
10580	1756	1755	2
10581	1756	1757	2
10582	1756	1758	2
10583	1756	1759	2
10584	1756	1760	2
10585	1756	1761	2
10586	1756	1766	2
10587	1756	1767	2
10588	1756	5759	2
10589	1756	6429	2
10590	1756	6716	2
10591	1756	6717	2
10592	1757	1740	2
10593	1757	1741	5
10594	1757	1742	2
10595	1757	1744	2
10596	1757	1746	2
10597	1757	1747	5
10598	1757	1753	2
10599	1757	1755	2
10600	1757	1756	2
10601	1757	1758	2
10602	1757	1759	2
10603	1757	1760	2
10604	1757	1761	2
10605	1757	1766	2
10606	1757	1767	2
10607	1757	5759	5
10608	1757	6716	2
10609	1757	6717	2
10610	1758	1201	2
10611	1758	1202	2
10612	1758	1206	2
10613	1758	1740	2
10614	1758	1741	2
10615	1758	1742	2
10616	1758	1743	2
10617	1758	1744	2
10618	1758	1745	2
10619	1758	1746	2
10620	1758	1747	2
10621	1758	1748	2
10622	1758	1750	2
10623	1758	1751	2
10624	1758	1753	2
10625	1758	1754	2
10626	1758	1755	2
10627	1758	1756	2
10628	1758	1757	2
10629	1758	1760	2
10630	1758	1761	2
10631	1758	1766	2
10632	1758	4575	2
10633	1758	5759	2
10634	1758	6716	2
10635	1758	6717	2
10636	1759	1201	2
10637	1759	1202	2
10638	1759	1206	2
10639	1759	1208	2
10640	1759	1741	2
10641	1759	1743	2
10642	1759	1744	2
10643	1759	1745	2
10644	1759	1746	2
10645	1759	1747	2
10646	1759	1748	2
10647	1759	1749	2
10648	1759	1751	2
10649	1759	1752	2
10650	1759	1753	2
10651	1759	1754	2
10652	1759	1755	2
10653	1759	1756	2
10654	1759	1757	2
10655	1759	1758	2
10656	1759	1761	2
10657	1759	1765	2
10658	1759	1767	2
10659	1759	4575	2
10660	1759	6716	2
10661	1759	6717	2
10662	1760	1201	2
10663	1760	1202	2
10664	1760	1206	2
10665	1760	1741	2
10666	1760	1743	2
10667	1760	1744	2
10668	1760	1745	2
10669	1760	1746	2
10670	1760	1747	2
10671	1760	1748	2
10672	1760	1749	2
10673	1760	1750	2
10674	1760	1751	2
10675	1760	1752	2
10676	1760	1754	2
10677	1760	1755	2
10678	1760	1756	2
10679	1760	1757	2
10680	1760	1758	2
10681	1760	1761	2
10682	1760	1766	2
10683	1760	1767	2
10684	1760	4575	2
10685	1760	5759	2
10686	1760	6716	2
10687	1760	6717	2
10688	1761	1201	2
10689	1761	1202	2
10690	1761	1206	2
10691	1761	1208	2
10692	1761	1738	2
10693	1761	1739	2
10694	1761	1748	2
10695	1761	1749	2
10696	1761	1750	2
10697	1761	1751	2
10698	1761	1752	2
10699	1761	1753	2
10700	1761	1754	2
10701	1761	1755	2
10702	1761	1756	2
10703	1761	1757	2
10704	1761	1758	2
10705	1761	1759	2
10706	1761	1762	2
10707	1761	1763	2
10708	1761	1764	2
10709	1761	1765	2
10710	1761	1766	2
10711	1761	1767	2
10712	1761	2881	2
10713	1761	4573	2
10714	1761	4575	2
10715	1761	6716	2
10716	1761	6717	2
10717	1762	1208	2
10718	1762	1738	2
10719	1762	1761	2
10720	1762	1765	2
10721	1762	1766	2
10722	1762	1767	2
10723	1762	1768	2
10724	1762	1771	5
10725	1762	1772	5
10726	1762	2881	2
10727	1762	4574	5
10728	1763	1208	2
10729	1763	1287	5
10730	1763	1738	2
10731	1763	1739	5
10732	1763	1764	5
10733	1763	1765	2
10734	1763	1766	2
10735	1763	1767	2
10736	1763	1768	2
10737	1763	1770	5
10738	1763	2827	5
10739	1763	2881	2
10740	1763	2882	5
10741	1763	4565	5
10742	1763	6167	5
10743	1763	6428	5
10744	1763	6429	5
10745	1764	1208	2
10746	1764	1738	2
10747	1764	1739	5
10748	1764	1761	2
10749	1764	1763	5
10750	1764	1765	2
10751	1764	1766	2
10752	1764	1767	2
10753	1764	1768	2
10754	1764	2881	2
10755	1764	6167	5
10756	1764	6429	5
10757	1765	1201	2
10758	1765	1202	2
10759	1765	1738	2
10760	1765	1739	2
10761	1765	1759	2
10762	1765	1762	2
10763	1765	1763	2
10764	1765	1764	2
10765	1765	1766	2
10766	1765	1767	2
10767	1765	1768	2
10768	1765	1770	2
10769	1765	1771	2
10770	1765	1772	2
10771	1765	2881	2
10772	1765	2882	2
10773	1765	4573	2
10774	1765	4574	2
10775	1765	4575	2
10776	1765	6167	2
10777	1766	1201	2
10778	1766	1206	2
10779	1766	1208	2
10780	1766	1738	2
10781	1766	1748	2
10782	1766	1749	2
10783	1766	1750	2
10784	1766	1751	2
10785	1766	1752	2
10786	1766	1753	2
10787	1766	1754	2
10788	1766	1755	2
10789	1766	1756	2
10790	1766	1757	2
10791	1766	1758	2
10792	1766	1759	2
10793	1766	1760	2
10794	1766	1761	2
10795	1766	1762	2
10796	1766	1763	2
10797	1766	1764	2
10798	1766	1765	2
10799	1766	4573	2
10800	1766	4575	2
10801	1766	6716	2
10802	1766	6717	2
10803	1767	1201	2
10804	1767	1202	2
10805	1767	1206	2
10806	1767	1738	2
10807	1767	1739	2
10808	1767	1748	2
10809	1767	1749	2
10810	1767	1750	2
10811	1767	1751	2
10812	1767	1753	2
10813	1767	1754	2
10814	1767	1756	2
10815	1767	1757	2
10816	1767	1759	2
10817	1767	1760	2
10818	1767	1761	2
10819	1767	1762	2
10820	1767	1763	2
10821	1767	1764	2
10822	1767	1765	2
10823	1767	1766	2
10824	1767	1768	2
10825	1767	1770	2
10826	1767	1771	2
10827	1767	1772	2
10828	1767	2881	2
10829	1767	2882	2
10830	1767	4573	2
10831	1767	4574	2
10832	1767	4575	2
10833	1768	1202	2
10834	1768	1208	2
10835	1768	1738	2
10836	1768	1739	2
10837	1768	1762	2
10838	1768	1763	2
10839	1768	1764	2
10840	1768	1765	2
10841	1768	1767	2
10842	1768	1770	2
10843	1768	1772	2
10844	1768	1773	2
10845	1768	2881	2
10846	1768	2882	2
10847	1768	4573	2
10848	1768	4574	2
10849	1768	5535	2
10850	1768	6165	2
10851	1768	6167	2
10852	1769	1739	2
10853	1769	1768	2
10854	1769	1770	2
10855	1769	1771	2
10856	1769	1772	2
10857	1769	2881	2
10858	1769	2882	2
10859	1769	4574	2
10860	1769	5535	2
10861	1769	5536	2
10862	1769	6164	2
10863	1769	6165	2
10864	1769	6167	2
10865	1770	1208	2
10866	1770	1738	2
10867	1770	1763	5
10868	1770	1765	2
10869	1770	1767	2
10870	1770	1768	2
10871	1770	1769	2
10872	1770	1773	2
10873	1770	2881	2
10874	1770	6164	5
10875	1770	6165	5
10876	1771	1201	5
10877	1771	1208	2
10878	1771	1738	2
10879	1771	1762	5
10880	1771	1765	2
10881	1771	1767	2
10882	1771	1768	2
10883	1771	1769	2
10884	1771	1773	2
10885	1771	2881	2
10886	1772	1201	5
10887	1772	1208	2
10888	1772	1738	2
10889	1772	1762	5
10890	1772	1765	2
10891	1772	1767	2
10892	1772	1768	2
10893	1772	1773	2
10894	1772	2881	2
10895	1772	2882	5
10896	1773	1739	2
10897	1773	1768	2
10898	1773	1770	2
10899	1773	1771	2
10900	1773	1772	2
10901	1773	2882	2
10902	1773	4574	2
10903	1773	5535	2
10904	1773	5536	2
10905	1773	6164	2
10906	1773	6165	2
10907	1773	6167	2
10908	1774	1257	2
10909	1774	1258	2
10910	1774	1260	2
10911	1774	1695	2
10912	1774	1696	2
10913	1774	1702	2
10914	1774	1703	2
10915	1774	1704	2
10916	1774	1705	2
10917	1774	1775	2
10918	1774	1777	2
10919	1774	1778	2
10920	1774	1779	2
10921	1774	3945	2
10922	1774	3951	2
10923	1774	3965	2
10924	1774	3966	2
10925	1774	3971	2
10926	1774	5987	2
10927	1774	6398	2
10928	1774	6693	2
10929	1775	1257	2
10930	1775	1258	2
10931	1775	1259	2
10932	1775	1704	2
10933	1775	1705	2
10934	1775	1776	2
10935	1775	1777	2
10936	1775	1778	2
10937	1775	2640	2
10938	1775	2641	2
10939	1775	3945	2
10940	1775	3948	2
10941	1775	3971	2
10942	1775	5984	2
10943	1775	5985	2
10944	1775	5987	2
10945	1775	6398	2
10946	1775	6693	2
10947	1776	1257	2
10948	1776	1258	2
10949	1776	1259	2
10950	1776	1260	2
10951	1776	1702	2
10952	1776	1703	2
10953	1776	1704	2
10954	1776	1705	2
10955	1776	1775	2
10956	1776	1779	2
10957	1776	3945	2
10958	1776	3951	2
10959	1776	3965	2
10960	1776	3966	2
10961	1776	3971	2
10962	1776	5987	2
10963	1776	6398	2
10964	1776	6693	2
10965	1777	1257	2
10966	1777	1258	2
10967	1777	1259	2
10968	1777	1260	2
10969	1777	1702	2
10970	1777	1703	2
10971	1777	1704	2
10972	1777	1705	2
10973	1777	1774	2
10974	1777	1775	2
10975	1777	1776	2
10976	1777	1778	2
10977	1777	1779	2
10978	1777	3945	2
10979	1777	3971	2
10980	1777	5987	2
10981	1777	6398	2
10982	1777	6693	2
10983	1778	1257	2
10984	1778	1258	2
10985	1778	1259	2
10986	1778	1260	2
10987	1778	1702	2
10988	1778	1703	2
10989	1778	1705	2
10990	1778	1774	2
10991	1778	1775	2
10992	1778	1776	2
10993	1778	3945	5
10994	1778	3951	5
10995	1778	3965	5
10996	1778	6693	2
10997	1779	1257	2
10998	1779	1258	2
10999	1779	1259	2
11000	1779	1260	2
11001	1779	1702	2
11002	1779	1703	2
11003	1779	1705	2
11004	1779	1775	2
11005	1779	1776	2
11006	1779	1777	2
11007	1779	3970	5
11008	1779	6398	5
11009	1779	6693	2
11010	1780	1257	2
11011	1780	1258	2
11012	1780	1259	2
11013	1780	1260	2
11014	1780	1701	2
11015	1780	1702	2
11016	1780	1704	2
11017	1780	1781	2
11018	1780	1782	2
11019	1780	1783	2
11020	1780	1790	2
11021	1780	1791	2
11022	1780	1794	2
11023	1780	3944	2
11024	1780	3955	2
11025	1780	3956	2
11026	1780	3965	2
11027	1780	3966	2
11028	1780	3967	2
11029	1780	5880	2
11030	1780	5882	2
11031	1780	5883	2
11032	1780	5884	2
11033	1780	5989	2
11034	1780	5991	2
11035	1780	5992	2
11036	1780	6398	2
11037	1780	6431	2
11038	1780	6432	2
11039	1780	6529	2
11040	1780	6693	2
11041	1781	1260	2
11042	1781	1700	2
11043	1781	1705	2
11044	1781	1782	2
11045	1781	1783	2
11046	1781	1788	2
11047	1781	1789	2
11048	1781	1790	2
11049	1781	1791	2
11050	1781	1792	2
11051	1781	1793	2
11052	1781	1795	2
11053	1781	3955	5
11054	1781	3956	5
11055	1781	5991	5
11056	1781	6692	2
11057	1782	1700	2
11058	1782	1701	2
11059	1782	1780	2
11060	1782	1784	2
11061	1782	1786	2
11062	1782	1788	2
11063	1782	1789	2
11064	1782	1790	2
11065	1782	1791	2
11066	1782	1792	2
11067	1782	1793	2
11068	1782	1794	2
11069	1782	1795	2
11070	1782	3955	2
11071	1782	5882	2
11072	1782	5883	2
11073	1782	5884	2
11074	1782	5989	2
11075	1782	5991	2
11076	1782	5992	2
11077	1782	6431	2
11078	1782	6432	2
11079	1782	6529	2
11080	1782	6692	2
11081	1783	1260	2
11082	1783	1700	2
11083	1783	1701	2
11084	1783	1781	2
11085	1783	1782	2
11086	1783	1784	2
11087	1783	1786	2
11088	1783	1788	2
11089	1783	1789	2
11090	1783	1790	2
11091	1783	1791	2
11092	1783	1792	2
11093	1783	1793	2
11094	1783	1794	2
11095	1783	1795	2
11096	1783	3955	2
11097	1783	3956	2
11098	1783	3965	2
11099	1783	5882	2
11100	1783	5883	2
11101	1783	5884	2
11102	1783	5989	2
11103	1783	5991	2
11104	1783	5992	2
11105	1783	6431	2
11106	1783	6432	2
11107	1783	6529	2
11108	1783	6692	2
11109	1784	1782	2
11110	1784	1783	2
11111	1784	1787	2
11112	1784	1788	2
11113	1784	1789	2
11114	1784	1790	2
11115	1784	1791	2
11116	1784	1792	2
11117	1784	1793	2
11118	1784	1795	2
11119	1784	3955	5
11120	1784	5989	5
11121	1784	5991	5
11122	1784	5992	5
11123	1784	6432	5
11124	1784	6692	2
11125	1785	1784	2
11126	1785	1786	2
11127	1785	1788	2
11128	1785	1789	2
11129	1785	1792	2
11130	1785	3952	2
11131	1785	3954	2
11132	1785	3955	2
11133	1785	5989	2
11134	1785	5991	2
11135	1785	5992	2
11136	1785	5993	2
11137	1785	6692	2
11138	1786	1782	2
11139	1786	1783	2
11140	1786	1785	2
11141	1786	1787	2
11142	1786	1788	2
11143	1786	1790	2
11144	1786	1791	2
11145	1786	1792	2
11146	1786	1793	2
11147	1786	1795	2
11148	1786	3954	5
11149	1786	3955	5
11150	1786	5989	5
11151	1786	5991	5
11152	1786	6692	2
11153	1787	1784	2
11154	1787	1788	2
11155	1787	1792	2
11156	1787	3954	2
11157	1787	3955	2
11158	1787	5989	2
11159	1787	5991	2
11160	1787	5992	2
11161	1787	5993	2
11162	1787	6432	2
11163	1787	6692	2
11164	1788	1701	2
11165	1788	1781	2
11166	1788	1782	2
11167	1788	1784	2
11168	1788	1785	2
11169	1788	1786	2
11170	1788	1787	2
11171	1788	1790	2
11172	1788	1791	2
11173	1788	1793	2
11174	1788	1794	2
11175	1788	1795	2
11176	1788	2647	2
11177	1788	2649	2
11178	1788	3955	2
11179	1788	5989	2
11180	1788	5991	2
11181	1788	5992	2
11182	1788	5993	2
11183	1788	6431	2
11184	1788	6432	2
11185	1788	6692	2
11186	1789	1701	2
11187	1789	1781	2
11188	1789	1782	2
11189	1789	1783	2
11190	1789	1784	2
11191	1789	1785	2
11192	1789	1786	2
11193	1789	1787	2
11194	1789	1790	2
11195	1789	1791	2
11196	1789	1793	2
11197	1789	1795	2
11198	1789	2647	2
11199	1789	2649	2
11200	1789	3955	2
11201	1789	5989	2
11202	1789	5991	2
11203	1789	5992	2
11204	1789	5993	2
11205	1789	6431	2
11206	1789	6432	2
11207	1790	1700	2
11208	1790	1701	2
11209	1790	1780	2
11210	1790	1781	2
11211	1790	1782	2
11212	1790	1783	2
11213	1790	1784	2
11214	1790	1786	2
11215	1790	1788	2
11216	1790	1789	2
11217	1790	1793	2
11218	1790	1794	2
11219	1790	1795	2
11220	1790	3955	2
11221	1790	5882	2
11222	1790	5883	2
11223	1790	5884	2
11224	1790	5885	2
11225	1790	5989	2
11226	1790	5991	2
11227	1790	5992	2
11228	1790	6431	2
11229	1790	6432	2
11230	1790	6529	2
11231	1790	6692	2
11232	1791	1700	2
11233	1791	1701	2
11234	1791	1780	2
11235	1791	1781	2
11236	1791	1782	2
11237	1791	1783	2
11238	1791	1784	2
11239	1791	1786	2
11240	1791	1788	2
11241	1791	1789	2
11242	1791	1790	2
11243	1791	1792	2
11244	1791	1794	2
11245	1791	1795	2
11246	1791	2647	2
11247	1791	2649	2
11248	1791	5882	2
11249	1791	5883	2
11250	1791	5884	2
11251	1791	5885	2
11252	1791	5989	2
11253	1791	5991	2
11254	1791	5992	2
11255	1791	6431	2
11256	1791	6432	2
11257	1791	6529	2
11258	1791	6692	2
11259	1792	1701	2
11260	1792	1781	2
11261	1792	1782	2
11262	1792	1783	2
11263	1792	1784	2
11264	1792	1785	2
11265	1792	1786	2
11266	1792	1787	2
11267	1792	1790	2
11268	1792	1791	2
11269	1792	1793	2
11270	1792	1794	2
11271	1792	1795	2
11272	1792	2647	2
11273	1792	2649	2
11274	1792	3955	2
11275	1792	5989	2
11276	1792	5991	2
11277	1792	5992	2
11278	1792	5993	2
11279	1792	6431	2
11280	1792	6432	2
11281	1793	1701	2
11282	1793	1781	2
11283	1793	1782	2
11284	1793	1783	2
11285	1793	1784	2
11286	1793	1786	2
11287	1793	1788	2
11288	1793	1789	2
11289	1793	1790	2
11290	1793	1791	2
11291	1793	1792	2
11292	1793	1794	2
11293	1793	2647	2
11294	1793	2651	2
11295	1793	2652	2
11296	1793	5882	2
11297	1793	5885	2
11298	1793	5886	2
11299	1793	5989	2
11300	1793	5993	2
11301	1793	5994	2
11302	1793	6431	2
11303	1793	6432	2
11304	1793	6692	2
11305	1794	1700	2
11306	1794	1780	2
11307	1794	1782	2
11308	1794	1783	2
11309	1794	1788	2
11310	1794	1789	2
11311	1794	1790	2
11312	1794	1792	2
11313	1794	1793	2
11314	1794	1795	2
11315	1794	2647	2
11316	1794	2649	2
11317	1794	5884	5
11318	1794	5885	5
11319	1794	6529	5
11320	1794	6692	2
11321	1795	1701	2
11322	1795	1781	2
11323	1795	1783	2
11324	1795	1784	2
11325	1795	1786	2
11326	1795	1788	2
11327	1795	1789	2
11328	1795	1790	2
11329	1795	1791	2
11330	1795	1792	2
11331	1795	1794	2
11332	1795	2647	2
11333	1795	2649	2
11334	1795	2651	2
11335	1795	2652	2
11336	1795	5882	2
11337	1795	5885	2
11338	1795	5886	2
11339	1795	5989	2
11340	1795	5993	2
11341	1795	5994	2
11342	1795	6431	2
11343	1795	6692	2
11344	1796	1808	2
11345	1796	1809	2
11346	1796	1810	2
11347	1796	1811	2
11348	1796	1812	2
11349	1796	2182	2
11350	1796	2185	2
11351	1796	2186	2
11352	1796	2187	2
11353	1796	2188	2
11354	1796	2189	2
11355	1796	2190	2
11356	1796	2191	2
11357	1796	3896	2
11358	1796	3931	2
11359	1796	3935	2
11360	1796	3936	2
11361	1796	5630	2
11362	1796	5990	2
11363	1796	6006	2
11364	1796	6007	2
11365	1796	6008	2
11366	1797	1796	2
11367	1797	1800	2
11368	1797	1801	2
11369	1797	1802	2
11370	1797	1804	2
11371	1797	1805	2
11372	1797	1806	2
11373	1797	1808	2
11374	1797	1809	2
11375	1797	1810	2
11376	1797	1811	2
11377	1797	1814	2
11378	1797	1815	2
11379	1797	1816	2
11380	1797	1817	2
11381	1797	1837	2
11382	1797	2182	2
11383	1797	2183	2
11384	1797	2186	2
11385	1797	2188	2
11386	1797	3935	7
11387	1797	3936	7
11388	1798	1799	2
11389	1798	1800	2
11390	1798	1801	2
11391	1798	1802	2
11392	1798	1803	2
11393	1798	1804	2
11394	1798	1805	2
11395	1798	1806	2
11396	1798	1807	2
11397	1798	1808	2
11398	1798	1809	2
11399	1798	1810	2
11400	1798	1811	2
11401	1798	1812	2
11402	1798	1813	2
11403	1798	1814	2
11404	1798	1815	2
11405	1798	1816	2
11406	1798	1817	2
11407	1798	2142	2
11408	1798	2143	2
11409	1798	2146	2
11410	1798	2182	2
11411	1798	2184	2
11412	1798	3924	2
11413	1798	3926	2
11414	1798	3931	2
11415	1798	3932	2
11416	1798	5990	2
11417	1798	5995	2
11418	1798	5997	2
11419	1799	1798	2
11420	1799	1800	2
11421	1799	1802	2
11422	1799	1803	2
11423	1799	1804	2
11424	1799	1805	2
11425	1799	1806	2
11426	1799	1807	2
11427	1799	1808	2
11428	1799	1809	2
11429	1799	1810	2
11430	1799	1811	2
11431	1799	1812	2
11432	1799	1814	2
11433	1799	1816	2
11434	1799	1817	2
11435	1799	2142	2
11436	1799	2143	2
11437	1799	2182	2
11438	1799	2184	2
11439	1799	3924	2
11440	1799	3926	2
11441	1799	3931	2
11442	1799	3932	2
11443	1799	5990	2
11444	1799	5995	2
11445	1799	5997	2
11446	1800	1797	2
11447	1800	1799	2
11448	1800	1802	2
11449	1800	1803	2
11450	1800	1804	2
11451	1800	1805	2
11452	1800	1806	2
11453	1800	1807	2
11454	1800	1808	2
11455	1800	1809	2
11456	1800	1810	2
11457	1800	1811	2
11458	1800	1812	2
11459	1800	1813	2
11460	1800	1814	2
11461	1800	1815	2
11462	1800	1816	2
11463	1800	1817	2
11464	1800	1835	2
11465	1800	1837	2
11466	1800	2142	2
11467	1800	2143	2
11468	1800	2146	2
11469	1800	2147	2
11470	1800	2182	2
11471	1800	2184	2
11472	1800	2185	2
11473	1800	3924	2
11474	1800	3931	2
11475	1800	5990	2
11476	1800	5995	2
11477	1800	5997	2
11478	1801	1797	2
11479	1801	1798	2
11480	1801	1799	2
11481	1801	1802	2
11482	1801	1805	2
11483	1801	1806	2
11484	1801	1807	2
11485	1801	1808	2
11486	1801	1809	2
11487	1801	1810	2
11488	1801	1811	2
11489	1801	1812	2
11490	1801	1813	2
11491	1801	1814	2
11492	1801	1815	2
11493	1801	1816	2
11494	1801	1817	2
11495	1801	1835	2
11496	1801	1837	2
11497	1801	1840	2
11498	1801	2142	2
11499	1801	2143	2
11500	1801	2146	2
11501	1801	2147	2
11502	1801	2182	2
11503	1801	2184	2
11504	1801	2185	2
11505	1801	3919	2
11506	1801	3924	2
11507	1801	3931	2
11508	1801	5990	2
11509	1801	5995	2
11510	1801	5997	2
11511	1802	1797	2
11512	1802	1798	2
11513	1802	1799	2
11514	1802	1800	2
11515	1802	1801	2
11516	1802	1805	2
11517	1802	1807	2
11518	1802	1808	2
11519	1802	1809	2
11520	1802	1810	2
11521	1802	1811	2
11522	1802	1812	2
11523	1802	1813	2
11524	1802	1814	2
11525	1802	1815	2
11526	1802	1816	2
11527	1802	1817	2
11528	1802	1835	2
11529	1802	1836	2
11530	1802	1837	2
11531	1802	1838	2
11532	1802	1839	2
11533	1802	1840	2
11534	1802	2142	2
11535	1802	2143	2
11536	1802	2145	2
11537	1802	2146	2
11538	1802	2147	2
11539	1802	2182	2
11540	1802	2184	2
11541	1802	2185	2
11542	1802	3919	2
11543	1802	3924	2
11544	1802	5990	2
11545	1802	5995	2
11546	1802	5997	2
11547	1802	6007	2
11548	1802	6008	2
11549	1802	6018	2
11550	1803	1798	2
11551	1803	1799	2
11552	1803	1800	2
11553	1803	1801	2
11554	1803	1802	2
11555	1803	1804	2
11556	1803	1805	2
11557	1803	1806	2
11558	1803	1808	2
11559	1803	1809	2
11560	1803	1810	2
11561	1803	1811	2
11562	1803	1812	2
11563	1803	1813	2
11564	1803	1814	2
11565	1803	1815	2
11566	1803	1816	2
11567	1803	1817	2
11568	1803	1835	2
11569	1803	1836	2
11570	1803	1837	2
11571	1803	1839	2
11572	1803	1840	2
11573	1803	2143	2
11574	1803	2144	2
11575	1803	2145	2
11576	1803	2146	2
11577	1803	2147	2
11578	1803	2182	2
11579	1803	2184	2
11580	1803	3919	2
11581	1803	3924	2
11582	1803	5628	2
11583	1803	5990	2
11584	1803	5995	2
11585	1803	5997	2
11586	1803	6018	2
11587	1804	1797	2
11588	1804	1798	2
11589	1804	1799	2
11590	1804	1800	2
11591	1804	1801	2
11592	1804	1802	2
11593	1804	1803	2
11594	1804	1806	2
11595	1804	1807	2
11596	1804	1808	2
11597	1804	1809	2
11598	1804	1810	2
11599	1804	1811	2
11600	1804	1812	2
11601	1804	1813	2
11602	1804	1814	2
11603	1804	1815	2
11604	1804	1816	2
11605	1804	1835	2
11606	1804	1837	2
11607	1804	1839	2
11608	1804	1840	2
11609	1804	2142	2
11610	1804	2143	2
11611	1804	2146	2
11612	1804	2147	2
11613	1804	2182	2
11614	1804	2184	2
11615	1804	2185	2
11616	1804	3919	2
11617	1804	3924	2
11618	1804	3931	2
11619	1804	5990	2
11620	1804	5995	2
11621	1804	5997	2
11622	1804	6007	2
11623	1804	6008	2
11624	1804	6018	2
11625	1805	1797	2
11626	1805	1798	2
11627	1805	1799	2
11628	1805	1801	2
11629	1805	1802	2
11630	1805	1803	2
11631	1805	1806	2
11632	1805	1807	2
11633	1805	1808	2
11634	1805	1809	2
11635	1805	1810	2
11636	1805	1812	2
11637	1805	1813	2
11638	1805	1814	2
11639	1805	1815	2
11640	1805	1816	2
11641	1805	1817	2
11642	1805	1835	2
11643	1805	1837	2
11644	1805	1839	2
11645	1805	1840	2
11646	1805	2142	2
11647	1805	2143	2
11648	1805	2146	2
11649	1805	2147	2
11650	1805	2182	2
11651	1805	2183	2
11652	1805	2184	2
11653	1805	2185	2
11654	1805	3919	2
11655	1805	3924	2
11656	1805	3931	2
11657	1805	5990	2
11658	1805	5995	2
11659	1805	5997	2
11660	1805	6007	2
11661	1805	6008	2
11662	1805	6018	2
11663	1806	1797	2
11664	1806	1798	2
11665	1806	1799	2
11666	1806	1800	2
11667	1806	1801	2
11668	1806	1803	2
11669	1806	1804	2
11670	1806	1805	2
11671	1806	1807	2
11672	1806	1808	2
11673	1806	1810	2
11674	1806	1811	2
11675	1806	1812	2
11676	1806	1813	2
11677	1806	1814	2
11678	1806	1815	2
11679	1806	1816	2
11680	1806	1817	2
11681	1806	1835	2
11682	1806	1836	2
11683	1806	1837	2
11684	1806	1838	2
11685	1806	1839	2
11686	1806	1840	2
11687	1806	2142	2
11688	1806	2143	2
11689	1806	2145	2
11690	1806	2146	2
11691	1806	2147	2
11692	1806	2182	2
11693	1806	2184	2
11694	1806	2185	2
11695	1806	3919	2
11696	1806	3924	2
11697	1806	3931	2
11698	1806	5990	2
11699	1806	5995	2
11700	1806	5997	2
11701	1806	6007	2
11702	1806	6008	2
11703	1806	6018	2
11704	1807	1798	2
11705	1807	1799	2
11706	1807	1800	2
11707	1807	1801	2
11708	1807	1802	2
11709	1807	1804	2
11710	1807	1805	2
11711	1807	1808	2
11712	1807	1809	2
11713	1807	1810	2
11714	1807	1811	2
11715	1807	1812	2
11716	1807	1813	2
11717	1807	1815	2
11718	1807	1816	2
11719	1807	1817	2
11720	1807	1835	2
11721	1807	1836	2
11722	1807	1837	2
11723	1807	1839	2
11724	1807	1840	2
11725	1807	2142	2
11726	1807	2143	2
11727	1807	2144	2
11728	1807	2145	2
11729	1807	2146	2
11730	1807	2147	2
11731	1807	2182	2
11732	1807	2184	2
11733	1807	3919	2
11734	1807	3924	2
11735	1807	5628	2
11736	1807	5990	2
11737	1807	5995	2
11738	1807	5997	2
11739	1807	6018	2
11740	1808	1796	2
11741	1808	1797	2
11742	1808	1798	2
11743	1808	1799	2
11744	1808	1800	2
11745	1808	1801	2
11746	1808	1802	2
11747	1808	1803	2
11748	1808	1804	2
11749	1808	1805	2
11750	1808	1806	2
11751	1808	1807	2
11752	1808	1809	2
11753	1808	1810	2
11754	1808	1811	2
11755	1808	1812	2
11756	1808	1813	2
11757	1808	1814	2
11758	1808	1815	2
11759	1808	1816	2
11760	1808	1817	2
11761	1808	1835	2
11762	1808	1837	2
11763	1808	1839	2
11764	1808	1840	2
11765	1808	2143	2
11766	1808	2183	2
11767	1808	2184	2
11768	1808	2185	2
11769	1808	3896	2
11770	1808	3931	2
11771	1808	3936	2
11772	1808	5990	2
11773	1808	5995	2
11774	1808	6007	2
11775	1808	6008	2
11776	1809	1796	2
11777	1809	1797	2
11778	1809	1798	2
11779	1809	1799	2
11780	1809	1800	2
11781	1809	1801	2
11782	1809	1802	2
11783	1809	1803	2
11784	1809	1804	2
11785	1809	1805	2
11786	1809	1806	2
11787	1809	1807	2
11788	1809	1810	2
11789	1809	1812	2
11790	1809	1813	2
11791	1809	1814	2
11792	1809	1815	2
11793	1809	1817	2
11794	1809	1835	2
11795	1809	1836	2
11796	1809	1837	2
11797	1809	1838	2
11798	1809	1839	2
11799	1809	1840	2
11800	1809	2142	2
11801	1809	2143	2
11802	1809	2146	2
11803	1809	2147	2
11804	1809	2182	2
11805	1809	2183	2
11806	1809	2184	2
11807	1809	2185	2
11808	1809	3919	2
11809	1809	3924	2
11810	1809	3931	2
11811	1809	5990	2
11812	1809	5995	2
11813	1809	5997	2
11814	1809	6007	2
11815	1809	6008	2
11816	1809	6018	2
11817	1810	1796	2
11818	1810	1797	2
11819	1810	1798	2
11820	1810	1799	2
11821	1810	1801	2
11822	1810	1802	2
11823	1810	1803	2
11824	1810	1804	2
11825	1810	1805	2
11826	1810	1806	2
11827	1810	1807	2
11828	1810	1808	2
11829	1810	1809	2
11830	1810	1812	2
11831	1810	1813	2
11832	1810	1814	2
11833	1810	1815	2
11834	1810	1816	2
11835	1810	1817	2
11836	1810	1835	2
11837	1810	1836	2
11838	1810	1837	2
11839	1810	1839	2
11840	1810	1840	2
11841	1810	2142	2
11842	1810	2143	2
11843	1810	2182	2
11844	1810	2183	2
11845	1810	2184	2
11846	1810	2185	2
11847	1810	3896	2
11848	1810	3931	2
11849	1810	5990	2
11850	1810	5995	2
11851	1810	6007	2
11852	1810	6008	2
11853	1810	6018	2
11854	1811	1796	2
11855	1811	1797	2
11856	1811	1798	2
11857	1811	1799	2
11858	1811	1800	2
11859	1811	1801	2
11860	1811	1803	2
11861	1811	1804	2
11862	1811	1805	2
11863	1811	1806	2
11864	1811	1807	2
11865	1811	1808	2
11866	1811	1810	2
11867	1811	1812	2
11868	1811	1813	2
11869	1811	1814	2
11870	1811	1815	2
11871	1811	1816	2
11872	1811	1817	2
11873	1811	1835	2
11874	1811	1836	2
11875	1811	1837	2
11876	1811	1838	2
11877	1811	1839	2
11878	1811	1840	2
11879	1811	2142	2
11880	1811	2143	2
11881	1811	2146	2
11882	1811	2147	2
11883	1811	2182	2
11884	1811	2183	2
11885	1811	2184	2
11886	1811	2185	2
11887	1811	3919	2
11888	1811	3931	2
11889	1811	5990	2
11890	1811	5995	2
11891	1811	5997	2
11892	1811	6007	2
11893	1811	6008	2
11894	1811	6018	2
11895	1812	1796	2
11896	1812	1799	2
11897	1812	1800	2
11898	1812	1801	2
11899	1812	1802	2
11900	1812	1803	2
11901	1812	1804	2
11902	1812	1805	2
11903	1812	1806	2
11904	1812	1807	2
11905	1812	1808	2
11906	1812	1809	2
11907	1812	1810	2
11908	1812	1811	2
11909	1812	1814	2
11910	1812	1815	2
11911	1812	1816	2
11912	1812	1817	2
11913	1812	1837	2
11914	1812	2142	2
11915	1812	2143	2
11916	1812	2182	2
11917	1812	2183	2
11918	1812	2184	2
11919	1812	3924	5
11920	1813	1798	2
11921	1813	1799	2
11922	1813	1800	2
11923	1813	1801	2
11924	1813	1802	2
11925	1813	1803	2
11926	1813	1804	2
11927	1813	1805	2
11928	1813	1806	2
11929	1813	1807	2
11930	1813	1808	2
11931	1813	1809	2
11932	1813	1810	2
11933	1813	1811	2
11934	1813	1814	2
11935	1813	1815	2
11936	1813	1816	2
11937	1813	1817	2
11938	1813	1837	2
11939	1813	2142	2
11940	1813	2143	2
11941	1813	2145	2
11942	1813	2146	5
11943	1813	2182	2
11944	1813	2184	2
11945	1813	3924	5
11946	1813	3926	5
11947	1813	5997	5
11948	1814	1797	2
11949	1814	1798	2
11950	1814	1799	2
11951	1814	1800	2
11952	1814	1801	2
11953	1814	1802	2
11954	1814	1803	2
11955	1814	1804	2
11956	1814	1805	2
11957	1814	1806	2
11958	1814	1807	2
11959	1814	1808	2
11960	1814	1809	2
11961	1814	1810	2
11962	1814	1811	2
11963	1814	1812	2
11964	1814	1813	2
11965	1814	1816	2
11966	1814	1817	2
11967	1814	1836	2
11968	1814	1837	2
11969	1814	1838	2
11970	1814	1839	2
11971	1814	1840	2
11972	1814	2142	2
11973	1814	2143	2
11974	1814	2146	2
11975	1814	2147	2
11976	1814	2182	2
11977	1814	2184	2
11978	1814	2185	2
11979	1814	3896	2
11980	1814	3919	2
11981	1814	5628	2
11982	1814	5990	2
11983	1814	5995	2
11984	1814	5997	2
11985	1814	6007	2
11986	1814	6008	2
11987	1814	6018	2
11988	1815	1797	2
11989	1815	1798	2
11990	1815	1800	2
11991	1815	1801	2
11992	1815	1802	2
11993	1815	1803	2
11994	1815	1804	2
11995	1815	1805	2
11996	1815	1806	2
11997	1815	1807	2
11998	1815	1809	2
11999	1815	1810	2
12000	1815	1811	2
12001	1815	1812	2
12002	1815	1813	2
12003	1815	1817	2
12004	1815	1835	2
12005	1815	1836	2
12006	1815	1837	2
12007	1815	1838	2
12008	1815	1839	2
12009	1815	1840	2
12010	1815	2142	2
12011	1815	2143	2
12012	1815	2146	2
12013	1815	2147	2
12014	1815	2182	2
12015	1815	2184	2
12016	1815	2185	2
12017	1815	3896	2
12018	1815	3919	2
12019	1815	5628	2
12020	1815	5990	2
12021	1815	5995	2
12022	1815	5997	2
12023	1815	6007	2
12024	1815	6008	2
12025	1815	6018	2
12026	1816	1797	2
12027	1816	1798	2
12028	1816	1799	2
12029	1816	1800	2
12030	1816	1801	2
12031	1816	1802	2
12032	1816	1803	2
12033	1816	1804	2
12034	1816	1806	2
12035	1816	1807	2
12036	1816	1808	2
12037	1816	1809	2
12038	1816	1810	2
12039	1816	1811	2
12040	1816	1812	2
12041	1816	1813	2
12042	1816	1814	2
12043	1816	1815	2
12044	1816	1835	2
12045	1816	1836	2
12046	1816	1837	2
12047	1816	1838	2
12048	1816	1839	2
12049	1816	1840	2
12050	1816	2142	2
12051	1816	2143	2
12052	1816	2146	2
12053	1816	2147	2
12054	1816	2182	2
12055	1816	2183	2
12056	1816	2184	2
12057	1816	2185	2
12058	1816	3919	2
12059	1816	3924	2
12060	1816	3931	2
12061	1816	5990	2
12062	1816	5995	2
12063	1816	5997	2
12064	1816	6007	2
12065	1816	6008	2
12066	1816	6018	2
12067	1817	1797	2
12068	1817	1798	2
12069	1817	1799	2
12070	1817	1800	2
12071	1817	1801	2
12072	1817	1802	2
12073	1817	1803	2
12074	1817	1804	2
12075	1817	1805	2
12076	1817	1807	2
12077	1817	1808	2
12078	1817	1809	2
12079	1817	1810	2
12080	1817	1811	2
12081	1817	1812	2
12082	1817	1813	2
12083	1817	1815	2
12084	1817	1835	2
12085	1817	1836	2
12086	1817	1837	2
12087	1817	1838	2
12088	1817	1839	2
12089	1817	1840	2
12090	1817	2142	2
12091	1817	2143	2
12092	1817	2146	2
12093	1817	2147	2
12094	1817	2182	2
12095	1817	2184	2
12096	1817	2185	2
12097	1817	3919	2
12098	1817	3924	2
12099	1817	3931	2
12100	1817	5990	2
12101	1817	5995	2
12102	1817	5997	2
12103	1817	6007	2
12104	1817	6008	2
12105	1817	6018	2
12106	1818	1819	2
12107	1818	1820	2
12108	1818	1821	2
12109	1818	1822	2
12110	1818	1823	2
12111	1818	1825	2
12112	1818	1849	2
12113	1818	1850	2
12114	1818	1853	2
12115	1818	1854	2
12116	1818	3878	2
12117	1818	3879	2
12118	1818	3904	2
12119	1818	6004	2
12120	1818	6012	2
12121	1818	6013	2
12122	1819	1821	2
12123	1819	1823	2
12124	1819	1849	2
12125	1819	1850	2
12126	1819	1851	5
12127	1819	1853	2
12128	1820	1818	2
12129	1820	1821	2
12130	1820	1823	2
12131	1820	1849	2
12132	1820	1850	2
12133	1820	1853	2
12134	1820	3878	5
12135	1820	3879	5
12136	1820	3887	7
12137	1820	6004	7
12138	1820	6011	7
12139	1820	6012	5
12140	1821	1818	2
12141	1821	1819	2
12142	1821	1822	2
12143	1821	1825	2
12144	1821	1849	2
12145	1821	1850	2
12146	1821	1853	2
12147	1821	1854	2
12148	1821	3878	2
12149	1821	3879	2
12150	1821	3904	2
12151	1821	6004	2
12152	1821	6012	2
12153	1821	6013	2
12154	1822	1818	2
12155	1822	1820	5
12156	1822	1821	2
12157	1822	1849	2
12158	1822	1850	2
12159	1822	1853	2
12160	1822	3878	5
12161	1822	3879	5
12162	1822	3887	5
12163	1822	6004	5
12164	1822	6011	5
12165	1823	1818	2
12166	1823	1819	2
12167	1823	1820	2
12168	1823	1821	2
12169	1823	1822	2
12170	1823	1847	2
12171	1823	1848	2
12172	1823	1849	2
12173	1823	1851	2
12174	1823	1852	2
12175	1823	1854	2
12176	1823	3878	2
12177	1823	3879	2
12178	1823	3887	2
12179	1823	3904	2
12180	1823	6011	2
12181	1823	6012	2
12182	1823	6013	2
12183	1823	6015	2
12184	1824	1828	2
12185	1824	1829	7
12186	1824	1830	2
12187	1825	1818	2
12188	1825	1824	2
12189	1825	1826	2
12190	1825	1827	2
12191	1825	1828	2
12192	1825	1829	2
12193	1825	1830	2
12194	1825	6004	2
12195	1825	6014	2
12196	1826	1825	2
12197	1826	1829	2
12198	1826	1830	2
12199	1826	6004	2
12200	1826	6014	2
12201	1827	1825	2
12202	1827	1826	2
12203	1827	1830	2
12204	1828	1824	2
12205	1828	1825	2
12206	1828	1826	2
12207	1828	1827	2
12208	1828	1829	2
12209	1828	6014	2
12210	1829	1825	2
12211	1829	1826	2
12212	1829	1828	2
12213	1829	1830	2
12214	1830	1824	2
12215	1830	1826	2
12216	1830	1827	2
12217	1830	6014	2
12218	1831	1833	2
12219	1831	1834	2
12220	1831	1859	2
12221	1831	1860	2
12222	1831	3159	2
12223	1831	3164	2
12224	1831	3165	2
12225	1831	3166	2
12226	1831	5801	2
12227	1831	5802	2
12228	1831	6324	2
12229	1831	6433	2
12230	1831	6562	2
12231	1832	1450	2
12232	1832	1831	2
12233	1832	1833	2
12234	1832	1855	2
12235	1832	1858	2
12236	1832	1859	5
12237	1832	1860	2
12238	1832	3164	5
12239	1832	5801	5
12240	1832	6325	5
12241	1832	6433	5
12242	1833	1831	2
12243	1833	1832	2
12244	1833	1834	2
12245	1833	1855	2
12246	1833	1857	2
12247	1833	1859	2
12248	1833	1860	2
12249	1833	3159	2
12250	1833	3164	2
12251	1833	3165	2
12252	1833	3166	2
12253	1833	5801	2
12254	1833	5802	2
12255	1833	6324	2
12256	1833	6433	2
12257	1833	6562	2
12258	1834	1450	2
12259	1834	1831	2
12260	1834	1855	2
12261	1834	1858	2
12262	1834	1859	5
12263	1834	1860	2
12264	1834	3164	5
12265	1834	3165	5
12266	1834	5801	5
12267	1834	6325	5
12268	1834	6687	2
12269	1835	1800	2
12270	1835	1801	2
12271	1835	1802	2
12272	1835	1803	2
12273	1835	1804	2
12274	1835	1805	2
12275	1835	1806	2
12276	1835	1807	2
12277	1835	1808	2
12278	1835	1809	2
12279	1835	1810	2
12280	1835	1811	2
12281	1835	1814	2
12282	1835	1815	2
12283	1835	1816	2
12284	1835	1817	2
12285	1835	1837	2
12286	1835	1838	2
12287	1835	1839	2
12288	1835	2142	2
12289	1835	2143	2
12290	1835	2182	2
12291	1835	2184	2
12292	1835	2185	2
12293	1835	3895	2
12294	1835	3896	2
12295	1835	3919	2
12296	1835	5628	2
12297	1835	6007	2
12298	1835	6008	2
12299	1835	6018	2
12300	1836	1802	2
12301	1836	1803	2
12302	1836	1806	2
12303	1836	1807	2
12304	1836	1809	2
12305	1836	1810	2
12306	1836	1811	2
12307	1836	1814	2
12308	1836	1815	2
12309	1836	1816	2
12310	1836	1817	2
12311	1836	1835	2
12312	1836	1837	2
12313	1836	1839	2
12314	1836	1840	2
12315	1836	3895	2
12316	1836	3896	2
12317	1836	3916	2
12318	1836	5628	2
12319	1836	6008	2
12320	1836	6009	2
12321	1836	6017	2
12322	1836	6018	2
12323	1837	1797	2
12324	1837	1800	2
12325	1837	1801	2
12326	1837	1802	2
12327	1837	1803	2
12328	1837	1804	2
12329	1837	1805	2
12330	1837	1806	2
12331	1837	1807	2
12332	1837	1808	2
12333	1837	1809	2
12334	1837	1810	2
12335	1837	1811	2
12336	1837	1812	2
12337	1837	1813	2
12338	1837	1814	2
12339	1837	1816	2
12340	1837	1817	2
12341	1837	1835	2
12342	1837	1836	2
12343	1837	1838	2
12344	1837	1839	2
12345	1837	1840	2
12346	1837	2142	2
12347	1837	2143	2
12348	1837	2147	2
12349	1837	2182	2
12350	1837	2184	2
12351	1837	2185	2
12352	1837	3896	2
12353	1837	3919	2
12354	1837	5628	2
12355	1837	5990	2
12356	1837	6007	2
12357	1837	6008	2
12358	1837	6018	2
12359	1838	1802	2
12360	1838	1806	2
12361	1838	1809	2
12362	1838	1811	2
12363	1838	1814	2
12364	1838	1815	2
12365	1838	1816	2
12366	1838	1817	2
12367	1838	1835	2
12368	1838	1840	2
12369	1838	3889	2
12370	1838	3895	2
12371	1838	3896	2
12372	1838	3916	2
12373	1838	5628	2
12374	1838	6008	2
12375	1838	6009	2
12376	1838	6017	2
12377	1838	6018	2
12378	1839	1802	2
12379	1839	1803	2
12380	1839	1804	2
12381	1839	1805	2
12382	1839	1806	2
12383	1839	1807	2
12384	1839	1808	2
12385	1839	1809	2
12386	1839	1810	2
12387	1839	1811	2
12388	1839	1814	2
12389	1839	1815	2
12390	1839	1816	2
12391	1839	1817	2
12392	1839	1835	2
12393	1839	1836	2
12394	1839	1838	2
12395	1839	2182	2
12396	1839	2184	2
12397	1839	3895	7
12398	1839	3896	7
12399	1839	6007	7
12400	1839	6009	7
12401	1840	1801	2
12402	1840	1802	2
12403	1840	1803	2
12404	1840	1804	2
12405	1840	1805	2
12406	1840	1806	2
12407	1840	1807	2
12408	1840	1808	2
12409	1840	1809	2
12410	1840	1810	2
12411	1840	1811	2
12412	1840	1814	2
12413	1840	1815	2
12414	1840	1816	2
12415	1840	1817	2
12416	1840	1835	2
12417	1840	1837	2
12418	1840	1838	2
12419	1840	2143	2
12420	1840	2184	2
12421	1841	1842	2
12422	1841	1843	2
12423	1841	1844	2
12424	1841	1845	2
12425	1841	1846	2
12426	1841	1847	2
12427	1841	1848	2
12428	1841	3886	2
12429	1841	3888	2
12430	1841	3889	2
12431	1841	3898	2
12432	1841	6009	2
12433	1841	6010	2
12434	1841	6016	2
12435	1841	6017	2
12436	1842	1841	2
12437	1842	1843	2
12438	1842	1844	2
12439	1842	1847	2
12440	1842	1848	2
12441	1842	3886	2
12442	1842	3888	2
12443	1842	3898	2
12444	1842	6009	2
12445	1842	6010	2
12446	1842	6016	2
12447	1842	6017	2
12448	1843	1842	2
12449	1843	1844	2
12450	1843	1845	2
12451	1843	1847	2
12452	1843	1848	2
12453	1843	1851	7
12454	1843	6011	7
12455	1844	1842	2
12456	1844	1845	2
12457	1844	1846	2
12458	1844	1847	2
12459	1844	1848	2
12460	1844	1849	2
12461	1844	1851	2
12462	1844	1852	2
12463	1844	3886	2
12464	1844	3887	2
12465	1844	3897	2
12466	1844	3898	2
12467	1844	6010	2
12468	1844	6011	2
12469	1844	6015	2
12470	1844	6016	2
12471	1845	1841	2
12472	1845	1842	2
12473	1845	1843	2
12474	1845	1844	2
12475	1845	1846	2
12476	1845	1848	2
12477	1845	1849	2
12478	1845	1851	2
12479	1845	1852	2
12480	1845	3886	2
12481	1845	3888	2
12482	1845	3897	2
12483	1845	3898	2
12484	1845	6010	2
12485	1845	6011	2
12486	1845	6015	2
12487	1845	6016	2
12488	1846	1841	2
12489	1846	1842	2
12490	1846	1844	2
12491	1846	1847	2
12492	1846	1848	2
12493	1846	3897	5
12494	1846	3898	5
12495	1846	6015	7
12496	1846	6017	7
12497	1847	1823	2
12498	1847	1841	2
12499	1847	1842	2
12500	1847	1843	2
12501	1847	1844	2
12502	1847	1845	2
12503	1847	1846	2
12504	1847	1850	2
12505	1847	1852	2
12506	1847	1853	2
12507	1847	3886	2
12508	1847	3887	2
12509	1847	3904	2
12510	1847	6010	2
12511	1847	6011	2
12512	1847	6013	2
12513	1847	6015	2
12514	1847	6016	2
12515	1848	1823	2
12516	1848	1841	2
12517	1848	1842	2
12518	1848	1843	2
12519	1848	1845	2
12520	1848	1846	2
12521	1848	1849	2
12522	1848	1850	2
12523	1848	1851	2
12524	1848	1852	2
12525	1848	1853	2
12526	1848	3886	2
12527	1848	3887	2
12528	1848	6010	2
12529	1848	6011	2
12530	1848	6015	2
12531	1848	6016	2
12532	1849	1818	2
12533	1849	1819	2
12534	1849	1820	2
12535	1849	1821	2
12536	1849	1822	2
12537	1849	1823	2
12538	1849	1844	2
12539	1849	1845	2
12540	1849	1847	2
12541	1849	1848	2
12542	1849	1850	2
12543	1849	1851	2
12544	1849	1852	2
12545	1849	1854	2
12546	1849	3879	2
12547	1849	3887	2
12548	1849	3904	2
12549	1849	6011	2
12550	1849	6012	2
12551	1849	6013	2
12552	1849	6015	2
12553	1850	1818	2
12554	1850	1819	2
12555	1850	1820	2
12556	1850	1821	2
12557	1850	1822	2
12558	1850	1823	2
12559	1850	1847	2
12560	1850	1849	2
12561	1850	1851	2
12562	1850	1853	2
12563	1850	1854	2
12564	1850	3878	2
12565	1850	3879	2
12566	1850	3887	2
12567	1850	3904	2
12568	1850	6011	2
12569	1850	6012	2
12570	1850	6013	2
12571	1850	6015	2
12572	1851	1819	5
12573	1851	1823	2
12574	1851	1843	7
12575	1851	1844	2
12576	1851	1845	2
12577	1851	1847	2
12578	1851	1848	2
12579	1851	1850	2
12580	1851	1853	2
12581	1852	1823	2
12582	1852	1844	2
12583	1852	1845	2
12584	1852	1847	2
12585	1852	1849	2
12586	1852	1850	2
12587	1852	1853	2
12588	1853	1819	2
12589	1853	1820	2
12590	1853	1821	2
12591	1853	1822	2
12592	1853	1847	2
12593	1853	1848	2
12594	1853	1849	2
12595	1853	1850	2
12596	1853	1851	2
12597	1853	1852	2
12598	1853	3878	2
12599	1853	3879	2
12600	1853	3887	2
12601	1853	3904	2
12602	1853	6011	2
12603	1853	6012	2
12604	1853	6013	2
12605	1853	6015	2
12606	1854	1818	2
12607	1854	1821	2
12608	1854	1823	2
12609	1854	1849	2
12610	1854	1850	2
12611	1854	1853	2
12612	1854	3904	5
12613	1855	1832	2
12614	1855	1833	2
12615	1855	1834	2
12616	1855	1857	2
12617	1855	1858	2
12618	1855	1859	2
12619	1855	1860	2
12620	1855	3159	2
12621	1855	3164	2
12622	1855	3165	2
12623	1855	3180	2
12624	1855	3181	2
12625	1855	5797	2
12626	1855	5798	2
12627	1855	6433	2
12628	1855	6687	2
12629	1856	3138	2
12630	1856	3139	2
12631	1856	3142	2
12632	1856	3158	2
12633	1856	7270	2
12634	1856	7271	2
12635	1856	7272	2
12636	1857	1450	2
12637	1857	1833	2
12638	1857	1855	2
12639	1857	1858	2
12640	1857	1860	2
12641	1857	5797	5
12642	1857	6687	2
12643	1858	1832	2
12644	1858	1834	2
12645	1858	1855	2
12646	1858	1859	2
12647	1858	1860	2
12648	1858	3159	2
12649	1858	3164	2
12650	1858	3165	2
12651	1858	3180	2
12652	1858	5797	2
12653	1858	5798	2
12654	1859	1450	2
12655	1859	1831	2
12656	1859	1832	5
12657	1859	1833	2
12658	1859	1834	5
12659	1859	1858	2
12660	1859	1860	2
12661	1859	3164	5
12662	1859	6325	5
12663	1859	6433	5
12664	1859	6687	2
12665	1860	1450	2
12666	1860	1831	2
12667	1860	1832	2
12668	1860	1855	2
12669	1860	1857	2
12670	1860	1858	2
12671	1860	1859	2
12672	1860	3164	2
12673	1860	3165	2
12674	1860	3166	2
12675	1860	5799	2
12676	1860	6325	2
12677	1860	6433	2
12678	1860	6687	2
12679	1860	7336	2
12680	1861	1244	2
12681	1861	1483	2
12682	1861	1489	2
12683	1861	1863	2
12684	1861	1864	2
12685	1861	1865	2
12686	1861	1866	2
12687	1861	1867	2
12688	1861	1874	2
12689	1861	3571	2
12690	1861	3572	2
12691	1861	3573	2
12692	1861	3600	2
12693	1861	4708	2
12694	1861	4711	2
12695	1861	6434	2
12696	1861	6435	2
12697	1861	6436	2
12698	1861	6437	2
12699	1861	6438	2
12700	1861	6439	2
12701	1861	7307	2
12702	1861	7310	2
12703	1861	7319	2
12704	1861	7321	2
12705	1861	7322	2
12706	1862	1244	5
12707	1862	1861	2
12708	1862	1863	2
12709	1862	1866	2
12710	1862	1867	7
12711	1862	1868	2
12712	1862	1874	2
12713	1862	3596	5
12714	1862	4708	5
12715	1862	6435	7
12716	1862	6436	7
12717	1862	6437	5
12718	1862	6440	7
12719	1862	7307	5
12720	1863	1244	2
12721	1863	1483	2
12722	1863	1861	2
12723	1863	1862	2
12724	1863	1864	2
12725	1863	1865	2
12726	1863	1866	2
12727	1863	1867	2
12728	1863	1868	2
12729	1863	1874	2
12730	1863	3571	2
12731	1863	3572	2
12732	1863	3573	2
12733	1863	3600	2
12734	1863	4708	2
12735	1863	4711	2
12736	1863	6434	2
12737	1863	6435	2
12738	1863	6436	2
12739	1863	6437	2
12740	1863	6438	2
12741	1863	6439	2
12742	1863	7307	2
12743	1863	7310	2
12744	1863	7319	2
12745	1863	7321	2
12746	1863	7322	2
12747	1864	1861	2
12748	1864	1865	7
12749	1864	1866	2
12750	1864	1868	2
12751	1864	1874	2
12752	1864	3572	5
12753	1864	3600	5
12754	1864	3604	5
12755	1864	6441	5
12756	1864	7319	5
12757	1864	7320	5
12758	1864	7321	5
12759	1864	7322	5
12760	1865	1861	2
12761	1865	1863	2
12762	1865	1864	7
12763	1865	1866	2
12764	1865	1868	2
12765	1865	1874	2
12766	1865	3571	7
12767	1865	3572	5
12768	1865	3600	5
12769	1865	3604	5
12770	1865	6334	5
12771	1865	6441	5
12772	1865	7319	5
12773	1865	7320	5
12774	1865	7321	5
12775	1865	7322	5
12776	1866	1244	2
12777	1866	1245	2
12778	1866	1861	2
12779	1866	1862	2
12780	1866	1864	2
12781	1866	1867	2
12782	1866	1868	2
12783	1866	1869	2
12784	1866	1875	2
12785	1866	3572	2
12786	1866	3596	2
12787	1866	3600	2
12788	1866	3601	2
12789	1866	3604	2
12790	1866	3605	2
12791	1866	4708	2
12792	1866	6216	2
12793	1866	6334	2
12794	1866	6335	2
12795	1866	6336	2
12796	1866	6438	2
12797	1866	6439	2
12798	1866	6440	2
12799	1866	6441	2
12800	1866	6535	2
12801	1866	6536	2
12802	1866	7307	2
12803	1866	7319	2
12804	1866	7320	2
12805	1866	7321	2
12806	1866	7322	2
12807	1867	1244	5
12808	1867	1245	5
12809	1867	1861	2
12810	1867	1862	7
12811	1867	1863	2
12812	1867	1866	2
12813	1867	1874	2
12814	1867	3596	5
12815	1867	4708	5
12816	1867	6435	7
12817	1867	6436	7
12818	1867	6437	5
12819	1867	7307	5
12820	1868	1244	2
12821	1868	1245	2
12822	1868	1861	2
12823	1868	1862	2
12824	1868	1863	2
12825	1868	1864	2
12826	1868	1865	2
12827	1868	1866	2
12828	1868	1867	2
12829	1868	1875	2
12830	1868	3572	2
12831	1868	3596	2
12832	1868	3600	2
12833	1868	3604	2
12834	1868	4708	2
12835	1868	6216	2
12836	1868	6334	2
12837	1868	6335	2
12838	1868	6336	2
12839	1868	6438	2
12840	1868	6439	2
12841	1868	6440	2
12842	1868	6441	2
12843	1868	6536	2
12844	1868	7307	2
12845	1868	7319	2
12846	1868	7320	2
12847	1868	7321	2
12848	1868	7322	2
12849	1869	1245	2
12850	1869	1870	2
12851	1869	1874	2
12852	1869	1876	2
12853	1869	1877	2
12854	1869	1878	2
12855	1869	1879	2
12856	1869	1880	2
12857	1869	3596	2
12858	1869	3601	2
12859	1869	3602	2
12860	1869	3603	2
12861	1869	3604	2
12862	1869	3605	2
12863	1869	3606	2
12864	1869	3655	2
12865	1869	6216	2
12866	1869	6334	2
12867	1869	6335	2
12868	1869	6336	2
12869	1869	6440	2
12870	1869	6441	2
12871	1869	6534	2
12872	1869	6611	2
12873	1869	6699	2
12874	1869	7305	2
12875	1869	7315	2
12876	1869	7319	2
12877	1869	7320	2
12878	1870	1875	2
12879	1870	1877	5
12880	1870	1879	2
12881	1870	1880	2
12882	1870	3604	5
12883	1870	3605	5
12884	1870	3606	5
12885	1870	6334	5
12886	1870	6441	5
12887	1870	6534	5
12888	1870	7320	5
12889	1871	1246	2
12890	1871	1247	2
12891	1871	1249	2
12892	1871	1394	5
12893	1871	1886	2
12894	1871	1887	2
12895	1871	1888	2
12896	1871	1889	2
12897	1871	1890	2
12898	1871	1891	7
12899	1871	1894	2
12900	1871	1897	2
12901	1871	3672	5
12902	1871	3673	5
12903	1871	3674	5
12904	1871	3675	5
12905	1871	4648	5
12906	1871	4649	5
12907	1871	6442	7
12908	1871	6443	5
12909	1871	6855	2
12910	1872	1247	2
12911	1872	1248	2
12912	1872	1249	2
12913	1872	1250	2
12914	1872	1251	2
12915	1872	1394	2
12916	1872	1871	2
12917	1872	1886	2
12918	1872	1887	2
12919	1872	1890	2
12920	1872	1891	2
12921	1872	1892	2
12922	1872	1893	2
12923	1872	1894	2
12924	1872	1896	2
12925	1872	1897	2
12926	1872	1899	2
12927	1872	1900	2
12928	1872	3672	2
12929	1872	3673	2
12930	1872	3674	2
12931	1872	3675	2
12932	1872	4648	2
12933	1872	4649	2
12934	1872	4651	2
12935	1872	5903	2
12936	1872	5904	2
12937	1872	6226	2
12938	1872	6227	2
12939	1872	6228	2
12940	1872	6442	2
12941	1872	6443	2
12942	1872	6445	2
12943	1872	6446	2
12944	1872	6447	2
12945	1872	6448	2
12946	1872	6449	2
12947	1872	6855	2
12948	1873	1481	2
12949	1873	1483	2
12950	1873	1484	2
12951	1873	1485	7
12952	1873	1486	2
12953	1873	1488	2
12954	1873	1489	2
12955	1873	3571	7
12956	1873	3573	7
12957	1873	6214	5
12958	1873	6434	7
12959	1873	7324	7
12960	1873	7326	5
12961	1874	1244	2
12962	1874	1245	2
12963	1874	1861	2
12964	1874	1862	2
12965	1874	1863	2
12966	1874	1864	2
12967	1874	1865	2
12968	1874	1867	2
12969	1874	1868	2
12970	1874	1869	2
12971	1874	3572	2
12972	1874	3596	2
12973	1874	3600	2
12974	1874	3601	2
12975	1874	3604	2
12976	1874	3605	2
12977	1874	4708	2
12978	1874	6216	2
12979	1874	6334	2
12980	1874	6335	2
12981	1874	6336	2
12982	1874	6438	2
12983	1874	6439	2
12984	1874	6441	2
12985	1874	6536	2
12986	1874	7307	2
12987	1874	7319	2
12988	1874	7320	2
12989	1874	7321	2
12990	1874	7322	2
12991	1875	1245	2
12992	1875	1866	2
12993	1875	1868	2
12994	1875	1870	2
12995	1875	1874	2
12996	1875	1876	2
12997	1875	1877	2
12998	1875	1878	2
12999	1875	1879	2
13000	1875	3596	2
13001	1875	3601	2
13002	1875	3602	2
13003	1875	3603	2
13004	1875	3604	2
13005	1875	3605	2
13006	1875	3606	2
13007	1875	3655	2
13008	1875	6216	2
13009	1875	6334	2
13010	1875	6336	2
13011	1875	6440	2
13012	1875	6441	2
13013	1875	6534	2
13014	1875	6535	2
13015	1875	6611	2
13016	1875	7305	2
13017	1875	7315	2
13018	1875	7319	2
13019	1875	7320	2
13020	1876	1869	2
13021	1876	1875	2
13022	1876	1879	2
13023	1876	1880	2
13024	1876	3604	5
13025	1876	3605	5
13026	1876	3606	5
13027	1876	6334	5
13028	1876	6335	5
13029	1876	6441	5
13030	1876	6534	5
13031	1876	7320	5
13032	1877	1869	2
13033	1877	1870	5
13034	1877	1875	2
13035	1877	1879	2
13036	1877	1880	2
13037	1877	3604	5
13038	1877	3607	5
13039	1877	3610	5
13040	1877	3654	5
13041	1877	3656	5
13042	1877	6334	5
13043	1877	6335	5
13044	1877	6441	5
13045	1877	6534	5
13046	1877	6535	5
13047	1877	7316	5
13048	1877	7320	5
13049	1878	1245	5
13050	1878	1869	2
13051	1878	1875	2
13052	1878	1879	2
13053	1878	3596	5
13054	1878	3601	5
13055	1878	3602	5
13056	1878	3603	5
13057	1878	3668	5
13058	1878	6216	5
13059	1878	6336	5
13060	1878	6440	5
13061	1878	6699	5
13062	1878	7305	5
13063	1879	1870	2
13064	1879	1875	2
13065	1879	1877	2
13066	1879	1878	2
13067	1879	1880	2
13068	1879	3601	2
13069	1879	3602	2
13070	1879	3603	2
13071	1879	3605	2
13072	1879	3606	2
13073	1879	3655	2
13074	1879	3656	2
13075	1879	3668	2
13076	1879	3669	2
13077	1879	6216	2
13078	1879	6335	2
13079	1879	6336	2
13080	1879	6534	2
13081	1879	6611	2
13082	1879	6699	2
13083	1879	7305	2
13084	1879	7315	2
13085	1879	7316	2
13086	1880	1869	2
13087	1880	1870	2
13088	1880	1875	2
13089	1880	1876	2
13090	1880	1877	2
13091	1880	1878	2
13092	1880	1879	2
13093	1880	3601	2
13094	1880	3602	2
13095	1880	3603	2
13096	1880	3605	2
13097	1880	3606	2
13098	1880	3655	2
13099	1880	3656	2
13100	1880	3666	2
13101	1880	3668	2
13102	1880	3669	2
13103	1880	6216	2
13104	1880	6335	2
13105	1880	6336	2
13106	1880	6534	2
13107	1880	6611	2
13108	1880	6699	2
13109	1880	7305	2
13110	1880	7314	2
13111	1880	7315	2
13112	1880	7316	2
13113	1881	1246	2
13114	1881	1885	2
13115	1881	1886	2
13116	1881	1888	2
13117	1881	3663	2
13118	1881	3665	2
13119	1881	3666	2
13120	1881	3667	2
13121	1881	3668	2
13122	1881	3669	2
13123	1881	3670	2
13124	1881	3671	2
13125	1881	3672	2
13126	1881	6612	2
13127	1881	6613	2
13128	1882	1246	2
13129	1882	1883	2
13130	1882	1884	2
13131	1882	1885	2
13132	1882	1886	2
13133	1882	1888	2
13134	1882	3663	2
13135	1882	3665	2
13136	1882	3666	2
13137	1882	3667	2
13138	1882	3668	2
13139	1882	3669	2
13140	1882	3670	2
13141	1882	3671	2
13142	1882	3672	2
13143	1882	6612	2
13144	1882	6613	2
13145	1883	1246	2
13146	1883	1247	2
13147	1883	1881	2
13148	1883	1882	2
13149	1883	1886	2
13150	1883	1887	2
13151	1883	1888	2
13152	1883	1893	5
13153	1883	6442	5
13154	1883	6612	5
13155	1883	6613	5
13156	1884	1246	2
13157	1884	1247	2
13158	1884	1248	2
13159	1884	1249	2
13160	1884	1250	2
13161	1884	1394	2
13162	1884	1881	2
13163	1884	1882	2
13164	1884	1883	2
13165	1884	1885	2
13166	1884	1887	2
13167	1884	1888	2
13168	1884	1890	2
13169	1884	1891	2
13170	1884	1892	2
13171	1884	1893	2
13172	1884	1894	2
13173	1884	1896	2
13174	1884	1900	2
13175	1884	3667	2
13176	1884	3671	2
13177	1884	3672	2
13178	1884	3673	2
13179	1884	3674	2
13180	1884	3675	2
13181	1884	4648	2
13182	1884	6228	2
13183	1884	6442	2
13184	1884	6443	2
13185	1884	6444	2
13186	1884	6446	2
13187	1884	6612	2
13188	1884	6613	2
13189	1884	6855	2
13190	1884	6856	2
13191	1885	1246	2
13192	1885	1881	2
13193	1885	1884	2
13194	1885	1886	2
13195	1885	1887	2
13196	1885	1888	2
13197	1885	6442	5
13198	1886	1247	2
13199	1886	1248	2
13200	1886	1249	2
13201	1886	1250	2
13202	1886	1251	2
13203	1886	1394	2
13204	1886	1871	2
13205	1886	1872	2
13206	1886	1881	2
13207	1886	1882	2
13208	1886	1883	2
13209	1886	1884	2
13210	1886	1885	2
13211	1886	1888	2
13212	1886	1890	2
13213	1886	1891	2
13214	1886	1892	2
13215	1886	1893	2
13216	1886	1894	2
13217	1886	1896	2
13218	1886	1898	2
13219	1886	1900	2
13220	1886	3667	2
13221	1886	3671	2
13222	1886	3672	2
13223	1886	3673	2
13224	1886	3674	2
13225	1886	3675	2
13226	1886	4648	2
13227	1886	6227	2
13228	1886	6228	2
13229	1886	6442	2
13230	1886	6443	2
13231	1886	6444	2
13232	1886	6445	2
13233	1886	6446	2
13234	1886	6612	2
13235	1886	6613	2
13236	1886	6855	2
13237	1886	6856	2
13238	1887	1246	2
13239	1887	1247	2
13240	1887	1248	2
13241	1887	1249	2
13242	1887	1250	2
13243	1887	1251	2
13244	1887	1394	2
13245	1887	1871	2
13246	1887	1872	2
13247	1887	1883	2
13248	1887	1884	2
13249	1887	1885	2
13250	1887	1886	2
13251	1887	1888	2
13252	1887	1891	2
13253	1887	1892	2
13254	1887	1894	2
13255	1887	1896	2
13256	1887	1898	2
13257	1887	1899	2
13258	1887	1900	2
13259	1887	3671	2
13260	1887	3672	2
13261	1887	3673	2
13262	1887	3674	2
13263	1887	3675	2
13264	1887	4648	2
13265	1887	4649	2
13266	1887	5902	2
13267	1887	6226	2
13268	1887	6227	2
13269	1887	6228	2
13270	1887	6442	2
13271	1887	6443	2
13272	1887	6445	2
13273	1887	6446	2
13274	1887	6447	2
13275	1887	6449	2
13276	1887	6612	2
13277	1887	6613	2
13278	1887	6855	2
13279	1887	6856	2
13280	1888	1246	2
13281	1888	1247	2
13282	1888	1248	2
13283	1888	1249	2
13284	1888	1250	2
13285	1888	1394	2
13286	1888	1871	2
13287	1888	1881	2
13288	1888	1883	2
13289	1888	1884	2
13290	1888	1885	2
13291	1888	1886	2
13292	1888	1887	2
13293	1888	1890	2
13294	1888	1891	2
13295	1888	1892	2
13296	1888	1893	2
13297	1888	1894	2
13298	1888	1896	2
13299	1888	1900	2
13300	1888	3667	2
13301	1888	3671	2
13302	1888	3672	2
13303	1888	3673	2
13304	1888	3674	2
13305	1888	3675	2
13306	1888	4648	2
13307	1888	6228	2
13308	1888	6442	2
13309	1888	6443	2
13310	1888	6444	2
13311	1888	6446	2
13312	1888	6612	2
13313	1888	6613	2
13314	1888	6855	2
13315	1888	6856	2
13316	1889	1248	2
13317	1889	1249	2
13318	1889	1250	2
13319	1889	1251	2
13320	1889	1299	2
13321	1889	1394	2
13322	1889	1871	2
13323	1889	1872	2
13324	1889	1891	2
13325	1889	1892	2
13326	1889	1893	2
13327	1889	1894	2
13328	1889	1896	2
13329	1889	1898	2
13330	1889	1899	2
13331	1889	1900	2
13332	1889	3673	2
13333	1889	3674	2
13334	1889	3675	2
13335	1889	4648	2
13336	1889	4649	2
13337	1889	4651	2
13338	1889	5904	2
13339	1889	5966	2
13340	1889	6226	2
13341	1889	6227	2
13342	1889	6228	2
13343	1889	6442	2
13344	1889	6443	2
13345	1889	6445	2
13346	1889	6446	2
13347	1889	6447	2
13348	1889	6448	2
13349	1889	6449	2
13350	1889	6854	2
13351	1890	1246	2
13352	1890	1247	2
13353	1890	1248	2
13354	1890	1249	2
13355	1890	1250	2
13356	1890	1251	2
13357	1890	1394	2
13358	1890	1871	2
13359	1890	1872	2
13360	1890	1884	2
13361	1890	1886	2
13362	1890	1887	2
13363	1890	1888	2
13364	1890	1891	2
13365	1890	1892	2
13366	1890	1893	2
13367	1890	1894	2
13368	1890	1896	2
13369	1890	1898	2
13370	1890	1899	2
13371	1890	1900	2
13372	1890	3673	2
13373	1890	3674	2
13374	1890	3675	2
13375	1890	5900	2
13376	1890	5901	2
13377	1890	5902	2
13378	1890	5903	2
13379	1890	6226	2
13380	1890	6227	2
13381	1890	6442	2
13382	1890	6443	2
13383	1890	6445	2
13384	1890	6446	2
13385	1890	6447	2
13386	1890	6448	2
13387	1890	6449	2
13388	1890	6613	2
13389	1890	6856	2
13390	1891	1246	2
13391	1891	1247	2
13392	1891	1249	2
13393	1891	1250	5
13394	1891	1394	5
13395	1891	1871	7
13396	1891	1872	2
13397	1891	1884	2
13398	1891	1886	2
13399	1891	1887	2
13400	1891	1888	2
13401	1891	1889	2
13402	1891	1890	2
13403	1891	1892	7
13404	1891	1894	2
13405	1891	1897	2
13406	1891	3672	5
13407	1891	3673	5
13408	1891	3674	5
13409	1891	4648	5
13410	1891	4649	5
13411	1891	6442	7
13412	1891	6443	5
13413	1891	6855	2
13414	1892	1246	2
13415	1892	1247	2
13416	1892	1249	2
13417	1892	1250	5
13418	1892	1394	5
13419	1892	1872	2
13420	1892	1884	2
13421	1892	1886	2
13422	1892	1887	2
13423	1892	1888	2
13424	1892	1889	2
13425	1892	1890	2
13426	1892	1897	2
13427	1892	3672	5
13428	1892	3673	5
13429	1892	3674	5
13430	1892	3675	5
13431	1892	4648	5
13432	1892	4649	5
13433	1892	6443	5
13434	1892	6855	2
13435	1893	1246	2
13436	1893	1247	2
13437	1893	1249	2
13438	1893	1250	5
13439	1893	1394	5
13440	1893	1872	2
13441	1893	1883	5
13442	1893	1884	2
13443	1893	1886	2
13444	1893	1887	2
13445	1893	1888	2
13446	1893	1889	2
13447	1893	1890	2
13448	1893	1897	2
13449	1893	3671	5
13450	1893	3672	5
13451	1893	3673	5
13452	1893	3674	5
13453	1893	3675	5
13454	1893	4648	5
13455	1893	4649	5
13456	1893	6443	5
13457	1893	6855	2
13458	1894	1246	2
13459	1894	1247	2
13460	1894	1248	2
13461	1894	1249	2
13462	1894	1250	2
13463	1894	1251	2
13464	1894	1394	2
13465	1894	1871	2
13466	1894	1884	2
13467	1894	1886	2
13468	1894	1887	2
13469	1894	1888	2
13470	1894	1889	2
13471	1894	1890	2
13472	1894	1891	2
13473	1894	1892	2
13474	1894	1893	2
13475	1894	1896	2
13476	1894	1897	2
13477	1894	1898	2
13478	1894	1899	2
13479	1894	1900	2
13480	1894	3672	2
13481	1894	3673	2
13482	1894	3674	2
13483	1894	3675	2
13484	1894	4648	2
13485	1894	4649	2
13486	1894	5903	2
13487	1894	6226	2
13488	1894	6227	2
13489	1894	6228	2
13490	1894	6442	2
13491	1894	6443	2
13492	1894	6445	2
13493	1894	6446	2
13494	1894	6447	2
13495	1894	6448	2
13496	1894	6449	2
13497	1894	6855	2
13498	1895	1534	7
13499	1895	7012	2
13500	1895	7013	2
13501	1895	7017	5
13502	1895	7018	5
13503	1895	7020	2
13504	1895	7021	2
13505	1895	7023	2
13506	1896	1246	2
13507	1896	1247	2
13508	1896	1249	2
13509	1896	1251	5
13510	1896	1394	5
13511	1896	1872	2
13512	1896	1884	2
13513	1896	1886	2
13514	1896	1887	2
13515	1896	1888	2
13516	1896	1889	2
13517	1896	1894	2
13518	1896	1897	2
13519	1896	1900	7
13520	1896	5902	7
13521	1896	5903	5
13522	1896	6226	5
13523	1896	6227	5
13524	1896	6445	5
13525	1896	6446	5
13526	1896	6448	5
13527	1896	6449	5
13528	1896	6855	2
13529	1897	1248	2
13530	1897	1250	2
13531	1897	1251	2
13532	1897	1299	2
13533	1897	1394	2
13534	1897	1871	2
13535	1897	1872	2
13536	1897	1891	2
13537	1897	1892	2
13538	1897	1893	2
13539	1897	1894	2
13540	1897	1896	2
13541	1897	1898	2
13542	1897	1900	2
13543	1897	1901	2
13544	1897	3673	2
13545	1897	3674	2
13546	1897	3675	2
13547	1897	4648	2
13548	1897	4649	2
13549	1897	4651	2
13550	1897	5903	2
13551	1897	5904	2
13552	1897	5966	2
13553	1897	6226	2
13554	1897	6227	2
13555	1897	6228	2
13556	1897	6442	2
13557	1897	6443	2
13558	1897	6445	2
13559	1897	6446	2
13560	1897	6447	2
13561	1897	6448	2
13562	1897	6449	2
13563	1897	6854	2
13564	1898	1247	2
13565	1898	1249	2
13566	1898	1250	5
13567	1898	1394	5
13568	1898	1886	2
13569	1898	1887	2
13570	1898	1890	2
13571	1898	1894	2
13572	1898	1897	2
13573	1898	3672	5
13574	1898	3673	5
13575	1898	3674	5
13576	1898	3675	5
13577	1898	4649	5
13578	1898	4651	5
13579	1898	6228	7
13580	1898	6443	5
13581	1898	6855	2
13582	1899	1247	2
13583	1899	1249	2
13584	1899	1872	2
13585	1899	1887	2
13586	1899	1889	2
13587	1899	1890	2
13588	1899	1894	2
13589	1899	1897	2
13590	1899	1901	2
13591	1899	6446	5
13592	1900	1246	2
13593	1900	1247	2
13594	1900	1249	2
13595	1900	1251	5
13596	1900	1872	2
13597	1900	1884	2
13598	1900	1886	2
13599	1900	1887	2
13600	1900	1888	2
13601	1900	1889	2
13602	1900	1890	2
13603	1900	1894	2
13604	1900	1897	2
13605	1900	5903	5
13606	1900	6226	5
13607	1900	6227	5
13608	1900	6445	5
13609	1900	6448	5
13610	1900	6449	5
13611	1900	6855	2
13612	1901	1889	2
13613	1901	1899	2
13614	1901	4649	2
13615	1901	4651	2
13616	1901	4652	2
13617	1901	4667	2
13618	1901	5966	2
13619	1901	6854	2
13620	1902	1903	2
13621	1902	1904	2
13622	1902	1906	2
13623	1902	1907	2
13624	1902	1908	2
13625	1902	1910	2
13626	1902	1911	2
13627	1902	1912	2
13628	1902	1913	2
13629	1902	1914	2
13630	1902	3679	2
13631	1902	3680	2
13632	1902	3681	2
13633	1902	3765	2
13634	1902	3766	2
13635	1902	3767	2
13636	1902	3775	2
13637	1902	5905	2
13638	1902	5906	2
13639	1902	5908	2
13640	1902	5911	2
13641	1902	6450	2
13642	1902	6451	2
13643	1903	1905	2
13644	1903	1907	2
13645	1903	1909	2
13646	1903	1911	5
13647	1903	1912	2
13648	1903	1913	2
13649	1903	3767	5
13650	1903	3768	5
13651	1903	3771	5
13652	1903	3772	5
13653	1904	1902	2
13654	1904	1905	2
13655	1904	1906	2
13656	1904	1907	2
13657	1904	1908	2
13658	1904	1909	2
13659	1904	3679	2
13660	1904	3680	2
13661	1904	3681	2
13662	1904	3682	2
13663	1904	3683	2
13664	1904	3684	2
13665	1904	3765	2
13666	1904	3766	2
13667	1904	5901	2
13668	1904	5902	2
13669	1904	5903	2
13670	1904	5904	2
13671	1904	5906	2
13672	1904	6445	2
13673	1904	6447	2
13674	1904	6448	2
13675	1904	6450	2
13676	1904	6451	2
13677	1905	1902	2
13678	1905	1903	2
13679	1905	1906	2
13680	1905	1909	2
13681	1905	1910	2
13682	1905	2871	2
13683	1905	3679	2
13684	1905	3680	2
13685	1905	3681	2
13686	1905	3682	2
13687	1905	3683	2
13688	1905	3684	2
13689	1905	3765	2
13690	1905	3766	2
13691	1905	5901	2
13692	1905	5903	2
13693	1905	5904	2
13694	1905	5905	2
13695	1905	5906	2
13696	1905	6450	2
13697	1905	6451	2
13698	1906	1902	2
13699	1906	1904	2
13700	1906	1905	2
13701	1906	1909	2
13702	1906	2871	2
13703	1906	3679	2
13704	1906	3680	2
13705	1906	3681	2
13706	1906	3682	2
13707	1906	3683	2
13708	1906	3684	2
13709	1906	3765	2
13710	1906	3766	2
13711	1906	5901	2
13712	1906	5903	2
13713	1906	5904	2
13714	1906	5905	2
13715	1906	5906	2
13716	1906	6450	2
13717	1906	6451	2
13718	1907	1902	2
13719	1907	1903	2
13720	1907	1904	2
13721	1907	1906	2
13722	1907	1908	2
13723	1907	1910	2
13724	1907	2871	2
13725	1907	3679	2
13726	1907	3680	2
13727	1907	3681	2
13728	1907	3682	2
13729	1907	3683	2
13730	1907	3684	2
13731	1907	3765	2
13732	1907	3766	2
13733	1907	3767	2
13734	1907	5901	2
13735	1907	5903	2
13736	1907	5904	2
13737	1907	5905	2
13738	1907	5906	2
13739	1907	5911	2
13740	1907	6450	2
13741	1907	6451	2
13742	1908	1902	2
13743	1908	1904	2
13744	1908	1905	2
13745	1908	1906	2
13746	1908	1907	2
13747	1908	1909	2
13748	1908	2871	5
13749	1908	3682	5
13750	1908	3683	5
13751	1908	3684	5
13752	1908	3685	5
13753	1908	3766	5
13754	1908	5903	5
13755	1909	1903	2
13756	1909	1904	2
13757	1909	1905	2
13758	1909	1906	2
13759	1909	1907	2
13760	1909	1908	2
13761	1909	1911	2
13762	1909	1912	2
13763	1909	1914	2
13764	1909	3679	2
13765	1909	3680	2
13766	1909	3681	2
13767	1909	3683	2
13768	1909	3765	2
13769	1909	3766	2
13770	1909	3767	2
13771	1909	5901	2
13772	1909	5905	2
13773	1909	5906	2
13774	1909	5908	2
13775	1909	5911	2
13776	1909	6450	2
13777	1909	6451	2
13778	1910	1628	2
13779	1910	1630	2
13780	1910	1902	2
13781	1910	1905	2
13782	1910	1907	2
13783	1910	1909	2
13784	1910	1912	2
13785	1910	1913	2
13786	1911	1628	2
13787	1911	1630	2
13788	1911	1654	2
13789	1911	1902	2
13790	1911	1909	2
13791	1911	1912	2
13792	1911	1913	2
13793	1911	2863	5
13794	1911	2864	5
13795	1911	3766	5
13796	1911	3768	5
13797	1911	3769	5
13798	1911	3771	5
13799	1911	3772	5
13800	1911	6615	5
13801	1912	1628	2
13802	1912	1629	2
13803	1912	1630	2
13804	1912	1631	2
13805	1912	1648	2
13806	1912	1650	2
13807	1912	1654	2
13808	1912	1656	2
13809	1912	1717	2
13810	1912	1903	2
13811	1912	1909	2
13812	1912	1910	2
13813	1912	1913	2
13814	1912	1914	2
13815	1912	2862	2
13816	1912	2863	2
13817	1912	2864	2
13818	1912	2867	2
13819	1912	3691	2
13820	1912	3692	2
13821	1912	3693	2
13822	1912	3694	2
13823	1912	3695	2
13824	1912	3765	2
13825	1912	3766	2
13826	1912	3767	2
13827	1912	3768	2
13828	1912	3769	2
13829	1912	3770	2
13830	1912	3771	2
13831	1912	5905	2
13832	1912	5908	2
13833	1912	5909	2
13834	1912	5910	2
13835	1912	5911	2
13836	1912	5912	2
13837	1912	6615	2
13838	1912	6616	2
13839	1913	1628	2
13840	1913	1629	2
13841	1913	1631	2
13842	1913	1640	2
13843	1913	1645	2
13844	1913	1648	2
13845	1913	1650	2
13846	1913	1654	2
13847	1913	1656	2
13848	1913	1717	2
13849	1913	1902	2
13850	1913	1903	2
13851	1913	1909	2
13852	1913	1910	2
13853	1913	1911	2
13854	1913	1912	2
13855	1913	1914	2
13856	1913	2862	2
13857	1913	2863	2
13858	1913	2864	2
13859	1913	2867	2
13860	1913	3691	2
13861	1913	3692	2
13862	1913	3693	2
13863	1913	3694	2
13864	1913	3695	2
13865	1913	3701	2
13866	1913	3766	2
13867	1913	3767	2
13868	1913	3768	2
13869	1913	3769	2
13870	1913	3770	2
13871	1913	3771	2
13872	1913	5908	2
13873	1913	5909	2
13874	1913	5910	2
13875	1913	5911	2
13876	1913	5912	2
13877	1913	6370	2
13878	1913	6615	2
13879	1913	6616	2
13880	1914	1628	2
13881	1914	1630	2
13882	1914	1654	2
13883	1914	1902	2
13884	1914	1909	2
13885	1914	1910	5
13886	1914	1912	2
13887	1915	1917	2
13888	1915	1918	2
13889	1915	1919	2
13890	1915	1920	2
13891	1915	4572	2
13892	1915	5537	2
13893	1915	5541	2
13894	1915	5542	2
13895	1915	5543	2
13896	1915	5545	2
13897	1915	6166	2
13898	1915	6635	2
13899	1916	1918	2
13900	1916	1919	2
13901	1916	4572	2
13902	1916	5537	2
13903	1916	5541	2
13904	1916	5542	2
13905	1916	5543	2
13906	1916	5545	2
13907	1916	6166	2
13908	1916	6635	2
13909	1917	1915	2
13910	1917	1916	2
13911	1917	1918	2
13912	1917	1919	2
13913	1917	1920	2
13914	1917	5541	2
13915	1917	5542	2
13916	1917	5546	2
13917	1917	6635	2
13918	1918	1916	2
13919	1918	1917	2
13920	1918	1920	2
13921	1918	5541	2
13922	1918	5542	2
13923	1918	5546	2
13924	1918	6635	2
13925	1919	1916	2
13926	1919	1917	2
13927	1919	1918	2
13928	1919	6635	5
13929	1920	1915	2
13930	1920	1916	2
13931	1920	1918	2
13932	1920	5541	5
13933	1920	5545	5
13934	1921	1922	2
13935	1921	1923	2
13936	1921	1924	2
13937	1921	1925	2
13938	1921	1926	2
13939	1921	1927	2
13940	1921	1928	2
13941	1921	4454	2
13942	1921	5547	2
13943	1921	5574	2
13944	1921	5575	2
13945	1921	6173	2
13946	1921	6174	2
13947	1922	1921	2
13948	1922	1924	2
13949	1922	1925	2
13950	1922	1927	2
13951	1922	1928	2
13952	1922	4454	2
13953	1922	5574	2
13954	1922	5575	2
13955	1922	5576	2
13956	1922	6173	2
13957	1922	6174	2
13958	1923	1921	2
13959	1923	1922	2
13960	1923	1925	2
13961	1923	1926	2
13962	1923	1927	2
13963	1923	1928	2
13964	1923	5574	2
13965	1923	5575	2
13966	1923	5576	2
13967	1923	6173	2
13968	1923	6174	2
13969	1924	1922	2
13970	1924	1925	2
13971	1924	1926	2
13972	1924	1927	2
13973	1924	5574	2
13974	1924	5575	2
13975	1924	5576	2
13976	1924	6173	2
13977	1924	6174	2
13978	1925	1922	2
13979	1925	1923	2
13980	1925	1924	2
13981	1925	4457	5
13982	1925	5574	5
13983	1925	6174	5
13984	1926	1921	2
13985	1926	1922	2
13986	1926	1923	2
13987	1926	1924	2
13988	1926	1929	2
13989	1926	1930	2
13990	1926	5574	5
13991	1926	5575	5
13992	1926	6173	5
13993	1927	1921	2
13994	1927	1922	2
13995	1927	1924	2
13996	1927	1929	2
13997	1927	1930	2
13998	1927	5574	5
13999	1927	5575	5
14000	1927	5576	5
14001	1927	6173	5
14002	1928	1921	2
14003	1928	1922	2
14004	1928	1923	2
14005	1928	1924	2
14006	1928	4454	5
14007	1928	4457	5
14008	1928	6174	5
14009	1929	1926	2
14010	1929	1927	2
14011	1929	1930	2
14012	1929	1931	2
14013	1929	1932	2
14014	1929	1933	2
14015	1929	1934	2
14016	1929	1935	2
14017	1929	5576	2
14018	1929	6173	2
14019	1929	6178	2
14020	1930	1926	2
14021	1930	1927	2
14022	1930	1929	2
14023	1930	1932	2
14024	1930	1933	2
14025	1930	5576	2
14026	1930	6173	2
14027	1930	6178	2
14028	1931	1929	2
14029	1931	1930	2
14030	1931	1933	2
14031	1931	1934	2
14032	1931	1935	2
14033	1931	1937	2
14034	1931	1938	2
14035	1931	1939	2
14036	1931	1940	2
14037	1931	1941	2
14038	1931	1943	2
14039	1931	1945	2
14040	1931	1947	2
14041	1931	1949	2
14042	1931	1950	2
14043	1931	6172	2
14044	1931	6178	2
14045	1932	1930	2
14046	1932	1934	2
14047	1932	1935	2
14048	1932	1936	2
14049	1932	1937	2
14050	1932	1938	2
14051	1932	1939	2
14052	1932	1940	2
14053	1932	1941	2
14054	1932	1943	2
14055	1932	1945	2
14056	1932	1947	2
14057	1932	1949	2
14058	1932	1950	2
14059	1932	6172	2
14060	1932	6178	2
14061	1933	1930	2
14062	1933	1931	2
14063	1933	1932	2
14064	1933	1935	2
14065	1933	1936	2
14066	1933	1937	2
14067	1933	1938	2
14068	1933	1939	2
14069	1933	1940	2
14070	1933	1949	2
14071	1933	1950	2
14072	1934	1929	2
14073	1934	1930	2
14074	1934	1932	2
14075	1934	1935	2
14076	1934	1936	2
14077	1934	1937	2
14078	1934	1938	2
14079	1934	1939	2
14080	1934	1940	2
14081	1934	1941	2
14082	1934	1943	2
14083	1934	1945	2
14084	1934	1947	2
14085	1934	1949	2
14086	1934	1950	2
14087	1935	1929	2
14088	1935	1931	2
14089	1935	1933	2
14090	1935	1934	2
14091	1935	1936	2
14092	1935	1937	2
14093	1935	1938	2
14094	1935	1939	2
14095	1935	1940	2
14096	1935	1941	2
14097	1935	1942	2
14098	1935	1943	2
14099	1935	1944	2
14100	1935	1945	2
14101	1935	1946	2
14102	1935	1947	2
14103	1935	1948	2
14104	1935	1949	2
14105	1935	1950	2
14106	1935	6172	2
14107	1936	1931	2
14108	1936	1932	2
14109	1936	1933	2
14110	1936	1934	2
14111	1936	1935	2
14112	1936	1937	2
14113	1936	1938	2
14114	1936	1939	2
14115	1936	1940	2
14116	1936	1941	2
14117	1936	1942	2
14118	1936	1943	2
14119	1936	1944	2
14120	1936	1945	2
14121	1936	1946	2
14122	1936	1947	2
14123	1936	1950	2
14124	1936	6172	2
14125	1937	1931	2
14126	1937	1932	2
14127	1937	1933	2
14128	1937	1934	2
14129	1937	1936	2
14130	1937	1940	2
14131	1937	1941	2
14132	1937	1942	2
14133	1937	1943	2
14134	1937	1944	2
14135	1937	1945	2
14136	1937	1946	2
14137	1937	1947	2
14138	1937	1948	2
14139	1937	1949	2
14140	1937	1950	2
14141	1938	1931	2
14142	1938	1932	2
14143	1938	1933	2
14144	1938	1934	2
14145	1938	1935	2
14146	1938	1936	2
14147	1938	1937	2
14148	1938	1939	2
14149	1938	1941	2
14150	1938	1942	2
14151	1938	1943	2
14152	1938	1944	2
14153	1938	1945	2
14154	1938	1946	2
14155	1938	1948	2
14156	1938	1949	2
14157	1938	1950	2
14158	1938	6172	2
14159	1939	1931	2
14160	1939	1932	2
14161	1939	1933	2
14162	1939	1934	2
14163	1939	1935	2
14164	1939	1936	2
14165	1939	1938	2
14166	1939	1940	2
14167	1939	1941	2
14168	1939	1942	2
14169	1939	1943	2
14170	1939	1944	2
14171	1939	1945	2
14172	1939	1946	2
14173	1939	1947	2
14174	1939	1948	2
14175	1939	1949	2
14176	1939	1950	2
14177	1940	1931	2
14178	1940	1932	2
14179	1940	1933	2
14180	1940	1934	2
14181	1940	1935	2
14182	1940	1936	2
14183	1940	1937	2
14184	1940	1942	2
14185	1940	1943	2
14186	1940	1944	2
14187	1940	1945	2
14188	1940	1946	2
14189	1940	1947	2
14190	1940	1948	2
14191	1940	1949	2
14192	1940	1950	2
14193	1940	6172	2
14194	1941	1931	2
14195	1941	1932	2
14196	1941	1934	2
14197	1941	1935	2
14198	1941	1936	2
14199	1941	1937	2
14200	1941	1938	2
14201	1941	1939	2
14202	1941	1940	2
14203	1941	1942	2
14204	1941	1944	2
14205	1941	1945	2
14206	1941	1946	2
14207	1941	1947	2
14208	1941	1948	2
14209	1941	1949	2
14210	1941	2586	2
14211	1941	2587	2
14212	1941	6172	2
14213	1942	1935	2
14214	1942	1936	2
14215	1942	1937	2
14216	1942	1938	2
14217	1942	1940	2
14218	1942	1943	2
14219	1942	1944	2
14220	1942	1945	2
14221	1942	1946	2
14222	1942	1947	2
14223	1942	1948	2
14224	1942	1949	2
14225	1942	1950	2
14226	1942	2586	2
14227	1942	2587	2
14228	1943	1931	2
14229	1943	1932	2
14230	1943	1934	2
14231	1943	1935	2
14232	1943	1936	2
14233	1943	1937	2
14234	1943	1938	2
14235	1943	1939	2
14236	1943	1940	2
14237	1943	1942	2
14238	1943	1946	2
14239	1943	1947	2
14240	1943	1948	2
14241	1943	1949	2
14242	1943	1950	2
14243	1943	2586	2
14244	1943	2587	2
14245	1943	6172	2
14246	1944	1935	2
14247	1944	1936	2
14248	1944	1937	2
14249	1944	1938	2
14250	1944	1939	2
14251	1944	1940	2
14252	1944	1941	2
14253	1944	1942	2
14254	1944	1943	2
14255	1944	1945	2
14256	1944	1946	2
14257	1944	1947	2
14258	1944	1948	2
14259	1944	1949	2
14260	1944	1950	2
14261	1944	2586	2
14262	1944	2587	2
14263	1945	1931	2
14264	1945	1932	2
14265	1945	1934	2
14266	1945	1935	2
14267	1945	1936	2
14268	1945	1937	2
14269	1945	1938	2
14270	1945	1939	2
14271	1945	1941	2
14272	1945	1942	2
14273	1945	1943	2
14274	1945	1944	2
14275	1945	1946	2
14276	1945	1948	2
14277	1945	1949	2
14278	1945	1950	2
14279	1945	2586	2
14280	1945	2587	2
14281	1945	6172	2
14282	1946	1935	2
14283	1946	1936	2
14284	1946	1937	2
14285	1946	1938	2
14286	1946	1939	2
14287	1946	1940	2
14288	1946	1941	2
14289	1946	1942	2
14290	1946	1943	2
14291	1946	1947	2
14292	1946	1949	2
14293	1946	1950	2
14294	1946	2586	2
14295	1946	2587	2
14296	1946	2588	2
14297	1946	2589	2
14298	1946	5582	2
14299	1946	6171	2
14300	1946	6172	2
14301	1947	1931	2
14302	1947	1932	2
14303	1947	1934	2
14304	1947	1935	2
14305	1947	1936	2
14306	1947	1937	2
14307	1947	1938	2
14308	1947	1939	2
14309	1947	1940	2
14310	1947	1941	2
14311	1947	1942	2
14312	1947	1943	2
14313	1947	1944	2
14314	1947	1946	2
14315	1947	1950	2
14316	1947	2586	2
14317	1947	2587	2
14318	1947	6172	2
14319	1948	1935	2
14320	1948	1936	2
14321	1948	1937	2
14322	1948	1938	2
14323	1948	1939	2
14324	1948	1940	2
14325	1948	1941	2
14326	1948	1942	2
14327	1948	1943	2
14328	1948	1944	2
14329	1948	1945	2
14330	1948	1947	2
14331	1948	1949	2
14332	1948	1950	2
14333	1948	2586	2
14334	1948	2588	2
14335	1948	2589	2
14336	1948	5582	2
14337	1948	6171	2
14338	1948	6172	2
14339	1949	1931	2
14340	1949	1932	2
14341	1949	1933	2
14342	1949	1934	2
14343	1949	1935	2
14344	1949	1936	2
14345	1949	1937	2
14346	1949	1938	2
14347	1949	1939	2
14348	1949	1940	2
14349	1949	1941	2
14350	1949	1942	2
14351	1949	1944	2
14352	1949	1945	2
14353	1949	1946	2
14354	1949	1947	2
14355	1949	1948	2
14356	1949	2586	2
14357	1949	6172	2
14358	1950	1931	2
14359	1950	1932	2
14360	1950	1933	2
14361	1950	1934	2
14362	1950	1936	2
14363	1950	1937	2
14364	1950	1939	2
14365	1950	1940	2
14366	1950	1941	2
14367	1950	1942	2
14368	1950	1943	2
14369	1950	1944	2
14370	1950	1945	2
14371	1950	1946	2
14372	1950	1947	2
14373	1950	1948	2
14374	1950	2586	2
14375	1950	6172	2
14376	1951	1954	2
14377	1951	1956	2
14378	1951	1957	2
14379	1952	1281	2
14380	1952	1951	2
14381	1952	1953	2
14382	1952	1955	2
14383	1952	1956	2
14384	1952	1957	2
14385	1953	1952	2
14386	1953	1954	2
14387	1953	1955	2
14388	1953	1956	2
14389	1953	1957	2
14390	1954	1281	2
14391	1954	1283	2
14392	1954	1951	2
14393	1954	1955	2
14394	1954	1957	2
14395	1955	1281	2
14396	1955	1283	2
14397	1955	1951	2
14398	1955	1952	2
14399	1955	1953	2
14400	1955	1954	2
14401	1956	1281	2
14402	1956	1283	2
14403	1956	1951	2
14404	1956	1952	2
14405	1956	1954	2
14406	1957	1281	2
14407	1957	1283	2
14408	1957	1951	2
14409	1957	1953	2
14410	1957	1954	2
14411	1958	4463	2
14412	1958	4464	2
14413	1958	4465	2
14414	1958	4466	2
14415	1960	1961	2
14416	1960	1962	2
14417	1960	1963	2
14418	1960	1964	2
14419	1960	1965	2
14420	1960	4334	2
14421	1960	6145	2
14422	1961	1960	2
14423	1961	1963	2
14424	1961	1965	2
14425	1961	6145	2
14426	1962	1960	2
14427	1962	1961	2
14428	1962	1964	2
14429	1962	1965	2
14430	1962	4334	2
14431	1962	4420	2
14432	1962	6145	2
14433	1963	1961	2
14434	1963	1964	2
14435	1963	4334	2
14436	1963	4420	2
14437	1963	6145	2
14438	1964	1960	2
14439	1964	1961	2
14440	1964	1963	2
14441	1965	1961	2
14442	1965	1962	2
14443	1965	1963	2
14444	1965	4334	5
14445	1965	4420	5
14446	1966	1967	2
14447	1966	1968	2
14448	1966	1969	2
14449	1966	1970	2
14450	1966	1971	2
14451	1966	4345	2
14452	1966	4350	2
14453	1966	6144	2
14454	1967	1966	2
14455	1967	1968	2
14456	1967	1970	2
14457	1967	4345	2
14458	1967	4350	2
14459	1967	6144	2
14460	1968	1967	2
14461	1968	1969	2
14462	1968	1971	2
14463	1968	4345	2
14464	1968	4346	2
14465	1968	4349	2
14466	1968	4350	2
14467	1968	6144	2
14468	1969	1966	2
14469	1969	1967	2
14470	1969	1968	2
14471	1969	1970	2
14472	1969	1971	2
14473	1969	4345	2
14474	1969	4346	2
14475	1969	4349	2
14476	1969	4350	2
14477	1969	6144	2
14478	1970	1967	2
14479	1970	1968	2
14480	1970	1969	2
14481	1971	1966	2
14482	1971	1967	2
14483	1971	1968	2
14484	1972	1975	2
14485	1972	1976	2
14486	1972	1977	2
14487	1972	1978	2
14488	1973	1976	2
14489	1973	1977	2
14490	1973	1978	2
14491	1973	6620	5
14492	1974	1975	2
14493	1974	1976	2
14494	1974	1978	2
14495	1975	1275	2
14496	1975	1972	2
14497	1975	1973	2
14498	1975	1974	2
14499	1975	1976	2
14500	1975	1977	2
14501	1975	1978	2
14502	1975	4347	2
14503	1976	1275	2
14504	1976	1972	2
14505	1976	1973	2
14506	1976	1975	2
14507	1976	1978	2
14508	1976	4346	2
14509	1976	4347	2
14510	1977	1275	2
14511	1977	1972	2
14512	1977	1973	2
14513	1977	1974	2
14514	1977	1975	2
14515	1977	1976	2
14516	1977	4360	2
14517	1977	6620	2
14518	1978	1275	2
14519	1978	1972	2
14520	1978	1974	2
14521	1978	1976	2
14522	1978	4360	2
14523	1978	6620	2
14524	1979	1980	2
14525	1979	1981	2
14526	1979	1982	2
14527	1979	1983	2
14528	1979	1984	2
14529	1979	4366	2
14530	1979	4367	2
14531	1979	4368	2
14532	1979	4369	2
14533	1979	4370	2
14534	1979	6143	2
14535	1979	6456	2
14536	1980	1979	2
14537	1980	1982	2
14538	1980	1983	2
14539	1980	4366	2
14540	1980	4367	2
14541	1980	4368	2
14542	1980	4369	2
14543	1980	4370	2
14544	1980	6143	2
14545	1980	6456	2
14546	1981	1979	2
14547	1981	1980	2
14548	1981	1982	2
14549	1981	1983	2
14550	1981	1984	2
14551	1981	1994	2
14552	1981	1995	2
14553	1981	1997	2
14554	1981	1998	2
14555	1981	1999	2
14556	1981	2000	2
14557	1981	2001	2
14558	1981	2002	2
14559	1981	2003	2
14560	1981	2004	2
14561	1981	2005	2
14562	1981	2006	2
14563	1981	2007	2
14564	1981	4364	2
14565	1981	4366	2
14566	1981	4367	2
14567	1981	4370	2
14568	1981	6132	2
14569	1981	6133	2
14570	1981	6134	2
14571	1981	6143	2
14572	1981	6456	2
14573	1981	6457	2
14574	1981	6458	2
14575	1981	6460	2
14576	1982	1980	2
14577	1982	1981	2
14578	1982	1984	2
14579	1982	1995	2
14580	1982	1996	2
14581	1982	2000	2
14582	1982	2001	2
14583	1982	2002	2
14584	1982	2004	2
14585	1982	2007	2
14586	1982	4364	2
14587	1982	4366	2
14588	1982	4367	2
14589	1982	4369	2
14590	1982	4370	2
14591	1982	6132	2
14592	1982	6133	2
14593	1982	6134	2
14594	1982	6143	2
14595	1982	6456	2
14596	1982	6457	2
14597	1982	6458	2
14598	1983	1980	2
14599	1983	1981	2
14600	1983	1982	2
14601	1984	1979	2
14602	1984	1980	2
14603	1984	1982	2
14604	1984	1995	2
14605	1984	1996	2
14606	1984	4364	5
14607	1984	4366	5
14608	1984	6132	5
14609	1984	6133	5
14610	1984	6458	5
14611	1985	1986	5
14612	1985	1988	2
14613	1985	1990	2
14614	1985	1992	2
14615	1985	1995	2
14616	1985	1996	2
14617	1985	1997	5
14618	1985	1998	2
14619	1985	1999	2
14620	1985	2000	5
14621	1985	2002	2
14622	1985	2003	2
14623	1985	2004	2
14624	1985	2005	2
14625	1985	2007	2
14626	1985	2008	2
14627	1985	2009	2
14628	1985	4364	5
14629	1985	6132	5
14630	1985	6133	5
14631	1985	6458	5
14632	1986	1988	2
14633	1986	1990	2
14634	1986	1992	2
14635	1986	1995	2
14636	1986	1996	2
14637	1986	1997	7
14638	1986	1998	2
14639	1986	1999	2
14640	1986	2000	7
14641	1986	2002	2
14642	1986	2003	2
14643	1986	2004	2
14644	1986	2005	2
14645	1986	2007	2
14646	1986	2008	2
14647	1986	2009	2
14648	1986	6132	5
14649	1986	6458	5
14650	1986	6460	5
14651	1987	1466	5
14652	1987	1990	2
14653	1987	1992	2
14654	1987	1995	2
14655	1987	1996	2
14656	1987	1998	2
14657	1987	1999	2
14658	1987	2002	2
14659	1987	2003	2
14660	1987	2004	2
14661	1987	2005	2
14662	1987	2007	2
14663	1987	2008	2
14664	1987	2009	2
14665	1987	6117	5
14666	1988	1466	2
14667	1988	1985	2
14668	1988	1986	2
14669	1988	1987	2
14670	1988	1989	2
14671	1988	1990	2
14672	1988	1991	2
14673	1988	1992	2
14674	1988	1994	2
14675	1988	1995	2
14676	1988	1996	2
14677	1988	1997	2
14678	1988	1999	2
14679	1988	2000	2
14680	1988	2001	2
14681	1988	2002	2
14682	1988	2003	2
14683	1988	2004	2
14684	1988	2005	2
14685	1988	2006	2
14686	1988	2007	2
14687	1988	2008	2
14688	1988	2009	2
14689	1988	6117	2
14690	1988	6132	2
14691	1988	6133	2
14692	1988	6457	2
14693	1988	6458	2
14694	1988	6459	2
14695	1988	6460	2
14696	1989	1466	7
14697	1989	1988	2
14698	1989	1990	2
14699	1989	1992	2
14700	1989	1995	2
14701	1989	1996	2
14702	1989	1998	2
14703	1989	1999	2
14704	1989	2002	2
14705	1989	2003	2
14706	1989	2004	2
14707	1989	2005	2
14708	1989	2007	2
14709	1989	2008	2
14710	1989	2009	2
14711	1990	1985	2
14712	1990	1986	2
14713	1990	1987	2
14714	1990	1991	2
14715	1990	1997	2
14716	1990	1998	2
14717	1990	4363	2
14718	1990	6117	2
14719	1990	6119	2
14720	1990	6132	2
14721	1990	6460	2
14722	1991	1985	5
14723	1991	1988	2
14724	1991	1990	2
14725	1991	1998	2
14726	1991	1999	2
14727	1991	6132	5
14728	1991	6460	5
14729	1992	1466	2
14730	1992	1985	2
14731	1992	1986	2
14732	1992	1987	2
14733	1992	1988	2
14734	1992	1989	2
14735	1992	1991	2
14736	1992	1997	2
14737	1992	1998	2
14738	1992	4363	2
14739	1992	6117	2
14740	1992	6119	2
14741	1992	6132	2
14742	1992	6460	2
14743	1993	1467	2
14744	1993	1491	2
14745	1993	1995	2
14746	1993	1996	2
14747	1993	1997	2
14748	1993	1998	2
14749	1993	1999	2
14750	1993	2000	2
14751	1993	2001	2
14752	1993	2002	2
14753	1993	2003	2
14754	1993	2004	2
14755	1993	2005	2
14756	1993	2006	2
14757	1993	2007	2
14758	1993	2008	2
14759	1993	2009	2
14760	1993	2857	2
14761	1993	4123	2
14762	1993	4371	2
14763	1993	4372	2
14764	1993	6114	2
14765	1993	6133	2
14766	1993	6134	2
14767	1993	6457	2
14768	1993	6459	2
14769	1993	6540	2
14770	1993	7004	2
14771	1993	7005	2
14772	1993	7006	2
14773	1993	7009	2
14774	1993	7010	2
14775	1993	7389	2
14776	1994	1981	2
14777	1994	1988	2
14778	1994	1993	2
14779	1994	1996	2
14780	1994	1998	2
14781	1994	1999	2
14782	1994	2002	2
14783	1994	2003	2
14784	1994	2004	2
14785	1994	2005	2
14786	1994	2007	2
14787	1994	2008	2
14788	1994	2009	2
14789	1994	2857	2
14790	1994	4371	5
14791	1994	4372	5
14792	1994	7006	2
14793	1994	7009	5
14794	1995	1467	2
14795	1995	1491	2
14796	1995	1981	2
14797	1995	1984	2
14798	1995	1985	2
14799	1995	1986	2
14800	1995	1987	2
14801	1995	1988	2
14802	1995	1989	2
14803	1995	1993	2
14804	1995	1994	2
14805	1995	1997	2
14806	1995	1998	2
14807	1995	1999	2
14808	1995	2000	2
14809	1995	2001	2
14810	1995	2002	2
14811	1995	2003	2
14812	1995	2004	2
14813	1995	2005	2
14814	1995	2006	2
14815	1995	2007	2
14816	1995	2008	2
14817	1995	2009	2
14818	1995	4366	2
14819	1995	4367	2
14820	1995	6114	2
14821	1995	6132	2
14822	1995	6133	2
14823	1995	6134	2
14824	1995	6457	2
14825	1995	6458	2
14826	1995	6459	2
14827	1995	6460	2
14828	1996	1491	2
14829	1996	1981	2
14830	1996	1982	2
14831	1996	1984	2
14832	1996	1985	2
14833	1996	1986	2
14834	1996	1987	2
14835	1996	1988	2
14836	1996	1989	2
14837	1996	1993	2
14838	1996	1994	2
14839	1996	1998	2
14840	1996	1999	2
14841	1996	2000	2
14842	1996	2001	2
14843	1996	2003	2
14844	1996	2004	2
14845	1996	2005	2
14846	1996	2006	2
14847	1996	2007	2
14848	1996	2008	2
14849	1996	2009	2
14850	1996	4366	2
14851	1996	4367	2
14852	1996	6114	2
14853	1996	6132	2
14854	1996	6133	2
14855	1996	6134	2
14856	1996	6457	2
14857	1996	6458	2
14858	1996	6459	2
14859	1996	6460	2
14860	1997	1981	2
14861	1997	1985	5
14862	1997	1988	2
14863	1997	1990	2
14864	1997	1992	2
14865	1997	1993	2
14866	1997	1995	2
14867	1997	1996	2
14868	1997	1999	2
14869	1997	2000	7
14870	1997	2002	2
14871	1997	2003	2
14872	1997	2004	2
14873	1997	2005	2
14874	1997	2006	2
14875	1997	2007	2
14876	1997	2008	2
14877	1997	2009	2
14878	1997	6132	5
14879	1997	6458	5
14880	1997	6460	5
14881	1998	1466	2
14882	1998	1491	2
14883	1998	1981	2
14884	1998	1985	2
14885	1998	1986	2
14886	1998	1987	2
14887	1998	1988	2
14888	1998	1989	2
14889	1998	1990	2
14890	1998	1991	2
14891	1998	1992	2
14892	1998	1993	2
14893	1998	1994	2
14894	1998	1995	2
14895	1998	1996	2
14896	1998	2000	2
14897	1998	2001	2
14898	1998	2002	2
14899	1998	2003	2
14900	1998	2004	2
14901	1998	2005	2
14902	1998	2006	2
14903	1998	2007	2
14904	1998	2008	2
14905	1998	6117	2
14906	1998	6132	2
14907	1998	6133	2
14908	1998	6134	2
14909	1998	6457	2
14910	1998	6458	2
14911	1998	6459	2
14912	1998	6460	2
14913	1999	1467	2
14914	1999	1491	2
14915	1999	1981	2
14916	1999	1985	2
14917	1999	1986	2
14918	1999	1987	2
14919	1999	1988	2
14920	1999	1989	2
14921	1999	1991	2
14922	1999	1993	2
14923	1999	1994	2
14924	1999	1995	2
14925	1999	1996	2
14926	1999	1997	2
14927	1999	1998	2
14928	1999	2001	2
14929	1999	2002	2
14930	1999	2003	2
14931	1999	2004	2
14932	1999	2005	2
14933	1999	2006	2
14934	1999	2008	2
14935	1999	2009	2
14936	1999	6114	2
14937	1999	6117	2
14938	1999	6132	2
14939	1999	6133	2
14940	1999	6134	2
14941	1999	6457	2
14942	1999	6458	2
14943	1999	6459	2
14944	1999	6460	2
14945	2000	1981	2
14946	2000	1982	2
14947	2000	1985	5
14948	2000	1986	7
14949	2000	1988	2
14950	2000	1993	2
14951	2000	1995	2
14952	2000	1996	2
14953	2000	1998	2
14954	2000	2003	2
14955	2000	2004	2
14956	2000	2005	2
14957	2000	2006	2
14958	2000	2007	2
14959	2000	2008	2
14960	2000	2009	2
14961	2000	6132	5
14962	2000	6458	5
14963	2000	6460	5
14964	2001	1981	2
14965	2001	1982	2
14966	2001	1988	2
14967	2001	1993	2
14968	2001	1995	2
14969	2001	1996	2
14970	2001	1998	2
14971	2001	1999	2
14972	2001	2002	2
14973	2001	2003	2
14974	2001	2004	2
14975	2001	2005	2
14976	2001	2006	2
14977	2001	2008	2
14978	2001	2009	2
14979	2001	2857	2
14980	2001	6459	7
14981	2002	1467	2
14982	2002	1491	2
14983	2002	1981	2
14984	2002	1982	2
14985	2002	1985	2
14986	2002	1986	2
14987	2002	1987	2
14988	2002	1988	2
14989	2002	1989	2
14990	2002	1993	2
14991	2002	1994	2
14992	2002	1995	2
14993	2002	1996	2
14994	2002	1997	2
14995	2002	1998	2
14996	2002	1999	2
14997	2002	2000	2
14998	2002	2001	2
14999	2002	2005	2
15000	2002	2006	2
15001	2002	2007	2
15002	2002	2008	2
15003	2002	2009	2
15004	2002	6114	2
15005	2002	6117	2
15006	2002	6132	2
15007	2002	6133	2
15008	2002	6134	2
15009	2002	6457	2
15010	2002	6458	2
15011	2002	6459	2
15012	2002	6460	2
15013	2003	1467	2
15014	2003	1491	2
15015	2003	1981	2
15016	2003	1985	2
15017	2003	1986	2
15018	2003	1987	2
15019	2003	1988	2
15020	2003	1989	2
15021	2003	1993	2
15022	2003	1994	2
15023	2003	1995	2
15024	2003	1996	2
15025	2003	1997	2
15026	2003	1998	2
15027	2003	2000	2
15028	2003	2001	2
15029	2003	2002	2
15030	2003	2004	2
15031	2003	2006	2
15032	2003	2007	2
15033	2003	2008	2
15034	2003	6114	2
15035	2003	6117	2
15036	2003	6132	2
15037	2003	6133	2
15038	2003	6134	2
15039	2003	6457	2
15040	2003	6458	2
15041	2003	6459	2
15042	2003	6460	2
15043	2004	1467	2
15044	2004	1491	2
15045	2004	1981	2
15046	2004	1982	2
15047	2004	1985	2
15048	2004	1986	2
15049	2004	1987	2
15050	2004	1988	2
15051	2004	1989	2
15052	2004	1993	2
15053	2004	1994	2
15054	2004	1996	2
15055	2004	1997	2
15056	2004	1998	2
15057	2004	1999	2
15058	2004	2000	2
15059	2004	2003	2
15060	2004	2005	2
15061	2004	2006	2
15062	2004	2007	2
15063	2004	2008	2
15064	2004	2009	2
15065	2004	6114	2
15066	2004	6117	2
15067	2004	6132	2
15068	2004	6133	2
15069	2004	6134	2
15070	2004	6457	2
15071	2004	6458	2
15072	2004	6459	2
15073	2004	6460	2
15074	2005	1467	2
15075	2005	1491	2
15076	2005	1981	2
15077	2005	1985	2
15078	2005	1986	2
15079	2005	1987	2
15080	2005	1988	2
15081	2005	1989	2
15082	2005	1993	2
15083	2005	1994	2
15084	2005	1995	2
15085	2005	1996	2
15086	2005	1997	2
15087	2005	1998	2
15088	2005	1999	2
15089	2005	2000	2
15090	2005	2001	2
15091	2005	2002	2
15092	2005	2006	2
15093	2005	2008	2
15094	2005	2009	2
15095	2005	6114	2
15096	2005	6117	2
15097	2005	6132	2
15098	2005	6133	2
15099	2005	6134	2
15100	2005	6457	2
15101	2005	6458	2
15102	2005	6459	2
15103	2005	6460	2
15104	2006	1467	2
15105	2006	1981	2
15106	2006	1988	2
15107	2006	1993	2
15108	2006	1995	2
15109	2006	1996	2
15110	2006	1997	2
15111	2006	1998	2
15112	2006	1999	2
15113	2006	2000	2
15114	2006	2001	2
15115	2006	2002	2
15116	2006	2003	2
15117	2006	2004	2
15118	2006	2005	2
15119	2006	2007	2
15120	2006	2008	2
15121	2006	2009	2
15122	2006	4371	2
15123	2006	4372	2
15124	2006	6114	2
15125	2006	6133	2
15126	2006	6134	2
15127	2006	6457	2
15128	2006	6459	2
15129	2006	7004	2
15130	2006	7006	2
15131	2006	7009	2
15132	2006	7010	2
15133	2007	1467	2
15134	2007	1491	2
15135	2007	1981	2
15136	2007	1982	2
15137	2007	1985	2
15138	2007	1986	2
15139	2007	1987	2
15140	2007	1988	2
15141	2007	1989	2
15142	2007	1993	2
15143	2007	1994	2
15144	2007	1995	2
15145	2007	1996	2
15146	2007	1997	2
15147	2007	1998	2
15148	2007	1999	2
15149	2007	2000	2
15150	2007	2002	2
15151	2007	2003	2
15152	2007	2004	2
15153	2007	2008	2
15154	2007	2009	2
15155	2007	2857	2
15156	2007	6114	2
15157	2007	6117	2
15158	2007	6132	2
15159	2007	6133	2
15160	2007	6134	2
15161	2007	6457	2
15162	2007	6458	2
15163	2007	6459	2
15164	2007	6460	2
15165	2008	1467	2
15166	2008	1491	2
15167	2008	1985	2
15168	2008	1986	2
15169	2008	1987	2
15170	2008	1988	2
15171	2008	1989	2
15172	2008	1993	2
15173	2008	1994	2
15174	2008	1995	2
15175	2008	1996	2
15176	2008	1997	2
15177	2008	1998	2
15178	2008	1999	2
15179	2008	2000	2
15180	2008	2001	2
15181	2008	2002	2
15182	2008	2003	2
15183	2008	2004	2
15184	2008	2007	2
15185	2008	6114	2
15186	2008	6117	2
15187	2008	6133	2
15188	2008	6134	2
15189	2008	6457	2
15190	2008	6459	2
15191	2008	6460	2
15192	2009	1467	2
15193	2009	1491	2
15194	2009	1985	2
15195	2009	1986	2
15196	2009	1987	2
15197	2009	1988	2
15198	2009	1989	2
15199	2009	1993	2
15200	2009	1994	2
15201	2009	1995	2
15202	2009	1996	2
15203	2009	1997	2
15204	2009	1998	2
15205	2009	1999	2
15206	2009	2000	2
15207	2009	2001	2
15208	2009	2002	2
15209	2009	2003	2
15210	2009	2004	2
15211	2009	2005	2
15212	2009	2006	2
15213	2009	2007	2
15214	2009	6114	2
15215	2009	6117	2
15216	2009	6133	2
15217	2009	6457	2
15218	2009	6459	2
15219	2009	6460	2
15220	2010	2012	2
15221	2010	2013	2
15222	2010	4072	2
15223	2010	4073	2
15224	2010	4075	2
15225	2010	4125	2
15226	2011	1433	2
15227	2011	1434	2
15228	2011	2012	2
15229	2011	2013	2
15230	2011	4072	2
15231	2011	4073	2
15232	2011	4075	2
15233	2011	4125	2
15234	2011	6115	2
15235	2012	1433	2
15236	2012	1434	5
15237	2012	2010	2
15238	2012	2013	2
15239	2013	1434	2
15240	2013	2010	2
15241	2013	4072	2
15242	2013	4073	2
15243	2013	4075	2
15244	2013	4076	2
15245	2013	4125	2
15246	2013	6108	2
15247	2014	2016	2
15248	2014	2017	2
15249	2014	2100	2
15250	2015	2014	2
15251	2015	2016	2
15252	2015	2017	2
15253	2015	2018	2
15254	2015	6059	2
15255	2015	6060	2
15256	2015	6096	2
15257	2015	6463	2
15258	2016	2017	2
15259	2016	2018	2
15260	2016	2100	2
15261	2016	2103	2
15262	2016	2104	2
15263	2016	2105	2
15264	2016	2106	2
15265	2016	6059	2
15266	2016	6096	2
15267	2017	2014	2
15268	2017	2015	2
15269	2017	2016	2
15270	2017	2018	2
15271	2017	2100	2
15272	2017	2103	2
15273	2017	2104	2
15274	2017	2106	2
15275	2017	6059	2
15276	2017	6096	2
15277	2017	6464	2
15278	2018	2015	2
15279	2018	2016	2
15280	2018	2100	2
15281	2019	1429	2
15282	2019	1430	2
15283	2019	2021	2
15284	2019	2056	2
15285	2019	2057	2
15286	2019	2073	2
15287	2019	2075	2
15288	2019	2076	2
15289	2019	2077	2
15290	2019	2078	2
15291	2019	2079	2
15292	2019	2081	2
15293	2019	2088	2
15294	2019	2089	2
15295	2019	2090	2
15296	2019	2091	2
15297	2019	4089	2
15298	2019	6061	2
15299	2019	6065	2
15300	2019	6466	2
15301	2019	6470	2
15302	2019	6688	2
15303	2020	1271	2
15304	2020	1429	2
15305	2020	1430	2
15306	2020	2019	2
15307	2020	2021	2
15308	2020	2022	2
15309	2020	2056	2
15310	2020	2073	2
15311	2020	2075	2
15312	2020	2076	2
15313	2020	2077	2
15314	2020	2078	2
15315	2020	2079	2
15316	2020	2080	2
15317	2020	2081	2
15318	2020	2088	2
15319	2020	2089	2
15320	2020	2090	2
15321	2020	2091	2
15322	2020	4086	2
15323	2020	4087	2
15324	2020	4088	2
15325	2020	4089	2
15326	2020	6061	2
15327	2020	6065	2
15328	2020	6466	2
15329	2020	6575	2
15330	2020	6688	2
15331	2021	1429	2
15332	2021	2019	2
15333	2021	2020	2
15334	2021	2056	2
15335	2021	2057	2
15336	2021	2068	2
15337	2021	2069	2
15338	2021	2070	2
15339	2021	2071	2
15340	2021	2072	2
15341	2021	2073	2
15342	2021	2074	2
15343	2021	2075	2
15344	2021	2076	2
15345	2021	2077	2
15346	2021	2078	2
15347	2021	2079	2
15348	2021	2080	2
15349	2021	2081	2
15350	2021	2082	2
15351	2021	2083	2
15352	2021	2084	2
15353	2021	2085	2
15354	2021	2086	2
15355	2021	2087	2
15356	2021	2088	2
15357	2021	2089	2
15358	2021	4094	2
15359	2021	6061	2
15360	2021	6065	2
15361	2021	6066	2
15362	2021	6466	2
15363	2021	6467	2
15364	2021	6469	2
15365	2021	6470	2
15366	2021	6575	2
15367	2022	1429	2
15368	2022	1430	2
15369	2022	2020	2
15370	2022	2021	2
15371	2022	2056	2
15372	2022	2057	2
15373	2022	2073	2
15374	2022	2075	2
15375	2022	2076	2
15376	2022	2077	2
15377	2022	2078	2
15378	2022	2079	2
15379	2022	2080	2
15380	2022	2081	2
15381	2022	2088	2
15382	2022	2089	2
15383	2022	2090	2
15384	2022	2091	2
15385	2022	4089	2
15386	2022	6061	2
15387	2022	6065	2
15388	2022	6466	2
15389	2022	6470	2
15390	2023	2030	2
15391	2023	2031	2
15392	2023	2032	2
15393	2023	2033	2
15394	2023	2038	2
15395	2023	2039	2
15396	2023	2040	2
15397	2023	2041	2
15398	2023	4078	5
15399	2024	2025	5
15400	2024	6106	5
15401	2025	2024	5
15402	2025	2030	2
15403	2025	2031	2
15404	2025	2032	2
15405	2025	2033	2
15406	2025	2038	2
15407	2025	2039	2
15408	2025	2040	2
15409	2025	2041	2
15410	2025	4078	5
15411	2026	2030	2
15412	2026	2031	2
15413	2026	2032	2
15414	2026	2033	2
15415	2026	2035	5
15416	2026	2038	2
15417	2026	2039	2
15418	2026	2041	2
15419	2026	6109	5
15420	2027	2030	2
15421	2027	2031	2
15422	2027	2032	2
15423	2027	2033	2
15424	2027	2038	2
15425	2027	2039	2
15426	2027	2040	2
15427	2027	2041	2
15428	2028	1432	5
15429	2028	2030	2
15430	2028	2032	2
15431	2028	2033	2
15432	2028	2037	5
15433	2028	2038	2
15434	2028	2039	2
15435	2028	2040	2
15436	2028	2041	2
15437	2028	2044	5
15438	2028	6109	5
15439	2029	1432	5
15440	2029	2028	5
15441	2029	2030	2
15442	2029	2031	2
15443	2029	2032	2
15444	2029	2033	2
15445	2029	2036	5
15446	2029	2038	2
15447	2029	2039	2
15448	2029	2040	2
15449	2029	2041	2
15450	2029	2044	5
15451	2029	6109	5
15452	2030	1431	2
15453	2030	1432	2
15454	2030	2023	2
15455	2030	2025	2
15456	2030	2026	2
15457	2030	2028	2
15458	2030	2029	2
15459	2030	2032	2
15460	2030	2034	2
15461	2030	2035	2
15462	2030	2036	2
15463	2030	2037	2
15464	2030	2038	2
15465	2030	2039	2
15466	2030	2040	2
15467	2030	2041	2
15468	2030	2042	2
15469	2030	2044	2
15470	2030	4074	2
15471	2030	6109	2
15472	2031	1431	2
15473	2031	1432	2
15474	2031	2023	2
15475	2031	2025	2
15476	2031	2026	2
15477	2031	2027	2
15478	2031	2028	2
15479	2031	2029	2
15480	2031	2032	2
15481	2031	2033	2
15482	2031	2034	2
15483	2031	2035	2
15484	2031	2036	2
15485	2031	2037	2
15486	2031	2038	2
15487	2031	2039	2
15488	2031	2040	2
15489	2031	2041	2
15490	2031	2042	2
15491	2031	2044	2
15492	2031	4074	2
15493	2031	6109	2
15494	2032	1431	2
15495	2032	1432	2
15496	2032	2023	2
15497	2032	2025	2
15498	2032	2026	2
15499	2032	2027	2
15500	2032	2028	2
15501	2032	2030	2
15502	2032	2034	2
15503	2032	2035	2
15504	2032	2036	2
15505	2032	2037	2
15506	2032	2038	2
15507	2032	2039	2
15508	2032	2040	2
15509	2032	2041	2
15510	2032	2042	2
15511	2032	2043	2
15512	2032	2044	2
15513	2032	6109	2
15514	2033	1431	2
15515	2033	1432	2
15516	2033	2023	2
15517	2033	2025	2
15518	2033	2026	2
15519	2033	2027	2
15520	2033	2028	2
15521	2033	2029	2
15522	2033	2030	2
15523	2033	2031	2
15524	2033	2034	2
15525	2033	2035	2
15526	2033	2036	2
15527	2033	2037	2
15528	2033	2038	2
15529	2033	2039	2
15530	2033	2040	2
15531	2033	2042	2
15532	2033	2043	2
15533	2033	2044	2
15534	2033	6109	2
15535	2034	2026	5
15536	2034	2030	2
15537	2034	2031	2
15538	2034	2032	2
15539	2034	2033	2
15540	2034	2038	2
15541	2034	2039	2
15542	2034	2040	2
15543	2034	2041	2
15544	2035	2026	5
15545	2035	2030	2
15546	2035	2031	2
15547	2035	2032	2
15548	2035	2038	2
15549	2035	2039	2
15550	2035	2040	2
15551	2035	2041	2
15552	2036	1432	5
15553	2036	2029	5
15554	2036	2030	2
15555	2036	2031	2
15556	2036	2032	2
15557	2036	2033	2
15558	2036	2037	5
15559	2036	2038	2
15560	2036	2039	2
15561	2036	2040	2
15562	2036	2041	2
15563	2036	2044	5
15564	2036	6109	5
15565	2037	1432	5
15566	2037	2028	5
15567	2037	2030	2
15568	2037	2031	2
15569	2037	2032	2
15570	2037	2033	2
15571	2037	2038	2
15572	2037	2040	2
15573	2037	2041	2
15574	2037	2044	5
15575	2037	6109	5
15576	2038	1431	2
15577	2038	1432	2
15578	2038	2023	2
15579	2038	2025	2
15580	2038	2026	2
15581	2038	2027	2
15582	2038	2028	2
15583	2038	2029	2
15584	2038	2030	2
15585	2038	2031	2
15586	2038	2032	2
15587	2038	2033	2
15588	2038	2034	2
15589	2038	2035	2
15590	2038	2037	2
15591	2038	2040	2
15592	2038	2041	2
15593	2038	2042	2
15594	2038	2044	2
15595	2038	6101	2
15596	2038	6109	2
15597	2039	1431	2
15598	2039	1432	2
15599	2039	2023	2
15600	2039	2025	2
15601	2039	2026	2
15602	2039	2027	2
15603	2039	2028	2
15604	2039	2029	2
15605	2039	2030	2
15606	2039	2031	2
15607	2039	2033	2
15608	2039	2034	2
15609	2039	2035	2
15610	2039	2036	2
15611	2039	2037	2
15612	2039	2038	2
15613	2039	2040	2
15614	2039	2042	2
15615	2039	2043	2
15616	2039	2044	2
15617	2039	6109	2
15618	2040	1431	2
15619	2040	1432	2
15620	2040	2023	2
15621	2040	2025	2
15622	2040	2026	2
15623	2040	2027	2
15624	2040	2028	2
15625	2040	2029	2
15626	2040	2030	2
15627	2040	2031	2
15628	2040	2032	2
15629	2040	2033	2
15630	2040	2034	2
15631	2040	2035	2
15632	2040	2036	2
15633	2040	2037	2
15634	2040	2038	2
15635	2040	2039	2
15636	2040	2041	2
15637	2040	2042	2
15638	2040	2044	2
15639	2040	6101	2
15640	2040	6109	2
15641	2041	1431	2
15642	2041	1432	2
15643	2041	2023	2
15644	2041	2025	2
15645	2041	2026	2
15646	2041	2027	2
15647	2041	2028	2
15648	2041	2029	2
15649	2041	2030	2
15650	2041	2031	2
15651	2041	2032	2
15652	2041	2033	2
15653	2041	2035	2
15654	2041	2036	2
15655	2041	2037	2
15656	2041	2038	2
15657	2041	2042	2
15658	2041	2043	2
15659	2041	2044	2
15660	2041	6109	2
15661	2042	2030	2
15662	2042	2031	2
15663	2042	2032	2
15664	2042	2033	2
15665	2042	2038	2
15666	2042	2039	2
15667	2042	2040	2
15668	2042	2041	2
15669	2042	2045	5
15670	2042	6103	5
15671	2043	1265	5
15672	2043	1431	5
15673	2043	2032	2
15674	2043	2033	2
15675	2043	2039	2
15676	2043	2041	2
15677	2043	2042	5
15678	2043	2045	5
15679	2043	6103	5
15680	2044	2028	5
15681	2044	2029	5
15682	2044	2030	2
15683	2044	2031	2
15684	2044	2032	2
15685	2044	2033	2
15686	2044	2036	5
15687	2044	2037	5
15688	2044	2038	2
15689	2044	2039	2
15690	2044	2040	2
15691	2044	2041	2
15692	2045	1265	5
15693	2045	2042	5
15694	2045	2043	5
15695	2045	4069	5
15696	2045	6103	5
15697	2045	6690	5
15698	2046	2048	2
15699	2046	2049	2
15700	2046	2050	2
15701	2046	2051	2
15702	2046	2052	5
15703	2046	2053	5
15704	2046	2054	5
15705	2046	2101	2
15706	2046	2102	2
15707	2046	4092	5
15708	2046	6098	5
15709	2047	2048	2
15710	2047	2049	2
15711	2047	2050	2
15712	2047	2051	2
15713	2047	2052	5
15714	2047	2053	5
15715	2047	2054	5
15716	2047	2055	5
15717	2047	2101	2
15718	2047	2102	2
15719	2048	2046	2
15720	2048	2047	2
15721	2048	2050	2
15722	2048	2051	2
15723	2048	2052	2
15724	2048	2053	2
15725	2048	2054	2
15726	2048	2055	2
15727	2048	2101	2
15728	2048	2102	2
15729	2048	4092	2
15730	2048	6097	2
15731	2048	6098	2
15732	2048	6462	2
15733	2048	6463	2
15734	2048	6590	2
15735	2049	2046	2
15736	2049	2047	2
15737	2049	2051	2
15738	2049	2052	2
15739	2049	2053	2
15740	2049	2055	2
15741	2049	2101	2
15742	2049	2102	2
15743	2049	4092	2
15744	2049	6097	2
15745	2049	6098	2
15746	2049	6462	2
15747	2049	6463	2
15748	2049	6590	2
15749	2050	2046	2
15750	2050	2047	2
15751	2050	2048	2
15752	2050	2049	2
15753	2050	2052	2
15754	2050	2053	2
15755	2050	2054	2
15756	2050	2055	2
15757	2050	2101	2
15758	2050	2102	2
15759	2050	4092	2
15760	2050	6590	2
15761	2051	2046	2
15762	2051	2047	2
15763	2051	2049	2
15764	2051	2053	2
15765	2051	2054	2
15766	2051	2055	2
15767	2051	2101	2
15768	2051	2102	2
15769	2051	4092	2
15770	2051	6590	2
15771	2052	2046	5
15772	2052	2047	5
15773	2052	2048	2
15774	2052	2049	2
15775	2052	2050	2
15776	2052	2051	2
15777	2052	2054	5
15778	2052	2055	5
15779	2052	2102	2
15780	2052	4092	5
15781	2053	2046	5
15782	2053	2047	5
15783	2053	2049	2
15784	2053	2050	2
15785	2053	2051	2
15786	2053	2055	5
15787	2053	2101	2
15788	2053	2102	2
15789	2053	4092	5
15790	2054	2047	5
15791	2054	2048	2
15792	2054	2049	2
15793	2054	2050	2
15794	2054	2051	2
15795	2054	2052	5
15796	2054	2053	5
15797	2054	2101	2
15798	2054	2102	2
15799	2054	4092	5
15800	2054	6098	5
15801	2055	2046	5
15802	2055	2047	5
15803	2055	2048	2
15804	2055	2049	2
15805	2055	2051	2
15806	2055	2053	5
15807	2055	2101	2
15808	2055	2102	2
15809	2055	4092	5
15810	2056	2019	2
15811	2056	2020	2
15812	2056	2021	2
15813	2056	2022	2
15814	2056	2057	2
15815	2056	2068	2
15816	2056	2069	2
15817	2056	2070	2
15818	2056	2071	2
15819	2056	2073	2
15820	2056	2074	2
15821	2056	2075	2
15822	2056	2076	2
15823	2056	2077	2
15824	2056	2078	2
15825	2056	2079	2
15826	2056	2080	2
15827	2056	2081	2
15828	2056	2082	2
15829	2056	2083	2
15830	2056	2084	2
15831	2056	2086	2
15832	2056	2087	2
15833	2056	2089	2
15834	2056	2090	2
15835	2056	2091	2
15836	2056	2092	2
15837	2056	4094	2
15838	2056	6061	2
15839	2056	6065	2
15840	2056	6066	2
15841	2056	6466	2
15842	2056	6467	2
15843	2056	6469	2
15844	2056	6470	2
15845	2056	6575	2
15846	2057	1271	2
15847	2057	1429	2
15848	2057	1430	2
15849	2057	2019	2
15850	2057	2021	2
15851	2057	2022	2
15852	2057	2058	2
15853	2057	2073	2
15854	2057	2075	2
15855	2057	2076	2
15856	2057	2077	2
15857	2057	2078	2
15858	2057	2080	2
15859	2057	2081	2
15860	2057	2088	2
15861	2057	2089	2
15862	2057	2090	2
15863	2057	2091	2
15864	2057	4086	2
15865	2057	4087	2
15866	2057	4088	2
15867	2057	4089	2
15868	2057	6065	2
15869	2057	6466	2
15870	2057	6575	2
15871	2057	6688	2
15872	2058	2020	2
15873	2058	4086	2
15874	2058	4087	2
15875	2058	4088	2
15876	2058	4089	2
15877	2058	6062	2
15878	2058	6065	2
15879	2059	2062	2
15880	2059	2063	2
15881	2059	2064	2
15882	2059	2065	2
15883	2059	2093	2
15884	2059	2094	2
15885	2059	2136	2
15886	2059	2137	2
15887	2059	4015	2
15888	2059	4016	2
15889	2059	4017	2
15890	2059	4018	2
15891	2059	6052	2
15892	2059	6056	2
15893	2059	6468	2
15894	2059	6472	2
15895	2060	2059	2
15896	2060	2061	2
15897	2060	2064	2
15898	2060	2065	7
15899	2060	2066	2
15900	2060	2093	2
15901	2060	2094	2
15902	2060	2137	2
15903	2061	2060	2
15904	2061	2062	2
15905	2061	2063	2
15906	2061	2064	2
15907	2061	2065	2
15908	2061	2066	2
15909	2061	2093	2
15910	2061	2094	2
15911	2061	2136	2
15912	2061	2137	2
15913	2061	4015	2
15914	2061	4016	2
15915	2061	4017	2
15916	2061	4018	2
15917	2061	6052	2
15918	2061	6056	2
15919	2061	6468	2
15920	2061	6472	2
15921	2062	2059	2
15922	2062	2064	2
15923	2062	2066	2
15924	2062	2093	2
15925	2062	2094	2
15926	2062	2136	2
15927	2062	4017	5
15928	2062	6472	5
15929	2063	2059	2
15930	2063	2061	2
15931	2063	2064	2
15932	2063	2066	2
15933	2063	2067	2
15934	2063	2094	2
15935	2063	2136	2
15936	2063	2137	2
15937	2064	2059	2
15938	2064	2060	2
15939	2064	2062	2
15940	2064	2065	2
15941	2064	2067	2
15942	2064	2093	2
15943	2064	2094	2
15944	2064	2136	2
15945	2064	2137	2
15946	2064	4017	2
15947	2064	6055	2
15948	2064	6056	2
15949	2064	6472	2
15950	2065	2059	2
15951	2065	2060	7
15952	2065	2061	2
15953	2065	2064	2
15954	2065	2067	2
15955	2065	2093	2
15956	2065	2136	2
15957	2065	2137	2
15958	2066	2059	2
15959	2066	2060	2
15960	2066	2061	2
15961	2066	2062	2
15962	2066	2063	2
15963	2066	2065	2
15964	2066	2067	2
15965	2066	2093	2
15966	2066	2094	2
15967	2066	2136	2
15968	2066	2137	2
15969	2066	4017	2
15970	2066	6055	2
15971	2066	6056	2
15972	2066	6472	2
15973	2067	2063	2
15974	2067	2065	2
15975	2067	2066	2
15976	2067	2069	2
15977	2067	2093	2
15978	2067	2094	2
15979	2067	2136	2
15980	2067	2137	2
15981	2067	6055	2
15982	2067	6056	2
15983	2068	2021	2
15984	2068	2056	2
15985	2068	2069	2
15986	2068	2071	2
15987	2068	2072	2
15988	2068	2073	5
15989	2068	2076	2
15990	2068	2077	2
15991	2068	2078	2
15992	2068	2082	2
15993	2068	2086	2
15994	2068	2088	2
15995	2068	2090	2
15996	2068	2091	2
15997	2068	2092	5
15998	2068	6066	5
15999	2069	2021	2
16000	2069	2056	2
16001	2069	2067	2
16002	2069	2068	2
16003	2069	2072	2
16004	2069	2073	2
16005	2069	2074	2
16006	2069	2075	2
16007	2069	2077	2
16008	2069	2082	2
16009	2069	2083	2
16010	2069	2084	2
16011	2069	2086	2
16012	2069	2088	2
16013	2069	2091	2
16014	2069	2092	2
16015	2069	4094	2
16016	2069	6055	2
16017	2069	6066	2
16018	2069	6467	2
16019	2069	6469	2
16020	2069	6470	2
16021	2069	6575	2
16022	2070	2021	2
16023	2070	2056	2
16024	2070	2069	2
16025	2070	2071	2
16026	2070	2072	2
16027	2070	2073	5
16028	2070	2075	5
16029	2070	2076	2
16030	2070	2077	2
16031	2070	2078	2
16032	2070	2079	2
16033	2070	2082	2
16034	2070	2084	2
16035	2070	2086	2
16036	2070	2088	2
16037	2070	2089	2
16038	2070	2090	2
16039	2070	2091	2
16040	2071	2021	2
16041	2071	2056	2
16042	2071	2068	2
16043	2071	2069	2
16044	2071	2070	2
16045	2071	2073	2
16046	2071	2074	2
16047	2071	2076	2
16048	2071	2077	2
16049	2071	2078	2
16050	2071	2079	2
16051	2071	2080	2
16052	2071	2081	2
16053	2071	2082	2
16054	2071	2083	2
16055	2071	2084	2
16056	2071	2086	2
16057	2071	2087	2
16058	2071	2089	2
16059	2071	2090	2
16060	2071	2091	2
16061	2071	2092	2
16062	2071	4094	2
16063	2071	6061	2
16064	2071	6066	2
16065	2071	6467	2
16066	2071	6469	2
16067	2071	6470	2
16068	2071	6575	2
16069	2072	2021	2
16070	2072	2056	2
16071	2072	2068	2
16072	2072	2069	2
16073	2072	2070	2
16074	2072	2073	2
16075	2072	2074	2
16076	2072	2075	2
16077	2072	2076	2
16078	2072	2077	2
16079	2072	2078	2
16080	2072	2079	2
16081	2072	2080	2
16082	2072	2081	2
16083	2072	2082	2
16084	2072	2083	2
16085	2072	2084	2
16086	2072	2086	2
16087	2072	2087	2
16088	2072	2088	2
16089	2072	2089	2
16090	2072	2090	2
16091	2072	2091	2
16092	2072	2092	2
16093	2072	4094	2
16094	2072	6061	2
16095	2072	6066	2
16096	2072	6467	2
16097	2072	6469	2
16098	2072	6470	2
16099	2072	6575	2
16100	2073	2019	2
16101	2073	2020	2
16102	2073	2021	2
16103	2073	2022	2
16104	2073	2056	2
16105	2073	2057	2
16106	2073	2068	5
16107	2073	2069	2
16108	2073	2070	5
16109	2073	2071	2
16110	2073	2076	2
16111	2073	2077	2
16112	2073	2078	2
16113	2073	2079	2
16114	2073	2080	2
16115	2073	2081	2
16116	2073	2082	2
16117	2073	2086	2
16118	2073	2088	2
16119	2073	2089	2
16120	2073	2090	2
16121	2073	2091	2
16122	2073	2092	5
16123	2073	6469	5
16124	2074	2021	2
16125	2074	2056	2
16126	2074	2069	2
16127	2074	2071	2
16128	2074	2072	2
16129	2074	2076	2
16130	2074	2077	2
16131	2074	2078	2
16132	2074	2079	2
16133	2074	2080	2
16134	2074	2081	2
16135	2074	2082	2
16136	2074	2085	2
16137	2074	2086	2
16138	2074	2087	5
16139	2074	2088	2
16140	2074	2089	2
16141	2074	2090	2
16142	2074	2091	2
16143	2074	4093	5
16144	2074	6470	5
16145	2075	2019	2
16146	2075	2020	2
16147	2075	2021	2
16148	2075	2022	2
16149	2075	2056	2
16150	2075	2057	2
16151	2075	2069	2
16152	2075	2070	5
16153	2075	2071	2
16154	2075	2072	2
16155	2075	2076	2
16156	2075	2077	2
16157	2075	2078	2
16158	2075	2079	2
16159	2075	2080	2
16160	2075	2081	2
16161	2075	2082	2
16162	2075	2084	2
16163	2075	2086	2
16164	2075	2088	2
16165	2075	2089	2
16166	2075	2090	2
16167	2075	2091	2
16168	2076	1429	2
16169	2076	1430	2
16170	2076	2019	2
16171	2076	2020	2
16172	2076	2021	2
16173	2076	2022	2
16174	2076	2056	2
16175	2076	2057	2
16176	2076	2068	2
16177	2076	2070	2
16178	2076	2071	2
16179	2076	2072	2
16180	2076	2073	2
16181	2076	2074	2
16182	2076	2075	2
16183	2076	2078	2
16184	2076	2079	2
16185	2076	2080	2
16186	2076	2081	2
16187	2076	2082	2
16188	2076	2083	2
16189	2076	2084	2
16190	2076	2086	2
16191	2076	2087	2
16192	2076	2088	2
16193	2076	2089	2
16194	2076	2090	2
16195	2076	2092	2
16196	2076	4094	2
16197	2076	6061	2
16198	2076	6065	2
16199	2076	6066	2
16200	2076	6466	2
16201	2076	6467	2
16202	2076	6469	2
16203	2076	6470	2
16204	2076	6575	2
16205	2076	6688	2
16206	2077	1429	2
16207	2077	2019	2
16208	2077	2020	2
16209	2077	2021	2
16210	2077	2022	2
16211	2077	2056	2
16212	2077	2057	2
16213	2077	2068	2
16214	2077	2069	2
16215	2077	2070	2
16216	2077	2071	2
16217	2077	2072	2
16218	2077	2073	2
16219	2077	2074	2
16220	2077	2075	2
16221	2077	2076	2
16222	2077	2078	2
16223	2077	2079	2
16224	2077	2080	2
16225	2077	2081	2
16226	2077	2082	2
16227	2077	2083	2
16228	2077	2086	2
16229	2077	2088	2
16230	2077	2090	2
16231	2077	2091	2
16232	2077	2092	2
16233	2077	4094	2
16234	2077	6061	2
16235	2077	6065	2
16236	2077	6066	2
16237	2077	6466	2
16238	2077	6467	2
16239	2077	6469	2
16240	2077	6470	2
16241	2077	6575	2
16242	2078	1429	2
16243	2078	2019	2
16244	2078	2020	2
16245	2078	2021	2
16246	2078	2022	2
16247	2078	2057	2
16248	2078	2068	2
16249	2078	2070	2
16250	2078	2071	2
16251	2078	2072	2
16252	2078	2073	2
16253	2078	2074	2
16254	2078	2075	2
16255	2078	2076	2
16256	2078	2077	2
16257	2078	2080	2
16258	2078	2081	2
16259	2078	2082	2
16260	2078	2083	2
16261	2078	2088	2
16262	2078	2089	2
16263	2078	2090	2
16264	2078	2091	2
16265	2078	2092	2
16266	2078	4094	2
16267	2078	6061	2
16268	2078	6065	2
16269	2078	6066	2
16270	2078	6466	2
16271	2078	6467	2
16272	2078	6469	2
16273	2078	6470	2
16274	2078	6575	2
16275	2078	6688	2
16276	2079	1429	2
16277	2079	1430	2
16278	2079	2019	2
16279	2079	2020	2
16280	2079	2021	2
16281	2079	2022	2
16282	2079	2056	2
16283	2079	2057	2
16284	2079	2070	2
16285	2079	2071	2
16286	2079	2072	2
16287	2079	2073	2
16288	2079	2074	2
16289	2079	2075	2
16290	2079	2077	2
16291	2079	2078	2
16292	2079	2080	2
16293	2079	2083	2
16294	2079	2088	2
16295	2079	2089	2
16296	2079	2090	2
16297	2079	2091	2
16298	2079	2092	2
16299	2079	4086	2
16300	2079	4087	2
16301	2079	4094	2
16302	2079	6061	2
16303	2079	6065	2
16304	2079	6066	2
16305	2079	6466	2
16306	2079	6469	2
16307	2079	6470	2
16308	2079	6575	2
16309	2079	6688	2
16310	2080	1429	2
16311	2080	1430	2
16312	2080	2019	2
16313	2080	2020	2
16314	2080	2021	2
16315	2080	2022	2
16316	2080	2056	2
16317	2080	2057	2
16318	2080	2071	2
16319	2080	2072	2
16320	2080	2073	2
16321	2080	2074	2
16322	2080	2075	2
16323	2080	2076	2
16324	2080	2077	2
16325	2080	2079	2
16326	2080	2081	2
16327	2080	2082	2
16328	2080	2083	2
16329	2080	2088	2
16330	2080	2090	2
16331	2080	2091	2
16332	2080	4094	2
16333	2080	6061	2
16334	2080	6065	2
16335	2080	6466	2
16336	2080	6469	2
16337	2080	6470	2
16338	2080	6575	2
16339	2080	6688	2
16340	2081	1429	2
16341	2081	1430	2
16342	2081	2019	2
16343	2081	2021	2
16344	2081	2022	2
16345	2081	2056	2
16346	2081	2057	2
16347	2081	2071	2
16348	2081	2072	2
16349	2081	2073	2
16350	2081	2074	2
16351	2081	2075	2
16352	2081	2076	2
16353	2081	2077	2
16354	2081	2078	2
16355	2081	2083	2
16356	2081	2088	2
16357	2081	2089	2
16358	2081	2090	2
16359	2081	2091	2
16360	2081	2092	2
16361	2081	4086	2
16362	2081	4087	2
16363	2081	4094	2
16364	2081	6061	2
16365	2081	6065	2
16366	2081	6066	2
16367	2081	6466	2
16368	2081	6469	2
16369	2081	6470	2
16370	2081	6575	2
16371	2081	6688	2
16372	2082	2021	2
16373	2082	2056	2
16374	2082	2068	2
16375	2082	2069	2
16376	2082	2070	2
16377	2082	2071	2
16378	2082	2072	2
16379	2082	2073	2
16380	2082	2074	2
16381	2082	2075	2
16382	2082	2076	2
16383	2082	2077	2
16384	2082	2078	2
16385	2082	2080	2
16386	2082	2085	2
16387	2082	2086	2
16388	2082	2087	2
16389	2082	2088	2
16390	2082	2089	2
16391	2082	2090	2
16392	2082	2091	2
16393	2082	4093	2
16394	2082	4094	2
16395	2082	6061	2
16396	2082	6362	2
16397	2082	6467	2
16398	2082	6469	2
16399	2082	6470	2
16400	2083	2021	2
16401	2083	2056	2
16402	2083	2069	2
16403	2083	2071	2
16404	2083	2072	2
16405	2083	2076	2
16406	2083	2077	2
16407	2083	2078	2
16408	2083	2079	2
16409	2083	2080	2
16410	2083	2081	2
16411	2083	2082	2
16412	2083	2084	2
16413	2083	2085	2
16414	2083	2086	2
16415	2083	2087	5
16416	2083	2088	2
16417	2083	2089	2
16418	2083	2090	2
16419	2083	2091	2
16420	2083	4093	5
16421	2084	2021	2
16422	2084	2056	2
16423	2084	2069	2
16424	2084	2070	2
16425	2084	2071	2
16426	2084	2072	2
16427	2084	2074	2
16428	2084	2075	2
16429	2084	2076	2
16430	2084	2082	2
16431	2084	2083	2
16432	2084	2085	2
16433	2084	2086	2
16434	2084	2087	2
16435	2084	2088	2
16436	2084	2091	2
16437	2084	4093	2
16438	2084	4094	2
16439	2084	4095	2
16440	2084	6061	2
16441	2084	6362	2
16442	2084	6469	2
16443	2084	6470	2
16444	2085	2021	2
16445	2085	2074	2
16446	2085	2082	2
16447	2085	2083	2
16448	2085	2084	2
16449	2085	2095	2
16450	2085	2098	2
16451	2085	4093	2
16452	2085	4094	2
16453	2085	4095	2
16454	2085	6061	2
16455	2085	6362	2
16456	2085	6470	2
16457	2086	2056	2
16458	2086	2068	2
16459	2086	2069	2
16460	2086	2070	2
16461	2086	2071	2
16462	2086	2072	2
16463	2086	2073	2
16464	2086	2074	2
16465	2086	2075	2
16466	2086	2076	2
16467	2086	2077	2
16468	2086	2082	2
16469	2086	2083	2
16470	2086	2084	2
16471	2086	2085	2
16472	2086	2087	2
16473	2086	2088	2
16474	2086	2090	2
16475	2086	2091	2
16476	2086	4093	2
16477	2086	4094	2
16478	2086	4095	2
16479	2086	6061	2
16480	2086	6362	2
16481	2086	6469	2
16482	2086	6470	2
16483	2087	2021	2
16484	2087	2056	2
16485	2087	2071	2
16486	2087	2072	2
16487	2087	2074	5
16488	2087	2076	2
16489	2087	2082	2
16490	2087	2083	5
16491	2087	2084	2
16492	2087	2085	2
16493	2087	2088	2
16494	2087	2090	2
16495	2087	2091	2
16496	2088	1429	2
16497	2088	2019	2
16498	2088	2020	2
16499	2088	2021	2
16500	2088	2022	2
16501	2088	2057	2
16502	2088	2068	2
16503	2088	2069	2
16504	2088	2070	2
16505	2088	2071	2
16506	2088	2072	2
16507	2088	2073	2
16508	2088	2074	2
16509	2088	2075	2
16510	2088	2076	2
16511	2088	2078	2
16512	2088	2079	2
16513	2088	2080	2
16514	2088	2081	2
16515	2088	2082	2
16516	2088	2083	2
16517	2088	2084	2
16518	2088	2086	2
16519	2088	2087	2
16520	2088	2089	2
16521	2088	2090	2
16522	2088	2092	2
16523	2088	4094	2
16524	2088	6061	2
16525	2088	6065	2
16526	2088	6066	2
16527	2088	6466	2
16528	2088	6467	2
16529	2088	6469	2
16530	2088	6470	2
16531	2088	6575	2
16532	2089	1429	2
16533	2089	1430	2
16534	2089	2019	2
16535	2089	2020	2
16536	2089	2021	2
16537	2089	2056	2
16538	2089	2057	2
16539	2089	2070	2
16540	2089	2071	2
16541	2089	2072	2
16542	2089	2073	2
16543	2089	2074	2
16544	2089	2075	2
16545	2089	2076	2
16546	2089	2077	2
16547	2089	2078	2
16548	2089	2079	2
16549	2089	2081	2
16550	2089	2082	2
16551	2089	2083	2
16552	2089	2088	2
16553	2089	2091	2
16554	2089	4094	2
16555	2089	6061	2
16556	2089	6065	2
16557	2089	6466	2
16558	2089	6469	2
16559	2089	6470	2
16560	2089	6575	2
16561	2089	6688	2
16562	2090	1429	2
16563	2090	1430	2
16564	2090	2019	2
16565	2090	2020	2
16566	2090	2021	2
16567	2090	2022	2
16568	2090	2056	2
16569	2090	2057	2
16570	2090	2068	2
16571	2090	2070	2
16572	2090	2071	2
16573	2090	2072	2
16574	2090	2073	2
16575	2090	2074	2
16576	2090	2075	2
16577	2090	2076	2
16578	2090	2077	2
16579	2090	2078	2
16580	2090	2079	2
16581	2090	2080	2
16582	2090	2082	2
16583	2090	2083	2
16584	2090	2086	2
16585	2090	2087	2
16586	2090	2088	2
16587	2090	2089	2
16588	2090	2091	2
16589	2090	2092	2
16590	2090	4094	2
16591	2090	6061	2
16592	2090	6065	2
16593	2090	6066	2
16594	2090	6466	2
16595	2090	6469	2
16596	2090	6470	2
16597	2090	6575	2
16598	2090	6688	2
16599	2091	1429	2
16600	2091	2019	2
16601	2091	2020	2
16602	2091	2022	2
16603	2091	2056	2
16604	2091	2057	2
16605	2091	2068	2
16606	2091	2069	2
16607	2091	2070	2
16608	2091	2071	2
16609	2091	2072	2
16610	2091	2073	2
16611	2091	2074	2
16612	2091	2075	2
16613	2091	2076	2
16614	2091	2077	2
16615	2091	2078	2
16616	2091	2079	2
16617	2091	2080	2
16618	2091	2081	2
16619	2091	2083	2
16620	2091	2084	2
16621	2091	2086	2
16622	2091	2087	2
16623	2091	2088	2
16624	2091	2089	2
16625	2091	2090	2
16626	2091	2092	2
16627	2091	4094	2
16628	2091	6061	2
16629	2091	6065	2
16630	2091	6066	2
16631	2091	6466	2
16632	2091	6467	2
16633	2091	6469	2
16634	2091	6470	2
16635	2091	6575	2
16636	2092	2056	2
16637	2092	2068	5
16638	2092	2069	2
16639	2092	2071	2
16640	2092	2072	2
16641	2092	2073	5
16642	2092	2076	2
16643	2092	2077	2
16644	2092	2078	2
16645	2092	2079	2
16646	2092	2081	2
16647	2092	2088	2
16648	2092	2090	2
16649	2092	2091	2
16650	2092	6054	5
16651	2092	6065	5
16652	2092	6066	5
16653	2092	6467	5
16654	2093	2059	2
16655	2093	2060	2
16656	2093	2061	2
16657	2093	2062	2
16658	2093	2064	2
16659	2093	2065	2
16660	2093	2066	2
16661	2093	2067	2
16662	2093	2094	2
16663	2093	2136	2
16664	2093	4015	2
16665	2093	4016	2
16666	2093	4017	2
16667	2093	4018	2
16668	2093	6052	2
16669	2093	6055	2
16670	2093	6056	2
16671	2093	6468	2
16672	2094	2059	2
16673	2094	2060	2
16674	2094	2061	2
16675	2094	2062	2
16676	2094	2063	2
16677	2094	2064	2
16678	2094	2066	2
16679	2094	2067	2
16680	2094	2137	2
16681	2094	4016	2
16682	2094	4017	2
16683	2094	6052	2
16684	2094	6055	2
16685	2094	6056	2
16686	2094	6468	2
16687	2094	6472	2
16688	2095	2085	2
16689	2095	2097	2
16690	2095	2098	2
16691	2095	2099	2
16692	2095	2103	2
16693	2095	2104	2
16694	2095	6057	2
16695	2095	6362	2
16696	2095	6464	2
16697	2095	6465	2
16698	2096	2095	2
16699	2096	2097	2
16700	2096	2098	2
16701	2096	2104	2
16702	2096	2105	2
16703	2096	2106	2
16704	2096	2107	2
16705	2096	2112	2
16706	2096	6057	2
16707	2096	6059	2
16708	2096	6464	2
16709	2096	6465	2
16710	2096	6471	2
16711	2097	2095	2
16712	2097	2096	2
16713	2097	2099	2
16714	2097	2103	2
16715	2097	2104	2
16716	2097	6057	5
16717	2097	6362	5
16718	2098	2095	2
16719	2098	2096	2
16720	2098	2097	2
16721	2098	2099	2
16722	2098	2103	2
16723	2098	6057	2
16724	2098	6362	2
16725	2098	6464	2
16726	2098	6465	2
16727	2098	6471	2
16728	2099	2095	2
16729	2099	2103	2
16730	2099	2104	2
16731	2099	2105	2
16732	2099	2106	2
16733	2099	2107	2
16734	2099	6057	2
16735	2099	6059	2
16736	2099	6464	2
16737	2099	6465	2
16738	2099	6471	2
16739	2100	2014	2
16740	2100	2016	2
16741	2100	6059	2
16742	2100	6060	2
16743	2100	6096	2
16744	2100	6463	2
16745	2101	2046	2
16746	2101	2047	2
16747	2101	2048	2
16748	2101	2049	2
16749	2101	2050	2
16750	2101	2051	2
16751	2101	2052	2
16752	2101	2053	2
16753	2101	2054	2
16754	2101	2055	2
16755	2101	4092	2
16756	2101	6097	2
16757	2101	6462	2
16758	2101	6463	2
16759	2102	2046	2
16760	2102	2047	2
16761	2102	2048	2
16762	2102	2049	2
16763	2102	2050	2
16764	2102	2051	2
16765	2102	2052	2
16766	2102	2054	2
16767	2102	2055	2
16768	2102	4092	2
16769	2102	6097	2
16770	2102	6463	2
16771	2103	2016	2
16772	2103	2017	2
16773	2103	2095	2
16774	2103	2096	2
16775	2103	2097	2
16776	2103	2098	2
16777	2103	2099	2
16778	2103	2106	2
16779	2103	2107	2
16780	2103	2108	2
16781	2103	2109	2
16782	2103	2112	2
16783	2103	2113	2
16784	2103	2114	2
16785	2103	2115	2
16786	2103	2116	2
16787	2103	2117	2
16788	2103	2126	2
16789	2103	2127	2
16790	2103	6057	2
16791	2103	6059	2
16792	2103	6464	2
16793	2103	6465	2
16794	2103	6471	2
16795	2104	2016	2
16796	2104	2017	2
16797	2104	2095	2
16798	2104	2096	2
16799	2104	2097	2
16800	2104	2105	2
16801	2104	2106	2
16802	2104	2107	2
16803	2104	2108	2
16804	2104	2109	2
16805	2104	2111	2
16806	2104	2112	2
16807	2104	2113	2
16808	2104	2114	2
16809	2104	2115	2
16810	2104	2116	2
16811	2104	2117	2
16812	2104	2126	2
16813	2104	2127	2
16814	2104	6057	2
16815	2104	6059	2
16816	2104	6464	2
16817	2104	6465	2
16818	2104	6471	2
16819	2105	2016	2
16820	2105	2096	2
16821	2105	2099	2
16822	2105	2103	2
16823	2105	2104	2
16824	2105	2106	2
16825	2105	2108	2
16826	2105	2109	2
16827	2105	2110	2
16828	2105	2111	2
16829	2105	2112	2
16830	2105	2113	2
16831	2105	2114	2
16832	2105	2115	2
16833	2105	2116	2
16834	2105	2117	2
16835	2105	2125	2
16836	2105	2126	2
16837	2105	2127	2
16838	2105	2128	2
16839	2105	2129	2
16840	2105	2468	2
16841	2105	2469	2
16842	2105	6471	2
16843	2106	2017	2
16844	2106	2096	2
16845	2106	2099	2
16846	2106	2103	2
16847	2106	2105	2
16848	2106	2107	2
16849	2106	2108	2
16850	2106	2109	2
16851	2106	2110	2
16852	2106	2111	2
16853	2106	2112	2
16854	2106	2113	2
16855	2106	2114	2
16856	2106	2115	2
16857	2106	2116	2
16858	2106	2117	2
16859	2106	2125	2
16860	2106	2126	2
16861	2106	2127	2
16862	2106	2128	2
16863	2106	2129	2
16864	2106	2468	2
16865	2106	2469	2
16866	2107	2096	2
16867	2107	2099	2
16868	2107	2103	2
16869	2107	2104	2
16870	2107	2105	2
16871	2107	2106	2
16872	2107	2108	2
16873	2107	2110	2
16874	2107	2111	2
16875	2107	2113	2
16876	2107	2114	2
16877	2107	2115	2
16878	2107	2116	2
16879	2107	2117	2
16880	2107	2125	2
16881	2107	2126	2
16882	2107	2127	2
16883	2107	2128	2
16884	2107	2129	2
16885	2107	2468	2
16886	2107	2469	2
16887	2107	6689	2
16888	2108	2103	2
16889	2108	2104	2
16890	2108	2105	2
16891	2108	2106	2
16892	2108	2107	2
16893	2108	2109	2
16894	2108	2110	2
16895	2108	2111	2
16896	2108	2112	2
16897	2108	2113	2
16898	2108	2115	2
16899	2108	2116	2
16900	2108	2117	2
16901	2108	2118	2
16902	2108	2119	2
16903	2108	2120	2
16904	2108	2121	2
16905	2108	2123	2
16906	2108	2126	2
16907	2108	2127	2
16908	2108	2128	2
16909	2108	2129	2
16910	2108	2468	2
16911	2108	2469	2
16912	2108	2473	2
16913	2108	6689	2
16914	2109	2103	2
16915	2109	2104	2
16916	2109	2105	2
16917	2109	2106	2
16918	2109	2107	2
16919	2109	2110	2
16920	2109	2111	2
16921	2109	2112	2
16922	2109	2113	2
16923	2109	2114	2
16924	2109	2115	2
16925	2109	2116	2
16926	2109	2117	2
16927	2109	2118	2
16928	2109	2119	2
16929	2109	2121	2
16930	2109	2125	2
16931	2109	2126	2
16932	2109	2127	2
16933	2109	2128	2
16934	2109	2129	2
16935	2109	2468	2
16936	2109	2469	2
16937	2109	2472	2
16938	2109	2473	2
16939	2109	6689	2
16940	2110	2105	2
16941	2110	2106	2
16942	2110	2107	2
16943	2110	2108	2
16944	2110	2109	2
16945	2110	2112	2
16946	2110	2113	2
16947	2110	2114	2
16948	2110	2115	2
16949	2110	2116	2
16950	2110	2117	2
16951	2110	2118	2
16952	2110	2119	2
16953	2110	2120	2
16954	2110	2121	2
16955	2110	2123	2
16956	2110	2124	2
16957	2110	2125	2
16958	2110	2126	2
16959	2110	2127	2
16960	2110	2129	2
16961	2110	2468	2
16962	2110	2469	2
16963	2110	6046	2
16964	2110	6689	2
16965	2111	2104	2
16966	2111	2105	2
16967	2111	2106	2
16968	2111	2107	2
16969	2111	2108	2
16970	2111	2109	2
16971	2111	2110	2
16972	2111	2112	2
16973	2111	2113	2
16974	2111	2114	2
16975	2111	2115	2
16976	2111	2116	2
16977	2111	2118	2
16978	2111	2119	2
16979	2111	2120	2
16980	2111	2121	2
16981	2111	2123	2
16982	2111	2125	2
16983	2111	2126	2
16984	2111	2127	2
16985	2111	2128	2
16986	2111	2129	2
16987	2111	2468	2
16988	2111	2469	2
16989	2111	2472	2
16990	2111	2473	2
16991	2111	6689	2
16992	2112	2096	2
16993	2112	2103	2
16994	2112	2104	2
16995	2112	2105	2
16996	2112	2106	2
16997	2112	2107	2
16998	2112	2108	2
16999	2112	2109	2
17000	2112	2110	2
17001	2112	2111	2
17002	2112	2113	2
17003	2112	2114	2
17004	2112	2115	2
17005	2112	2116	2
17006	2112	2117	2
17007	2112	2118	2
17008	2112	2119	2
17009	2112	2120	2
17010	2112	2121	2
17011	2112	2125	2
17012	2112	2126	2
17013	2112	2127	2
17014	2112	2128	2
17015	2112	2129	2
17016	2112	6689	2
17017	2113	2103	2
17018	2113	2104	2
17019	2113	2105	2
17020	2113	2106	2
17021	2113	2107	2
17022	2113	2108	2
17023	2113	2110	2
17024	2113	2111	2
17025	2113	2115	2
17026	2113	2116	2
17027	2113	2117	2
17028	2113	2118	2
17029	2113	2119	2
17030	2113	2120	2
17031	2113	2121	2
17032	2113	2125	2
17033	2113	2126	2
17034	2113	2127	2
17035	2113	2128	2
17036	2113	2129	2
17037	2113	2468	2
17038	2113	2469	2
17039	2113	6689	2
17040	2114	2103	2
17041	2114	2104	2
17042	2114	2105	2
17043	2114	2106	2
17044	2114	2107	2
17045	2114	2108	2
17046	2114	2109	2
17047	2114	2110	2
17048	2114	2111	2
17049	2114	2112	2
17050	2114	2116	2
17051	2114	2117	2
17052	2114	2118	2
17053	2114	2119	2
17054	2114	2120	2
17055	2114	2121	2
17056	2114	2125	2
17057	2114	2126	2
17058	2114	2127	2
17059	2114	2128	2
17060	2114	2129	2
17061	2114	2468	2
17062	2114	2469	2
17063	2114	6689	2
17064	2115	2103	2
17065	2115	2104	2
17066	2115	2105	2
17067	2115	2106	2
17068	2115	2107	2
17069	2115	2108	2
17070	2115	2109	2
17071	2115	2110	2
17072	2115	2112	2
17073	2115	2113	2
17074	2115	2114	2
17075	2115	2117	2
17076	2115	2118	2
17077	2115	2119	2
17078	2115	2121	2
17079	2115	2125	2
17080	2115	2126	2
17081	2115	2127	2
17082	2115	2129	2
17083	2115	2468	2
17084	2115	2469	2
17085	2115	2472	2
17086	2115	2473	2
17087	2115	6689	2
17088	2116	2103	2
17089	2116	2104	2
17090	2116	2105	2
17091	2116	2106	2
17092	2116	2107	2
17093	2116	2108	2
17094	2116	2109	2
17095	2116	2110	2
17096	2116	2111	2
17097	2116	2112	2
17098	2116	2114	2
17099	2116	2118	2
17100	2116	2119	2
17101	2116	2121	2
17102	2116	2125	2
17103	2116	2126	2
17104	2116	2127	2
17105	2116	2128	2
17106	2116	2129	2
17107	2116	2468	2
17108	2116	2469	2
17109	2116	2472	2
17110	2116	2473	2
17111	2116	6689	2
17112	2117	2103	2
17113	2117	2104	2
17114	2117	2105	2
17115	2117	2106	2
17116	2117	2107	2
17117	2117	2108	2
17118	2117	2109	2
17119	2117	2110	2
17120	2117	2111	2
17121	2117	2112	2
17122	2117	2113	2
17123	2117	2114	2
17124	2117	2115	2
17125	2117	2118	2
17126	2117	2119	2
17127	2117	2121	2
17128	2117	2125	2
17129	2117	2127	2
17130	2117	2128	2
17131	2117	2129	2
17132	2117	2468	2
17133	2117	2469	2
17134	2117	2472	2
17135	2117	2473	2
17136	2117	6689	2
17137	2118	2108	2
17138	2118	2109	2
17139	2118	2110	2
17140	2118	2111	2
17141	2118	2112	2
17142	2118	2113	2
17143	2118	2114	2
17144	2118	2115	2
17145	2118	2116	2
17146	2118	2117	2
17147	2118	2120	2
17148	2118	2121	2
17149	2118	2122	2
17150	2118	2123	2
17151	2118	2125	2
17152	2118	2127	2
17153	2118	6046	2
17154	2118	6048	2
17155	2118	6689	2
17156	2119	2108	2
17157	2119	2109	2
17158	2119	2110	2
17159	2119	2111	2
17160	2119	2112	2
17161	2119	2113	2
17162	2119	2114	2
17163	2119	2115	2
17164	2119	2116	2
17165	2119	2117	2
17166	2119	2120	2
17167	2119	2121	2
17168	2119	2122	2
17169	2119	2123	2
17170	2119	2124	2
17171	2119	2125	2
17172	2119	2127	2
17173	2119	6046	2
17174	2119	6048	2
17175	2120	2108	2
17176	2120	2110	2
17177	2120	2111	2
17178	2120	2112	2
17179	2120	2113	2
17180	2120	2114	2
17181	2120	2118	2
17182	2120	2119	2
17183	2120	2121	2
17184	2120	2122	2
17185	2120	2125	2
17186	2120	2127	2
17187	2120	6689	2
17188	2121	2108	2
17189	2121	2109	2
17190	2121	2110	2
17191	2121	2111	2
17192	2121	2112	2
17193	2121	2113	2
17194	2121	2114	2
17195	2121	2115	2
17196	2121	2116	2
17197	2121	2117	2
17198	2121	2119	2
17199	2121	2122	2
17200	2121	2123	2
17201	2121	2124	2
17202	2121	2125	2
17203	2121	2126	2
17204	2121	2127	2
17205	2121	2128	2
17206	2121	2129	2
17207	2121	6046	2
17208	2121	6048	2
17209	2121	6689	2
17210	2122	2118	2
17211	2122	2120	2
17212	2122	2121	2
17213	2122	2124	2
17214	2122	2681	2
17215	2122	2682	2
17216	2122	2683	2
17217	2122	2685	2
17218	2122	6046	2
17219	2122	6048	2
17220	2122	6689	2
17221	2123	2108	2
17222	2123	2110	2
17223	2123	2111	2
17224	2123	2118	2
17225	2123	2119	2
17226	2123	2121	2
17227	2123	2122	2
17228	2123	2124	2
17229	2123	2125	2
17230	2123	2683	2
17231	2124	2110	2
17232	2124	2118	2
17233	2124	2119	2
17234	2124	2120	2
17235	2124	2121	2
17236	2124	2122	2
17237	2124	2123	2
17238	2124	2683	2
17239	2124	6046	2
17240	2124	6048	2
17241	2124	6689	2
17242	2125	2105	2
17243	2125	2106	2
17244	2125	2107	2
17245	2125	2108	2
17246	2125	2109	2
17247	2125	2110	2
17248	2125	2111	2
17249	2125	2112	2
17250	2125	2113	2
17251	2125	2114	2
17252	2125	2115	2
17253	2125	2116	2
17254	2125	2117	2
17255	2125	2118	2
17256	2125	2119	2
17257	2125	2120	2
17258	2125	2123	2
17259	2125	2126	2
17260	2125	2127	2
17261	2125	2128	2
17262	2125	2129	2
17263	2125	2468	2
17264	2125	2469	2
17265	2125	6689	2
17266	2126	2103	2
17267	2126	2104	2
17268	2126	2105	2
17269	2126	2107	2
17270	2126	2108	2
17271	2126	2109	2
17272	2126	2110	2
17273	2126	2111	2
17274	2126	2112	2
17275	2126	2113	2
17276	2126	2114	2
17277	2126	2115	2
17278	2126	2116	2
17279	2126	2117	2
17280	2126	2121	2
17281	2126	2125	2
17282	2126	2127	2
17283	2126	2128	2
17284	2126	2129	2
17285	2126	2468	2
17286	2126	2469	2
17287	2126	2472	2
17288	2126	2473	2
17289	2126	6689	2
17290	2127	2103	2
17291	2127	2104	2
17292	2127	2105	2
17293	2127	2106	2
17294	2127	2107	2
17295	2127	2108	2
17296	2127	2109	2
17297	2127	2110	2
17298	2127	2111	2
17299	2127	2112	2
17300	2127	2113	2
17301	2127	2115	2
17302	2127	2116	2
17303	2127	2117	2
17304	2127	2118	2
17305	2127	2119	2
17306	2127	2120	2
17307	2127	2121	2
17308	2127	2126	2
17309	2127	2128	2
17310	2127	2129	2
17311	2127	2468	2
17312	2127	6689	2
17313	2128	2105	2
17314	2128	2106	2
17315	2128	2107	2
17316	2128	2108	2
17317	2128	2109	2
17318	2128	2110	2
17319	2128	2111	2
17320	2128	2112	2
17321	2128	2113	2
17322	2128	2114	2
17323	2128	2115	2
17324	2128	2116	2
17325	2128	2117	2
17326	2128	2121	2
17327	2128	2125	2
17328	2128	2126	2
17329	2128	2127	2
17330	2128	2129	2
17331	2128	2468	2
17332	2128	2470	2
17333	2128	2472	2
17334	2128	2473	2
17335	2128	6689	2
17336	2129	2105	2
17337	2129	2106	2
17338	2129	2107	2
17339	2129	2108	2
17340	2129	2109	2
17341	2129	2110	2
17342	2129	2111	2
17343	2129	2112	2
17344	2129	2113	2
17345	2129	2114	2
17346	2129	2115	2
17347	2129	2117	2
17348	2129	2121	2
17349	2129	2125	2
17350	2129	2127	2
17351	2129	2128	2
17352	2129	2468	2
17353	2129	2469	2
17354	2129	2470	2
17355	2129	2471	2
17356	2129	2472	2
17357	2129	2473	2
17358	2129	6689	2
17359	2130	2131	2
17360	2130	2132	2
17361	2130	2133	2
17362	2130	2135	2
17363	2130	4095	2
17364	2130	4096	2
17365	2130	6047	2
17366	2130	6058	2
17367	2131	2132	2
17368	2131	2134	2
17369	2131	2135	2
17370	2132	2133	2
17371	2132	2134	2
17372	2132	2135	2
17373	2132	4096	2
17374	2132	6047	2
17375	2132	6058	2
17376	2133	2130	2
17377	2133	2132	2
17378	2133	2134	2
17379	2134	2131	2
17380	2134	2132	2
17381	2134	4095	2
17382	2134	4096	2
17383	2134	6047	2
17384	2134	6058	2
17385	2135	2130	2
17386	2135	2131	2
17387	2135	2132	2
17388	2135	2133	2
17389	2135	2134	2
17390	2135	4095	2
17391	2135	4096	2
17392	2135	6047	2
17393	2135	6058	2
17394	2136	2059	2
17395	2136	2061	2
17396	2136	2062	2
17397	2136	2063	2
17398	2136	2064	2
17399	2136	2065	2
17400	2136	2066	2
17401	2136	2067	2
17402	2136	2093	2
17403	2136	2137	2
17404	2136	4016	2
17405	2136	4017	2
17406	2136	6052	2
17407	2136	6055	2
17408	2136	6056	2
17409	2136	6468	2
17410	2136	6472	2
17411	2137	2059	2
17412	2137	2060	2
17413	2137	2061	2
17414	2137	2063	2
17415	2137	2064	2
17416	2137	2065	2
17417	2137	2066	2
17418	2137	2067	2
17419	2137	2094	2
17420	2137	4015	2
17421	2137	4016	2
17422	2137	4017	2
17423	2137	4018	2
17424	2137	6052	2
17425	2137	6055	2
17426	2137	6056	2
17427	2137	6468	2
17428	2137	6472	2
17429	2138	2139	2
17430	2138	2141	2
17431	2138	2158	2
17432	2138	2161	2
17433	2138	2162	2
17434	2138	2163	2
17435	2138	2164	2
17436	2138	2165	2
17437	2138	2166	2
17438	2138	2167	2
17439	2138	2168	2
17440	2138	2169	2
17441	2138	2171	2
17442	2138	2172	2
17443	2138	2173	2
17444	2138	2175	2
17445	2138	2177	2
17446	2138	2178	2
17447	2138	4019	2
17448	2138	4022	2
17449	2138	4023	2
17450	2138	4026	2
17451	2138	6021	2
17452	2138	6050	2
17453	2138	6051	2
17454	2139	2140	2
17455	2139	2159	2
17456	2139	2163	2
17457	2139	2167	2
17458	2139	2168	2
17459	2139	2169	2
17460	2139	4019	7
17461	2139	6021	5
17462	2140	2139	2
17463	2140	2158	2
17464	2140	2159	2
17465	2140	2160	2
17466	2140	2161	2
17467	2140	2162	2
17468	2140	2163	2
17469	2140	2164	2
17470	2140	2165	2
17471	2140	2166	2
17472	2140	2167	2
17473	2140	2168	2
17474	2140	2169	2
17475	2140	2170	2
17476	2140	2171	2
17477	2140	2172	2
17478	2140	2173	2
17479	2140	2174	2
17480	2140	2175	2
17481	2140	2177	2
17482	2140	2178	2
17483	2140	4019	2
17484	2140	4022	2
17485	2140	4023	2
17486	2140	4026	2
17487	2140	6021	2
17488	2140	6050	2
17489	2140	6051	2
17490	2141	2138	2
17491	2141	2140	2
17492	2141	2159	2
17493	2141	2162	2
17494	2141	2163	2
17495	2141	2165	2
17496	2141	2166	2
17497	2141	2167	2
17498	2141	2168	2
17499	2141	2169	2
17500	2141	4022	7
17501	2141	4023	7
17502	2141	6050	7
17503	2142	1798	2
17504	2142	1799	2
17505	2142	1800	2
17506	2142	1801	2
17507	2142	1802	2
17508	2142	1803	2
17509	2142	1804	2
17510	2142	1805	2
17511	2142	1806	2
17512	2142	1807	2
17513	2142	1809	2
17514	2142	1810	2
17515	2142	1811	2
17516	2142	1812	2
17517	2142	1813	2
17518	2142	1814	2
17519	2142	1815	2
17520	2142	1816	2
17521	2142	1817	2
17522	2142	1835	2
17523	2142	1837	2
17524	2142	2143	2
17525	2142	2144	2
17526	2142	2147	2
17527	2142	3919	2
17528	2142	3924	2
17529	2142	3925	2
17530	2142	5628	2
17531	2142	5995	2
17532	2142	5997	2
17533	2142	6018	2
17534	2142	6019	2
17535	2143	1798	2
17536	2143	1799	2
17537	2143	1800	2
17538	2143	1801	2
17539	2143	1802	2
17540	2143	1803	2
17541	2143	1804	2
17542	2143	1805	2
17543	2143	1806	2
17544	2143	1808	2
17545	2143	1809	2
17546	2143	1810	2
17547	2143	1811	2
17548	2143	1812	2
17549	2143	1813	2
17550	2143	1814	2
17551	2143	1815	2
17552	2143	1816	2
17553	2143	1817	2
17554	2143	1835	2
17555	2143	1837	2
17556	2143	1840	2
17557	2143	2142	2
17558	2143	2144	2
17559	2143	2145	2
17560	2143	2146	2
17561	2143	2147	2
17562	2143	3919	2
17563	2143	3924	2
17564	2143	3925	2
17565	2143	5628	2
17566	2143	5995	2
17567	2143	5997	2
17568	2143	6018	2
17569	2144	1803	2
17570	2144	1807	2
17571	2144	2142	2
17572	2144	2145	2
17573	2144	2146	2
17574	2144	3919	2
17575	2144	3920	2
17576	2144	3921	2
17577	2144	3924	2
17578	2144	3925	2
17579	2144	5628	2
17580	2144	5995	2
17581	2144	5997	2
17582	2144	6019	2
17583	2144	6023	2
17584	2145	1802	2
17585	2145	1803	2
17586	2145	1806	2
17587	2145	1807	2
17588	2145	1813	2
17589	2145	2142	2
17590	2145	2143	2
17591	2145	2144	2
17592	2145	2146	2
17593	2145	2147	2
17594	2145	3919	2
17595	2145	3920	2
17596	2145	3921	2
17597	2145	3924	2
17598	2145	3925	2
17599	2145	5628	2
17600	2145	5995	2
17601	2145	5997	2
17602	2145	6019	2
17603	2145	6023	2
17604	2146	1798	2
17605	2146	1800	2
17606	2146	1801	2
17607	2146	1802	2
17608	2146	1803	2
17609	2146	1804	2
17610	2146	1805	2
17611	2146	1806	2
17612	2146	1807	2
17613	2146	1809	2
17614	2146	1811	2
17615	2146	1813	5
17616	2146	1814	2
17617	2146	1815	2
17618	2146	1816	2
17619	2146	1817	2
17620	2146	2142	2
17621	2146	2143	2
17622	2146	2144	2
17623	2146	3924	5
17624	2146	3926	5
17625	2146	5995	5
17626	2147	1800	2
17627	2147	1801	2
17628	2147	1802	2
17629	2147	1803	2
17630	2147	1804	2
17631	2147	1805	2
17632	2147	1806	2
17633	2147	1807	2
17634	2147	1809	2
17635	2147	1811	2
17636	2147	1814	2
17637	2147	1815	2
17638	2147	1816	2
17639	2147	1817	2
17640	2147	1837	2
17641	2147	2142	2
17642	2147	2144	2
17643	2147	2145	2
17644	2147	3920	5
17645	2147	5628	5
17646	2147	6018	5
17647	2147	6019	5
17648	2148	2150	2
17649	2148	2152	2
17650	2148	2154	2
17651	2148	2156	2
17652	2148	3920	5
17653	2148	6019	5
17654	2149	2148	2
17655	2149	2150	2
17656	2149	2151	2
17657	2149	2152	2
17658	2149	2153	2
17659	2149	2154	2
17660	2149	2155	2
17661	2149	2156	2
17662	2149	2157	2
17663	2149	3915	2
17664	2149	3918	2
17665	2149	3928	2
17666	2149	5632	2
17667	2149	6020	2
17668	2149	6024	2
17669	2149	6028	2
17670	2149	7280	2
17671	2150	2148	2
17672	2150	2149	2
17673	2150	2153	2
17674	2150	2154	2
17675	2150	2156	2
17676	2150	2157	2
17677	2150	3918	2
17678	2150	3920	2
17679	2150	3921	2
17680	2150	3928	2
17681	2150	5632	2
17682	2150	6019	2
17683	2150	6023	2
17684	2150	6024	2
17685	2150	6028	2
17686	2150	7280	2
17687	2151	2149	2
17688	2151	2150	2
17689	2151	2152	2
17690	2151	2154	2
17691	2151	2155	2
17692	2151	2156	2
17693	2151	3921	5
17694	2151	3928	5
17695	2151	5632	5
17696	2151	6028	5
17697	2152	2148	2
17698	2152	2149	2
17699	2152	2151	2
17700	2152	2153	2
17701	2152	2154	2
17702	2152	2155	2
17703	2152	2156	2
17704	2152	2157	2
17705	2152	3915	2
17706	2152	3918	2
17707	2152	3920	2
17708	2152	3921	2
17709	2152	3928	2
17710	2152	5632	2
17711	2152	6019	2
17712	2152	6023	2
17713	2152	6024	2
17714	2152	6028	2
17715	2152	7280	2
17716	2153	2149	2
17717	2153	2150	2
17718	2153	2155	2
17719	2153	2156	2
17720	2153	6019	5
17721	2154	2148	2
17722	2154	2149	2
17723	2154	2150	2
17724	2154	2151	2
17725	2154	2156	2
17726	2154	2157	2
17727	2154	3915	2
17728	2154	3918	2
17729	2154	3920	2
17730	2154	3921	2
17731	2154	3928	2
17732	2154	5632	2
17733	2154	6019	2
17734	2154	6023	2
17735	2154	6024	2
17736	2154	6028	2
17737	2154	7280	2
17738	2155	2148	2
17739	2155	2150	2
17740	2155	2151	2
17741	2155	2152	2
17742	2155	2153	2
17743	2155	2156	2
17744	2155	2157	2
17745	2155	3915	2
17746	2155	3918	2
17747	2155	3920	2
17748	2155	3921	2
17749	2155	3928	2
17750	2155	5632	2
17751	2155	6019	2
17752	2155	6023	2
17753	2155	6024	2
17754	2155	6028	2
17755	2155	7280	2
17756	2156	2148	2
17757	2156	2149	2
17758	2156	2150	2
17759	2156	2151	2
17760	2156	2152	2
17761	2156	2153	2
17762	2156	2155	2
17763	2156	3915	2
17764	2156	3918	2
17765	2156	3928	2
17766	2156	6020	2
17767	2156	6024	2
17768	2156	6028	2
17769	2156	7280	2
17770	2157	2149	2
17771	2157	2150	2
17772	2157	2152	2
17773	2157	2154	2
17774	2157	2155	2
17775	2157	2156	2
17776	2157	3915	5
17777	2157	3920	5
17778	2157	6019	5
17779	2157	7280	5
17780	2158	2138	2
17781	2158	2140	2
17782	2158	2159	2
17783	2158	2160	2
17784	2158	2161	2
17785	2158	2162	2
17786	2158	2163	2
17787	2158	2164	2
17788	2158	2165	2
17789	2158	2166	2
17790	2158	2167	2
17791	2158	2168	2
17792	2158	2169	2
17793	2158	2170	2
17794	2158	2172	2
17795	2158	2173	2
17796	2158	2174	2
17797	2158	2175	2
17798	2158	2177	2
17799	2158	2178	2
17800	2158	6021	2
17801	2158	6050	2
17802	2158	6517	2
17803	2159	2138	2
17804	2159	2139	2
17805	2159	2140	2
17806	2159	2141	2
17807	2159	2160	2
17808	2159	2161	2
17809	2159	2162	2
17810	2159	2164	2
17811	2159	2165	2
17812	2159	2166	2
17813	2159	2168	2
17814	2159	2169	2
17815	2159	2170	2
17816	2159	2171	2
17817	2159	2172	2
17818	2159	2173	2
17819	2159	2174	2
17820	2159	2175	2
17821	2159	2176	2
17822	2159	2177	2
17823	2159	2178	2
17824	2159	2179	2
17825	2159	2744	2
17826	2159	4019	2
17827	2159	4022	2
17828	2159	4026	2
17829	2159	6021	2
17830	2159	6050	2
17831	2159	6051	2
17832	2159	6517	2
17833	2160	2140	2
17834	2160	2158	2
17835	2160	2159	2
17836	2160	2162	2
17837	2160	2163	2
17838	2160	2165	2
17839	2160	2166	2
17840	2160	2167	2
17841	2160	2168	2
17842	2160	2169	2
17843	2160	2171	2
17844	2160	2172	2
17845	2160	2173	2
17846	2160	2174	2
17847	2160	2175	2
17848	2160	2176	2
17849	2160	2177	2
17850	2160	2178	2
17851	2160	2179	2
17852	2160	2744	2
17853	2160	6020	2
17854	2160	6050	2
17855	2160	6517	2
17856	2161	2138	2
17857	2161	2140	2
17858	2161	2158	2
17859	2161	2159	2
17860	2161	2160	2
17861	2161	2163	2
17862	2161	2164	2
17863	2161	2165	2
17864	2161	2166	2
17865	2161	2167	2
17866	2161	2168	2
17867	2161	2169	2
17868	2161	2170	2
17869	2161	2171	2
17870	2161	2172	2
17871	2161	2173	2
17872	2161	2174	2
17873	2161	2176	2
17874	2161	2177	2
17875	2161	2178	2
17876	2161	2179	2
17877	2161	2744	2
17878	2161	4026	2
17879	2161	6050	2
17880	2162	2138	2
17881	2162	2140	2
17882	2162	2141	2
17883	2162	2158	2
17884	2162	2159	2
17885	2162	2160	2
17886	2162	2164	2
17887	2162	2165	2
17888	2162	2166	2
17889	2162	2167	2
17890	2162	2169	2
17891	2162	2170	2
17892	2162	2171	2
17893	2162	2172	2
17894	2162	2173	2
17895	2162	2174	2
17896	2162	2175	2
17897	2162	2176	2
17898	2162	2177	2
17899	2162	2178	2
17900	2162	2179	2
17901	2162	2744	2
17902	2162	4026	2
17903	2162	6050	2
17904	2163	2138	2
17905	2163	2139	2
17906	2163	2141	2
17907	2163	2158	2
17908	2163	2160	2
17909	2163	2161	2
17910	2163	2162	2
17911	2163	2164	2
17912	2163	2165	2
17913	2163	2166	2
17914	2163	2167	2
17915	2163	2168	2
17916	2163	2169	2
17917	2163	2170	2
17918	2163	2171	2
17919	2163	2172	2
17920	2163	2173	2
17921	2163	2174	2
17922	2163	2175	2
17923	2163	2176	2
17924	2163	2177	2
17925	2163	2178	2
17926	2163	2179	2
17927	2163	2744	2
17928	2163	4019	2
17929	2163	4022	2
17930	2163	4026	2
17931	2163	6021	2
17932	2163	6050	2
17933	2163	6051	2
17934	2163	6517	2
17935	2164	2138	2
17936	2164	2140	2
17937	2164	2158	2
17938	2164	2159	2
17939	2164	2160	2
17940	2164	2161	2
17941	2164	2162	2
17942	2164	2163	2
17943	2164	2165	2
17944	2164	2166	2
17945	2164	2167	2
17946	2164	2168	2
17947	2164	2170	2
17948	2164	2171	2
17949	2164	2172	2
17950	2164	2174	2
17951	2164	2175	2
17952	2164	2176	2
17953	2164	2177	2
17954	2164	2178	2
17955	2164	2179	2
17956	2164	2744	2
17957	2164	6021	2
17958	2164	6050	2
17959	2164	6517	2
17960	2165	2138	2
17961	2165	2140	2
17962	2165	2141	2
17963	2165	2158	2
17964	2165	2159	2
17965	2165	2160	2
17966	2165	2162	2
17967	2165	2163	2
17968	2165	2166	2
17969	2165	2167	2
17970	2165	2169	2
17971	2165	2170	2
17972	2165	2171	2
17973	2165	2172	2
17974	2165	2173	2
17975	2165	2174	2
17976	2165	2175	2
17977	2165	2176	2
17978	2165	2177	2
17979	2165	2178	2
17980	2165	2179	2
17981	2165	2744	2
17982	2165	4026	2
17983	2165	6021	2
17984	2165	6050	2
17985	2165	6517	2
17986	2166	2138	2
17987	2166	2140	2
17988	2166	2141	2
17989	2166	2159	2
17990	2166	2160	2
17991	2166	2161	2
17992	2166	2162	2
17993	2166	2163	2
17994	2166	2164	2
17995	2166	2165	2
17996	2166	2168	2
17997	2166	2169	2
17998	2166	2170	2
17999	2166	2171	2
18000	2166	2173	2
18001	2166	2174	2
18002	2166	2175	2
18003	2166	2177	2
18004	2166	2178	2
18005	2166	2179	2
18006	2166	2744	2
18007	2166	4026	2
18008	2166	6021	2
18009	2166	6050	2
18010	2166	6517	2
18011	2167	2138	2
18012	2167	2139	2
18013	2167	2140	2
18014	2167	2141	2
18015	2167	2158	2
18016	2167	2159	2
18017	2167	2160	2
18018	2167	2161	2
18019	2167	2162	2
18020	2167	2163	2
18021	2167	2164	2
18022	2167	2165	2
18023	2167	2166	2
18024	2167	2168	2
18025	2167	2170	2
18026	2167	2171	2
18027	2167	2172	2
18028	2167	2174	2
18029	2167	2175	2
18030	2167	2176	2
18031	2167	2177	2
18032	2167	2178	2
18033	2167	2179	2
18034	2167	2744	2
18035	2167	4026	2
18036	2167	6021	2
18037	2167	6050	2
18038	2167	6051	2
18039	2167	6517	2
18040	2168	2138	2
18041	2168	2139	2
18042	2168	2140	2
18043	2168	2141	2
18044	2168	2158	2
18045	2168	2159	2
18046	2168	2160	2
18047	2168	2161	2
18048	2168	2162	2
18049	2168	2163	2
18050	2168	2164	2
18051	2168	2167	2
18052	2168	2169	2
18053	2168	2170	2
18054	2168	2171	2
18055	2168	2172	2
18056	2168	2173	2
18057	2168	2174	2
18058	2168	2175	2
18059	2168	2176	2
18060	2168	2177	2
18061	2168	2178	2
18062	2168	2179	2
18063	2168	2744	2
18064	2168	4026	2
18065	2168	6021	2
18066	2168	6050	2
18067	2168	6517	2
18068	2169	2138	2
18069	2169	2139	2
18070	2169	2140	2
18071	2169	2141	2
18072	2169	2158	2
18073	2169	2159	2
18074	2169	2160	2
18075	2169	2161	2
18076	2169	2162	2
18077	2169	2164	2
18078	2169	2165	2
18079	2169	2166	2
18080	2169	2170	2
18081	2169	2171	2
18082	2169	2172	2
18083	2169	2173	2
18084	2169	2174	2
18085	2169	2175	2
18086	2169	2176	2
18087	2169	2177	2
18088	2169	2178	2
18089	2169	2179	2
18090	2169	2744	2
18091	2169	4026	2
18092	2169	6021	2
18093	2169	6050	2
18094	2169	6051	2
18095	2169	6517	2
18096	2170	2140	2
18097	2170	2158	2
18098	2170	2159	2
18099	2170	2161	2
18100	2170	2162	2
18101	2170	2163	2
18102	2170	2164	2
18103	2170	2165	2
18104	2170	2166	2
18105	2170	2167	2
18106	2170	2168	2
18107	2170	2169	2
18108	2170	2171	2
18109	2170	2172	2
18110	2170	2173	2
18111	2170	2174	2
18112	2170	2175	2
18113	2170	2177	2
18114	2170	2178	2
18115	2170	2179	2
18116	2170	2744	2
18117	2170	6020	2
18118	2170	6050	2
18119	2170	6517	2
18120	2171	2138	2
18121	2171	2140	2
18122	2171	2159	2
18123	2171	2160	2
18124	2171	2161	2
18125	2171	2162	2
18126	2171	2163	2
18127	2171	2164	2
18128	2171	2165	2
18129	2171	2166	2
18130	2171	2167	2
18131	2171	2168	2
18132	2171	2169	2
18133	2171	2173	2
18134	2171	2174	2
18135	2171	2175	2
18136	2171	2177	2
18137	2171	2178	2
18138	2171	2744	2
18139	2171	6021	2
18140	2171	6050	2
18141	2171	6517	2
18142	2172	2138	2
18143	2172	2140	2
18144	2172	2158	2
18145	2172	2159	2
18146	2172	2160	2
18147	2172	2161	2
18148	2172	2162	2
18149	2172	2163	2
18150	2172	2164	2
18151	2172	2167	2
18152	2172	2168	2
18153	2172	2169	2
18154	2172	2170	2
18155	2172	2171	2
18156	2172	2173	2
18157	2172	2174	2
18158	2172	2175	2
18159	2172	2177	2
18160	2172	2178	2
18161	2172	2179	2
18162	2172	2744	2
18163	2172	6021	2
18164	2172	6050	2
18165	2172	6517	2
18166	2173	2138	2
18167	2173	2140	2
18168	2173	2158	2
18169	2173	2159	2
18170	2173	2160	2
18171	2173	2161	2
18172	2173	2162	2
18173	2173	2163	2
18174	2173	2165	2
18175	2173	2166	2
18176	2173	2167	2
18177	2173	2168	2
18178	2173	2169	2
18179	2173	2171	2
18180	2173	2174	2
18181	2173	2175	2
18182	2173	2176	2
18183	2173	2177	2
18184	2173	2178	2
18185	2173	2179	2
18186	2173	2744	2
18187	2173	6021	2
18188	2173	6050	2
18189	2173	6517	2
18190	2174	2140	2
18191	2174	2158	2
18192	2174	2159	2
18193	2174	2160	2
18194	2174	2161	2
18195	2174	2162	2
18196	2174	2163	2
18197	2174	2164	2
18198	2174	2165	2
18199	2174	2166	2
18200	2174	2167	2
18201	2174	2168	2
18202	2174	2169	2
18203	2174	2170	2
18204	2174	2171	2
18205	2174	2172	2
18206	2174	2173	2
18207	2174	2175	2
18208	2174	2176	2
18209	2174	2178	2
18210	2175	2138	2
18211	2175	2140	2
18212	2175	2158	2
18213	2175	2159	2
18214	2175	2160	2
18215	2175	2161	2
18216	2175	2162	2
18217	2175	2163	2
18218	2175	2164	2
18219	2175	2165	2
18220	2175	2166	2
18221	2175	2167	2
18222	2175	2168	2
18223	2175	2169	2
18224	2175	2170	2
18225	2175	2171	2
18226	2175	2172	2
18227	2175	2173	2
18228	2175	2176	2
18229	2175	2177	2
18230	2175	4026	2
18231	2175	6050	2
18232	2176	2159	2
18233	2176	2160	2
18234	2176	2161	2
18235	2176	2162	2
18236	2176	2163	2
18237	2176	2164	2
18238	2176	2165	2
18239	2176	2167	2
18240	2176	2168	2
18241	2176	2169	2
18242	2176	2173	2
18243	2176	2174	2
18244	2176	2175	2
18245	2176	2745	2
18246	2176	2746	2
18247	2176	6050	2
18248	2177	2138	2
18249	2177	2140	2
18250	2177	2158	2
18251	2177	2159	2
18252	2177	2160	2
18253	2177	2161	2
18254	2177	2162	2
18255	2177	2163	2
18256	2177	2164	2
18257	2177	2165	2
18258	2177	2166	2
18259	2177	2167	2
18260	2177	2168	2
18261	2177	2169	2
18262	2177	2170	2
18263	2177	2171	2
18264	2177	2172	2
18265	2177	2173	2
18266	2177	2175	2
18267	2177	2176	2
18268	2177	2179	2
18269	2177	4026	7
18270	2178	2138	2
18271	2178	2140	2
18272	2178	2158	2
18273	2178	2159	2
18274	2178	2160	2
18275	2178	2161	2
18276	2178	2163	2
18277	2178	2164	2
18278	2178	2165	2
18279	2178	2166	2
18280	2178	2167	2
18281	2178	2168	2
18282	2178	2169	2
18283	2178	2170	2
18284	2178	2171	2
18285	2178	2172	2
18286	2178	2173	2
18287	2178	2174	2
18288	2178	2176	2
18289	2178	2177	2
18290	2178	2179	2
18291	2178	4026	2
18292	2178	6050	2
18293	2179	2159	2
18294	2179	2160	2
18295	2179	2161	2
18296	2179	2162	2
18297	2179	2163	2
18298	2179	2164	2
18299	2179	2165	2
18300	2179	2166	2
18301	2179	2167	2
18302	2179	2168	2
18303	2179	2169	2
18304	2179	2170	2
18305	2179	2172	2
18306	2179	2173	2
18307	2179	2174	2
18308	2179	2175	2
18309	2179	2177	2
18310	2179	2178	2
18311	2179	2746	2
18312	2179	6050	2
18313	2180	2181	2
18314	2180	2187	2
18315	2180	2189	2
18316	2180	2191	5
18317	2180	2193	2
18318	2180	2195	5
18319	2180	2197	5
18320	2181	2186	2
18321	2181	2187	2
18322	2181	2188	2
18323	2181	2189	2
18324	2181	2190	2
18325	2181	2191	2
18326	2181	2192	2
18327	2181	3890	2
18328	2181	3891	2
18329	2181	3892	2
18330	2181	3933	2
18331	2181	3934	2
18332	2181	3935	2
18333	2181	6005	2
18334	2181	6006	2
18335	2181	7388	2
18336	2182	1796	2
18337	2182	1797	2
18338	2182	1798	2
18339	2182	1799	2
18340	2182	1800	2
18341	2182	1801	2
18342	2182	1802	2
18343	2182	1803	2
18344	2182	1804	2
18345	2182	1805	2
18346	2182	1806	2
18347	2182	1807	2
18348	2182	1808	2
18349	2182	1809	2
18350	2182	1810	2
18351	2182	1811	2
18352	2182	1812	2
18353	2182	1813	2
18354	2182	1814	2
18355	2182	1815	2
18356	2182	1816	2
18357	2182	1817	2
18358	2182	1835	2
18359	2182	1837	2
18360	2182	1839	2
18361	2182	2186	2
18362	2182	2188	2
18363	2182	3896	2
18364	2182	3931	2
18365	2182	3936	2
18366	2182	5630	2
18367	2182	5990	2
18368	2182	6007	2
18369	2182	6008	2
18370	2183	1797	2
18371	2183	1805	2
18372	2183	1808	2
18373	2183	1809	2
18374	2183	1810	2
18375	2183	1811	2
18376	2183	1812	2
18377	2183	1816	2
18378	2183	2182	2
18379	2183	2184	2
18380	2183	2185	2
18381	2183	2187	2
18382	2183	2188	2
18383	2183	2189	2
18384	2183	2190	2
18385	2183	2191	2
18386	2183	3896	2
18387	2183	3931	2
18388	2183	3935	2
18389	2183	3936	2
18390	2183	5630	2
18391	2183	5990	2
18392	2183	6006	2
18393	2183	6007	2
18394	2183	6008	2
18395	2184	1796	2
18396	2184	1797	2
18397	2184	1798	2
18398	2184	1799	2
18399	2184	1800	2
18400	2184	1801	2
18401	2184	1802	2
18402	2184	1803	2
18403	2184	1804	2
18404	2184	1805	2
18405	2184	1806	2
18406	2184	1807	2
18407	2184	1808	2
18408	2184	1809	2
18409	2184	1811	2
18410	2184	1812	2
18411	2184	1813	2
18412	2184	1814	2
18413	2184	1815	2
18414	2184	1816	2
18415	2184	1817	2
18416	2184	1835	2
18417	2184	1837	2
18418	2184	1839	2
18419	2184	1840	2
18420	2184	2183	2
18421	2184	2185	2
18422	2184	2186	2
18423	2184	2188	2
18424	2184	3896	2
18425	2184	3931	2
18426	2184	3936	2
18427	2184	5990	2
18428	2184	6007	2
18429	2184	6008	2
18430	2185	1796	2
18431	2185	1800	2
18432	2185	1801	2
18433	2185	1802	2
18434	2185	1804	2
18435	2185	1805	2
18436	2185	1806	2
18437	2185	1808	2
18438	2185	1809	2
18439	2185	1810	2
18440	2185	1811	2
18441	2185	1814	2
18442	2185	1815	2
18443	2185	1816	2
18444	2185	1817	2
18445	2185	1835	2
18446	2185	1837	2
18447	2185	2182	2
18448	2185	2184	2
18449	2185	2186	2
18450	2185	2188	2
18451	2185	3896	7
18452	2185	6008	7
18453	2186	1796	2
18454	2186	1797	2
18455	2186	2181	2
18456	2186	2182	2
18457	2186	2183	2
18458	2186	2184	2
18459	2186	2185	2
18460	2186	2189	2
18461	2186	2191	2
18462	2186	2193	2
18463	2186	3891	2
18464	2186	3892	2
18465	2186	3896	2
18466	2186	3931	2
18467	2186	3934	2
18468	2186	3935	2
18469	2186	3936	2
18470	2186	5630	2
18471	2186	6006	2
18472	2186	6007	2
18473	2187	1796	2
18474	2187	2180	2
18475	2187	2183	2
18476	2187	2186	2
18477	2187	2188	2
18478	2187	2189	2
18479	2187	2190	2
18480	2187	2191	2
18481	2187	2192	2
18482	2187	2193	2
18483	2187	3890	2
18484	2187	3891	2
18485	2187	3892	2
18486	2187	3933	2
18487	2187	3934	2
18488	2187	3935	2
18489	2187	3936	2
18490	2187	5630	2
18491	2187	6005	2
18492	2187	6006	2
18493	2187	7388	2
18494	2188	1797	2
18495	2188	2181	2
18496	2188	2182	2
18497	2188	2183	2
18498	2188	2184	2
18499	2188	2185	2
18500	2188	2187	2
18501	2188	2189	2
18502	2188	2190	2
18503	2188	2191	2
18504	2188	2193	2
18505	2188	3891	2
18506	2188	3892	2
18507	2188	3896	2
18508	2188	3931	2
18509	2188	3934	2
18510	2188	3935	2
18511	2188	3936	2
18512	2188	5630	2
18513	2188	6006	2
18514	2188	6007	2
18515	2189	1796	2
18516	2189	2180	2
18517	2189	2181	2
18518	2189	2183	2
18519	2189	2186	2
18520	2189	2187	2
18521	2189	2190	2
18522	2189	2192	2
18523	2189	2193	2
18524	2189	3890	2
18525	2189	3891	2
18526	2189	3892	2
18527	2189	3933	2
18528	2189	3934	2
18529	2189	3935	2
18530	2189	3936	2
18531	2189	5630	2
18532	2189	6005	2
18533	2189	6006	2
18534	2189	7388	2
18535	2190	1796	2
18536	2190	2181	2
18537	2190	2183	2
18538	2190	2186	2
18539	2190	2188	2
18540	2190	2189	2
18541	2190	2192	5
18542	2190	2193	2
18543	2190	5630	7
18544	2190	6005	5
18545	2190	6007	7
18546	2190	7388	5
18547	2191	1796	2
18548	2191	2180	5
18549	2191	2181	2
18550	2191	2183	2
18551	2191	2186	2
18552	2191	2187	2
18553	2191	2189	2
18554	2191	2193	2
18555	2191	3933	5
18556	2191	3934	7
18557	2192	2181	2
18558	2192	2187	2
18559	2192	2189	2
18560	2192	2190	5
18561	2192	2195	5
18562	2192	2197	5
18563	2193	2180	2
18564	2193	2186	2
18565	2193	2187	2
18566	2193	2188	2
18567	2193	2190	2
18568	2193	2191	2
18569	2193	2192	2
18570	2193	2195	2
18571	2193	2197	2
18572	2193	3890	2
18573	2193	3891	2
18574	2193	3933	2
18575	2193	3934	2
18576	2193	3935	2
18577	2193	6005	2
18578	2193	6006	2
18579	2193	7388	2
18580	2194	2195	2
18581	2194	2197	2
18582	2194	2204	2
18583	2194	2206	2
18584	2194	2207	2
18585	2194	2208	2
18586	2194	2209	2
18587	2194	2210	2
18588	2194	2211	2
18589	2194	2212	2
18590	2194	2213	2
18591	2194	2214	2
18592	2194	2215	2
18593	2194	5986	2
18594	2194	6002	2
18595	2194	6685	2
18596	2194	6912	2
18597	2194	6913	2
18598	2194	6916	2
18599	2194	6917	2
18600	2194	6918	2
18601	2194	6923	2
18602	2194	6925	2
18603	2194	6927	2
18604	2194	6928	2
18605	2194	6929	2
18606	2195	2180	5
18607	2195	2192	5
18608	2195	2193	2
18609	2195	2196	2
18610	2195	2204	2
18611	2195	2205	2
18612	2195	2206	2
18613	2195	2207	2
18614	2195	2208	2
18615	2195	2209	2
18616	2195	2210	2
18617	2195	2211	2
18618	2195	2212	2
18619	2195	2213	2
18620	2195	2214	2
18621	2195	2215	2
18622	2195	6685	2
18623	2196	2195	2
18624	2196	2204	2
18625	2196	2205	2
18626	2196	2206	2
18627	2196	2207	2
18628	2196	2208	2
18629	2196	2209	2
18630	2196	2210	2
18631	2196	2211	2
18632	2196	2212	2
18633	2196	2213	2
18634	2196	2214	2
18635	2196	2215	2
18636	2196	5986	2
18637	2196	6002	2
18638	2196	6685	2
18639	2196	6912	2
18640	2196	6913	2
18641	2196	6916	2
18642	2196	6917	2
18643	2196	6918	2
18644	2196	6925	2
18645	2196	6927	2
18646	2196	6928	2
18647	2196	6929	2
18648	2197	2180	5
18649	2197	2192	5
18650	2197	2193	2
18651	2197	2194	2
18652	2197	2196	2
18653	2197	2204	2
18654	2197	2205	2
18655	2197	2206	2
18656	2197	2207	2
18657	2197	2208	2
18658	2197	2209	2
18659	2197	2210	2
18660	2197	2211	2
18661	2197	2212	2
18662	2197	2213	2
18663	2197	2214	2
18664	2197	2215	2
18665	2197	6685	2
18666	2198	2199	2
18667	2198	2200	2
18668	2198	2201	2
18669	2198	2202	2
18670	2198	2203	2
18671	2198	2225	2
18672	2198	2226	2
18673	2198	2227	2
18674	2198	2228	2
18675	2198	2619	2
18676	2198	6683	2
18677	2198	6763	2
18678	2199	2203	2
18679	2199	2222	2
18680	2199	2223	2
18681	2199	2224	2
18682	2199	2225	2
18683	2199	2226	2
18684	2199	2227	2
18685	2199	2228	2
18686	2199	2229	2
18687	2199	5999	2
18688	2199	6683	2
18689	2199	6684	2
18690	2200	2198	2
18691	2200	2202	2
18692	2200	2203	2
18693	2200	2225	2
18694	2200	2226	2
18695	2200	2227	2
18696	2200	2619	2
18697	2200	6763	2
18698	2200	6764	2
18699	2201	2198	2
18700	2201	2203	2
18701	2201	2223	2
18702	2201	2224	2
18703	2201	2225	2
18704	2201	2226	2
18705	2201	2227	2
18706	2201	2228	2
18707	2201	2229	2
18708	2201	5999	2
18709	2201	6683	2
18710	2201	6684	2
18711	2202	2198	2
18712	2202	2200	2
18713	2202	2203	2
18714	2202	2225	2
18715	2202	2226	2
18716	2202	2227	2
18717	2202	2620	2
18718	2202	6683	2
18719	2202	6763	2
18720	2202	6764	2
18721	2203	2198	2
18722	2203	2199	2
18723	2203	2200	2
18724	2203	2201	2
18725	2203	2225	2
18726	2203	2226	2
18727	2203	2227	2
18728	2203	2228	2
18729	2203	2619	2
18730	2203	6683	2
18731	2203	6684	2
18732	2203	6763	2
18733	2203	6764	2
18734	2204	2194	2
18735	2204	2195	2
18736	2204	2197	2
18737	2204	2206	2
18738	2204	2207	2
18739	2204	2208	2
18740	2204	2209	2
18741	2204	2210	2
18742	2204	2211	2
18743	2204	2212	2
18744	2204	2213	2
18745	2204	2214	2
18746	2204	2215	2
18747	2204	2217	2
18748	2204	2220	2
18749	2204	5986	2
18750	2204	6002	2
18751	2204	6685	2
18752	2204	6912	2
18753	2204	6913	2
18754	2204	6914	2
18755	2204	6916	2
18756	2204	6917	2
18757	2204	6918	2
18758	2204	6923	2
18759	2204	6924	2
18760	2204	6925	2
18761	2204	6927	2
18762	2204	6928	2
18763	2204	6929	2
18764	2205	2194	2
18765	2205	2195	2
18766	2205	2196	2
18767	2205	2197	2
18768	2205	2206	2
18769	2205	2207	2
18770	2205	2209	2
18771	2205	2210	2
18772	2205	2211	2
18773	2205	2212	2
18774	2205	2213	2
18775	2205	2214	2
18776	2205	2215	2
18777	2205	2217	2
18778	2205	2220	2
18779	2205	5986	2
18780	2205	6002	2
18781	2205	6685	2
18782	2205	6912	2
18783	2205	6913	2
18784	2205	6914	2
18785	2205	6917	2
18786	2205	6918	2
18787	2205	6923	2
18788	2205	6924	2
18789	2205	6925	2
18790	2205	6927	2
18791	2205	6928	2
18792	2205	6929	2
18793	2206	2194	2
18794	2206	2195	2
18795	2206	2196	2
18796	2206	2197	2
18797	2206	2204	2
18798	2206	2205	2
18799	2206	2209	2
18800	2206	2210	2
18801	2206	2211	2
18802	2206	2212	2
18803	2206	2213	2
18804	2206	2215	2
18805	2206	2216	2
18806	2206	2217	2
18807	2206	2219	2
18808	2206	2220	2
18809	2206	6000	2
18810	2206	6685	2
18811	2206	6912	2
18812	2206	6913	2
18813	2206	6914	2
18814	2206	6915	2
18815	2206	6916	2
18816	2206	6917	2
18817	2206	6918	2
18818	2206	6923	2
18819	2206	6924	2
18820	2206	6925	2
18821	2206	6926	2
18822	2206	6927	2
18823	2206	6928	2
18824	2206	6929	2
18825	2206	6930	2
18826	2207	2194	2
18827	2207	2195	2
18828	2207	2196	2
18829	2207	2197	2
18830	2207	2204	2
18831	2207	2205	2
18832	2207	2206	2
18833	2207	2208	2
18834	2207	2209	2
18835	2207	2210	2
18836	2207	2211	2
18837	2207	2212	2
18838	2207	2213	2
18839	2207	2214	2
18840	2207	2215	2
18841	2207	2216	2
18842	2207	2217	2
18843	2207	2219	2
18844	2207	2220	2
18845	2207	6000	2
18846	2207	6002	2
18847	2207	6580	2
18848	2207	6685	2
18849	2207	6912	2
18850	2207	6913	2
18851	2207	6914	2
18852	2207	6915	2
18853	2207	6917	2
18854	2207	6918	2
18855	2207	6919	2
18856	2207	6922	2
18857	2207	6923	2
18858	2207	6924	2
18859	2207	6925	2
18860	2207	6926	2
18861	2207	6927	2
18862	2207	6928	2
18863	2207	6929	2
18864	2207	6930	2
18865	2208	2194	2
18866	2208	2195	2
18867	2208	2196	2
18868	2208	2197	2
18869	2208	2204	2
18870	2208	2205	2
18871	2208	2206	2
18872	2208	2207	2
18873	2208	2210	2
18874	2208	2211	2
18875	2208	2212	2
18876	2208	2213	2
18877	2208	2214	2
18878	2208	2215	2
18879	2208	2216	2
18880	2208	2217	2
18881	2208	2219	2
18882	2208	2220	2
18883	2208	6912	2
18884	2208	6913	2
18885	2208	6914	2
18886	2208	6915	2
18887	2208	6916	2
18888	2208	6917	2
18889	2208	6918	2
18890	2208	6923	2
18891	2208	6924	2
18892	2208	6925	2
18893	2208	6926	2
18894	2208	6927	2
18895	2208	6928	2
18896	2208	6929	2
18897	2208	6930	2
18898	2209	2194	2
18899	2209	2195	2
18900	2209	2196	2
18901	2209	2197	2
18902	2209	2205	2
18903	2209	2206	2
18904	2209	2207	2
18905	2209	2211	2
18906	2209	2212	2
18907	2209	2213	2
18908	2209	2214	2
18909	2209	2215	2
18910	2209	2216	2
18911	2209	2217	2
18912	2209	2219	2
18913	2209	2220	2
18914	2209	5986	2
18915	2209	6685	2
18916	2209	6912	2
18917	2209	6913	2
18918	2209	6914	2
18919	2209	6915	2
18920	2209	6916	2
18921	2209	6917	2
18922	2209	6918	2
18923	2209	6923	2
18924	2209	6924	2
18925	2209	6925	2
18926	2209	6926	2
18927	2209	6927	2
18928	2209	6928	2
18929	2209	6929	2
18930	2209	6930	2
18931	2210	2194	2
18932	2210	2195	2
18933	2210	2196	2
18934	2210	2197	2
18935	2210	2204	2
18936	2210	2205	2
18937	2210	2207	2
18938	2210	2208	2
18939	2210	2209	2
18940	2210	2211	2
18941	2210	2213	2
18942	2210	2214	2
18943	2210	2215	2
18944	2210	2216	2
18945	2210	2217	2
18946	2210	2219	2
18947	2210	2220	2
18948	2210	5986	2
18949	2210	6685	2
18950	2210	6912	2
18951	2210	6913	2
18952	2210	6914	2
18953	2210	6915	2
18954	2210	6916	2
18955	2210	6917	2
18956	2210	6918	2
18957	2210	6923	2
18958	2210	6924	2
18959	2210	6925	2
18960	2210	6926	2
18961	2210	6927	2
18962	2210	6928	2
18963	2210	6929	2
18964	2210	6930	2
18965	2211	2194	2
18966	2211	2195	2
18967	2211	2196	2
18968	2211	2197	2
18969	2211	2204	2
18970	2211	2205	2
18971	2211	2206	2
18972	2211	2207	2
18973	2211	2208	2
18974	2211	2209	2
18975	2211	2212	2
18976	2211	2214	2
18977	2211	2215	2
18978	2211	2216	2
18979	2211	2217	2
18980	2211	2219	2
18981	2211	2220	2
18982	2211	5986	2
18983	2211	6685	2
18984	2211	6913	2
18985	2211	6914	2
18986	2211	6915	2
18987	2211	6916	2
18988	2211	6917	2
18989	2211	6918	2
18990	2211	6923	2
18991	2211	6925	2
18992	2211	6926	2
18993	2211	6928	2
18994	2211	6929	2
18995	2211	6930	2
18996	2212	2194	2
18997	2212	2195	2
18998	2212	2196	2
18999	2212	2197	2
19000	2212	2204	2
19001	2212	2205	2
19002	2212	2206	2
19003	2212	2207	2
19004	2212	2208	2
19005	2212	2209	2
19006	2212	2211	2
19007	2212	2214	2
19008	2212	2216	2
19009	2212	2217	2
19010	2212	2219	2
19011	2212	2220	2
19012	2212	6685	2
19013	2212	6912	2
19014	2212	6913	2
19015	2212	6914	2
19016	2212	6915	2
19017	2212	6916	2
19018	2212	6917	2
19019	2212	6918	2
19020	2212	6923	2
19021	2212	6924	2
19022	2212	6925	2
19023	2212	6926	2
19024	2212	6927	2
19025	2212	6928	2
19026	2212	6929	2
19027	2212	6930	2
19028	2213	2194	2
19029	2213	2195	2
19030	2213	2196	2
19031	2213	2197	2
19032	2213	2204	2
19033	2213	2205	2
19034	2213	2206	2
19035	2213	2207	2
19036	2213	2208	2
19037	2213	2209	2
19038	2213	2210	2
19039	2213	2212	2
19040	2213	2214	2
19041	2213	2215	2
19042	2213	2216	2
19043	2213	2217	2
19044	2213	2219	2
19045	2213	2220	2
19046	2213	5986	2
19047	2213	6685	2
19048	2213	6913	2
19049	2213	6914	2
19050	2213	6915	2
19051	2213	6916	2
19052	2213	6917	2
19053	2213	6918	2
19054	2213	6923	2
19055	2213	6925	2
19056	2213	6926	2
19057	2213	6927	2
19058	2213	6928	2
19059	2213	6929	2
19060	2213	6930	2
19061	2214	2194	2
19062	2214	2195	2
19063	2214	2196	2
19064	2214	2197	2
19065	2214	2204	2
19066	2214	2205	2
19067	2214	2207	2
19068	2214	2208	2
19069	2214	2209	2
19070	2214	2210	2
19071	2214	2211	2
19072	2214	2213	2
19073	2214	2215	2
19074	2214	2216	2
19075	2214	2217	2
19076	2214	2219	2
19077	2214	2220	2
19078	2214	6000	2
19079	2214	6685	2
19080	2214	6912	2
19081	2214	6913	2
19082	2214	6914	2
19083	2214	6915	2
19084	2214	6916	2
19085	2214	6917	2
19086	2214	6918	2
19087	2214	6923	2
19088	2214	6924	2
19089	2214	6925	2
19090	2214	6926	2
19091	2214	6927	2
19092	2214	6928	2
19093	2214	6929	2
19094	2214	6930	2
19095	2215	2194	2
19096	2215	2195	2
19097	2215	2196	2
19098	2215	2197	2
19099	2215	2204	2
19100	2215	2205	2
19101	2215	2206	2
19102	2215	2207	2
19103	2215	2208	2
19104	2215	2210	2
19105	2215	2211	2
19106	2215	2212	2
19107	2215	2213	2
19108	2215	2214	2
19109	2215	2216	2
19110	2215	2217	2
19111	2215	2218	2
19112	2215	2219	2
19113	2215	2220	2
19114	2215	2221	2
19115	2215	6000	2
19116	2215	6912	2
19117	2215	6913	2
19118	2215	6914	2
19119	2215	6915	2
19120	2215	6916	2
19121	2215	6917	2
19122	2215	6918	2
19123	2215	6923	2
19124	2215	6924	2
19125	2215	6925	2
19126	2215	6926	2
19127	2215	6927	2
19128	2215	6928	2
19129	2215	6929	2
19130	2215	6930	2
19131	2216	2206	2
19132	2216	2207	2
19133	2216	2208	2
19134	2216	2209	2
19135	2216	2210	2
19136	2216	2211	2
19137	2216	2212	2
19138	2216	2213	2
19139	2216	2214	2
19140	2216	2215	2
19141	2216	2217	2
19142	2216	2220	2
19143	2216	2221	2
19144	2216	2222	2
19145	2216	2223	2
19146	2216	6000	5
19147	2216	6685	2
19148	2216	6914	5
19149	2216	6918	5
19150	2216	6923	5
19151	2216	6925	5
19152	2216	6926	2
19153	2216	6930	2
19154	2217	2204	2
19155	2217	2205	2
19156	2217	2206	2
19157	2217	2207	2
19158	2217	2208	2
19159	2217	2209	2
19160	2217	2210	2
19161	2217	2211	2
19162	2217	2212	2
19163	2217	2213	2
19164	2217	2214	2
19165	2217	2215	2
19166	2217	2218	2
19167	2217	2219	2
19168	2217	2221	2
19169	2217	6000	2
19170	2217	6685	2
19171	2217	6914	2
19172	2217	6915	2
19173	2217	6916	2
19174	2217	6917	2
19175	2217	6918	2
19176	2217	6923	2
19177	2217	6924	2
19178	2217	6925	2
19179	2217	6927	2
19180	2217	6928	2
19181	2217	6929	2
19182	2217	6930	2
19183	2218	2215	2
19184	2218	2216	2
19185	2218	2217	2
19186	2218	2219	2
19187	2218	2220	2
19188	2218	2222	2
19189	2218	2224	2
19190	2218	2229	2
19191	2218	6000	2
19192	2218	6914	2
19193	2218	6915	2
19194	2218	6925	2
19195	2218	6926	2
19196	2218	6928	2
19197	2218	6929	2
19198	2218	6930	2
19199	2219	2206	2
19200	2219	2207	2
19201	2219	2208	2
19202	2219	2209	2
19203	2219	2210	2
19204	2219	2211	2
19205	2219	2212	2
19206	2219	2213	2
19207	2219	2214	2
19208	2219	2215	2
19209	2219	2217	2
19210	2219	2218	2
19211	2219	2221	2
19212	2219	2222	2
19213	2219	2223	2
19214	2219	6685	2
19215	2219	6926	2
19216	2219	6930	2
19217	2220	2204	2
19218	2220	2205	2
19219	2220	2206	2
19220	2220	2207	2
19221	2220	2208	2
19222	2220	2209	2
19223	2220	2210	2
19224	2220	2211	2
19225	2220	2212	2
19226	2220	2213	2
19227	2220	2214	2
19228	2220	2216	2
19229	2220	2218	2
19230	2220	2219	2
19231	2220	2221	2
19232	2220	6000	2
19233	2220	6685	2
19234	2220	6914	2
19235	2220	6915	2
19236	2220	6916	2
19237	2220	6917	2
19238	2220	6918	2
19239	2220	6923	2
19240	2220	6924	2
19241	2220	6925	2
19242	2220	6926	2
19243	2220	6927	2
19244	2220	6928	2
19245	2220	6929	2
19246	2220	6930	2
19247	2221	2215	2
19248	2221	2216	2
19249	2221	2217	2
19250	2221	2220	2
19251	2221	2222	2
19252	2221	2223	2
19253	2221	2224	2
19254	2221	2229	2
19255	2221	6000	2
19256	2221	6914	2
19257	2221	6915	2
19258	2221	6925	2
19259	2221	6926	2
19260	2221	6928	2
19261	2221	6929	2
19262	2222	2199	2
19263	2222	2201	2
19264	2222	2216	2
19265	2222	2218	2
19266	2222	2219	2
19267	2222	2223	2
19268	2222	2224	2
19269	2222	2228	2
19270	2222	2229	2
19271	2222	5998	2
19272	2222	5999	2
19273	2222	6684	2
19274	2222	6915	2
19275	2222	6926	2
19276	2222	6930	2
19277	2223	2201	2
19278	2223	2216	2
19279	2223	2218	2
19280	2223	2219	2
19281	2223	2221	2
19282	2223	2222	2
19283	2223	2224	2
19284	2223	2228	2
19285	2223	5998	2
19286	2223	5999	2
19287	2223	6684	2
19288	2223	6915	2
19289	2223	6926	2
19290	2223	6930	2
19291	2224	2199	2
19292	2224	2201	2
19293	2224	2218	2
19294	2224	2221	2
19295	2224	2223	2
19296	2224	2228	2
19297	2224	6684	7
19298	2225	2198	2
19299	2225	2199	2
19300	2225	2200	2
19301	2225	2201	2
19302	2225	2202	2
19303	2225	2203	2
19304	2225	2227	2
19305	2225	2228	2
19306	2225	2619	2
19307	2226	2199	2
19308	2226	2200	2
19309	2226	2201	2
19310	2226	2202	2
19311	2226	2203	2
19312	2226	2227	2
19313	2226	2228	2
19314	2226	5999	7
19315	2227	2198	2
19316	2227	2199	2
19317	2227	2200	2
19318	2227	2202	2
19319	2227	2203	2
19320	2227	2226	2
19321	2227	2228	2
19322	2227	2619	2
19323	2227	6683	2
19324	2227	6684	2
19325	2227	6763	2
19326	2227	6764	2
19327	2228	2198	2
19328	2228	2199	2
19329	2228	2201	2
19330	2228	2222	2
19331	2228	2223	2
19332	2228	2224	2
19333	2228	2225	2
19334	2228	2227	2
19335	2228	2229	2
19336	2228	5999	2
19337	2228	6683	2
19338	2228	6684	2
19339	2229	2199	2
19340	2229	2201	2
19341	2229	2218	2
19342	2229	2221	2
19343	2229	2222	2
19344	2229	2223	2
19345	2229	5998	7
19346	2230	2261	2
19347	2230	2262	2
19348	2230	2264	5
19349	2230	5872	5
19350	2230	5874	5
19351	2232	2235	2
19352	2232	2237	2
19353	2232	2239	2
19354	2232	3275	2
19355	2232	3276	2
19356	2232	5819	2
19357	2233	3250	2
19358	2233	3274	2
19359	2233	5817	2
19360	2233	6326	2
19361	2233	6327	2
19362	2233	7217	2
19363	2233	7219	2
19364	2233	7220	2
19365	2234	2236	2
19366	2234	2237	2
19367	2234	2238	2
19368	2234	3272	2
19369	2234	3274	2
19370	2234	3275	2
19371	2234	3276	2
19372	2234	5819	2
19373	2235	2232	2
19374	2235	2234	2
19375	2235	3250	2
19376	2235	3274	2
19377	2235	5817	2
19378	2235	6326	2
19379	2235	7217	2
19380	2235	7219	2
19381	2236	2232	2
19382	2236	2234	2
19383	2236	2238	2
19384	2236	2239	2
19385	2236	2240	2
19386	2236	3276	2
19387	2236	5819	2
19388	2236	6601	2
19389	2237	2232	2
19390	2237	2238	2
19391	2237	2240	2
19392	2237	2253	2
19393	2237	3276	2
19394	2237	3278	2
19395	2237	5819	2
19396	2237	6601	2
19397	2238	2234	2
19398	2238	2237	2
19399	2238	2240	2
19400	2238	2253	2
19401	2238	6601	5
19402	2239	2232	2
19403	2239	2236	2
19404	2239	2237	2
19405	2239	2253	2
19406	2239	6601	5
19407	2240	2236	2
19408	2240	2238	2
19409	2240	2241	2
19410	2240	2242	2
19411	2240	2247	2
19412	2240	2250	2
19413	2240	2251	2
19414	2240	2252	2
19415	2240	2253	2
19416	2240	2255	2
19417	2240	2256	2
19418	2240	2257	2
19419	2240	2258	2
19420	2240	3276	2
19421	2240	3277	2
19422	2240	3278	2
19423	2240	6601	2
19424	2241	2240	2
19425	2241	2243	2
19426	2241	2244	2
19427	2241	2245	2
19428	2241	2246	2
19429	2241	2247	2
19430	2241	2248	2
19431	2241	2250	2
19432	2241	2251	2
19433	2241	2252	2
19434	2241	2253	2
19435	2241	2254	2
19436	2241	2256	2
19437	2241	2257	2
19438	2241	2258	2
19439	2241	3277	2
19440	2241	3278	2
19441	2241	5862	2
19442	2241	5863	2
19443	2241	5864	2
19444	2241	6682	2
19445	2242	2240	2
19446	2242	2241	2
19447	2242	2243	2
19448	2242	2244	2
19449	2242	2245	2
19450	2242	2246	2
19451	2242	2247	2
19452	2242	2249	2
19453	2242	2250	2
19454	2242	2251	2
19455	2242	2252	2
19456	2242	2253	2
19457	2242	2254	2
19458	2242	2255	2
19459	2242	2256	2
19460	2242	2257	2
19461	2242	2258	2
19462	2242	2260	2
19463	2242	3278	2
19464	2242	5862	2
19465	2242	5863	2
19466	2242	6682	2
19467	2243	2242	2
19468	2243	2244	2
19469	2243	2245	2
19470	2243	2246	2
19471	2243	2247	2
19472	2243	2248	2
19473	2243	2250	2
19474	2243	2251	2
19475	2243	2252	2
19476	2243	2254	2
19477	2243	2255	2
19478	2243	2256	2
19479	2243	2257	2
19480	2243	2258	2
19481	2243	2265	2
19482	2243	2266	2
19483	2243	2269	2
19484	2243	2270	2
19485	2243	3277	2
19486	2243	3278	2
19487	2243	5862	2
19488	2243	5864	2
19489	2243	5871	2
19490	2244	2241	2
19491	2244	2242	2
19492	2244	2243	2
19493	2244	2246	2
19494	2244	2247	2
19495	2244	2248	2
19496	2245	2241	2
19497	2245	2242	2
19498	2245	2243	2
19499	2245	2244	2
19500	2245	2246	2
19501	2245	2247	2
19502	2245	2251	2
19503	2245	2254	2
19504	2245	2255	2
19505	2245	2256	2
19506	2245	2257	2
19507	2245	2258	2
19508	2245	5856	2
19509	2245	5857	2
19510	2245	5862	2
19511	2245	5863	2
19512	2245	5864	2
19513	2245	6682	2
19514	2246	2241	2
19515	2246	2243	2
19516	2246	2244	2
19517	2246	2245	2
19518	2246	2248	2
19519	2246	2250	2
19520	2246	2251	2
19521	2246	2252	2
19522	2246	2254	2
19523	2246	2255	2
19524	2246	2256	2
19525	2246	2257	2
19526	2246	2258	2
19527	2246	3278	2
19528	2246	5857	2
19529	2246	5862	2
19530	2246	5863	2
19531	2246	5864	2
19532	2246	6682	2
19533	2247	2241	2
19534	2247	2242	2
19535	2247	2243	2
19536	2247	2244	2
19537	2247	2245	2
19538	2247	2246	2
19539	2247	2248	2
19540	2247	2249	2
19541	2247	2250	2
19542	2247	2251	2
19543	2247	2252	2
19544	2247	2253	2
19545	2247	2254	2
19546	2247	2255	2
19547	2247	2257	2
19548	2247	3277	2
19549	2247	3278	2
19550	2247	5862	2
19551	2247	5863	2
19552	2247	5864	2
19553	2247	6682	2
19554	2248	2241	2
19555	2248	2243	2
19556	2248	2244	2
19557	2248	2246	2
19558	2248	2247	2
19559	2248	2250	2
19560	2248	2252	2
19561	2248	2254	2
19562	2248	2255	2
19563	2248	2256	2
19564	2248	2257	2
19565	2248	2258	2
19566	2248	2266	2
19567	2248	2269	2
19568	2248	2270	2
19569	2248	3277	2
19570	2248	3278	2
19571	2248	5822	2
19572	2248	5862	2
19573	2248	5864	2
19574	2248	5871	2
19575	2248	6682	2
19576	2249	2242	2
19577	2249	2247	2
19578	2249	2250	2
19579	2249	2258	2
19580	2249	2259	2
19581	2249	2260	2
19582	2249	2261	2
19583	2249	2262	2
19584	2249	2263	2
19585	2249	2264	2
19586	2249	5862	2
19587	2249	5863	2
19588	2249	5872	2
19589	2249	5873	2
19590	2250	2241	2
19591	2250	2242	2
19592	2250	2243	2
19593	2250	2246	2
19594	2250	2247	2
19595	2250	2248	2
19596	2250	2249	2
19597	2250	2253	2
19598	2251	2240	2
19599	2251	2241	2
19600	2251	2242	2
19601	2251	2243	2
19602	2251	2245	2
19603	2251	2246	2
19604	2251	2247	2
19605	2251	2249	2
19606	2251	2253	2
19607	2251	2259	2
19608	2251	2260	2
19609	2252	2240	2
19610	2252	2241	2
19611	2252	2242	2
19612	2252	2243	2
19613	2252	2246	2
19614	2252	2247	2
19615	2252	2248	2
19616	2252	2253	2
19617	2252	3278	5
19618	2252	6601	5
19619	2253	2236	2
19620	2253	2237	2
19621	2253	2238	2
19622	2253	2239	2
19623	2253	2240	2
19624	2253	2241	2
19625	2253	2242	2
19626	2253	2247	2
19627	2253	2250	2
19628	2253	2251	2
19629	2253	2255	2
19630	2253	2256	2
19631	2253	2258	2
19632	2253	3276	2
19633	2253	3277	2
19634	2253	3278	2
19635	2253	6601	2
19636	2254	2241	2
19637	2254	2242	2
19638	2254	2243	2
19639	2254	2245	2
19640	2254	2246	2
19641	2254	2247	2
19642	2254	2265	2
19643	2254	2266	5
19644	2254	2270	2
19645	2254	5822	5
19646	2255	2240	2
19647	2255	2242	2
19648	2255	2243	2
19649	2255	2245	2
19650	2255	2246	2
19651	2255	2247	2
19652	2255	2248	2
19653	2255	2253	2
19654	2256	2240	2
19655	2256	2241	2
19656	2256	2242	2
19657	2256	2243	2
19658	2256	2245	2
19659	2256	2246	2
19660	2256	2248	2
19661	2256	2253	2
19662	2257	2240	2
19663	2257	2242	2
19664	2257	2243	2
19665	2257	2245	2
19666	2257	2246	2
19667	2257	2247	2
19668	2257	2248	2
19669	2257	2258	7
19670	2258	2240	2
19671	2258	2241	2
19672	2258	2242	2
19673	2258	2243	2
19674	2258	2245	2
19675	2258	2246	2
19676	2258	2247	2
19677	2258	2248	2
19678	2258	2249	2
19679	2258	2253	2
19680	2258	2257	7
19681	2259	2242	2
19682	2259	2249	2
19683	2259	2251	2
19684	2259	2260	2
19685	2259	2261	2
19686	2259	2263	2
19687	2259	5821	2
19688	2259	5863	2
19689	2259	5872	2
19690	2259	5873	2
19691	2259	5874	2
19692	2260	2242	2
19693	2260	2251	2
19694	2260	2259	2
19695	2260	2261	2
19696	2260	2262	2
19697	2260	2263	2
19698	2260	2264	2
19699	2260	5821	2
19700	2260	5863	2
19701	2260	5872	2
19702	2260	5873	2
19703	2260	5874	2
19704	2261	2230	2
19705	2261	2249	2
19706	2261	2259	2
19707	2261	2264	2
19708	2261	5821	2
19709	2261	5872	2
19710	2261	5873	2
19711	2261	5874	2
19712	2262	2230	2
19713	2262	2249	2
19714	2262	2259	2
19715	2262	2260	2
19716	2262	2263	2
19717	2262	2264	2
19718	2262	5821	2
19719	2262	5872	2
19720	2262	5873	2
19721	2262	5874	2
19722	2263	2249	2
19723	2263	2259	2
19724	2263	2261	2
19725	2263	2262	2
19726	2264	2230	5
19727	2264	2249	2
19728	2264	2259	2
19729	2264	2260	2
19730	2264	2261	2
19731	2264	5872	5
19732	2264	5874	5
19733	2265	2243	2
19734	2265	2248	2
19735	2265	2254	2
19736	2265	2268	2
19737	2265	2269	2
19738	2265	5822	2
19739	2265	5864	2
19740	2265	5871	2
19741	2266	2243	2
19742	2266	2248	2
19743	2266	2254	5
19744	2266	2265	2
19745	2266	2268	2
19746	2266	2270	2
19747	2266	3277	5
19748	2267	2265	2
19749	2267	2266	2
19750	2267	2269	2
19751	2267	2270	2
19752	2267	5822	2
19753	2267	5870	2
19754	2267	5871	2
19755	2268	2265	2
19756	2268	2266	2
19757	2268	5822	2
19758	2268	5870	2
19759	2268	5871	2
19760	2269	2243	2
19761	2269	2248	2
19762	2269	2265	2
19763	2269	2267	2
19764	2269	2268	2
19765	2269	5864	5
19766	2270	2248	2
19767	2270	2254	2
19768	2270	2266	2
19769	2270	2267	2
19770	2270	2268	2
19771	2270	2269	2
19772	2270	5822	2
19773	2270	5864	2
19774	2270	5870	2
19775	2270	5871	2
19776	2271	2274	5
19777	2271	2276	5
19778	2271	2277	2
19779	2271	2278	2
19780	2271	3308	5
19781	2271	3309	5
19782	2271	5827	5
19783	2271	5866	5
19784	2272	2274	5
19785	2272	2275	5
19786	2272	2276	5
19787	2272	2277	2
19788	2272	2278	2
19789	2272	3308	5
19790	2272	3311	5
19791	2272	5827	5
19792	2273	2277	2
19793	2273	2282	2
19794	2273	2283	2
19795	2273	2285	2
19796	2273	2286	2
19797	2273	2287	2
19798	2273	2288	2
19799	2273	6681	2
19800	2274	2271	5
19801	2274	2272	5
19802	2274	2275	5
19803	2274	2277	2
19804	2274	2278	2
19805	2274	2285	2
19806	2274	2287	2
19807	2274	2288	2
19808	2274	3309	5
19809	2275	2271	5
19810	2275	2272	5
19811	2275	2274	5
19812	2275	2277	2
19813	2275	2287	2
19814	2275	2288	2
19815	2275	3308	5
19816	2275	3309	5
19817	2275	5827	5
19818	2275	6585	5
19819	2276	2272	5
19820	2276	2274	5
19821	2276	2277	2
19822	2276	2278	2
19823	2276	2287	2
19824	2276	2288	2
19825	2276	3308	5
19826	2276	3309	5
19827	2276	5827	5
19828	2276	6585	5
19829	2277	2271	2
19830	2277	2272	2
19831	2277	2273	2
19832	2277	2275	2
19833	2277	2279	2
19834	2277	2280	2
19835	2277	2281	2
19836	2277	2282	2
19837	2277	2283	2
19838	2277	2284	2
19839	2277	2285	2
19840	2277	2287	2
19841	2277	2288	2
19842	2277	2289	2
19843	2277	3308	2
19844	2277	3309	2
19845	2277	5827	2
19846	2277	6585	2
19847	2277	6681	2
19848	2278	2271	2
19849	2278	2272	2
19850	2278	2273	2
19851	2278	2274	2
19852	2278	2275	2
19853	2278	2276	2
19854	2278	2279	2
19855	2278	2280	2
19856	2278	2281	2
19857	2278	2282	2
19858	2278	2283	2
19859	2278	2284	2
19860	2278	2286	2
19861	2278	2287	2
19862	2278	2288	2
19863	2278	2289	2
19864	2278	3308	2
19865	2278	3309	2
19866	2278	5827	2
19867	2278	6585	2
19868	2278	6681	2
19869	2279	2277	2
19870	2279	2278	2
19871	2279	2281	5
19872	2279	2282	2
19873	2279	2283	2
19874	2279	2285	2
19875	2279	2287	2
19876	2279	2288	2
19877	2280	2277	2
19878	2280	2278	2
19879	2280	2282	2
19880	2280	2283	2
19881	2280	2285	2
19882	2280	2286	2
19883	2280	2287	2
19884	2280	2288	2
19885	2280	3344	5
19886	2280	6681	2
19887	2281	2277	2
19888	2281	2278	2
19889	2281	2279	5
19890	2281	2282	2
19891	2281	2285	2
19892	2281	2286	2
19893	2281	2287	2
19894	2281	2288	2
19895	2281	3344	5
19896	2281	6681	2
19897	2282	2273	2
19898	2282	2277	2
19899	2282	2278	2
19900	2282	2279	2
19901	2282	2281	2
19902	2282	2283	2
19903	2282	2284	2
19904	2282	2288	2
19905	2282	3344	2
19906	2282	5843	2
19907	2283	2273	2
19908	2283	2277	2
19909	2283	2278	2
19910	2283	2279	2
19911	2283	2280	2
19912	2283	2281	2
19913	2283	2282	2
19914	2283	2284	2
19915	2283	2285	2
19916	2283	2287	2
19917	2283	2288	2
19918	2283	3344	2
19919	2284	2277	2
19920	2284	2278	2
19921	2284	2282	2
19922	2284	2283	2
19923	2284	2285	2
19924	2284	2286	2
19925	2284	2287	2
19926	2284	2288	2
19927	2284	2289	5
19928	2284	6681	2
19929	2285	2273	2
19930	2285	2274	2
19931	2285	2277	2
19932	2285	2278	2
19933	2285	2279	2
19934	2285	2280	2
19935	2285	2281	2
19936	2285	2283	2
19937	2285	2284	2
19938	2285	2287	2
19939	2285	2288	2
19940	2285	2293	2
19941	2285	2294	2
19942	2285	2295	2
19943	2285	2296	2
19944	2285	2298	2
19945	2285	2300	2
19946	2285	3344	2
19947	2285	5827	2
19948	2285	5828	2
19949	2285	5829	2
19950	2285	6681	2
19951	2286	2273	2
19952	2286	2278	2
19953	2286	2280	2
19954	2286	2281	2
19955	2286	2284	2
19956	2286	2285	2
19957	2286	2287	2
19958	2286	2288	2
19959	2286	2289	2
19960	2286	2290	2
19961	2286	2292	2
19962	2286	2293	2
19963	2286	2294	2
19964	2286	2295	2
19965	2286	2297	2
19966	2286	2298	2
19967	2286	2299	2
19968	2286	2300	2
19969	2286	2302	2
19970	2286	2303	2
19971	2286	3341	2
19972	2286	3343	2
19973	2286	3344	2
19974	2286	5828	2
19975	2286	5829	2
19976	2287	2273	2
19977	2287	2274	2
19978	2287	2275	2
19979	2287	2276	2
19980	2287	2277	2
19981	2287	2278	2
19982	2287	2279	2
19983	2287	2280	2
19984	2287	2281	2
19985	2287	2282	2
19986	2287	2283	2
19987	2287	2284	2
19988	2287	2285	2
19989	2287	3344	2
19990	2287	5827	2
19991	2287	6681	2
19992	2288	2273	2
19993	2288	2274	2
19994	2288	2275	2
19995	2288	2276	2
19996	2288	2277	2
19997	2288	2278	2
19998	2288	2279	2
19999	2288	2280	2
20000	2288	2281	2
20001	2288	2282	2
20002	2288	2284	2
20003	2288	2285	2
20004	2288	2286	2
20005	2288	2289	2
20006	2288	3344	2
20007	2288	5827	2
20008	2288	6681	2
20009	2289	2277	2
20010	2289	2278	2
20011	2289	2284	5
20012	2289	2286	2
20013	2289	2287	2
20014	2289	2288	2
20015	2289	2293	2
20016	2289	2294	2
20017	2289	2295	2
20018	2289	2296	2
20019	2289	2297	2
20020	2289	2298	2
20021	2289	2300	2
20022	2289	6681	2
20023	2290	2286	2
20024	2290	2291	2
20025	2290	2292	2
20026	2290	2294	2
20027	2290	2295	2
20028	2290	2296	2
20029	2290	2297	2
20030	2290	2298	2
20031	2290	2299	2
20032	2290	2300	2
20033	2290	2301	2
20034	2290	2302	2
20035	2290	2303	2
20036	2290	2693	2
20037	2290	2694	2
20038	2290	2697	2
20039	2290	2698	2
20040	2290	3341	2
20041	2290	5828	2
20042	2290	5829	2
20043	2290	5830	2
20044	2290	5837	2
20045	2290	6681	2
20046	2291	2290	2
20047	2291	2293	2
20048	2291	2294	2
20049	2291	2295	2
20050	2291	2296	2
20051	2291	2297	2
20052	2291	2298	2
20053	2291	2300	2
20054	2291	2301	2
20055	2291	2302	2
20056	2291	2303	2
20057	2291	2306	2
20058	2291	2308	2
20059	2291	2310	2
20060	2291	2313	2
20061	2291	2694	2
20062	2291	5829	2
20063	2291	5830	2
20064	2291	5836	2
20065	2291	5837	2
20066	2291	5838	2
20067	2292	2286	2
20068	2292	2290	2
20069	2292	2291	2
20070	2292	2293	2
20071	2292	2294	2
20072	2292	2295	2
20073	2292	2296	2
20074	2292	2297	2
20075	2292	2298	2
20076	2292	2299	2
20077	2292	2300	2
20078	2292	2301	2
20079	2292	2302	2
20080	2292	2303	2
20081	2292	2693	2
20082	2292	2695	2
20083	2292	2697	2
20084	2292	2698	2
20085	2292	3341	2
20086	2292	5828	2
20087	2292	5829	2
20088	2292	5830	2
20089	2292	5837	2
20090	2292	6681	2
20091	2293	2285	2
20092	2293	2286	2
20093	2293	2289	2
20094	2293	2290	2
20095	2293	2291	2
20096	2293	2292	2
20097	2293	2296	2
20098	2293	2297	2
20099	2293	2298	2
20100	2293	2299	2
20101	2293	2301	2
20102	2293	2302	2
20103	2293	2303	2
20104	2293	2693	2
20105	2293	2694	2
20106	2293	5828	2
20107	2293	5829	2
20108	2293	5830	2
20109	2293	5836	2
20110	2293	5837	2
20111	2293	6681	2
20112	2294	2285	2
20113	2294	2286	2
20114	2294	2289	2
20115	2294	2290	2
20116	2294	2291	2
20117	2294	2292	2
20118	2294	2295	2
20119	2294	2297	2
20120	2294	2298	2
20121	2294	2299	2
20122	2294	2300	2
20123	2294	2301	2
20124	2294	2302	2
20125	2294	2303	2
20126	2294	2693	2
20127	2294	2694	2
20128	2294	3343	2
20129	2294	5828	2
20130	2294	5829	2
20131	2294	5830	2
20132	2294	5836	2
20133	2294	5837	2
20134	2295	2285	2
20135	2295	2286	2
20136	2295	2289	2
20137	2295	2290	2
20138	2295	2291	2
20139	2295	2292	2
20140	2295	2293	2
20141	2295	2294	2
20142	2295	2297	2
20143	2295	2299	2
20144	2295	2300	2
20145	2295	2301	2
20146	2295	2303	2
20147	2295	2694	2
20148	2295	3343	2
20149	2295	5829	2
20150	2295	5830	2
20151	2295	5836	2
20152	2295	5837	2
20153	2295	6681	2
20154	2295	7283	2
20155	2295	7285	2
20156	2295	7286	2
20157	2296	2285	2
20158	2296	2286	2
20159	2296	2289	2
20160	2296	2290	2
20161	2296	2291	2
20162	2296	2292	2
20163	2296	2293	2
20164	2296	2295	2
20165	2296	2298	2
20166	2296	2299	2
20167	2296	2300	2
20168	2296	2301	2
20169	2296	2302	2
20170	2296	2303	2
20171	2296	2693	2
20172	2296	2694	2
20173	2296	3343	2
20174	2296	5828	2
20175	2296	5829	2
20176	2296	5830	2
20177	2296	5836	2
20178	2296	5837	2
20179	2296	6681	2
20180	2297	2286	2
20181	2297	2289	2
20182	2297	2290	2
20183	2297	2291	2
20184	2297	2292	2
20185	2297	2293	2
20186	2297	2294	2
20187	2297	2295	2
20188	2297	2296	2
20189	2297	2300	2
20190	2297	2302	2
20191	2297	2303	2
20192	2297	2693	2
20193	2297	2694	2
20194	2297	3343	2
20195	2297	5828	2
20196	2297	5829	2
20197	2297	5830	2
20198	2297	5836	2
20199	2297	5837	2
20200	2297	6681	2
20201	2298	2285	2
20202	2298	2286	2
20203	2298	2289	2
20204	2298	2290	2
20205	2298	2291	2
20206	2298	2292	2
20207	2298	2293	2
20208	2298	2294	2
20209	2298	2296	2
20210	2298	2297	2
20211	2298	2299	2
20212	2298	2301	2
20213	2298	2302	2
20214	2298	2303	2
20215	2298	2694	2
20216	2298	3343	2
20217	2298	5829	2
20218	2298	5830	2
20219	2298	5836	2
20220	2298	5837	2
20221	2298	6681	2
20222	2298	7283	2
20223	2298	7285	2
20224	2298	7286	2
20225	2299	2286	2
20226	2299	2290	2
20227	2299	2291	2
20228	2299	2292	2
20229	2299	2293	2
20230	2299	2295	2
20231	2299	2296	2
20232	2299	2298	2
20233	2299	2300	2
20234	2299	2301	2
20235	2299	2302	2
20236	2299	2303	2
20237	2299	2693	2
20238	2299	2694	2
20239	2299	5829	2
20240	2299	5830	2
20241	2299	5836	2
20242	2299	5837	2
20243	2299	6681	2
20244	2300	2285	2
20245	2300	2286	2
20246	2300	2289	2
20247	2300	2290	2
20248	2300	2291	2
20249	2300	2294	2
20250	2300	2295	2
20251	2300	2296	2
20252	2300	2297	2
20253	2300	2298	2
20254	2300	2301	2
20255	2300	2302	2
20256	2300	2303	2
20257	2300	2693	2
20258	2300	2694	2
20259	2300	5828	2
20260	2300	5829	2
20261	2300	5830	2
20262	2300	5836	2
20263	2300	5837	2
20264	2300	6681	2
20265	2301	2290	2
20266	2301	2291	2
20267	2301	2292	2
20268	2301	2293	2
20269	2301	2294	2
20270	2301	2295	2
20271	2301	2296	2
20272	2301	2297	2
20273	2301	2298	2
20274	2301	2299	2
20275	2301	2300	2
20276	2301	2302	2
20277	2301	2303	2
20278	2301	2308	2
20279	2301	2694	2
20280	2301	5829	2
20281	2301	5830	2
20282	2301	5836	2
20283	2301	5837	2
20284	2302	2286	2
20285	2302	2290	2
20286	2302	2291	2
20287	2302	2292	2
20288	2302	2293	2
20289	2302	2294	2
20290	2302	2295	2
20291	2302	2296	2
20292	2302	2297	2
20293	2302	2298	2
20294	2302	2299	2
20295	2302	2300	2
20296	2302	2301	2
20297	2302	3343	2
20298	2302	3350	2
20299	2302	5829	2
20300	2302	5836	2
20301	2302	5837	2
20302	2302	6681	2
20303	2302	7284	2
20304	2302	7285	2
20305	2302	7286	2
20306	2303	2286	2
20307	2303	2290	2
20308	2303	2291	2
20309	2303	2292	2
20310	2303	2293	2
20311	2303	2294	2
20312	2303	2295	2
20313	2303	2296	2
20314	2303	2297	2
20315	2303	2299	2
20316	2303	2300	2
20317	2303	3343	2
20318	2303	3350	2
20319	2303	5829	2
20320	2303	5836	2
20321	2303	5837	2
20322	2303	6681	2
20323	2303	7283	2
20324	2303	7284	2
20325	2303	7285	2
20326	2303	7286	2
20327	2304	3359	5
20328	2304	6768	5
20329	2306	2291	2
20330	2306	2301	2
20331	2306	2308	2
20332	2306	2309	2
20333	2306	2311	2
20334	2306	2312	2
20335	2306	2313	2
20336	2306	5836	2
20337	2306	5837	2
20338	2306	5838	2
20339	2306	5839	2
20340	2306	5840	2
20341	2306	5841	2
20342	2306	5847	2
20343	2306	6680	2
20344	2306	7172	2
20345	2306	7174	2
20346	2307	2306	2
20347	2307	2308	2
20348	2307	2310	2
20349	2307	2311	2
20350	2307	2312	2
20351	2307	2313	2
20352	2307	5838	2
20353	2307	5839	2
20354	2307	5840	2
20355	2307	5841	2
20356	2307	5842	2
20357	2307	5847	2
20358	2307	5848	2
20359	2307	6680	2
20360	2307	6880	2
20361	2307	7173	2
20362	2307	7174	2
20363	2307	7175	2
20364	2307	7176	2
20365	2308	2301	2
20366	2308	2306	2
20367	2308	2307	2
20368	2308	2309	2
20369	2308	2310	2
20370	2308	2311	2
20371	2308	2312	2
20372	2308	2313	2
20373	2308	5836	2
20374	2308	5837	2
20375	2308	5838	2
20376	2308	5839	2
20377	2308	5840	2
20378	2308	5841	2
20379	2308	5847	2
20380	2308	6680	2
20381	2308	7172	2
20382	2308	7174	2
20383	2309	2306	2
20384	2309	2310	2
20385	2309	2311	2
20386	2309	2313	2
20387	2309	5838	2
20388	2309	5839	2
20389	2309	5840	2
20390	2309	5841	2
20391	2309	5842	2
20392	2309	5847	2
20393	2309	5848	2
20394	2309	6680	2
20395	2309	6880	2
20396	2309	7172	2
20397	2309	7173	2
20398	2309	7174	2
20399	2309	7175	2
20400	2309	7176	2
20401	2310	2291	2
20402	2310	2306	2
20403	2310	2307	2
20404	2310	2308	2
20405	2310	2309	2
20406	2310	3349	5
20407	2310	5836	5
20408	2310	5840	7
20409	2310	5842	7
20410	2310	5847	7
20411	2310	7172	2
20412	2310	7174	2
20413	2310	7175	2
20414	2310	7176	2
20415	2311	2306	2
20416	2311	2308	2
20417	2311	2309	2
20418	2311	3349	5
20419	2311	5841	7
20420	2311	7172	2
20421	2311	7174	2
20422	2311	7175	2
20423	2311	7176	2
20424	2312	2306	2
20425	2312	2307	2
20426	2312	2308	2
20427	2312	2309	2
20428	2312	6680	7
20429	2312	7172	2
20430	2312	7174	2
20431	2312	7175	2
20432	2312	7176	2
20433	2313	2291	2
20434	2313	2306	2
20435	2313	2307	2
20436	2313	2309	2
20437	2313	5837	5
20438	2313	7172	2
20439	2313	7174	2
20440	2313	7175	2
20441	2313	7176	2
20442	2314	1225	5
20443	2314	2317	2
20444	2314	2319	5
20445	2314	2321	2
20446	2314	2322	2
20447	2314	2324	2
20448	2314	2326	2
20449	2314	2328	2
20450	2314	2329	2
20451	2314	2330	2
20452	2314	2333	5
20453	2314	3369	5
20454	2314	6584	5
20455	2315	2320	2
20456	2315	2322	2
20457	2315	2323	2
20458	2315	2324	2
20459	2315	2325	2
20460	2315	2327	2
20461	2315	2328	2
20462	2315	2329	2
20463	2315	2330	2
20464	2315	2331	2
20465	2315	2332	2
20466	2315	2333	2
20467	2315	3445	2
20468	2315	3446	2
20469	2315	6196	2
20470	2315	6287	2
20471	2315	6288	2
20472	2315	6841	2
20473	2315	6842	2
20474	2315	6843	2
20475	2315	6844	2
20476	2315	6845	2
20477	2316	2315	2
20478	2316	2317	2
20479	2316	2321	2
20480	2316	2322	2
20481	2316	2324	2
20482	2316	2325	5
20483	2316	2326	2
20484	2316	2327	5
20485	2316	2328	2
20486	2316	2329	2
20487	2316	2330	2
20488	2316	2331	5
20489	2316	3445	5
20490	2316	3446	5
20491	2316	6841	5
20492	2316	6842	2
20493	2316	6843	2
20494	2317	1226	2
20495	2317	2314	2
20496	2317	2316	2
20497	2317	2318	2
20498	2317	2320	2
20499	2317	2322	2
20500	2317	2323	2
20501	2317	2324	2
20502	2317	2325	2
20503	2317	2326	2
20504	2317	2327	2
20505	2317	2328	2
20506	2317	2330	2
20507	2317	2331	2
20508	2317	2332	2
20509	2317	2333	2
20510	2317	3369	2
20511	2317	6196	2
20512	2317	6287	2
20513	2317	6584	2
20514	2317	6766	2
20515	2317	6844	2
20516	2317	6845	2
20517	2318	2319	2
20518	2318	2320	2
20519	2318	2321	2
20520	2318	2328	2
20521	2318	2329	2
20522	2318	2330	2
20523	2318	3369	2
20524	2318	6287	2
20525	2318	6767	2
20526	2318	7177	2
20527	2319	1226	5
20528	2319	2314	5
20529	2319	2318	2
20530	2319	2321	2
20531	2319	2322	2
20532	2319	2323	5
20533	2319	2324	2
20534	2319	2326	2
20535	2319	2328	2
20536	2319	2329	2
20537	2319	2330	2
20538	2319	2333	5
20539	2319	6584	5
20540	2319	6766	2
20541	2320	2315	2
20542	2320	2317	2
20543	2320	2318	2
20544	2320	2322	2
20545	2320	2324	2
20546	2320	2326	2
20547	2320	2328	2
20548	2320	2329	2
20549	2320	2330	2
20550	2320	2332	5
20551	2320	6196	5
20552	2320	6288	5
20553	2320	6766	2
20554	2320	6842	2
20555	2320	6843	2
20556	2320	6844	5
20557	2320	6845	5
20558	2321	1226	2
20559	2321	2314	2
20560	2321	2316	2
20561	2321	2318	2
20562	2321	2319	2
20563	2321	2322	2
20564	2321	2323	2
20565	2321	2324	2
20566	2321	2325	2
20567	2321	2326	2
20568	2321	2327	2
20569	2321	2328	2
20570	2321	2329	2
20571	2321	2330	2
20572	2321	2331	2
20573	2321	2332	2
20574	2321	2333	2
20575	2321	3369	2
20576	2321	6196	2
20577	2321	6287	2
20578	2321	6584	2
20579	2321	6844	2
20580	2321	6845	2
20581	2322	1226	2
20582	2322	2314	2
20583	2322	2315	2
20584	2322	2316	2
20585	2322	2317	2
20586	2322	2319	2
20587	2322	2320	2
20588	2322	2321	2
20589	2322	2323	2
20590	2322	2324	2
20591	2322	2325	2
20592	2322	2327	2
20593	2322	2328	2
20594	2322	2329	2
20595	2322	2330	2
20596	2322	2331	2
20597	2322	2332	2
20598	2322	2333	2
20599	2322	3369	2
20600	2322	3445	2
20601	2322	3446	2
20602	2322	6196	2
20603	2322	6287	2
20604	2322	6288	2
20605	2322	6841	2
20606	2322	6842	2
20607	2322	6844	2
20608	2322	6845	2
20609	2323	1226	5
20610	2323	2314	5
20611	2323	2315	2
20612	2323	2317	2
20613	2323	2319	5
20614	2323	2321	2
20615	2323	2324	2
20616	2323	2326	2
20617	2323	2328	2
20618	2323	2329	2
20619	2323	2330	2
20620	2323	2333	5
20621	2323	3369	5
20622	2323	3446	5
20623	2323	6584	5
20624	2323	6842	2
20625	2323	6843	2
20626	2324	1226	2
20627	2324	2314	2
20628	2324	2315	2
20629	2324	2316	2
20630	2324	2317	2
20631	2324	2319	2
20632	2324	2320	2
20633	2324	2321	2
20634	2324	2323	2
20635	2324	2326	2
20636	2324	2327	2
20637	2324	2328	2
20638	2324	2329	2
20639	2324	2330	2
20640	2324	2332	2
20641	2324	2333	2
20642	2324	3369	2
20643	2324	3445	2
20644	2324	3446	2
20645	2324	6196	2
20646	2324	6287	2
20647	2324	6288	2
20648	2324	6841	2
20649	2324	6842	2
20650	2324	6843	2
20651	2324	6844	2
20652	2324	6845	2
20653	2325	2315	2
20654	2325	2316	5
20655	2325	2317	2
20656	2325	2321	2
20657	2325	2322	2
20658	2325	2324	2
20659	2325	2326	2
20660	2325	2328	2
20661	2325	2329	2
20662	2325	2330	2
20663	2325	2331	5
20664	2325	2332	5
20665	2325	6196	5
20666	2325	6842	2
20667	2325	6843	2
20668	2326	1226	2
20669	2326	2314	2
20670	2326	2315	2
20671	2326	2316	2
20672	2326	2317	2
20673	2326	2319	2
20674	2326	2320	2
20675	2326	2321	2
20676	2326	2323	2
20677	2326	2324	2
20678	2326	2325	2
20679	2326	2327	2
20680	2326	2328	2
20681	2326	2329	2
20682	2326	2331	2
20683	2326	2332	2
20684	2326	2333	2
20685	2326	3369	2
20686	2326	3445	2
20687	2326	3446	2
20688	2326	6196	2
20689	2326	6287	2
20690	2326	6288	2
20691	2326	6841	2
20692	2326	6842	2
20693	2326	6843	2
20694	2326	6844	2
20695	2326	6845	2
20696	2327	2315	2
20697	2327	2316	5
20698	2327	2317	2
20699	2327	2321	2
20700	2327	2322	2
20701	2327	2324	2
20702	2327	2325	5
20703	2327	2328	2
20704	2327	2329	2
20705	2327	2330	2
20706	2327	2331	5
20707	2327	3445	5
20708	2327	3446	5
20709	2327	6288	5
20710	2327	6841	5
20711	2327	6842	2
20712	2327	6843	2
20713	2328	1226	2
20714	2328	2314	2
20715	2328	2315	2
20716	2328	2316	2
20717	2328	2317	2
20718	2328	2318	2
20719	2328	2319	2
20720	2328	2320	2
20721	2328	2322	2
20722	2328	2323	2
20723	2328	2324	2
20724	2328	2325	2
20725	2328	2326	2
20726	2328	2327	2
20727	2328	2329	2
20728	2328	2330	2
20729	2328	2331	2
20730	2328	2332	2
20731	2328	2333	2
20732	2328	3369	2
20733	2328	3446	2
20734	2328	6196	2
20735	2328	6287	2
20736	2328	6288	2
20737	2328	6584	2
20738	2328	6766	2
20739	2328	6842	2
20740	2328	6843	2
20741	2328	6844	2
20742	2328	6845	2
20743	2329	1226	2
20744	2329	2314	2
20745	2329	2315	2
20746	2329	2316	2
20747	2329	2317	2
20748	2329	2318	2
20749	2329	2319	2
20750	2329	2320	2
20751	2329	2321	2
20752	2329	2322	2
20753	2329	2323	2
20754	2329	2325	2
20755	2329	2326	2
20756	2329	2327	2
20757	2329	2328	2
20758	2329	2330	2
20759	2329	2331	2
20760	2329	2332	2
20761	2329	3369	2
20762	2329	6196	2
20763	2329	6287	2
20764	2329	6288	2
20765	2329	6584	2
20766	2329	6766	2
20767	2329	6842	2
20768	2329	6843	2
20769	2329	6844	2
20770	2329	6845	2
20771	2330	1226	2
20772	2330	2314	2
20773	2330	2315	2
20774	2330	2316	2
20775	2330	2317	2
20776	2330	2318	2
20777	2330	2319	2
20778	2330	2320	2
20779	2330	2321	2
20780	2330	2322	2
20781	2330	2323	2
20782	2330	2324	2
20783	2330	2325	2
20784	2330	2326	2
20785	2330	2327	2
20786	2330	2329	2
20787	2330	2332	2
20788	2330	2333	2
20789	2330	3369	2
20790	2330	3446	2
20791	2330	6196	2
20792	2330	6287	2
20793	2330	6288	2
20794	2330	6766	2
20795	2330	6842	2
20796	2330	6843	2
20797	2330	6844	2
20798	2330	6845	2
20799	2331	2315	2
20800	2331	2316	5
20801	2331	2317	2
20802	2331	2321	2
20803	2331	2322	2
20804	2331	2325	5
20805	2331	2326	2
20806	2331	2327	5
20807	2331	2328	2
20808	2331	2329	2
20809	2331	2330	2
20810	2331	6196	5
20811	2331	6287	5
20812	2331	6288	5
20813	2331	6841	5
20814	2331	6842	2
20815	2331	6843	2
20816	2332	2315	2
20817	2332	2317	2
20818	2332	2320	5
20819	2332	2321	2
20820	2332	2322	2
20821	2332	2324	2
20822	2332	2325	5
20823	2332	2326	2
20824	2332	2329	2
20825	2332	2330	2
20826	2332	3446	5
20827	2332	6196	5
20828	2332	6287	5
20829	2332	6288	5
20830	2332	6842	2
20831	2332	6843	2
20832	2332	6844	5
20833	2333	1226	5
20834	2333	2315	2
20835	2333	2317	2
20836	2333	2319	5
20837	2333	2321	2
20838	2333	2322	2
20839	2333	2323	5
20840	2333	2324	2
20841	2333	2326	2
20842	2333	2328	2
20843	2333	2329	2
20844	2333	2330	2
20845	2333	3369	5
20846	2333	6288	5
20847	2333	6584	5
20848	2334	2335	2
20849	2334	2337	2
20850	2334	2339	2
20851	2334	6289	5
20852	2335	2337	2
20853	2335	2338	2
20854	2335	3452	2
20855	2335	3458	2
20856	2335	6289	2
20857	2336	2334	2
20858	2336	2335	2
20859	2336	2337	2
20860	2336	2338	2
20861	2336	2339	2
20862	2336	3452	2
20863	2336	6289	2
20864	2337	2334	2
20865	2337	2335	2
20866	2337	2336	2
20867	2337	3452	2
20868	2337	6289	2
20869	2338	2335	2
20870	2338	2336	2
20871	2338	2337	2
20872	2338	3452	5
20873	2339	2334	2
20874	2339	2336	2
20875	2339	2337	2
20876	2339	2338	2
20877	2339	3452	2
20878	2339	3458	2
20879	2339	6289	2
20880	2340	2341	2
20881	2340	2342	2
20882	2340	7144	2
20883	2340	7145	2
20884	2340	7146	2
20885	2340	7147	2
20886	2340	7148	2
20887	2340	7149	2
20888	2340	7150	2
20889	2340	7151	2
20890	2340	7152	2
20891	2340	7154	2
20892	2340	7155	2
20893	2340	7164	2
20894	2340	7167	2
20895	2340	7168	2
20896	2340	7169	2
20897	2340	7170	2
20898	2341	2340	2
20899	2341	6293	2
20900	2341	6296	2
20901	2341	7144	2
20902	2341	7145	2
20903	2341	7146	2
20904	2341	7147	2
20905	2341	7148	2
20906	2341	7149	2
20907	2341	7151	2
20908	2341	7152	2
20909	2341	7153	2
20910	2341	7155	2
20911	2341	7164	2
20912	2341	7167	2
20913	2341	7168	2
20914	2341	7169	2
20915	2341	7170	2
20916	2342	2340	2
20917	2342	2341	2
20918	2342	2343	2
20919	2342	6293	2
20920	2342	6296	2
20921	2342	7144	2
20922	2342	7145	2
20923	2342	7146	2
20924	2342	7147	2
20925	2342	7148	2
20926	2342	7149	2
20927	2342	7150	2
20928	2342	7151	2
20929	2342	7152	2
20930	2342	7153	2
20931	2342	7154	2
20932	2342	7155	2
20933	2342	7164	2
20934	2342	7167	2
20935	2342	7168	2
20936	2342	7169	2
20937	2342	7170	2
20938	2343	2342	2
20939	2343	2344	2
20940	2343	2345	2
20941	2343	2346	2
20942	2343	2347	2
20943	2343	2348	2
20944	2343	6291	2
20945	2343	6293	2
20946	2343	6347	2
20947	2343	7164	2
20948	2344	2345	2
20949	2344	2346	2
20950	2344	2347	2
20951	2344	6291	2
20952	2344	6292	2
20953	2344	6295	2
20954	2344	6347	2
20955	2345	2343	2
20956	2345	2344	2
20957	2345	2346	2
20958	2345	6292	5
20959	2346	2342	2
20960	2346	2343	2
20961	2346	2344	2
20962	2346	2348	2
20963	2346	6291	2
20964	2346	6293	2
20965	2346	6296	2
20966	2346	6347	2
20967	2346	7151	2
20968	2346	7164	2
20969	2347	2343	2
20970	2347	2344	2
20971	2347	2345	2
20972	2347	2346	2
20973	2347	2348	2
20974	2347	6291	2
20975	2347	6292	2
20976	2347	6293	2
20977	2347	6295	2
20978	2347	6347	2
20979	2348	2344	2
20980	2348	2346	2
20981	2348	2347	2
20982	2348	6295	5
20983	2349	2350	2
20984	2349	2351	2
20985	2349	2352	2
20986	2349	2353	2
20987	2349	2355	2
20988	2349	6246	2
20989	2350	2351	2
20990	2350	2353	2
20991	2350	2355	2
20992	2351	2349	2
20993	2351	2350	2
20994	2351	2355	2
20995	2351	6246	2
20996	2352	2349	2
20997	2352	2351	2
20998	2352	2355	2
20999	2353	2349	2
21000	2353	2350	2
21001	2353	2351	2
21002	2353	2352	2
21003	2353	6246	2
21004	2354	1323	2
21005	2354	4946	2
21006	2354	4947	2
21007	2354	7111	2
21008	2354	7112	2
21009	2354	7113	2
21010	2355	2351	2
21011	2355	2352	2
21012	2355	6246	2
21013	2356	2358	2
21014	2356	2360	2
21015	2356	2373	2
21016	2356	2858	2
21017	2356	2860	2
21018	2356	2861	2
21019	2356	6232	5
21020	2356	6245	5
21021	2357	2356	2
21022	2357	2358	2
21023	2357	2359	2
21024	2357	2362	2
21025	2357	2366	2
21026	2357	2367	2
21027	2357	2368	2
21028	2357	2371	2
21029	2357	2372	2
21030	2357	2373	2
21031	2357	2858	2
21032	2357	2859	2
21033	2357	2861	2
21034	2357	4897	2
21035	2357	4898	2
21036	2357	4899	2
21037	2357	6232	2
21038	2357	6236	2
21039	2357	6238	2
21040	2357	6245	2
21041	2358	2356	2
21042	2358	2357	2
21043	2358	2359	2
21044	2358	2361	2
21045	2358	2362	2
21046	2358	2363	2
21047	2358	2364	2
21048	2358	2365	2
21049	2358	2366	2
21050	2358	2367	2
21051	2358	2368	2
21052	2358	2369	2
21053	2358	2370	2
21054	2358	2371	2
21055	2358	2372	2
21056	2358	2373	2
21057	2358	2858	2
21058	2358	2859	2
21059	2358	2861	2
21060	2358	4898	2
21061	2358	6236	2
21062	2358	6238	2
21063	2358	6245	2
21064	2359	1543	2
21065	2359	1544	2
21066	2359	1545	2
21067	2359	2357	2
21068	2359	2360	2
21069	2359	2361	2
21070	2359	2363	2
21071	2359	2364	2
21072	2359	2365	2
21073	2359	2366	2
21074	2359	2368	2
21075	2359	2369	2
21076	2359	2370	2
21077	2359	2371	2
21078	2359	2372	2
21079	2359	2373	2
21080	2359	2860	2
21081	2359	6235	2
21082	2359	6236	2
21083	2359	6348	2
21084	2359	6969	2
21085	2360	2356	2
21086	2360	2357	2
21087	2360	2359	2
21088	2360	2362	2
21089	2360	2363	2
21090	2360	2364	2
21091	2360	2365	2
21092	2360	2366	2
21093	2360	2367	2
21094	2360	2368	2
21095	2360	2369	2
21096	2360	2370	2
21097	2360	2371	2
21098	2360	2372	2
21099	2360	2858	2
21100	2360	2859	2
21101	2360	2860	2
21102	2360	2861	2
21103	2360	4898	2
21104	2360	6236	2
21105	2360	6238	2
21106	2360	6245	2
21107	2361	2358	2
21108	2361	2359	2
21109	2361	2360	2
21110	2361	2362	2
21111	2361	2363	2
21112	2361	2364	2
21113	2361	2365	2
21114	2361	2366	2
21115	2361	2367	2
21116	2361	2368	2
21117	2361	2369	2
21118	2361	2370	2
21119	2361	2371	2
21120	2361	2372	2
21121	2361	2373	2
21122	2361	2374	2
21123	2361	2377	2
21124	2361	6236	2
21125	2361	6244	2
21126	2362	1544	2
21127	2362	2357	2
21128	2362	2358	2
21129	2362	2360	2
21130	2362	2361	2
21131	2362	2363	2
21132	2362	2364	2
21133	2362	2365	2
21134	2362	2366	2
21135	2362	2367	2
21136	2362	2368	2
21137	2362	2369	2
21138	2362	2370	2
21139	2362	2371	2
21140	2362	2372	2
21141	2362	2373	2
21142	2362	2860	2
21143	2362	6235	2
21144	2362	6236	2
21145	2362	6969	2
21146	2363	1545	2
21147	2363	2358	2
21148	2363	2359	2
21149	2363	2360	2
21150	2363	2361	2
21151	2363	2364	2
21152	2363	2366	2
21153	2363	2367	2
21154	2363	2368	2
21155	2363	2370	2
21156	2363	2371	2
21157	2363	2372	2
21158	2363	2373	2
21159	2363	6235	2
21160	2363	6236	2
21161	2363	6965	2
21162	2363	6969	2
21163	2364	2358	2
21164	2364	2359	2
21165	2364	2360	2
21166	2364	2361	2
21167	2364	2362	2
21168	2364	2363	2
21169	2364	2366	2
21170	2364	2367	2
21171	2364	2368	2
21172	2364	2369	2
21173	2364	2370	2
21174	2364	2372	2
21175	2364	2373	2
21176	2364	2375	2
21177	2364	2377	2
21178	2364	6236	2
21179	2365	2358	2
21180	2365	2359	2
21181	2365	2360	2
21182	2365	2361	2
21183	2365	2362	2
21184	2365	2364	2
21185	2365	2366	2
21186	2365	2367	2
21187	2365	2368	2
21188	2365	2369	2
21189	2365	2370	2
21190	2365	2371	2
21191	2365	2372	2
21192	2365	2373	2
21193	2365	6235	2
21194	2365	6236	2
21195	2365	6969	2
21196	2366	2357	2
21197	2366	2359	2
21198	2366	2360	2
21199	2366	2361	2
21200	2366	2362	2
21201	2366	2363	2
21202	2366	2364	2
21203	2366	2365	2
21204	2366	2368	2
21205	2366	2369	2
21206	2366	2370	2
21207	2366	2371	2
21208	2366	2372	2
21209	2366	2860	2
21210	2366	6235	2
21211	2366	6236	2
21212	2367	1545	2
21213	2367	2357	2
21214	2367	2358	2
21215	2367	2359	2
21216	2367	2360	2
21217	2367	2361	2
21218	2367	2362	2
21219	2367	2363	2
21220	2367	2364	2
21221	2367	2365	2
21222	2367	2366	2
21223	2367	2369	2
21224	2367	2370	2
21225	2367	2371	2
21226	2367	2373	2
21227	2367	2860	2
21228	2367	6235	2
21229	2367	6236	2
21230	2367	6969	2
21231	2368	1545	2
21232	2368	2357	2
21233	2368	2358	2
21234	2368	2359	2
21235	2368	2360	2
21236	2368	2361	2
21237	2368	2363	2
21238	2368	2364	2
21239	2368	2365	2
21240	2368	2366	2
21241	2368	2370	2
21242	2368	2371	2
21243	2368	2372	2
21244	2368	2373	2
21245	2368	2860	2
21246	2368	6235	2
21247	2368	6236	2
21248	2368	6969	2
21249	2369	2358	2
21250	2369	2359	2
21251	2369	2360	2
21252	2369	2361	2
21253	2369	2362	2
21254	2369	2363	2
21255	2369	2364	2
21256	2369	2365	2
21257	2369	2367	2
21258	2369	2368	2
21259	2369	2371	2
21260	2369	2372	2
21261	2369	2373	2
21262	2369	2860	2
21263	2369	6235	2
21264	2369	6236	2
21265	2369	6969	2
21266	2370	2358	2
21267	2370	2359	2
21268	2370	2360	2
21269	2370	2361	2
21270	2370	2362	2
21271	2370	2363	2
21272	2370	2364	2
21273	2370	2366	2
21274	2370	2367	2
21275	2370	2368	2
21276	2370	2372	2
21277	2370	2373	2
21278	2370	2860	2
21279	2370	6235	2
21280	2370	6236	2
21281	2370	6969	2
21282	2371	2357	2
21283	2371	2358	2
21284	2371	2359	2
21285	2371	2360	2
21286	2371	2361	2
21287	2371	2362	2
21288	2371	2363	2
21289	2371	2364	2
21290	2371	2365	2
21291	2371	2366	2
21292	2371	2367	2
21293	2371	2369	2
21294	2371	2370	2
21295	2371	2373	2
21296	2371	2377	2
21297	2371	2860	2
21298	2371	6235	2
21299	2371	6236	2
21300	2372	2357	2
21301	2372	2358	2
21302	2372	2359	2
21303	2372	2360	2
21304	2372	2362	2
21305	2372	2363	2
21306	2372	2364	2
21307	2372	2365	2
21308	2372	2366	2
21309	2372	2367	2
21310	2372	2368	2
21311	2372	2369	2
21312	2372	2370	2
21313	2372	2377	2
21314	2372	2860	2
21315	2372	6235	2
21316	2372	6236	2
21317	2373	2356	2
21318	2373	2357	2
21319	2373	2358	2
21320	2373	2359	2
21321	2373	2360	2
21322	2373	2361	2
21323	2373	2362	2
21324	2373	2363	2
21325	2373	2364	2
21326	2373	2365	2
21327	2373	2367	2
21328	2373	2368	2
21329	2373	2369	2
21330	2373	2371	2
21331	2373	2372	2
21332	2373	2860	2
21333	2373	6235	2
21334	2373	6236	2
21335	2373	6238	2
21336	2374	1304	2
21337	2374	2361	2
21338	2374	2375	2
21339	2374	2377	2
21340	2374	2379	2
21341	2375	2361	2
21342	2375	2364	2
21343	2375	2378	2
21344	2375	2379	2
21345	2375	4777	2
21346	2375	4779	2
21347	2375	4780	2
21348	2375	6244	2
21349	2376	1307	2
21350	2376	2374	2
21351	2376	2375	2
21352	2376	2377	2
21353	2376	2378	2
21354	2376	2379	2
21355	2376	4777	2
21356	2376	4779	2
21357	2376	4780	2
21358	2376	6244	2
21359	2377	2361	2
21360	2377	2371	2
21361	2377	2372	2
21362	2377	2374	2
21363	2377	2376	2
21364	2377	2378	2
21365	2377	2379	2
21366	2377	4777	2
21367	2377	4779	2
21368	2377	4780	2
21369	2377	6244	2
21370	2378	1304	2
21371	2378	1307	2
21372	2378	2375	2
21373	2378	2376	2
21374	2378	2379	2
21375	2378	4777	5
21376	2378	4780	5
21377	2379	1304	2
21378	2379	1307	2
21379	2379	2374	2
21380	2379	2375	2
21381	2379	2376	2
21382	2379	4777	2
21383	2379	4779	2
21384	2379	4780	2
21385	2379	6244	2
21386	2380	1341	2
21387	2380	2382	2
21388	2380	2383	2
21389	2380	2384	2
21390	2380	2385	2
21391	2380	2386	2
21392	2380	6640	2
21393	2381	1341	2
21394	2381	2382	2
21395	2381	2385	2
21396	2381	2386	2
21397	2381	4934	2
21398	2381	6640	2
21399	2382	1341	2
21400	2382	2381	2
21401	2382	2384	2
21402	2382	2386	2
21403	2382	4815	2
21404	2383	1341	2
21405	2383	2380	2
21406	2383	2381	2
21407	2383	2384	2
21408	2383	2385	2
21409	2383	2386	2
21410	2383	4815	2
21411	2384	2380	2
21412	2384	2381	2
21413	2384	2382	2
21414	2384	2386	5
21415	2385	1341	5
21416	2385	2381	2
21417	2385	2382	2
21418	2385	2383	2
21419	2386	1341	5
21420	2386	2380	2
21421	2386	2381	2
21422	2386	2382	2
21423	2386	2383	2
21424	2386	2384	5
21425	2387	2389	2
21426	2387	2390	2
21427	2387	2391	2
21428	2387	2392	2
21429	2387	4816	2
21430	2387	6258	2
21431	2387	6259	2
21432	2387	6260	2
21433	2388	2390	2
21434	2388	2392	2
21435	2388	4816	2
21436	2388	6258	2
21437	2388	6259	2
21438	2388	6260	2
21439	2389	2387	2
21440	2389	2388	2
21441	2389	2390	2
21442	2389	2391	2
21443	2389	2392	2
21444	2389	2393	2
21445	2389	4816	2
21446	2389	5174	2
21447	2389	6258	2
21448	2389	6260	2
21449	2390	2388	2
21450	2390	2389	2
21451	2390	2391	2
21452	2390	2393	2
21453	2390	2394	2
21454	2390	4816	2
21455	2390	5174	2
21456	2390	6258	2
21457	2390	6260	2
21458	2391	2387	2
21459	2391	2388	2
21460	2391	2390	2
21461	2391	2393	2
21462	2391	2394	2
21463	2391	5174	5
21464	2392	2388	2
21465	2392	2389	2
21466	2392	2390	2
21467	2392	2393	2
21468	2392	2394	2
21469	2393	2389	2
21470	2393	2391	2
21471	2393	2392	2
21472	2393	2394	2
21473	2393	2395	2
21474	2393	2396	2
21475	2393	2397	2
21476	2393	2398	2
21477	2393	2407	2
21478	2393	5175	2
21479	2393	5176	2
21480	2393	5177	2
21481	2393	6255	2
21482	2393	6260	2
21483	2394	2389	2
21484	2394	2390	2
21485	2394	2391	2
21486	2394	2392	2
21487	2394	2393	2
21488	2394	2395	2
21489	2394	2397	2
21490	2394	2407	2
21491	2394	5175	2
21492	2394	5176	2
21493	2394	5177	2
21494	2394	6255	2
21495	2394	6260	2
21496	2395	2394	2
21497	2395	2398	2
21498	2395	2399	2
21499	2395	2400	2
21500	2395	2401	2
21501	2395	2402	2
21502	2395	2403	2
21503	2395	2404	2
21504	2395	2405	2
21505	2395	2406	2
21506	2395	2407	2
21507	2395	2408	2
21508	2395	2409	2
21509	2395	4822	2
21510	2395	5176	2
21511	2395	5177	2
21512	2395	5185	2
21513	2395	5186	2
21514	2395	6255	2
21515	2396	2393	2
21516	2396	2394	2
21517	2396	2397	2
21518	2396	2398	2
21519	2396	2399	2
21520	2396	2400	2
21521	2396	2401	2
21522	2396	2402	2
21523	2396	2403	2
21524	2396	2404	2
21525	2396	2405	2
21526	2396	2406	2
21527	2396	2408	2
21528	2396	2409	2
21529	2396	4822	2
21530	2396	5176	2
21531	2396	5177	2
21532	2396	5185	2
21533	2396	5186	2
21534	2396	6255	2
21535	2397	2394	2
21536	2397	2395	2
21537	2397	2396	2
21538	2397	2401	5
21539	2397	2403	2
21540	2397	2406	2
21541	2397	2407	2
21542	2398	2393	2
21543	2398	2394	2
21544	2398	2395	2
21545	2398	2399	5
21546	2398	2400	5
21547	2398	2401	5
21548	2398	2402	5
21549	2398	2403	2
21550	2398	2406	2
21551	2398	2407	2
21552	2398	2408	5
21553	2399	1343	2
21554	2399	1345	2
21555	2399	2395	2
21556	2399	2396	2
21557	2399	2398	5
21558	2399	2403	2
21559	2399	2405	2
21560	2399	2406	2
21561	2399	2407	2
21562	2399	2408	5
21563	2399	5176	5
21564	2399	5177	5
21565	2399	5184	5
21566	2399	5185	5
21567	2399	5186	5
21568	2400	1343	2
21569	2400	1345	2
21570	2400	2395	2
21571	2400	2396	2
21572	2400	2398	5
21573	2400	2399	5
21574	2400	2403	2
21575	2400	2405	2
21576	2400	2406	2
21577	2400	2407	2
21578	2400	5176	5
21579	2400	5177	5
21580	2400	5184	5
21581	2401	1343	2
21582	2401	1345	2
21583	2401	2395	2
21584	2401	2396	2
21585	2401	2397	5
21586	2401	2398	5
21587	2401	2405	2
21588	2401	2407	2
21589	2401	6255	5
21590	2402	2395	2
21591	2402	2396	2
21592	2402	2398	5
21593	2402	2403	2
21594	2402	2404	5
21595	2402	2405	2
21596	2402	2406	2
21597	2402	2407	2
21598	2402	2409	5
21599	2402	4819	5
21600	2402	4820	5
21601	2402	4821	5
21602	2402	4827	5
21603	2402	6255	5
21604	2403	1343	2
21605	2403	1345	2
21606	2403	2396	2
21607	2403	2397	2
21608	2403	2398	2
21609	2403	2399	2
21610	2403	2400	2
21611	2403	2402	2
21612	2403	2404	2
21613	2403	2405	2
21614	2403	2406	2
21615	2403	2407	2
21616	2403	2408	2
21617	2403	2409	2
21618	2403	4822	2
21619	2403	5176	2
21620	2403	5177	2
21621	2403	5185	2
21622	2403	5186	2
21623	2404	1343	2
21624	2404	1345	2
21625	2404	2395	2
21626	2404	2396	2
21627	2404	2403	2
21628	2404	2405	2
21629	2404	2406	2
21630	2404	2407	2
21631	2404	4822	5
21632	2404	4827	5
21633	2404	4828	5
21634	2405	1343	2
21635	2405	1344	2
21636	2405	1345	2
21637	2405	2395	2
21638	2405	2396	2
21639	2405	2399	2
21640	2405	2400	2
21641	2405	2401	2
21642	2405	2402	2
21643	2405	2406	2
21644	2405	2407	2
21645	2405	2408	2
21646	2405	2409	2
21647	2405	4822	2
21648	2405	4826	2
21649	2405	4827	2
21650	2405	4828	2
21651	2405	5185	2
21652	2405	5186	2
21653	2406	1343	2
21654	2406	2395	2
21655	2406	2396	2
21656	2406	2397	2
21657	2406	2398	2
21658	2406	2399	2
21659	2406	2400	2
21660	2406	2401	2
21661	2406	2402	2
21662	2406	2403	2
21663	2406	2404	2
21664	2406	2405	2
21665	2406	2407	2
21666	2406	2408	2
21667	2406	4822	2
21668	2406	4828	2
21669	2406	5176	2
21670	2406	5177	2
21671	2406	5184	2
21672	2406	5185	2
21673	2406	5186	2
21674	2407	1345	2
21675	2407	2393	2
21676	2407	2394	2
21677	2407	2395	2
21678	2407	2396	2
21679	2407	2397	2
21680	2407	2398	2
21681	2407	2400	2
21682	2407	2401	2
21683	2407	2402	2
21684	2407	2403	2
21685	2407	2404	2
21686	2407	2405	2
21687	2407	2408	2
21688	2407	2409	2
21689	2407	4822	2
21690	2407	5176	2
21691	2407	5177	2
21692	2407	5185	2
21693	2407	5186	2
21694	2407	6255	2
21695	2408	1343	2
21696	2408	1345	2
21697	2408	2395	2
21698	2408	2396	2
21699	2408	2398	5
21700	2408	2399	5
21701	2408	2403	2
21702	2408	2405	2
21703	2408	2406	2
21704	2408	2407	2
21705	2408	5176	5
21706	2408	5177	5
21707	2408	5184	5
21708	2408	5185	5
21709	2408	5186	5
21710	2409	1343	2
21711	2409	1345	2
21712	2409	2395	2
21713	2409	2396	2
21714	2409	2402	5
21715	2409	2405	2
21716	2409	2407	2
21717	2410	2411	2
21718	2410	2413	2
21719	2410	2415	2
21720	2410	2416	2
21721	2410	2420	2
21722	2411	2413	2
21723	2411	2414	2
21724	2411	4594	2
21725	2411	4595	2
21726	2411	4605	2
21727	2411	4825	2
21728	2411	6268	2
21729	2412	2410	2
21730	2412	2411	2
21731	2412	2413	2
21732	2412	2414	2
21733	2412	2415	2
21734	2412	2416	2
21735	2412	2417	2
21736	2412	2418	2
21737	2412	2419	2
21738	2412	2421	2
21739	2412	2423	2
21740	2412	2424	2
21741	2412	2428	2
21742	2412	2429	2
21743	2412	2430	2
21744	2412	2431	2
21745	2412	4589	2
21746	2412	4593	2
21747	2412	4594	2
21748	2412	4595	2
21749	2412	4605	2
21750	2412	4825	2
21751	2412	6268	2
21752	2413	2410	2
21753	2413	2411	2
21754	2413	2412	2
21755	2413	2416	2
21756	2413	2417	2
21757	2413	2418	2
21758	2413	2419	2
21759	2413	2420	2
21760	2413	2421	2
21761	2413	2422	2
21762	2413	2423	2
21763	2413	2424	2
21764	2413	2427	2
21765	2413	2428	2
21766	2413	2429	2
21767	2413	2430	2
21768	2413	2431	2
21769	2413	4589	2
21770	2413	4593	2
21771	2413	4594	2
21772	2413	4595	2
21773	2413	4605	2
21774	2413	4825	2
21775	2413	6268	2
21776	2414	2411	2
21777	2414	2412	2
21778	2414	2413	2
21779	2414	2416	2
21780	2414	2420	2
21781	2415	2410	2
21782	2415	2412	2
21783	2415	2413	2
21784	2415	2414	2
21785	2415	4594	2
21786	2415	4595	2
21787	2415	4605	2
21788	2415	4825	2
21789	2415	6268	2
21790	2416	2410	2
21791	2416	2412	2
21792	2416	2414	2
21793	2416	2417	2
21794	2416	2418	2
21795	2416	2419	2
21796	2416	2421	2
21797	2416	2422	2
21798	2416	2423	2
21799	2416	2424	2
21800	2416	2425	2
21801	2416	2426	2
21802	2416	2427	2
21803	2416	2428	2
21804	2416	2429	2
21805	2416	2430	2
21806	2416	2431	2
21807	2416	4590	2
21808	2416	4593	2
21809	2416	4594	2
21810	2416	4825	2
21811	2416	6256	2
21812	2416	6268	2
21813	2417	2412	2
21814	2417	2413	2
21815	2417	2418	2
21816	2417	2419	2
21817	2417	2420	2
21818	2417	2421	2
21819	2417	2422	2
21820	2417	2425	2
21821	2417	2426	2
21822	2417	2427	2
21823	2417	2428	2
21824	2417	2429	2
21825	2417	2430	2
21826	2417	2431	2
21827	2417	2432	2
21828	2417	2433	2
21829	2417	2436	2
21830	2417	2437	2
21831	2417	4589	2
21832	2417	4590	2
21833	2417	4593	2
21834	2417	4594	2
21835	2417	6257	2
21836	2418	2412	2
21837	2418	2413	2
21838	2418	2416	2
21839	2418	2417	2
21840	2418	2419	2
21841	2418	2420	2
21842	2418	2421	2
21843	2418	2422	2
21844	2418	2423	2
21845	2418	2424	2
21846	2418	2425	2
21847	2418	2426	2
21848	2418	2428	2
21849	2418	2429	2
21850	2418	2430	2
21851	2418	4593	2
21852	2418	4594	2
21853	2418	6256	2
21854	2418	6257	2
21855	2418	6875	2
21856	2418	6876	2
21857	2419	2412	2
21858	2419	2413	2
21859	2419	2416	2
21860	2419	2417	2
21861	2419	2420	2
21862	2419	2421	2
21863	2419	2422	2
21864	2419	2425	2
21865	2419	2426	2
21866	2419	2427	2
21867	2419	2428	2
21868	2419	2429	2
21869	2419	2430	2
21870	2419	2431	2
21871	2419	4590	2
21872	2419	4593	2
21873	2419	4594	2
21874	2419	6256	2
21875	2419	6257	2
21876	2419	6876	2
21877	2420	2410	2
21878	2420	2412	2
21879	2420	2413	2
21880	2420	2414	2
21881	2420	2417	2
21882	2420	2418	2
21883	2420	2419	2
21884	2420	2422	2
21885	2420	2423	2
21886	2420	2424	2
21887	2420	2425	2
21888	2420	2426	2
21889	2420	2427	2
21890	2420	2428	2
21891	2420	2429	2
21892	2420	2431	2
21893	2420	4590	2
21894	2420	4593	2
21895	2420	4594	2
21896	2420	4825	2
21897	2420	6256	2
21898	2421	2412	2
21899	2421	2413	2
21900	2421	2416	2
21901	2421	2417	2
21902	2421	2418	2
21903	2421	2419	2
21904	2421	2420	2
21905	2421	2422	2
21906	2421	2423	2
21907	2421	2424	2
21908	2421	2425	2
21909	2421	2426	2
21910	2421	2427	2
21911	2421	2428	2
21912	2421	2429	2
21913	2421	2430	2
21914	2421	2431	2
21915	2421	4593	2
21916	2421	6256	2
21917	2421	6876	2
21918	2422	2413	2
21919	2422	2416	2
21920	2422	2417	2
21921	2422	2418	2
21922	2422	2419	2
21923	2422	2420	2
21924	2422	2421	2
21925	2422	2423	2
21926	2422	2424	2
21927	2422	2425	2
21928	2422	2427	2
21929	2422	2429	2
21930	2422	2430	2
21931	2422	2431	2
21932	2422	4593	2
21933	2422	6256	2
21934	2422	6876	2
21935	2423	2412	2
21936	2423	2413	2
21937	2423	2416	2
21938	2423	2417	2
21939	2423	2418	2
21940	2423	2420	2
21941	2423	2421	2
21942	2423	2422	2
21943	2423	2424	2
21944	2423	2425	2
21945	2423	2426	2
21946	2423	2427	2
21947	2423	2428	2
21948	2423	2430	2
21949	2423	2431	2
21950	2423	2432	2
21951	2423	2433	2
21952	2423	4590	2
21953	2423	4593	2
21954	2423	4594	2
21955	2423	6256	2
21956	2423	6257	2
21957	2423	6876	2
21958	2424	2412	2
21959	2424	2413	2
21960	2424	2416	2
21961	2424	2418	2
21962	2424	2419	2
21963	2424	2420	2
21964	2424	2421	2
21965	2424	2422	2
21966	2424	2423	2
21967	2424	2425	2
21968	2424	2426	2
21969	2424	2427	2
21970	2424	2428	2
21971	2424	2429	2
21972	2424	2430	2
21973	2424	2431	2
21974	2424	2433	2
21975	2424	2436	2
21976	2424	2437	2
21977	2424	4589	2
21978	2424	4590	2
21979	2424	4593	2
21980	2424	4594	2
21981	2424	6257	2
21982	2425	2416	2
21983	2425	2417	2
21984	2425	2419	2
21985	2425	2420	2
21986	2425	2421	2
21987	2425	2422	2
21988	2425	2423	2
21989	2425	2427	2
21990	2425	2428	2
21991	2425	2429	2
21992	2425	2430	2
21993	2425	2431	2
21994	2425	4593	2
21995	2425	6257	2
21996	2425	6875	2
21997	2425	6876	2
21998	2426	2416	2
21999	2426	2417	2
22000	2426	2418	2
22001	2426	2419	2
22002	2426	2420	2
22003	2426	2421	2
22004	2426	2422	2
22005	2426	2423	2
22006	2426	2424	2
22007	2426	2427	2
22008	2426	2428	2
22009	2426	2429	2
22010	2426	2430	2
22011	2426	2431	2
22012	2426	4593	2
22013	2426	6256	2
22014	2426	6257	2
22015	2426	6876	2
22016	2427	2413	2
22017	2427	2416	2
22018	2427	2417	2
22019	2427	2419	2
22020	2427	2420	2
22021	2427	2421	2
22022	2427	2422	2
22023	2427	2423	2
22024	2427	2424	2
22025	2427	2425	2
22026	2427	2429	2
22027	2427	2430	2
22028	2427	2431	2
22029	2427	4593	2
22030	2427	4594	2
22031	2427	6256	2
22032	2427	6257	2
22033	2427	6875	2
22034	2427	6876	2
22035	2428	2412	2
22036	2428	2413	2
22037	2428	2416	2
22038	2428	2417	2
22039	2428	2418	2
22040	2428	2420	2
22041	2428	2421	2
22042	2428	2422	2
22043	2428	2423	2
22044	2428	2424	2
22045	2428	2425	2
22046	2428	2426	2
22047	2428	2427	2
22048	2428	2430	2
22049	2428	2431	2
22050	2428	4593	2
22051	2428	4594	2
22052	2428	6256	2
22053	2428	6257	2
22054	2428	6876	2
22055	2429	2412	2
22056	2429	2413	2
22057	2429	2416	2
22058	2429	2417	2
22059	2429	2418	2
22060	2429	2419	2
22061	2429	2420	2
22062	2429	2422	2
22063	2429	2423	2
22064	2429	2424	2
22065	2429	2425	2
22066	2429	2426	2
22067	2429	2427	2
22068	2429	2431	2
22069	2429	4593	2
22070	2429	4594	2
22071	2429	6256	2
22072	2429	6257	2
22073	2429	6876	2
22074	2430	2412	2
22075	2430	2413	2
22076	2430	2416	2
22077	2430	2417	2
22078	2430	2418	2
22079	2430	2419	2
22080	2430	2420	2
22081	2430	2421	2
22082	2430	2422	2
22083	2430	2423	2
22084	2430	2424	2
22085	2430	2425	2
22086	2430	2426	2
22087	2430	2428	2
22088	2430	2429	2
22089	2430	4593	2
22090	2430	4594	2
22091	2430	6256	2
22092	2430	6257	2
22093	2431	2412	2
22094	2431	2413	2
22095	2431	2417	2
22096	2431	2418	2
22097	2431	2419	2
22098	2431	2420	2
22099	2431	2421	2
22100	2431	2422	2
22101	2431	2424	2
22102	2431	2425	2
22103	2431	2426	2
22104	2431	2427	2
22105	2431	2428	2
22106	2431	2429	2
22107	2431	4590	2
22108	2431	4593	2
22109	2431	4594	2
22110	2431	6256	2
22111	2431	6257	2
22112	2432	2417	2
22113	2432	2423	2
22114	2432	2424	2
22115	2432	2434	2
22116	2432	2436	2
22117	2432	4589	2
22118	2432	4590	2
22119	2432	4591	2
22120	2432	4593	2
22121	2432	4594	2
22122	2432	4595	2
22123	2433	2423	2
22124	2433	2424	2
22125	2433	2434	2
22126	2433	2435	2
22127	2433	2436	2
22128	2433	2437	2
22129	2433	4589	2
22130	2433	4590	2
22131	2433	4591	2
22132	2433	4593	2
22133	2433	4594	2
22134	2433	4595	2
22135	2433	4605	2
22136	2434	2432	2
22137	2434	2437	2
22138	2434	2440	2
22139	2434	2441	2
22140	2434	4589	2
22141	2434	4590	2
22142	2434	4591	2
22143	2434	4595	2
22144	2435	2432	2
22145	2435	2433	2
22146	2435	2436	2
22147	2435	2437	2
22148	2435	2440	2
22149	2435	4589	2
22150	2435	4590	2
22151	2435	4591	2
22152	2435	4595	2
22153	2436	2417	2
22154	2436	2424	2
22155	2436	2432	2
22156	2436	2434	2
22157	2436	2435	2
22158	2436	2441	2
22159	2436	4593	5
22160	2437	2417	2
22161	2437	2424	2
22162	2437	2432	2
22163	2437	2433	2
22164	2437	2434	2
22165	2437	2441	2
22166	2438	2439	2
22167	2438	2441	2
22168	2438	2443	2
22169	2438	4579	5
22170	2438	4580	5
22171	2438	4591	5
22172	2438	6721	2
22173	2438	6722	2
22174	2439	2441	2
22175	2439	2442	2
22176	2439	2443	2
22177	2439	4579	2
22178	2439	4580	2
22179	2439	4592	2
22180	2439	6265	2
22181	2439	6473	2
22182	2439	6720	2
22183	2439	6721	2
22184	2439	6722	2
22185	2439	6723	2
22186	2440	2435	2
22187	2440	2438	2
22188	2440	2439	2
22189	2440	2441	2
22190	2440	2442	2
22191	2440	2443	2
22192	2440	4579	2
22193	2440	4591	2
22194	2440	4592	2
22195	2440	6265	2
22196	2440	6473	2
22197	2440	6721	2
22198	2440	6722	2
22199	2441	2434	2
22200	2441	2435	2
22201	2441	2436	2
22202	2441	2437	2
22203	2441	2438	2
22204	2441	2439	2
22205	2441	2440	2
22206	2441	4579	2
22207	2441	4591	2
22208	2441	4592	2
22209	2441	6473	2
22210	2442	2439	2
22211	2442	2440	2
22212	2442	2441	2
22213	2442	6265	5
22214	2442	6721	2
22215	2442	6722	2
22216	2442	6723	5
22217	2443	2438	2
22218	2443	2439	2
22219	2443	2440	2
22220	2443	2441	2
22221	2443	2442	2
22222	2443	4579	2
22223	2443	4580	2
22224	2443	4592	2
22225	2443	6265	2
22226	2443	6473	2
22227	2443	6720	2
22228	2443	6722	2
22229	2443	6723	2
22230	2444	1740	2
22231	2444	1742	2
22232	2444	1743	2
22233	2444	1744	2
22234	2444	1745	2
22235	2444	1746	2
22236	2444	1747	2
22237	2444	2447	2
22238	2444	2449	2
22239	2444	2450	2
22240	2444	4578	2
22241	2444	5763	2
22242	2444	5765	2
22243	2445	2444	2
22244	2445	2446	2
22245	2445	2448	2
22246	2445	2449	2
22247	2445	2450	2
22248	2445	2454	2
22249	2445	2457	2
22250	2445	2458	2
22251	2445	2462	2
22252	2445	2463	2
22253	2445	2464	2
22254	2445	2465	2
22255	2445	2467	2
22256	2445	4578	2
22257	2445	5763	2
22258	2445	5765	2
22259	2446	1740	2
22260	2446	1743	2
22261	2446	1744	2
22262	2446	1745	2
22263	2446	1746	2
22264	2446	1747	2
22265	2446	2445	2
22266	2446	2447	2
22267	2446	2448	2
22268	2446	2449	2
22269	2446	2450	2
22270	2446	4578	2
22271	2446	5763	2
22272	2446	5765	2
22273	2447	2444	2
22274	2447	2448	2
22275	2447	2450	2
22276	2447	2456	2
22277	2447	2458	2
22278	2447	2464	2
22279	2447	2465	2
22280	2447	4578	2
22281	2447	5763	2
22282	2447	5765	2
22283	2448	1740	2
22284	2448	1742	2
22285	2448	2444	2
22286	2448	2446	2
22287	2448	2447	2
22288	2448	2456	2
22289	2448	2465	2
22290	2448	5765	5
22291	2449	1740	2
22292	2449	1742	2
22293	2449	2444	2
22294	2449	2445	2
22295	2449	2447	2
22296	2449	2456	2
22297	2449	2465	2
22298	2449	4578	5
22299	2449	5763	5
22300	2450	1740	2
22301	2450	1742	2
22302	2450	2444	2
22303	2450	2445	2
22304	2450	2446	2
22305	2450	2447	2
22306	2450	2456	2
22307	2450	2465	2
22308	2451	2452	2
22309	2451	2454	2
22310	2451	2455	2
22311	2451	2456	2
22312	2451	2457	2
22313	2451	2458	2
22314	2451	2459	2
22315	2451	2460	2
22316	2451	2461	2
22317	2451	2462	2
22318	2451	2463	2
22319	2451	2464	2
22320	2451	2465	2
22321	2451	2466	2
22322	2451	2467	2
22323	2451	2835	2
22324	2451	5240	2
22325	2451	5761	2
22326	2451	5764	2
22327	2451	5766	2
22328	2451	5881	2
22329	2451	6932	2
22330	2452	1291	5
22331	2452	2453	2
22332	2452	2456	2
22333	2452	2457	5
22334	2452	2458	2
22335	2452	2459	2
22336	2452	2461	2
22337	2452	2464	2
22338	2452	2465	2
22339	2452	5764	5
22340	2452	5765	5
22341	2452	6701	5
22342	2452	6932	5
22343	2453	2452	2
22344	2453	2455	2
22345	2453	2456	2
22346	2453	2457	2
22347	2453	2458	2
22348	2453	2459	2
22349	2453	2460	2
22350	2453	2462	2
22351	2453	2463	2
22352	2453	2464	2
22353	2453	2465	2
22354	2453	2466	2
22355	2453	2467	2
22356	2453	2835	2
22357	2453	5240	2
22358	2453	5761	2
22359	2453	5764	2
22360	2453	5766	2
22361	2453	5881	2
22362	2453	6932	2
22363	2454	2445	2
22364	2454	2451	2
22365	2454	2453	2
22366	2454	2456	2
22367	2454	2458	2
22368	2454	2459	2
22369	2454	2461	2
22370	2454	2462	5
22371	2454	2463	5
22372	2454	2464	2
22373	2454	2465	2
22374	2454	2467	5
22375	2454	2835	5
22376	2454	5240	5
22377	2454	5761	5
22378	2454	5763	5
22379	2454	5881	5
22380	2455	1291	5
22381	2455	2451	2
22382	2455	2453	2
22383	2455	2456	2
22384	2455	2457	5
22385	2455	2458	2
22386	2455	2459	2
22387	2455	2460	5
22388	2455	2461	2
22389	2455	2464	2
22390	2455	2465	2
22391	2455	5765	5
22392	2455	5766	5
22393	2455	6701	5
22394	2455	6932	5
22395	2456	2445	2
22396	2456	2447	2
22397	2456	2448	2
22398	2456	2449	2
22399	2456	2450	2
22400	2456	2451	2
22401	2456	2452	2
22402	2456	2453	2
22403	2456	2454	2
22404	2456	2457	2
22405	2456	2459	2
22406	2456	2460	2
22407	2456	2461	2
22408	2456	2462	2
22409	2456	2463	2
22410	2456	2464	2
22411	2456	2466	2
22412	2456	2467	2
22413	2456	2835	2
22414	2456	5763	2
22415	2456	5764	2
22416	2456	5765	2
22417	2456	6932	2
22418	2457	2445	2
22419	2457	2451	2
22420	2457	2452	5
22421	2457	2453	2
22422	2457	2456	2
22423	2457	2459	2
22424	2457	2461	2
22425	2457	2464	2
22426	2457	2465	2
22427	2457	5764	5
22428	2457	5765	5
22429	2457	5766	5
22430	2457	6932	5
22431	2458	2445	2
22432	2458	2447	2
22433	2458	2451	2
22434	2458	2452	2
22435	2458	2453	2
22436	2458	2454	2
22437	2458	2455	2
22438	2458	2456	2
22439	2458	2457	2
22440	2458	2460	2
22441	2458	2461	2
22442	2458	2462	2
22443	2458	2463	2
22444	2458	2465	2
22445	2458	2466	2
22446	2458	2467	2
22447	2458	2835	2
22448	2458	5240	2
22449	2458	5763	2
22450	2458	5764	2
22451	2458	5765	2
22452	2458	5766	2
22453	2458	5881	2
22454	2458	6932	2
22455	2459	2452	2
22456	2459	2453	2
22457	2459	2454	2
22458	2459	2455	2
22459	2459	2456	2
22460	2459	2457	2
22461	2459	2458	2
22462	2459	2462	2
22463	2459	2463	2
22464	2459	2464	2
22465	2459	2465	2
22466	2459	2466	2
22467	2459	2467	2
22468	2459	2835	2
22469	2459	5240	2
22470	2459	5764	2
22471	2459	5765	2
22472	2459	5766	2
22473	2459	5881	2
22474	2459	6932	2
22475	2460	2451	2
22476	2460	2452	5
22477	2460	2453	2
22478	2460	2455	5
22479	2460	2456	2
22480	2460	2458	2
22481	2460	2459	2
22482	2460	2461	2
22483	2460	2464	2
22484	2460	2465	2
22485	2460	5764	5
22486	2460	5765	5
22487	2460	5766	5
22488	2460	6932	5
22489	2461	2451	2
22490	2461	2452	2
22491	2461	2453	2
22492	2461	2454	2
22493	2461	2455	2
22494	2461	2456	2
22495	2461	2457	2
22496	2461	2458	2
22497	2461	2460	2
22498	2461	2463	2
22499	2461	2465	2
22500	2461	2466	2
22501	2461	2467	2
22502	2461	2835	2
22503	2461	5240	2
22504	2461	5763	2
22505	2461	5764	2
22506	2461	5765	2
22507	2461	5766	2
22508	2461	5881	2
22509	2461	6932	2
22510	2462	2445	2
22511	2462	2451	2
22512	2462	2453	2
22513	2462	2456	2
22514	2462	2458	2
22515	2462	2459	2
22516	2462	2464	2
22517	2462	2465	2
22518	2462	2466	5
22519	2462	2467	5
22520	2462	2835	5
22521	2462	5240	5
22522	2462	5763	5
22523	2462	5881	5
22524	2463	2445	2
22525	2463	2451	2
22526	2463	2453	2
22527	2463	2454	5
22528	2463	2456	2
22529	2463	2458	2
22530	2463	2459	2
22531	2463	2461	2
22532	2463	2464	2
22533	2463	2465	2
22534	2463	2466	5
22535	2463	2467	5
22536	2463	2835	5
22537	2463	5240	5
22538	2463	5763	5
22539	2463	5881	5
22540	2464	2445	2
22541	2464	2447	2
22542	2464	2451	2
22543	2464	2452	2
22544	2464	2453	2
22545	2464	2454	2
22546	2464	2455	2
22547	2464	2456	2
22548	2464	2457	2
22549	2464	2459	2
22550	2464	2460	2
22551	2464	2461	2
22552	2464	2462	2
22553	2464	2466	2
22554	2464	2467	2
22555	2464	2835	2
22556	2464	5240	2
22557	2464	5763	2
22558	2464	5764	2
22559	2464	5765	2
22560	2464	5766	2
22561	2464	5881	2
22562	2464	6932	2
22563	2465	2445	2
22564	2465	2448	2
22565	2465	2449	2
22566	2465	2450	2
22567	2465	2451	2
22568	2465	2452	2
22569	2465	2453	2
22570	2465	2454	2
22571	2465	2455	2
22572	2465	2457	2
22573	2465	2458	2
22574	2465	2459	2
22575	2465	2460	2
22576	2465	2461	2
22577	2465	2462	2
22578	2465	2463	2
22579	2465	2464	2
22580	2465	2466	2
22581	2465	2467	2
22582	2465	2835	2
22583	2465	5763	2
22584	2465	5764	2
22585	2465	5765	2
22586	2465	6932	2
22587	2466	2451	2
22588	2466	2453	2
22589	2466	2454	5
22590	2466	2456	2
22591	2466	2458	2
22592	2466	2459	2
22593	2466	2461	2
22594	2466	2462	5
22595	2466	2463	5
22596	2466	2464	2
22597	2466	2465	2
22598	2466	5240	5
22599	2466	5761	5
22600	2466	5762	5
22601	2466	5763	5
22602	2466	5764	5
22603	2466	5881	5
22604	2467	2445	2
22605	2467	2451	2
22606	2467	2453	2
22607	2467	2454	5
22608	2467	2456	2
22609	2467	2458	2
22610	2467	2459	2
22611	2467	2461	2
22612	2467	2462	5
22613	2467	2464	2
22614	2467	2466	5
22615	2467	2835	5
22616	2467	5240	5
22617	2467	5761	5
22618	2467	5763	5
22619	2467	5881	5
22620	2468	2105	2
22621	2468	2106	2
22622	2468	2107	2
22623	2468	2108	2
22624	2468	2109	2
22625	2468	2110	2
22626	2468	2111	2
22627	2468	2113	2
22628	2468	2114	2
22629	2468	2115	2
22630	2468	2116	2
22631	2468	2117	2
22632	2468	2125	2
22633	2468	2126	2
22634	2468	2127	2
22635	2468	2128	2
22636	2468	2469	2
22637	2468	2470	2
22638	2468	2471	2
22639	2468	2472	2
22640	2468	2473	2
22641	2468	6689	2
22642	2469	2105	2
22643	2469	2106	2
22644	2469	2107	2
22645	2469	2108	2
22646	2469	2109	2
22647	2469	2110	2
22648	2469	2111	2
22649	2469	2113	2
22650	2469	2114	2
22651	2469	2115	2
22652	2469	2116	2
22653	2469	2117	2
22654	2469	2125	2
22655	2469	2126	2
22656	2469	2128	2
22657	2469	2129	2
22658	2469	2468	2
22659	2469	2471	2
22660	2469	2472	2
22661	2470	2128	2
22662	2470	2129	2
22663	2470	2468	2
22664	2470	2469	2
22665	2470	2471	2
22666	2470	2472	2
22667	2470	2473	2
22668	2470	6094	2
22669	2470	7281	2
22670	2471	2129	2
22671	2471	2469	2
22672	2471	2470	2
22673	2471	2473	2
22674	2471	2476	2
22675	2471	2478	2
22676	2471	6094	2
22677	2471	7281	2
22678	2472	2109	2
22679	2472	2111	2
22680	2472	2115	2
22681	2472	2116	2
22682	2472	2117	2
22683	2472	2126	2
22684	2472	2128	2
22685	2472	2129	2
22686	2472	2469	2
22687	2472	2470	2
22688	2472	2471	2
22689	2473	2108	2
22690	2473	2109	2
22691	2473	2111	2
22692	2473	2115	2
22693	2473	2116	2
22694	2473	2117	2
22695	2473	2126	2
22696	2473	2128	2
22697	2473	2129	2
22698	2473	2468	2
22699	2473	2469	2
22700	2473	2471	2
22701	2474	2476	2
22702	2474	2477	2
22703	2474	2478	2
22704	2474	6094	7
22705	2475	2477	2
22706	2475	2478	2
22707	2475	2479	2
22708	2476	2474	2
22709	2476	2475	2
22710	2476	2477	2
22711	2476	2479	2
22712	2476	6094	2
22713	2477	2474	2
22714	2477	2478	2
22715	2477	2481	2
22716	2477	2482	2
22717	2477	2483	2
22718	2477	2485	2
22719	2477	4066	2
22720	2478	2471	2
22721	2478	2475	2
22722	2478	2477	2
22723	2478	6094	2
22724	2479	2474	2
22725	2479	2475	2
22726	2479	2476	2
22727	2479	2478	2
22728	2479	2481	2
22729	2479	2482	2
22730	2479	2483	2
22731	2479	4066	2
22732	2480	1263	2
22733	2480	2483	2
22734	2480	2484	2
22735	2480	2485	2
22736	2480	2486	2
22737	2480	2581	2
22738	2480	2583	2
22739	2480	2584	2
22740	2480	4064	2
22741	2480	4065	2
22742	2480	4066	2
22743	2480	6072	2
22744	2480	6073	2
22745	2480	6474	2
22746	2480	6591	2
22747	2481	2477	2
22748	2481	2479	2
22749	2481	2480	2
22750	2481	2484	2
22751	2481	2485	2
22752	2481	4064	5
22753	2481	4065	5
22754	2481	4067	5
22755	2482	2479	2
22756	2482	2480	2
22757	2482	2481	2
22758	2482	2483	2
22759	2482	2484	2
22760	2482	2584	2
22761	2482	4064	2
22762	2482	4065	2
22763	2482	4066	2
22764	2482	6072	2
22765	2482	6073	2
22766	2482	6474	2
22767	2482	6591	2
22768	2483	2477	2
22769	2483	2479	2
22770	2483	2480	2
22771	2483	2482	2
22772	2483	2485	2
22773	2483	2581	2
22774	2483	2584	2
22775	2484	1263	2
22776	2484	2480	2
22777	2484	2481	2
22778	2484	2482	2
22779	2484	2483	2
22780	2484	2485	2
22781	2484	2486	2
22782	2484	2583	2
22783	2484	2584	2
22784	2484	4064	2
22785	2484	4065	2
22786	2484	4066	2
22787	2484	6072	2
22788	2484	6073	2
22789	2484	6474	2
22790	2484	6591	2
22791	2485	2477	2
22792	2485	2479	2
22793	2485	2480	2
22794	2485	2481	2
22795	2485	2581	2
22796	2485	2584	2
22797	2485	4064	2
22798	2485	4065	2
22799	2485	4066	2
22800	2485	6072	2
22801	2485	6073	2
22802	2485	6474	2
22803	2485	6591	2
22804	2486	2480	2
22805	2486	2484	2
22806	2486	2578	5
22807	2486	2579	2
22808	2486	2580	2
22809	2486	2581	2
22810	2486	2582	2
22811	2486	2584	2
22812	2486	4049	5
22813	2486	6073	5
22814	2486	6079	5
22815	2486	6080	5
22816	2486	6492	5
22817	2487	1263	2
22818	2487	2486	2
22819	2487	2573	2
22820	2487	2575	2
22821	2487	2576	2
22822	2487	2578	2
22823	2487	2580	2
22824	2487	2581	2
22825	2487	2582	2
22826	2487	2583	2
22827	2487	2584	2
22828	2487	4050	2
22829	2487	4058	2
22830	2487	6079	2
22831	2487	6080	2
22832	2487	6492	2
22833	2488	1268	5
22834	2488	2489	2
22835	2488	2490	5
22836	2488	2491	2
22837	2488	2543	2
22838	2488	2546	5
22839	2488	2550	2
22840	2488	2551	2
22841	2488	2552	2
22842	2488	2556	5
22843	2488	2557	5
22844	2488	2558	2
22845	2488	2559	2
22846	2488	2560	2
22847	2488	2561	2
22848	2488	2562	2
22849	2488	2564	2
22850	2488	2565	2
22851	2488	2566	5
22852	2488	4378	5
22853	2488	6153	5
22854	2488	6486	5
22855	2488	6487	5
22856	2488	7039	2
22857	2488	7041	2
22858	2488	7047	2
22859	2489	1268	2
22860	2489	2491	2
22861	2489	2546	2
22862	2489	2547	2
22863	2489	2548	2
22864	2489	2549	2
22865	2489	2550	2
22866	2489	2551	2
22867	2489	2552	2
22868	2489	2553	2
22869	2489	2554	2
22870	2489	2555	2
22871	2489	2556	2
22872	2489	2557	2
22873	2489	2559	2
22874	2489	2561	2
22875	2489	2562	2
22876	2489	2563	2
22877	2489	2564	2
22878	2489	2565	2
22879	2489	2566	2
22880	2489	6137	2
22881	2489	6153	2
22882	2489	6483	2
22883	2489	6484	2
22884	2489	6486	2
22885	2489	6487	2
22886	2489	7025	2
22887	2489	7031	2
22888	2489	7032	2
22889	2489	7033	2
22890	2489	7034	2
22891	2489	7035	2
22892	2489	7036	2
22893	2489	7037	2
22894	2489	7038	2
22895	2489	7039	2
22896	2489	7040	2
22897	2489	7041	2
22898	2489	7042	2
22899	2489	7043	2
22900	2489	7044	2
22901	2489	7045	2
22902	2489	7046	2
22903	2489	7047	2
22904	2489	7051	2
22905	2490	2488	5
22906	2490	2491	2
22907	2490	2492	7
22908	2490	2493	2
22909	2490	2494	2
22910	2490	2543	2
22911	2490	2547	5
22912	2490	2548	5
22913	2490	2550	2
22914	2490	2551	2
22915	2490	2552	2
22916	2490	2556	5
22917	2490	2557	5
22918	2490	2559	2
22919	2490	2560	2
22920	2490	2561	2
22921	2490	4378	7
22922	2490	4379	7
22923	2490	6152	7
22924	2491	1268	2
22925	2491	2488	2
22926	2491	2489	2
22927	2491	2492	2
22928	2491	2494	2
22929	2491	2495	2
22930	2491	2543	2
22931	2491	2544	2
22932	2491	2546	2
22933	2491	2547	2
22934	2491	2548	2
22935	2491	2549	2
22936	2491	2550	2
22937	2491	2551	2
22938	2491	2552	2
22939	2491	2553	2
22940	2491	2554	2
22941	2491	2555	2
22942	2491	2556	2
22943	2491	2557	2
22944	2491	2558	2
22945	2491	2559	2
22946	2491	2560	2
22947	2491	2561	2
22948	2491	4378	2
22949	2491	4379	2
22950	2491	6152	2
22951	2491	6480	2
22952	2491	6481	2
22953	2491	6483	2
22954	2492	2490	7
22955	2492	2491	2
22956	2492	2494	2
22957	2492	2543	2
22958	2492	2550	2
22959	2492	2551	2
22960	2492	4378	7
22961	2492	4379	7
22962	2492	6152	7
22963	2493	2490	2
22964	2493	2491	2
22965	2493	2492	2
22966	2493	2494	2
22967	2493	2495	2
22968	2493	2543	2
22969	2493	2544	2
22970	2493	4379	2
22971	2493	6138	2
22972	2493	6152	2
22973	2493	6480	2
22974	2493	6481	2
22975	2493	6485	2
22976	2494	2490	2
22977	2494	2491	2
22978	2494	2492	2
22979	2494	2493	2
22980	2494	2544	2
22981	2494	2550	2
22982	2494	2551	2
22983	2494	4379	2
22984	2494	6138	2
22985	2494	6152	2
22986	2494	6480	2
22987	2494	6481	2
22988	2494	6485	2
22989	2495	2491	2
22990	2495	2493	2
22991	2495	2494	2
22992	2495	2543	2
22993	2495	2544	7
22994	2495	2550	2
22995	2495	2551	2
22996	2495	6138	7
22997	2496	2498	2
22998	2496	2500	2
22999	2496	2501	2
23000	2496	2502	2
23001	2496	2503	2
23002	2496	2518	2
23003	2496	2519	2
23004	2496	2520	2
23005	2496	2521	2
23006	2496	2522	2
23007	2496	2523	2
23008	2496	2524	2
23009	2496	2525	2
23010	2496	2527	2
23011	2496	2528	2
23012	2496	2529	2
23013	2496	4402	2
23014	2496	4425	2
23015	2496	6149	2
23016	2496	6158	2
23017	2496	6159	2
23018	2496	6475	2
23019	2496	6476	2
23020	2497	2496	2
23021	2497	2499	2
23022	2497	2501	2
23023	2497	2502	2
23024	2497	2519	2
23025	2497	2521	2
23026	2497	2523	2
23027	2497	2524	2
23028	2497	2525	5
23029	2497	2526	2
23030	2497	2527	5
23031	2497	2529	2
23032	2497	6149	5
23033	2498	2496	2
23034	2498	2501	2
23035	2498	2502	2
23036	2498	2519	2
23037	2498	2521	2
23038	2498	2522	5
23039	2498	2523	2
23040	2498	2524	2
23041	2498	2526	2
23042	2498	2529	2
23043	2498	4401	5
23044	2498	4402	5
23045	2498	4413	5
23046	2498	4425	5
23047	2498	6158	5
23048	2498	6476	5
23049	2499	2497	2
23050	2499	2498	2
23051	2499	2500	2
23052	2499	2501	2
23053	2499	2502	2
23054	2499	2503	2
23055	2499	2518	2
23056	2499	2520	2
23057	2499	2521	2
23058	2499	2522	2
23059	2499	2523	2
23060	2499	2524	2
23061	2499	2525	2
23062	2499	2526	2
23063	2499	2527	2
23064	2499	2528	2
23065	2499	2529	2
23066	2499	4402	2
23067	2499	4425	2
23068	2499	6149	2
23069	2499	6158	2
23070	2499	6159	2
23071	2499	6475	2
23072	2499	6476	2
23073	2500	2496	2
23074	2500	2499	2
23075	2500	2501	2
23076	2500	2502	2
23077	2500	2519	2
23078	2500	2521	2
23079	2500	2522	5
23080	2500	2523	2
23081	2500	2524	2
23082	2500	2526	2
23083	2500	2528	5
23084	2500	2529	2
23085	2500	4401	5
23086	2500	4402	5
23087	2500	4413	5
23088	2500	4425	5
23089	2500	6158	5
23090	2501	2496	2
23091	2501	2497	2
23092	2501	2498	2
23093	2501	2499	2
23094	2501	2503	2
23095	2501	2522	2
23096	2501	2524	2
23097	2501	2525	2
23098	2501	2526	2
23099	2501	2527	2
23100	2501	2528	2
23101	2501	2529	2
23102	2501	2533	2
23103	2501	2534	2
23104	2501	2535	2
23105	2501	2538	2
23106	2501	4401	2
23107	2501	4402	2
23108	2501	6149	2
23109	2501	6150	2
23110	2501	6158	2
23111	2501	6475	2
23112	2501	6476	2
23113	2502	2496	2
23114	2502	2497	2
23115	2502	2498	2
23116	2502	2499	2
23117	2502	2500	2
23118	2502	2503	2
23119	2502	2522	2
23120	2502	2523	2
23121	2502	2524	2
23122	2502	2525	2
23123	2502	2526	2
23124	2502	2527	2
23125	2502	2528	2
23126	2502	2529	2
23127	2502	2534	2
23128	2502	2535	2
23129	2502	2538	2
23130	2502	4401	2
23131	2502	4402	2
23132	2502	6149	2
23133	2502	6158	2
23134	2502	6475	2
23135	2502	6476	2
23136	2503	2496	2
23137	2503	2499	2
23138	2503	2501	2
23139	2503	2519	2
23140	2503	2521	2
23141	2503	2523	2
23142	2503	2524	2
23143	2503	2526	2
23144	2503	2527	5
23145	2503	2529	2
23146	2503	6149	5
23147	2503	6475	5
23148	2504	2505	2
23149	2504	2506	2
23150	2504	2507	2
23151	2504	2508	2
23152	2504	2509	2
23153	2504	2510	2
23154	2504	2511	2
23155	2504	2512	2
23156	2504	2513	2
23157	2504	2514	2
23158	2504	2515	2
23159	2504	2517	2
23160	2504	2530	2
23161	2504	2531	2
23162	2504	2532	2
23163	2504	4430	2
23164	2504	4431	2
23165	2504	6147	2
23166	2504	6160	2
23167	2504	6477	2
23168	2504	6478	2
23169	2504	6479	2
23170	2505	2507	2
23171	2505	2508	2
23172	2505	2510	2
23173	2505	2511	2
23174	2505	2512	2
23175	2505	2513	2
23176	2505	2514	2
23177	2505	6147	5
23178	2506	2504	2
23179	2506	2507	2
23180	2506	2508	2
23181	2506	2510	2
23182	2506	2511	2
23183	2506	2512	2
23184	2506	2513	2
23185	2506	2514	2
23186	2506	2515	5
23187	2506	2530	5
23188	2506	4430	5
23189	2506	4431	5
23190	2506	4432	5
23191	2506	4458	5
23192	2506	6160	5
23193	2507	2504	2
23194	2507	2505	2
23195	2507	2508	2
23196	2507	2509	2
23197	2507	2510	2
23198	2507	2511	2
23199	2507	2512	2
23200	2507	2513	2
23201	2507	2515	2
23202	2507	2516	2
23203	2507	2517	2
23204	2507	2530	2
23205	2507	2531	2
23206	2507	2532	2
23207	2507	4430	2
23208	2507	4431	2
23209	2507	6147	2
23210	2507	6160	2
23211	2507	6477	2
23212	2507	6478	2
23213	2507	6479	2
23214	2508	2505	2
23215	2508	2506	2
23216	2508	2507	2
23217	2508	2510	2
23218	2508	2511	2
23219	2508	2512	2
23220	2508	2513	2
23221	2508	2515	2
23222	2508	2530	2
23223	2508	2531	2
23224	2508	2532	2
23225	2508	4431	2
23226	2508	4458	2
23227	2508	6147	2
23228	2508	6160	2
23229	2508	6477	2
23230	2508	6478	2
23231	2508	6479	2
23232	2509	2504	2
23233	2509	2507	2
23234	2509	2508	2
23235	2509	2510	2
23236	2509	2511	2
23237	2509	2512	2
23238	2509	2513	2
23239	2509	2514	2
23240	2510	2504	2
23241	2510	2505	2
23242	2510	2506	2
23243	2510	2507	2
23244	2510	2508	2
23245	2510	2509	2
23246	2510	2513	2
23247	2510	2514	2
23248	2510	2515	2
23249	2510	2530	2
23250	2510	2531	2
23251	2510	4431	2
23252	2510	4458	2
23253	2510	4459	2
23254	2510	6147	2
23255	2510	6160	2
23256	2510	6177	2
23257	2510	6477	2
23258	2510	6478	2
23259	2510	6479	2
23260	2511	2504	2
23261	2511	2505	2
23262	2511	2506	2
23263	2511	2507	2
23264	2511	2508	2
23265	2511	2509	2
23266	2511	2512	2
23267	2511	2513	2
23268	2511	2514	2
23269	2511	2515	2
23270	2511	2530	2
23271	2511	2531	2
23272	2511	2532	2
23273	2511	4431	2
23274	2511	4458	2
23275	2511	4459	2
23276	2511	6147	2
23277	2511	6160	2
23278	2511	6176	2
23279	2511	6177	2
23280	2511	6477	2
23281	2511	6478	2
23282	2511	6479	2
23283	2512	2504	2
23284	2512	2505	2
23285	2512	2506	2
23286	2512	2507	2
23287	2512	2509	2
23288	2512	2510	2
23289	2512	2511	2
23290	2512	2514	2
23291	2512	2515	2
23292	2512	2530	2
23293	2512	2531	2
23294	2512	2532	2
23295	2512	4431	2
23296	2512	4458	2
23297	2512	6147	2
23298	2512	6160	2
23299	2512	6477	2
23300	2512	6478	2
23301	2512	6479	2
23302	2513	2504	2
23303	2513	2505	2
23304	2513	2506	2
23305	2513	2507	2
23306	2513	2508	2
23307	2513	2509	2
23308	2513	2510	2
23309	2513	2514	2
23310	2513	2515	2
23311	2513	2531	2
23312	2513	2532	2
23313	2513	4431	2
23314	2513	4458	2
23315	2513	6147	2
23316	2513	6160	2
23317	2513	6477	2
23318	2513	6478	2
23319	2513	6479	2
23320	2514	2504	2
23321	2514	2505	2
23322	2514	2506	2
23323	2514	2507	2
23324	2514	2509	2
23325	2514	2510	2
23326	2514	2511	2
23327	2514	2512	2
23328	2514	2515	2
23329	2514	2530	2
23330	2514	2531	2
23331	2514	2532	2
23332	2514	4431	2
23333	2514	4458	2
23334	2514	6147	2
23335	2514	6160	2
23336	2514	6477	2
23337	2514	6478	2
23338	2514	6479	2
23339	2515	2504	2
23340	2515	2507	2
23341	2515	2508	2
23342	2515	2510	2
23343	2515	2511	2
23344	2515	2512	2
23345	2515	2513	2
23346	2515	2531	5
23347	2515	4431	5
23348	2515	4458	5
23349	2515	6160	5
23350	2515	6479	5
23351	2516	2504	2
23352	2516	2507	2
23353	2516	2518	2
23354	2516	2519	2
23355	2516	4426	2
23356	2516	4430	2
23357	2516	6148	2
23358	2516	6159	2
23359	2517	2504	2
23360	2517	2518	2
23361	2517	2519	2
23362	2517	2520	2
23363	2517	2521	2
23364	2517	4426	2
23365	2517	6148	2
23366	2517	6159	2
23367	2518	2496	2
23368	2518	2499	2
23369	2518	2516	2
23370	2518	2519	2
23371	2518	2521	2
23372	2518	4425	5
23373	2518	4426	5
23374	2519	2496	2
23375	2519	2497	2
23376	2519	2498	2
23377	2519	2499	2
23378	2519	2500	2
23379	2519	2503	2
23380	2519	2516	2
23381	2519	2520	2
23382	2519	2522	2
23383	2519	2523	2
23384	2519	2525	2
23385	2519	2526	2
23386	2519	2527	2
23387	2519	2528	2
23388	2519	2529	2
23389	2519	4425	2
23390	2519	4426	2
23391	2519	6148	2
23392	2519	6159	2
23393	2519	6476	2
23394	2520	2496	2
23395	2520	2499	2
23396	2520	2516	2
23397	2520	2517	2
23398	2520	2519	2
23399	2521	2497	2
23400	2521	2498	2
23401	2521	2499	2
23402	2521	2500	2
23403	2521	2503	2
23404	2521	2516	2
23405	2521	2517	2
23406	2521	2518	2
23407	2521	2520	2
23408	2521	2522	2
23409	2521	2523	2
23410	2521	2525	2
23411	2521	2526	2
23412	2521	2527	2
23413	2521	2528	2
23414	2521	2529	2
23415	2521	4425	2
23416	2521	4426	2
23417	2521	6148	2
23418	2521	6159	2
23419	2521	6476	2
23420	2522	2496	2
23421	2522	2498	5
23422	2522	2499	2
23423	2522	2501	2
23424	2522	2502	2
23425	2522	2519	2
23426	2522	2521	2
23427	2522	2524	2
23428	2522	2526	2
23429	2522	2529	2
23430	2522	2533	2
23431	2522	4401	5
23432	2522	4402	5
23433	2522	6158	5
23434	2522	6476	5
23435	2523	2496	2
23436	2523	2497	2
23437	2523	2498	2
23438	2523	2499	2
23439	2523	2500	2
23440	2523	2501	2
23441	2523	2502	2
23442	2523	2503	2
23443	2523	2519	2
23444	2523	2521	2
23445	2523	2522	2
23446	2523	2525	2
23447	2523	2526	2
23448	2523	2527	2
23449	2523	2528	2
23450	2523	2533	2
23451	2523	2534	2
23452	2523	4401	2
23453	2523	4402	2
23454	2523	6149	2
23455	2523	6158	2
23456	2523	6475	2
23457	2523	6476	2
23458	2524	2496	2
23459	2524	2497	2
23460	2524	2498	2
23461	2524	2499	2
23462	2524	2500	2
23463	2524	2501	2
23464	2524	2503	2
23465	2524	2522	2
23466	2524	2526	2
23467	2524	2527	2
23468	2524	2528	2
23469	2524	2529	2
23470	2524	2533	2
23471	2524	2534	2
23472	2524	4401	2
23473	2524	4402	2
23474	2524	6149	2
23475	2524	6158	2
23476	2524	6475	2
23477	2524	6476	2
23478	2525	2496	2
23479	2525	2497	5
23480	2525	2499	2
23481	2525	2501	2
23482	2525	2502	2
23483	2525	2503	5
23484	2525	2519	2
23485	2525	2521	2
23486	2525	2523	2
23487	2525	2524	2
23488	2525	2526	2
23489	2525	2529	2
23490	2525	2533	2
23491	2525	6149	5
23492	2525	6475	5
23493	2526	2496	2
23494	2526	2497	2
23495	2526	2498	2
23496	2526	2499	2
23497	2526	2500	2
23498	2526	2501	2
23499	2526	2502	2
23500	2526	2503	2
23501	2526	2519	2
23502	2526	2521	2
23503	2526	2522	2
23504	2526	2523	2
23505	2526	2525	2
23506	2526	2527	2
23507	2526	2528	2
23508	2526	4402	2
23509	2526	4425	2
23510	2526	6149	2
23511	2526	6158	2
23512	2526	6475	2
23513	2526	6476	2
23514	2527	2496	2
23515	2527	2499	2
23516	2527	2501	2
23517	2527	2502	2
23518	2527	2503	5
23519	2527	2519	2
23520	2527	2521	2
23521	2527	2523	2
23522	2527	2524	2
23523	2527	2529	2
23524	2527	6149	5
23525	2527	6475	5
23526	2528	2496	2
23527	2528	2498	5
23528	2528	2499	2
23529	2528	2500	5
23530	2528	2501	2
23531	2528	2502	2
23532	2528	2519	2
23533	2528	2521	2
23534	2528	2523	2
23535	2528	2524	2
23536	2528	2526	2
23537	2528	2529	2
23538	2528	4401	5
23539	2528	4402	5
23540	2528	4425	5
23541	2528	6158	5
23542	2528	6476	5
23543	2529	2496	2
23544	2529	2497	2
23545	2529	2498	2
23546	2529	2500	2
23547	2529	2501	2
23548	2529	2502	2
23549	2529	2503	2
23550	2529	2519	2
23551	2529	2521	2
23552	2529	2522	2
23553	2529	2523	2
23554	2529	2524	2
23555	2529	2525	2
23556	2529	2527	2
23557	2529	4402	2
23558	2529	4425	2
23559	2529	6149	2
23560	2529	6158	2
23561	2529	6475	2
23562	2529	6476	2
23563	2530	2504	2
23564	2530	2506	5
23565	2530	2507	2
23566	2530	2508	2
23567	2530	2510	2
23568	2530	2511	2
23569	2530	2512	2
23570	2530	2513	2
23571	2530	2514	2
23572	2530	2531	5
23573	2530	4431	5
23574	2530	4458	5
23575	2530	6160	5
23576	2530	6479	5
23577	2531	2504	2
23578	2531	2507	2
23579	2531	2508	2
23580	2531	2510	2
23581	2531	2512	2
23582	2531	2513	2
23583	2531	2514	2
23584	2531	2515	5
23585	2531	4430	5
23586	2531	4431	5
23587	2531	4432	5
23588	2531	4458	5
23589	2531	4459	5
23590	2531	6160	5
23591	2531	6479	5
23592	2532	2504	2
23593	2532	2507	2
23594	2532	2508	2
23595	2532	2510	2
23596	2532	2511	2
23597	2532	2512	2
23598	2532	2513	2
23599	2532	2514	2
23600	2532	6147	5
23601	2533	2501	2
23602	2533	2502	2
23603	2533	2522	2
23604	2533	2523	2
23605	2533	2524	2
23606	2533	2525	2
23607	2533	2535	2
23608	2533	2536	2
23609	2533	4397	2
23610	2533	4401	2
23611	2533	6140	2
23612	2533	6150	2
23613	2534	2502	2
23614	2534	2523	2
23615	2534	2524	2
23616	2534	2535	2
23617	2534	2536	2
23618	2534	2537	2
23619	2534	2538	2
23620	2534	4397	2
23621	2534	4401	2
23622	2534	6140	2
23623	2534	6150	2
23624	2535	2501	2
23625	2535	2502	2
23626	2535	2533	2
23627	2535	2536	2
23628	2535	2537	2
23629	2535	4397	5
23630	2536	2533	2
23631	2536	2537	2
23632	2536	2538	2
23633	2536	4396	2
23634	2536	4397	2
23635	2536	6140	2
23636	2536	6150	2
23637	2537	2533	2
23638	2537	2534	2
23639	2537	2535	2
23640	2537	2536	2
23641	2537	2538	2
23642	2537	4397	2
23643	2537	6140	2
23644	2537	6150	2
23645	2538	2501	2
23646	2538	2502	2
23647	2538	2533	2
23648	2538	2534	2
23649	2538	2536	2
23650	2539	2540	2
23651	2539	2542	2
23652	2539	4395	5
23653	2539	6151	5
23654	2540	2542	2
23655	2540	2585	2
23656	2540	4395	2
23657	2540	6139	2
23658	2540	6151	2
23659	2540	6482	2
23660	2541	2539	2
23661	2541	2540	2
23662	2541	2542	2
23663	2541	2585	2
23664	2541	4395	2
23665	2541	4396	2
23666	2541	6139	2
23667	2541	6151	2
23668	2541	6482	2
23669	2542	2539	2
23670	2542	2540	2
23671	2542	2541	2
23672	2542	2585	2
23673	2542	4395	2
23674	2542	6139	2
23675	2542	6151	2
23676	2542	6482	2
23677	2543	2488	2
23678	2543	2490	2
23679	2543	2491	2
23680	2543	2492	2
23681	2543	2493	2
23682	2543	2494	2
23683	2543	2495	2
23684	2543	2544	2
23685	2543	2546	2
23686	2543	2547	2
23687	2543	2548	2
23688	2543	2549	2
23689	2543	2551	2
23690	2543	2552	2
23691	2543	2553	2
23692	2543	2554	2
23693	2543	2555	2
23694	2543	2556	2
23695	2543	2557	2
23696	2543	2559	2
23697	2543	2560	2
23698	2543	2561	2
23699	2543	4378	2
23700	2543	4379	2
23701	2543	6152	2
23702	2543	6480	2
23703	2543	6481	2
23704	2543	6483	2
23705	2544	2491	2
23706	2544	2493	2
23707	2544	2494	2
23708	2544	2495	7
23709	2544	2549	5
23710	2544	2550	2
23711	2544	2551	2
23712	2544	2552	2
23713	2544	2553	5
23714	2544	2554	5
23715	2544	2555	5
23716	2544	2559	2
23717	2544	2560	2
23718	2544	2561	2
23719	2544	6138	7
23720	2544	6483	7
23721	2545	1278	5
23722	2545	4375	5
23723	2545	4376	5
23724	2545	6138	5
23725	2545	6483	5
23726	2545	6484	5
23727	2546	1267	5
23728	2546	2488	5
23729	2546	2489	2
23730	2546	2491	2
23731	2546	2543	2
23732	2546	2548	5
23733	2546	2550	2
23734	2546	2551	2
23735	2546	2552	2
23736	2546	2556	5
23737	2546	2557	5
23738	2546	2558	2
23739	2546	2559	2
23740	2546	2560	2
23741	2546	2561	2
23742	2546	2562	2
23743	2546	2564	2
23744	2546	2566	5
23745	2546	4378	5
23746	2546	4379	5
23747	2546	4381	5
23748	2546	6152	5
23749	2546	6153	5
23750	2546	6486	5
23751	2546	6487	5
23752	2546	7047	2
23753	2547	1268	5
23754	2547	2488	5
23755	2547	2489	2
23756	2547	2490	5
23757	2547	2491	2
23758	2547	2543	2
23759	2547	2550	2
23760	2547	2551	2
23761	2547	2552	2
23762	2547	2556	5
23763	2547	2557	5
23764	2547	2558	2
23765	2547	2559	2
23766	2547	2560	2
23767	2547	2561	2
23768	2547	2562	2
23769	2547	2564	2
23770	2547	2565	2
23771	2547	2566	5
23772	2547	4378	5
23773	2547	4379	5
23774	2547	6152	5
23775	2547	6153	5
23776	2547	6486	5
23777	2547	6487	5
23778	2547	7041	2
23779	2547	7047	2
23780	2548	1268	5
23781	2548	2489	2
23782	2548	2490	5
23783	2548	2491	2
23784	2548	2543	2
23785	2548	2546	5
23786	2548	2547	5
23787	2548	2550	2
23788	2548	2552	2
23789	2548	2557	5
23790	2548	2558	2
23791	2548	2559	2
23792	2548	2560	2
23793	2548	2561	2
23794	2548	2562	2
23795	2548	2564	2
23796	2548	2565	2
23797	2548	2566	5
23798	2548	4378	5
23799	2548	6153	5
23800	2548	6486	5
23801	2548	6487	5
23802	2548	7039	2
23803	2548	7041	2
23804	2548	7047	2
23805	2549	2489	2
23806	2549	2491	2
23807	2549	2543	2
23808	2549	2544	5
23809	2549	2550	2
23810	2549	2551	2
23811	2549	2552	2
23812	2549	2553	5
23813	2549	2554	5
23814	2549	2555	5
23815	2549	2558	2
23816	2549	2559	2
23817	2549	2560	2
23818	2549	2561	2
23819	2549	2562	2
23820	2549	2563	5
23821	2549	2564	2
23822	2549	2565	2
23823	2549	6137	5
23824	2549	6483	5
23825	2549	6484	5
23826	2549	6485	5
23827	2549	7039	2
23828	2549	7041	2
23829	2549	7047	2
23830	2550	1268	2
23831	2550	2488	2
23832	2550	2489	2
23833	2550	2490	2
23834	2550	2491	2
23835	2550	2492	2
23836	2550	2494	2
23837	2550	2495	2
23838	2550	2543	2
23839	2550	2544	2
23840	2550	2546	2
23841	2550	2547	2
23842	2550	2548	2
23843	2550	2553	2
23844	2550	2554	2
23845	2550	2555	2
23846	2550	2556	2
23847	2550	2557	2
23848	2550	2558	2
23849	2550	2559	2
23850	2550	2560	2
23851	2550	2561	2
23852	2550	2562	2
23853	2550	2563	2
23854	2550	2564	2
23855	2550	2565	2
23856	2550	2566	2
23857	2550	4378	2
23858	2550	6152	2
23859	2550	6153	2
23860	2550	6480	2
23861	2550	6481	2
23862	2550	6483	2
23863	2550	6484	2
23864	2550	6485	2
23865	2550	7047	2
23866	2551	1268	2
23867	2551	2488	2
23868	2551	2489	2
23869	2551	2490	2
23870	2551	2492	2
23871	2551	2494	2
23872	2551	2495	2
23873	2551	2543	2
23874	2551	2544	2
23875	2551	2546	2
23876	2551	2547	2
23877	2551	2548	2
23878	2551	2549	2
23879	2551	2552	2
23880	2551	2553	2
23881	2551	2554	2
23882	2551	2555	2
23883	2551	2556	2
23884	2551	2557	2
23885	2551	2558	2
23886	2551	2559	2
23887	2551	2560	2
23888	2551	2561	2
23889	2551	2562	2
23890	2551	2563	2
23891	2551	2564	2
23892	2551	2565	2
23893	2551	2566	2
23894	2551	4378	2
23895	2551	6152	2
23896	2551	6153	2
23897	2551	6480	2
23898	2551	6481	2
23899	2551	6483	2
23900	2551	6484	2
23901	2551	6485	2
23902	2551	7047	2
23903	2552	1268	2
23904	2552	2488	2
23905	2552	2489	2
23906	2552	2490	2
23907	2552	2491	2
23908	2552	2543	2
23909	2552	2544	2
23910	2552	2546	2
23911	2552	2547	2
23912	2552	2548	2
23913	2552	2549	2
23914	2552	2550	2
23915	2552	2551	2
23916	2552	2553	2
23917	2552	2554	2
23918	2552	2555	2
23919	2552	2556	2
23920	2552	2557	2
23921	2552	2558	2
23922	2552	2560	2
23923	2552	2562	2
23924	2552	2563	2
23925	2552	2564	2
23926	2552	2565	2
23927	2552	2566	2
23928	2552	4378	2
23929	2552	6153	2
23930	2552	6483	2
23931	2552	6484	2
23932	2552	6485	2
23933	2552	7039	2
23934	2552	7041	2
23935	2552	7047	2
23936	2553	2489	2
23937	2553	2491	2
23938	2553	2543	2
23939	2553	2544	5
23940	2553	2549	5
23941	2553	2550	2
23942	2553	2551	2
23943	2553	2552	2
23944	2553	2554	5
23945	2553	2558	2
23946	2553	2559	2
23947	2553	2560	2
23948	2553	2561	2
23949	2553	2562	2
23950	2553	2563	5
23951	2553	2564	2
23952	2553	2565	2
23953	2553	6483	5
23954	2553	6484	5
23955	2553	6485	5
23956	2553	7039	2
23957	2553	7041	2
23958	2553	7047	2
23959	2554	2489	2
23960	2554	2491	2
23961	2554	2543	2
23962	2554	2544	5
23963	2554	2549	5
23964	2554	2550	2
23965	2554	2551	2
23966	2554	2552	2
23967	2554	2555	5
23968	2554	2559	2
23969	2554	2560	2
23970	2554	2561	2
23971	2554	2562	2
23972	2554	2563	5
23973	2554	2564	2
23974	2554	2565	2
23975	2554	6137	5
23976	2554	6483	5
23977	2554	6484	5
23978	2554	6485	5
23979	2554	7039	2
23980	2554	7041	2
23981	2554	7047	2
23982	2555	2489	2
23983	2555	2491	2
23984	2555	2543	2
23985	2555	2544	5
23986	2555	2550	2
23987	2555	2551	2
23988	2555	2554	5
23989	2555	2558	2
23990	2555	2559	2
23991	2555	2560	2
23992	2555	2561	2
23993	2555	2562	2
23994	2555	2563	5
23995	2555	2564	2
23996	2555	2565	2
23997	2555	6483	5
23998	2555	6484	5
23999	2555	6485	5
24000	2555	7039	2
24001	2555	7041	2
24002	2555	7047	2
24003	2556	1268	5
24004	2556	2488	5
24005	2556	2489	2
24006	2556	2490	5
24007	2556	2491	2
24008	2556	2543	2
24009	2556	2546	5
24010	2556	2547	5
24011	2556	2548	5
24012	2556	2550	2
24013	2556	2551	2
24014	2556	2552	2
24015	2556	2558	2
24016	2556	2559	2
24017	2556	2560	2
24018	2556	2561	2
24019	2556	2562	2
24020	2556	2564	2
24021	2556	2565	2
24022	2556	2566	5
24023	2556	4378	5
24024	2556	6153	5
24025	2556	6486	5
24026	2556	7039	2
24027	2556	7041	2
24028	2556	7047	2
24029	2557	1268	5
24030	2557	2489	2
24031	2557	2490	5
24032	2557	2491	2
24033	2557	2543	2
24034	2557	2546	5
24035	2557	2547	5
24036	2557	2548	5
24037	2557	2550	2
24038	2557	2551	2
24039	2557	2552	2
24040	2557	2558	2
24041	2557	2559	2
24042	2557	2561	2
24043	2557	2562	2
24044	2557	2564	2
24045	2557	2565	2
24046	2557	2566	5
24047	2557	4378	5
24048	2557	6153	5
24049	2557	6486	5
24050	2557	7039	2
24051	2557	7041	2
24052	2557	7047	2
24053	2558	1268	2
24054	2558	2488	2
24055	2558	2491	2
24056	2558	2546	2
24057	2558	2547	2
24058	2558	2548	2
24059	2558	2549	2
24060	2558	2550	2
24061	2558	2551	2
24062	2558	2552	2
24063	2558	2553	2
24064	2558	2554	2
24065	2558	2555	2
24066	2558	2556	2
24067	2558	2557	2
24068	2558	2559	2
24069	2558	2560	2
24070	2558	2561	2
24071	2558	2563	2
24072	2558	2564	2
24073	2558	2565	2
24074	2558	2566	2
24075	2558	6137	2
24076	2558	6153	2
24077	2558	6483	2
24078	2558	6484	2
24079	2558	6486	2
24080	2558	6487	2
24081	2558	7025	2
24082	2558	7031	2
24083	2558	7032	2
24084	2558	7033	2
24085	2558	7034	2
24086	2558	7035	2
24087	2558	7036	2
24088	2558	7037	2
24089	2558	7038	2
24090	2558	7039	2
24091	2558	7040	2
24092	2558	7041	2
24093	2558	7042	2
24094	2558	7043	2
24095	2558	7044	2
24096	2558	7046	2
24097	2558	7047	2
24098	2559	1268	2
24099	2559	2488	2
24100	2559	2489	2
24101	2559	2490	2
24102	2559	2491	2
24103	2559	2543	2
24104	2559	2544	2
24105	2559	2546	2
24106	2559	2547	2
24107	2559	2548	2
24108	2559	2549	2
24109	2559	2550	2
24110	2559	2551	2
24111	2559	2552	2
24112	2559	2554	2
24113	2559	2555	2
24114	2559	2556	2
24115	2559	2557	2
24116	2559	2561	2
24117	2559	2562	2
24118	2559	2563	2
24119	2559	2564	2
24120	2559	2565	2
24121	2559	2566	2
24122	2559	6153	2
24123	2559	6483	2
24124	2559	6484	2
24125	2559	6485	2
24126	2559	6486	2
24127	2559	7034	2
24128	2559	7035	2
24129	2559	7036	2
24130	2559	7039	2
24131	2559	7041	2
24132	2559	7047	2
24133	2560	1268	2
24134	2560	2488	2
24135	2560	2489	2
24136	2560	2490	2
24137	2560	2491	2
24138	2560	2543	2
24139	2560	2544	2
24140	2560	2546	2
24141	2560	2547	2
24142	2560	2548	2
24143	2560	2549	2
24144	2560	2550	2
24145	2560	2551	2
24146	2560	2552	2
24147	2560	2553	2
24148	2560	2554	2
24149	2560	2555	2
24150	2560	2556	2
24151	2560	2557	2
24152	2560	2558	2
24153	2560	2562	2
24154	2560	2563	2
24155	2560	2564	2
24156	2560	2565	2
24157	2560	2566	2
24158	2560	6153	2
24159	2560	6483	2
24160	2560	6484	2
24161	2560	6485	2
24162	2560	6486	2
24163	2560	7034	2
24164	2560	7035	2
24165	2560	7039	2
24166	2560	7041	2
24167	2560	7047	2
24168	2561	1268	2
24169	2561	2488	2
24170	2561	2489	2
24171	2561	2490	2
24172	2561	2491	2
24173	2561	2543	2
24174	2561	2544	2
24175	2561	2546	2
24176	2561	2547	2
24177	2561	2548	2
24178	2561	2549	2
24179	2561	2550	2
24180	2561	2553	2
24181	2561	2554	2
24182	2561	2555	2
24183	2561	2557	2
24184	2561	2558	2
24185	2561	2559	2
24186	2561	2560	2
24187	2561	2562	2
24188	2561	2563	2
24189	2561	2564	2
24190	2561	2565	2
24191	2561	2566	2
24192	2561	4378	2
24193	2561	6153	2
24194	2561	6483	2
24195	2561	6484	2
24196	2561	6485	2
24197	2561	7039	2
24198	2561	7041	2
24199	2561	7047	2
24200	2562	2488	2
24201	2562	2489	2
24202	2562	2546	2
24203	2562	2547	2
24204	2562	2548	2
24205	2562	2549	2
24206	2562	2550	2
24207	2562	2551	2
24208	2562	2552	2
24209	2562	2553	2
24210	2562	2554	2
24211	2562	2555	2
24212	2562	2556	2
24213	2562	2557	2
24214	2562	2558	2
24215	2562	2559	2
24216	2562	2560	2
24217	2562	2561	2
24218	2562	2566	2
24219	2562	3591	2
24220	2562	6137	2
24221	2562	6153	2
24222	2562	6486	2
24223	2562	6487	2
24224	2562	6489	2
24225	2562	7024	2
24226	2562	7025	2
24227	2562	7026	2
24228	2562	7029	2
24229	2562	7030	2
24230	2562	7031	2
24231	2562	7032	2
24232	2562	7033	2
24233	2562	7034	2
24234	2562	7035	2
24235	2562	7036	2
24236	2562	7037	2
24237	2562	7038	2
24238	2562	7039	2
24239	2562	7040	2
24240	2562	7041	2
24241	2562	7042	2
24242	2562	7043	2
24243	2562	7044	2
24244	2562	7045	2
24245	2562	7046	2
24246	2562	7047	2
24247	2562	7050	2
24248	2562	7051	2
24249	2563	2489	2
24250	2563	2549	5
24251	2563	2550	2
24252	2563	2551	2
24253	2563	2552	2
24254	2563	2553	5
24255	2563	2554	5
24256	2563	2555	5
24257	2563	2558	2
24258	2563	2559	2
24259	2563	2560	2
24260	2563	2561	2
24261	2563	2562	2
24262	2563	2564	2
24263	2563	7029	2
24264	2563	7030	2
24265	2563	7031	2
24266	2563	7032	2
24267	2563	7034	2
24268	2563	7035	2
24269	2563	7039	2
24270	2563	7041	2
24271	2563	7042	2
24272	2563	7043	2
24273	2563	7045	2
24274	2563	7047	2
24275	2564	2488	2
24276	2564	2546	2
24277	2564	2547	2
24278	2564	2548	2
24279	2564	2549	2
24280	2564	2550	2
24281	2564	2551	2
24282	2564	2552	2
24283	2564	2553	2
24284	2564	2554	2
24285	2564	2555	2
24286	2564	2556	2
24287	2564	2557	2
24288	2564	2558	2
24289	2564	2559	2
24290	2564	2560	2
24291	2564	2561	2
24292	2564	2563	2
24293	2564	2565	2
24294	2564	2566	2
24295	2564	3591	2
24296	2564	6137	2
24297	2564	6153	2
24298	2564	6486	2
24299	2564	6487	2
24300	2564	6489	2
24301	2564	7024	2
24302	2564	7025	2
24303	2564	7026	2
24304	2564	7029	2
24305	2564	7030	2
24306	2564	7031	2
24307	2564	7032	2
24308	2564	7033	2
24309	2564	7034	2
24310	2564	7035	2
24311	2564	7036	2
24312	2564	7037	2
24313	2564	7038	2
24314	2564	7039	2
24315	2564	7040	2
24316	2564	7041	2
24317	2564	7042	2
24318	2564	7043	2
24319	2564	7044	2
24320	2564	7045	2
24321	2564	7046	2
24322	2564	7047	2
24323	2564	7050	2
24324	2564	7051	2
24325	2565	2488	2
24326	2565	2489	2
24327	2565	2547	2
24328	2565	2548	2
24329	2565	2549	2
24330	2565	2550	2
24331	2565	2551	2
24332	2565	2552	2
24333	2565	2553	2
24334	2565	2554	2
24335	2565	2555	2
24336	2565	2556	2
24337	2565	2557	2
24338	2565	2558	2
24339	2565	2559	2
24340	2565	2560	2
24341	2565	2561	2
24342	2565	2562	2
24343	2565	2563	2
24344	2565	2564	2
24345	2565	2566	2
24346	2565	3591	2
24347	2565	6137	2
24348	2565	6153	2
24349	2565	6486	2
24350	2565	6487	2
24351	2565	6489	2
24352	2565	7003	2
24353	2565	7024	2
24354	2565	7025	2
24355	2565	7026	2
24356	2565	7029	2
24357	2565	7030	2
24358	2565	7031	2
24359	2565	7032	2
24360	2565	7033	2
24361	2565	7034	2
24362	2565	7035	2
24363	2565	7036	2
24364	2565	7037	2
24365	2565	7038	2
24366	2565	7039	2
24367	2565	7040	2
24368	2565	7042	2
24369	2565	7043	2
24370	2565	7044	2
24371	2565	7045	2
24372	2565	7046	2
24373	2565	7048	2
24374	2565	7050	2
24375	2565	7051	2
24376	2566	1268	5
24377	2566	2488	5
24378	2566	2489	2
24379	2566	2546	5
24380	2566	2547	5
24381	2566	2548	5
24382	2566	2550	2
24383	2566	2551	2
24384	2566	2552	2
24385	2566	2556	5
24386	2566	2557	5
24387	2566	2558	2
24388	2566	2559	2
24389	2566	2560	2
24390	2566	2561	2
24391	2566	2562	2
24392	2566	2565	2
24393	2566	7031	2
24394	2566	7032	2
24395	2566	7034	2
24396	2566	7035	2
24397	2566	7039	2
24398	2566	7041	2
24399	2566	7042	2
24400	2566	7043	2
24401	2566	7045	2
24402	2566	7047	2
24403	2566	7050	2
24404	2566	7052	2
24405	2567	2569	2
24406	2567	2572	5
24407	2567	2574	2
24408	2567	2577	2
24409	2567	6081	5
24410	2567	6488	7
24411	2567	7027	2
24412	2568	2570	2
24413	2568	2572	2
24414	2568	2573	2
24415	2568	2574	2
24416	2568	2575	2
24417	2568	2576	2
24418	2568	2577	2
24419	2568	6081	2
24420	2568	6111	2
24421	2568	6112	2
24422	2568	6488	2
24423	2568	6490	2
24424	2568	6491	2
24425	2569	2567	2
24426	2569	2572	2
24427	2569	2573	2
24428	2569	2574	2
24429	2569	2575	2
24430	2569	2576	2
24431	2569	6081	2
24432	2569	6111	2
24433	2569	6112	2
24434	2569	6490	2
24435	2569	6491	2
24436	2569	7027	2
24437	2570	2568	2
24438	2570	2574	2
24439	2570	2576	5
24440	2570	2577	2
24441	2570	6111	7
24442	2570	6112	7
24443	2570	7027	2
24444	2571	3591	2
24445	2571	6112	2
24446	2571	6488	2
24447	2571	6489	2
24448	2571	7003	2
24449	2571	7024	2
24450	2571	7025	2
24451	2571	7026	2
24452	2571	7027	2
24453	2571	7029	2
24454	2571	7030	2
24455	2571	7031	2
24456	2571	7032	2
24457	2571	7033	2
24458	2571	7034	2
24459	2571	7035	2
24460	2571	7036	2
24461	2571	7037	2
24462	2571	7038	2
24463	2571	7039	2
24464	2571	7040	2
24465	2571	7042	2
24466	2571	7043	2
24467	2571	7044	2
24468	2571	7045	2
24469	2571	7046	2
24470	2571	7048	2
24471	2572	2567	5
24472	2572	2568	2
24473	2572	2569	2
24474	2572	2573	2
24475	2572	2575	2
24476	2572	2577	2
24477	2572	2579	2
24478	2572	2580	2
24479	2572	2582	2
24480	2573	2487	2
24481	2573	2568	2
24482	2573	2569	2
24483	2573	2576	2
24484	2573	2577	2
24485	2573	2578	2
24486	2573	2579	2
24487	2573	2580	2
24488	2573	2582	2
24489	2573	4057	2
24490	2573	4058	2
24491	2573	4059	2
24492	2573	6080	2
24493	2573	6081	2
24494	2574	2567	2
24495	2574	2569	2
24496	2574	2570	2
24497	2574	2572	2
24498	2574	2573	2
24499	2574	2575	2
24500	2574	2576	2
24501	2574	2578	2
24502	2574	2579	2
24503	2574	2580	2
24504	2574	4057	2
24505	2574	4058	2
24506	2574	4059	2
24507	2574	6081	2
24508	2574	6490	2
24509	2574	6491	2
24510	2575	2487	2
24511	2575	2568	2
24512	2575	2569	2
24513	2575	2572	2
24514	2575	2574	2
24515	2575	2576	2
24516	2575	2577	2
24517	2575	2578	2
24518	2575	2579	2
24519	2575	2582	2
24520	2575	4057	2
24521	2575	4058	2
24522	2575	4059	2
24523	2575	6080	2
24524	2575	6081	2
24525	2576	2487	2
24526	2576	2568	2
24527	2576	2569	2
24528	2576	2570	5
24529	2576	2573	2
24530	2576	2574	2
24531	2576	2577	2
24532	2576	2579	2
24533	2576	2580	2
24534	2576	2582	2
24535	2576	4058	5
24536	2576	4059	5
24537	2577	2567	2
24538	2577	2568	2
24539	2577	2569	2
24540	2577	2570	2
24541	2577	2572	2
24542	2577	2573	2
24543	2577	2578	2
24544	2577	2579	2
24545	2577	2580	2
24546	2577	4057	2
24547	2577	4058	2
24548	2577	4059	2
24549	2577	6081	2
24550	2577	6491	2
24551	2578	2486	5
24552	2578	2487	2
24553	2578	2573	2
24554	2578	2574	2
24555	2578	2575	2
24556	2578	2577	2
24557	2578	2580	2
24558	2578	2581	2
24559	2578	2582	2
24560	2578	2584	2
24561	2578	4050	5
24562	2578	6079	5
24563	2578	6492	5
24564	2579	2486	2
24565	2579	2487	2
24566	2579	2572	2
24567	2579	2574	2
24568	2579	2575	2
24569	2579	2576	2
24570	2579	2577	2
24571	2579	2578	2
24572	2579	2582	2
24573	2579	2583	2
24574	2579	4057	2
24575	2579	4058	2
24576	2579	4059	2
24577	2579	6080	2
24578	2579	6492	2
24579	2580	2486	2
24580	2580	2487	2
24581	2580	2572	2
24582	2580	2573	2
24583	2580	2574	2
24584	2580	2575	2
24585	2580	2576	2
24586	2580	2577	2
24587	2580	2583	2
24588	2580	4057	2
24589	2580	4058	2
24590	2580	4059	2
24591	2580	6080	2
24592	2580	6492	2
24593	2581	1263	2
24594	2581	2480	2
24595	2581	2483	2
24596	2581	2484	2
24597	2581	2485	2
24598	2581	2578	2
24599	2581	2582	2
24600	2581	2583	2
24601	2581	2584	2
24602	2581	4048	2
24603	2581	4049	2
24604	2581	4050	2
24605	2581	4064	2
24606	2581	4065	2
24607	2581	6072	2
24608	2581	6073	2
24609	2581	6079	2
24610	2581	6080	2
24611	2581	6474	2
24612	2581	6492	2
24613	2581	6591	2
24614	2582	1263	2
24615	2582	2486	2
24616	2582	2487	2
24617	2582	2572	2
24618	2582	2573	2
24619	2582	2575	2
24620	2582	2576	2
24621	2582	2578	2
24622	2582	2579	2
24623	2582	2580	2
24624	2582	2581	2
24625	2582	4050	2
24626	2582	4057	2
24627	2582	4058	2
24628	2582	6079	2
24629	2582	6080	2
24630	2582	6492	2
24631	2583	2480	2
24632	2583	2484	2
24633	2583	2487	2
24634	2583	2579	2
24635	2583	2580	2
24636	2583	2581	2
24637	2583	2582	2
24638	2583	4058	5
24639	2583	4064	5
24640	2583	4065	5
24641	2584	1263	2
24642	2584	2482	2
24643	2584	2483	2
24644	2584	2484	2
24645	2584	2485	2
24646	2584	2486	2
24647	2584	2487	2
24648	2584	2578	2
24649	2584	2581	2
24650	2584	2582	2
24651	2584	2583	2
24652	2584	4048	2
24653	2584	4049	2
24654	2584	4064	2
24655	2584	4065	2
24656	2584	6072	2
24657	2584	6073	2
24658	2584	6080	2
24659	2584	6474	2
24660	2584	6591	2
24661	2585	2540	2
24662	2585	2541	2
24663	2586	1941	2
24664	2586	1942	2
24665	2586	1943	2
24666	2586	1944	2
24667	2586	1945	2
24668	2586	1947	2
24669	2586	1948	2
24670	2586	1949	2
24671	2586	1950	2
24672	2586	2588	2
24673	2586	2589	2
24674	2586	2590	2
24675	2586	2591	2
24676	2586	5580	2
24677	2586	5582	2
24678	2586	6171	2
24679	2586	6172	2
24680	2586	6180	2
24681	2587	1941	2
24682	2587	1942	2
24683	2587	1943	2
24684	2587	1944	2
24685	2587	1945	2
24686	2587	1946	2
24687	2587	1947	2
24688	2587	1948	2
24689	2587	2589	2
24690	2587	2590	2
24691	2587	5580	2
24692	2587	5582	2
24693	2587	6171	2
24694	2587	6172	2
24695	2587	6180	2
24696	2588	1946	2
24697	2588	1948	2
24698	2588	2586	2
24699	2588	2587	2
24700	2588	2590	2
24701	2588	2592	2
24702	2588	5580	5
24703	2589	1946	2
24704	2589	1948	2
24705	2589	2587	2
24706	2589	2590	2
24707	2589	2591	2
24708	2589	5581	5
24709	2589	6180	5
24710	2590	2587	2
24711	2590	2588	2
24712	2590	2592	2
24713	2590	5580	2
24714	2590	5581	2
24715	2590	5582	2
24716	2590	6171	2
24717	2590	6180	2
24718	2591	2586	2
24719	2591	2587	2
24720	2591	2588	2
24721	2591	2589	2
24722	2591	5580	2
24723	2591	5581	2
24724	2591	5582	2
24725	2591	6171	2
24726	2591	6180	2
24727	2592	1389	2
24728	2592	2588	2
24729	2592	2591	2
24730	2592	5581	2
24731	2592	5583	2
24732	2592	5584	2
24733	2592	5586	2
24734	2592	5587	2
24735	2592	6171	2
24736	2593	2596	2
24737	2593	2597	2
24738	2593	2599	2
24739	2593	2600	2
24740	2593	5325	2
24741	2593	5748	2
24742	2593	5749	2
24743	2594	2595	2
24744	2594	2596	5
24745	2594	2597	2
24746	2594	2600	2
24747	2594	2609	2
24748	2594	5323	5
24749	2595	2593	2
24750	2595	2596	2
24751	2595	2599	2
24752	2595	2600	2
24753	2595	5301	2
24754	2595	5323	2
24755	2595	5750	2
24756	2596	2593	2
24757	2596	2594	5
24758	2596	2595	2
24759	2596	2598	2
24760	2596	2600	2
24761	2596	5299	5
24762	2597	2594	2
24763	2597	2596	2
24764	2597	2598	2
24765	2597	2599	2
24766	2597	2600	2
24767	2597	5301	2
24768	2597	5323	2
24769	2597	5750	2
24770	2598	2594	2
24771	2598	2595	2
24772	2598	2596	2
24773	2598	2597	2
24774	2598	2599	2
24775	2598	5299	2
24776	2598	5301	2
24777	2598	5323	2
24778	2598	5750	2
24779	2599	2593	2
24780	2599	2595	2
24781	2599	2597	2
24782	2599	2598	2
24783	2599	2600	2
24784	2599	2609	2
24785	2599	5299	5
24786	2600	2593	2
24787	2600	2594	2
24788	2600	2595	2
24789	2600	2596	2
24790	2600	2609	2
24791	2600	5299	2
24792	2600	5301	2
24793	2600	5323	2
24794	2600	5750	2
24795	2601	2604	2
24796	2601	2609	2
24797	2601	2610	2
24798	2601	2611	2
24799	2601	2612	2
24800	2601	5296	5
24801	2602	2601	2
24802	2602	2603	2
24803	2602	2604	2
24804	2602	2605	2
24805	2602	2607	2
24806	2602	5296	2
24807	2602	5297	2
24808	2602	5751	2
24809	2602	5753	2
24810	2602	5754	2
24811	2602	6493	2
24812	2602	6495	2
24813	2603	2602	2
24814	2603	2604	2
24815	2603	2609	2
24816	2603	2610	2
24817	2603	2611	2
24818	2603	2612	2
24819	2603	5296	5
24820	2603	5297	5
24821	2604	2601	2
24822	2604	2602	2
24823	2604	2605	2
24824	2604	2607	2
24825	2604	5296	2
24826	2604	5297	2
24827	2604	5751	2
24828	2604	5754	2
24829	2604	6493	2
24830	2604	6495	2
24831	2605	2602	2
24832	2605	2604	2
24833	2605	2608	2
24834	2606	2605	2
24835	2606	2607	2
24836	2606	5753	2
24837	2606	6714	2
24838	2607	2602	2
24839	2607	2604	2
24840	2607	2606	2
24841	2607	2608	2
24842	2608	2605	2
24843	2608	5753	2
24844	2608	6714	2
24845	2608	6715	2
24846	2609	2594	2
24847	2609	2598	2
24848	2609	2599	2
24849	2609	2600	2
24850	2609	2601	2
24851	2609	2603	2
24852	2609	2610	2
24853	2609	2612	2
24854	2609	5297	2
24855	2609	5298	2
24856	2609	5299	2
24857	2609	5301	2
24858	2609	5323	2
24859	2609	5750	2
24860	2609	5754	2
24861	2610	2601	2
24862	2610	2603	2
24863	2610	2609	2
24864	2610	2611	2
24865	2610	2612	2
24866	2610	2615	2
24867	2610	2616	2
24868	2610	5298	2
24869	2610	5299	2
24870	2610	5754	2
24871	2611	2601	2
24872	2611	2603	2
24873	2611	2609	2
24874	2611	2610	2
24875	2611	2613	2
24876	2611	2616	2
24877	2611	5291	2
24878	2611	5298	2
24879	2611	5754	2
24880	2612	2601	2
24881	2612	2603	2
24882	2612	2609	2
24883	2612	2613	2
24884	2612	2614	2
24885	2612	2615	2
24886	2612	2616	2
24887	2612	5289	2
24888	2612	5291	2
24889	2612	5298	2
24890	2612	5754	2
24891	2613	2611	2
24892	2613	2614	2
24893	2613	2615	2
24894	2613	2617	2
24895	2613	2618	2
24896	2613	5289	2
24897	2613	5290	2
24898	2613	5291	2
24899	2613	5298	2
24900	2613	6663	2
24901	2613	6664	2
24902	2614	2611	2
24903	2614	2612	2
24904	2614	2613	2
24905	2614	2615	2
24906	2614	2616	2
24907	2614	2617	2
24908	2614	5289	2
24909	2614	5290	2
24910	2614	5291	2
24911	2614	5298	2
24912	2614	5754	2
24913	2614	6663	2
24914	2614	6664	2
24915	2615	2610	2
24916	2615	2611	2
24917	2615	2612	2
24918	2615	2613	2
24919	2615	5290	5
24920	2616	2610	2
24921	2616	2611	2
24922	2616	2613	2
24923	2616	2614	2
24924	2616	2618	2
24925	2616	5290	5
24926	2617	2613	2
24927	2617	2614	2
24928	2617	5289	5
24929	2617	5291	5
24930	2617	6664	5
24931	2617	6711	5
24932	2618	2614	2
24933	2618	2616	2
24934	2618	5289	2
24935	2618	5290	2
24936	2618	5291	2
24937	2618	6663	2
24938	2618	6664	2
24939	2618	6711	2
24940	2619	2198	2
24941	2619	2200	2
24942	2619	2202	2
24943	2619	2203	2
24944	2619	2225	2
24945	2619	6683	2
24946	2619	6763	2
24947	2619	6764	2
24948	2620	2202	2
24949	2620	6763	2
24950	2620	6764	2
24951	2622	1256	2
24952	2622	1602	5
24953	2622	1611	5
24954	2622	3625	5
24955	2622	3626	5
24956	2622	3627	5
24957	2622	6499	5
24958	2622	6500	5
24959	2622	6600	5
24960	2622	6765	2
24961	2622	7279	2
24962	2623	1256	2
24963	2623	1602	5
24964	2623	1611	5
24965	2623	2624	5
24966	2623	3626	5
24967	2623	3627	5
24968	2623	6499	5
24969	2623	6500	5
24970	2623	6501	5
24971	2623	6502	5
24972	2623	6765	2
24973	2623	7279	2
24974	2624	1256	2
24975	2624	1602	5
24976	2624	1611	5
24977	2624	2622	7
24978	2624	2623	5
24979	2624	2627	5
24980	2624	3625	5
24981	2624	3626	5
24982	2624	3627	5
24983	2624	6500	5
24984	2624	6502	7
24985	2624	6600	5
24986	2624	6765	2
24987	2624	7279	2
24988	2625	3623	5
24989	2625	3624	5
24990	2625	3626	5
24991	2625	6223	5
24992	2626	1611	5
24993	2626	3621	5
24994	2626	3623	5
24995	2626	3625	5
24996	2626	3626	5
24997	2626	6223	5
24998	2626	6600	5
24999	2627	1256	2
25000	2627	1602	5
25001	2627	1611	5
25002	2627	2624	5
25003	2627	3626	5
25004	2627	3627	5
25005	2627	6499	5
25006	2627	6500	5
25007	2627	6501	5
25008	2627	6502	5
25009	2627	6600	5
25010	2627	6765	2
25011	2628	5877	2
25012	2629	2638	2
25013	2629	2639	2
25014	2629	2640	2
25015	2629	2641	2
25016	2629	2642	2
25017	2629	2828	2
25018	2629	5983	2
25019	2629	5984	2
25020	2629	5985	2
25021	2630	2631	2
25022	2630	2632	2
25023	2630	2633	2
25024	2630	2634	2
25025	2630	2635	2
25026	2630	2636	2
25027	2630	2637	2
25028	2630	3942	2
25029	2630	3947	2
25030	2630	3949	2
25031	2630	3950	2
25032	2631	2632	2
25033	2631	2634	2
25034	2631	2635	2
25035	2631	2636	2
25036	2631	2637	7
25037	2631	3947	7
25038	2631	3949	5
25039	2632	2633	2
25040	2632	2634	2
25041	2632	2635	2
25042	2632	2636	2
25043	2632	2637	2
25044	2632	3942	2
25045	2632	3947	2
25046	2632	3949	2
25047	2632	3950	2
25048	2633	2630	2
25049	2633	2632	2
25050	2633	2634	2
25051	2633	2636	2
25052	2634	2630	2
25053	2634	2631	2
25054	2634	2632	2
25055	2634	2636	2
25056	2634	2637	2
25057	2634	2639	2
25058	2634	3942	2
25059	2634	3947	2
25060	2634	3948	2
25061	2634	3949	2
25062	2634	3950	2
25063	2635	2630	2
25064	2635	2631	2
25065	2635	2632	2
25066	2635	2633	2
25067	2635	2634	2
25068	2635	2636	2
25069	2635	2637	2
25070	2635	2638	2
25071	2635	2639	2
25072	2635	3942	2
25073	2635	3948	2
25074	2635	3949	2
25075	2635	3950	2
25076	2636	2630	2
25077	2636	2631	2
25078	2636	2633	2
25079	2636	2634	2
25080	2636	2635	2
25081	2636	2637	2
25082	2636	3942	2
25083	2636	3947	2
25084	2636	3948	2
25085	2636	3949	2
25086	2636	3950	2
25087	2637	2630	2
25088	2637	2631	7
25089	2637	2632	2
25090	2637	2634	2
25091	2637	2635	2
25092	2637	2639	7
25093	2637	3947	7
25094	2637	3948	5
25095	2638	1262	2
25096	2638	2629	2
25097	2638	2635	2
25098	2638	2640	2
25099	2638	2641	2
25100	2638	2642	2
25101	2638	2828	2
25102	2638	3949	2
25103	2638	3950	2
25104	2638	5983	2
25105	2638	5984	2
25106	2638	5985	2
25107	2639	1262	2
25108	2639	2629	2
25109	2639	2634	2
25110	2639	2635	2
25111	2639	2637	7
25112	2639	2638	2
25113	2639	2641	2
25114	2639	2642	2
25115	2639	3950	5
25116	2640	1262	2
25117	2640	1775	2
25118	2640	2629	2
25119	2640	2638	2
25120	2640	2641	2
25121	2640	2642	2
25122	2641	1262	2
25123	2641	1775	2
25124	2641	1777	2
25125	2641	2638	2
25126	2641	2639	2
25127	2641	2642	2
25128	2641	2828	2
25129	2641	5983	2
25130	2641	5984	2
25131	2641	5985	2
25132	2642	2629	2
25133	2642	2639	2
25134	2642	2640	2
25135	2642	2641	2
25136	2642	2828	2
25137	2642	5983	2
25138	2642	5984	2
25139	2642	5985	2
25140	2643	2646	2
25141	2643	2658	2
25142	2643	2659	2
25143	2643	2661	2
25144	2643	2662	5
25145	2643	2663	2
25146	2643	2664	2
25147	2643	2665	2
25148	2643	4041	5
25149	2643	5890	5
25150	2643	6033	5
25151	2644	2643	2
25152	2644	2645	2
25153	2644	2659	2
25154	2644	2660	2
25155	2644	2661	2
25156	2644	2662	2
25157	2644	2663	2
25158	2644	2664	2
25159	2644	2665	2
25160	2644	3961	2
25161	2644	3962	2
25162	2644	4033	2
25163	2644	4034	2
25164	2644	4040	2
25165	2644	4041	2
25166	2644	6026	2
25167	2644	6030	2
25168	2644	6033	2
25169	2645	2644	2
25170	2645	2646	2
25171	2645	2659	2
25172	2645	2660	5
25173	2645	2661	2
25174	2645	2662	5
25175	2645	2663	2
25176	2645	2664	2
25177	2645	3958	5
25178	2645	3961	5
25179	2645	4034	5
25180	2645	6030	5
25181	2646	2643	2
25182	2646	2659	2
25183	2646	2660	2
25184	2646	2662	2
25185	2646	2663	2
25186	2646	2664	2
25187	2646	2665	2
25188	2646	2669	2
25189	2646	3961	2
25190	2646	3962	2
25191	2646	4033	2
25192	2646	4034	2
25193	2646	4040	2
25194	2646	4041	2
25195	2646	6026	2
25196	2646	6030	2
25197	2646	6033	2
25198	2647	1788	2
25199	2647	1789	2
25200	2647	1791	2
25201	2647	1792	2
25202	2647	1793	2
25203	2647	1794	2
25204	2647	2648	2
25205	2647	2650	2
25206	2647	2651	2
25207	2647	2652	2
25208	2647	2653	2
25209	2647	2655	2
25210	2647	3953	2
25211	2647	5886	2
25212	2647	5887	2
25213	2647	5891	2
25214	2647	5993	2
25215	2647	5994	2
25216	2647	6431	2
25217	2647	6432	2
25218	2647	6692	2
25219	2648	2649	2
25220	2648	2652	2
25221	2648	2653	2
25222	2648	2654	2
25223	2648	2655	2
25224	2648	2656	2
25225	2648	2657	2
25226	2648	2658	2
25227	2648	3953	2
25228	2648	3964	2
25229	2648	5886	2
25230	2648	5887	2
25231	2648	5888	2
25232	2648	5891	2
25233	2648	5994	2
25234	2648	5996	2
25235	2649	1788	2
25236	2649	1789	2
25237	2649	1791	2
25238	2649	1792	2
25239	2649	1793	2
25240	2649	1794	2
25241	2649	1795	2
25242	2649	2648	2
25243	2649	2651	2
25244	2649	2653	2
25245	2649	2655	2
25246	2649	3953	2
25247	2649	5886	2
25248	2649	5887	2
25249	2649	5891	2
25250	2649	5993	2
25251	2649	5994	2
25252	2649	6431	2
25253	2649	6432	2
25254	2649	6692	2
25255	2650	2647	2
25256	2650	2649	2
25257	2650	2651	2
25258	2650	2652	2
25259	2650	2653	2
25260	2650	2654	2
25261	2650	2656	2
25262	2650	2657	2
25263	2650	2658	2
25264	2650	3953	2
25265	2650	3964	2
25266	2650	5886	2
25267	2650	5887	2
25268	2650	5888	2
25269	2650	5891	2
25270	2650	5994	2
25271	2650	5996	2
25272	2651	1793	2
25273	2651	1795	2
25274	2651	2648	2
25275	2651	2649	2
25276	2651	2650	2
25277	2651	2653	2
25278	2651	2654	5
25279	2651	2655	2
25280	2651	3953	5
25281	2651	3964	5
25282	2651	5993	5
25283	2651	5996	5
25284	2652	1793	2
25285	2652	1795	2
25286	2652	2647	2
25287	2652	2648	2
25288	2652	2649	2
25289	2652	2653	2
25290	2652	2655	2
25291	2652	2656	5
25292	2652	5887	5
25293	2652	5888	5
25294	2652	5891	5
25295	2653	2647	2
25296	2653	2649	2
25297	2653	2650	2
25298	2653	2651	2
25299	2653	2652	2
25300	2653	2654	2
25301	2653	2655	2
25302	2653	2656	2
25303	2653	2657	2
25304	2653	2658	2
25305	2653	2659	2
25306	2653	2664	2
25307	2653	3953	2
25308	2653	3960	2
25309	2653	3964	2
25310	2653	5886	2
25311	2653	5887	2
25312	2653	5888	2
25313	2653	5889	2
25314	2653	5891	2
25315	2653	5892	2
25316	2653	5994	2
25317	2653	5996	2
25318	2654	2648	2
25319	2654	2650	2
25320	2654	2651	5
25321	2654	2655	2
25322	2654	2657	2
25323	2654	2658	2
25324	2654	2659	2
25325	2654	2664	2
25326	2655	2647	2
25327	2655	2648	2
25328	2655	2649	2
25329	2655	2650	2
25330	2655	2651	2
25331	2655	2652	2
25332	2655	2653	2
25333	2655	2654	2
25334	2655	2658	2
25335	2655	2659	2
25336	2655	2664	2
25337	2655	3960	2
25338	2655	3964	2
25339	2655	5886	2
25340	2655	5887	2
25341	2655	5888	2
25342	2655	5889	2
25343	2655	5892	2
25344	2655	5994	2
25345	2655	5996	2
25346	2656	2648	2
25347	2656	2650	2
25348	2656	2652	5
25349	2656	2653	2
25350	2656	2655	2
25351	2656	2658	2
25352	2656	2659	2
25353	2656	2664	2
25354	2656	5886	5
25355	2656	5887	5
25356	2656	5892	5
25357	2657	2648	2
25358	2657	2650	2
25359	2657	2653	2
25360	2657	2654	2
25361	2657	2655	2
25362	2657	2656	2
25363	2657	2658	2
25364	2657	2659	2
25365	2657	2660	2
25366	2657	2662	2
25367	2657	2663	2
25368	2657	3960	2
25369	2657	3963	2
25370	2657	3964	2
25371	2657	5887	2
25372	2657	5888	2
25373	2657	5889	2
25374	2657	5890	2
25375	2657	5892	2
25376	2657	5996	2
25377	2657	6026	2
25378	2658	2643	2
25379	2658	2648	2
25380	2658	2650	2
25381	2658	2655	2
25382	2658	2656	2
25383	2658	2657	2
25384	2658	2659	2
25385	2658	2660	2
25386	2658	2661	2
25387	2658	2662	2
25388	2658	2663	2
25389	2658	2664	2
25390	2658	3960	2
25391	2658	3962	2
25392	2658	3963	2
25393	2658	5887	2
25394	2658	5888	2
25395	2658	5889	2
25396	2658	5890	2
25397	2658	5996	2
25398	2658	6026	2
25399	2659	2643	2
25400	2659	2644	2
25401	2659	2645	2
25402	2659	2646	2
25403	2659	2653	2
25404	2659	2654	2
25405	2659	2655	2
25406	2659	2656	2
25407	2659	2657	2
25408	2659	2660	2
25409	2659	2661	2
25410	2659	2662	2
25411	2659	2663	2
25412	2659	3960	2
25413	2659	3961	2
25414	2659	3962	2
25415	2659	3963	2
25416	2659	4033	2
25417	2659	4034	2
25418	2659	5888	2
25419	2659	5889	2
25420	2659	5890	2
25421	2659	5996	2
25422	2659	6026	2
25423	2659	6030	2
25424	2660	2644	2
25425	2660	2645	5
25426	2660	2646	2
25427	2660	2657	2
25428	2660	2658	2
25429	2660	2661	2
25430	2660	2663	2
25431	2660	2664	2
25432	2661	2643	2
25433	2661	2644	2
25434	2661	2645	2
25435	2661	2646	2
25436	2661	2658	2
25437	2661	2662	2
25438	2661	2663	2
25439	2661	2664	2
25440	2661	3961	2
25441	2661	3962	2
25442	2661	3963	2
25443	2661	4033	2
25444	2661	4034	2
25445	2661	4040	2
25446	2661	4041	2
25447	2661	5890	2
25448	2661	6026	2
25449	2661	6030	2
25450	2661	6033	2
25451	2662	2643	5
25452	2662	2644	2
25453	2662	2645	5
25454	2662	2646	2
25455	2662	2657	2
25456	2662	2658	2
25457	2662	2659	2
25458	2662	2661	2
25459	2662	2664	2
25460	2663	2643	2
25461	2663	2645	2
25462	2663	2646	2
25463	2663	2657	2
25464	2663	2658	2
25465	2663	2659	2
25466	2663	2660	2
25467	2663	2661	2
25468	2663	2662	2
25469	2663	2664	2
25470	2663	3960	2
25471	2663	3961	2
25472	2663	3962	2
25473	2663	3963	2
25474	2663	4033	2
25475	2663	4034	2
25476	2663	4040	2
25477	2663	4041	2
25478	2663	5890	2
25479	2663	6026	2
25480	2663	6030	2
25481	2663	6033	2
25482	2664	2643	2
25483	2664	2644	2
25484	2664	2645	2
25485	2664	2646	2
25486	2664	2653	2
25487	2664	2654	2
25488	2664	2655	2
25489	2664	2656	2
25490	2664	2657	2
25491	2664	2658	2
25492	2664	2660	2
25493	2664	2661	2
25494	2664	3960	2
25495	2664	3961	2
25496	2664	3962	2
25497	2664	3963	2
25498	2664	4033	2
25499	2664	4034	2
25500	2664	5888	2
25501	2664	5889	2
25502	2664	5890	2
25503	2664	5996	2
25504	2664	6026	2
25505	2664	6030	2
25506	2665	2643	2
25507	2665	2644	2
25508	2665	2666	2
25509	2665	2667	2
25510	2665	2668	2
25511	2665	2669	2
25512	2665	2670	2
25513	2665	2671	2
25514	2665	2672	2
25515	2665	2673	2
25516	2665	2674	2
25517	2665	2675	2
25518	2665	2676	2
25519	2665	2677	2
25520	2665	2678	2
25521	2665	2679	2
25522	2665	2680	2
25523	2665	2750	2
25524	2665	4040	2
25525	2665	4041	2
25526	2665	6030	2
25527	2665	6033	2
25528	2666	2668	2
25529	2666	2669	2
25530	2666	2670	2
25531	2666	2671	2
25532	2666	2672	2
25533	2666	2673	2
25534	2666	2674	2
25535	2666	2675	2
25536	2666	2677	2
25537	2666	2678	2
25538	2666	2679	2
25539	2666	2680	2
25540	2666	2747	2
25541	2666	2750	2
25542	2666	6031	2
25543	2666	6032	2
25544	2666	6033	2
25545	2666	6504	2
25546	2667	2665	2
25547	2667	2668	2
25548	2667	2669	2
25549	2667	2670	2
25550	2667	2671	2
25551	2667	2672	2
25552	2667	2673	2
25553	2667	2674	2
25554	2667	2675	2
25555	2667	2676	2
25556	2667	2677	2
25557	2667	2678	2
25558	2667	2679	2
25559	2667	2680	2
25560	2667	2747	2
25561	2667	6031	2
25562	2667	6032	2
25563	2667	6033	2
25564	2667	6504	2
25565	2668	2665	2
25566	2668	2666	2
25567	2668	2669	2
25568	2668	2670	2
25569	2668	2671	2
25570	2668	2673	2
25571	2668	2675	2
25572	2668	2676	2
25573	2668	2677	2
25574	2668	2678	2
25575	2668	2679	2
25576	2668	2680	2
25577	2668	2743	2
25578	2668	2751	2
25579	2668	6031	2
25580	2668	6032	2
25581	2668	6033	2
25582	2668	6043	2
25583	2668	6503	2
25584	2668	6504	2
25585	2669	2644	2
25586	2669	2646	2
25587	2669	2665	2
25588	2669	2666	2
25589	2669	2667	2
25590	2669	2668	2
25591	2669	2671	2
25592	2669	2672	2
25593	2669	2673	2
25594	2669	2674	2
25595	2669	2675	2
25596	2669	2676	2
25597	2669	2678	2
25598	2669	2679	2
25599	2669	2680	2
25600	2669	2743	2
25601	2669	2750	2
25602	2669	2751	2
25603	2669	4040	2
25604	2669	4041	2
25605	2669	6033	2
25606	2669	6504	2
25607	2670	2665	2
25608	2670	2666	2
25609	2670	2667	2
25610	2670	2668	2
25611	2670	2669	2
25612	2670	2672	2
25613	2670	2673	2
25614	2670	2674	2
25615	2670	2675	2
25616	2670	2676	2
25617	2670	2677	2
25618	2670	2678	2
25619	2670	2679	2
25620	2670	2680	2
25621	2670	2742	2
25622	2670	2743	2
25623	2670	2751	2
25624	2670	4040	2
25625	2670	4041	2
25626	2670	6033	2
25627	2670	6043	2
25628	2670	6503	2
25629	2670	6504	2
25630	2671	2665	2
25631	2671	2666	2
25632	2671	2667	2
25633	2671	2668	2
25634	2671	2669	2
25635	2671	2673	2
25636	2671	2674	2
25637	2671	2675	2
25638	2671	2676	2
25639	2671	2677	2
25640	2671	2678	2
25641	2671	2680	2
25642	2671	2742	2
25643	2671	2743	2
25644	2671	2751	2
25645	2671	2752	2
25646	2671	4040	2
25647	2671	4041	2
25648	2671	6033	2
25649	2671	6043	2
25650	2671	6503	2
25651	2671	6504	2
25652	2672	2665	2
25653	2672	2666	2
25654	2672	2667	2
25655	2672	2669	2
25656	2672	2670	2
25657	2672	2671	2
25658	2672	2673	2
25659	2672	2674	2
25660	2672	2675	2
25661	2672	2676	2
25662	2672	2677	2
25663	2672	2678	2
25664	2672	2679	2
25665	2672	2680	2
25666	2672	2743	2
25667	2672	2751	2
25668	2672	6031	2
25669	2672	6032	2
25670	2672	6043	2
25671	2672	6503	2
25672	2672	6504	2
25673	2673	2665	2
25674	2673	2666	2
25675	2673	2668	2
25676	2673	2669	2
25677	2673	2670	2
25678	2673	2671	2
25679	2673	2672	2
25680	2673	2675	2
25681	2673	2677	2
25682	2673	2678	2
25683	2673	2679	2
25684	2673	2680	2
25685	2673	2743	2
25686	2673	2750	2
25687	2673	2751	2
25688	2673	4040	2
25689	2673	6031	2
25690	2673	6032	2
25691	2673	6033	2
25692	2673	6503	2
25693	2673	6504	2
25694	2674	2665	2
25695	2674	2666	2
25696	2674	2667	2
25697	2674	2668	2
25698	2674	2669	2
25699	2674	2670	2
25700	2674	2671	2
25701	2674	2672	2
25702	2674	2673	2
25703	2674	2676	2
25704	2674	2677	2
25705	2674	2678	2
25706	2674	2679	2
25707	2674	2743	2
25708	2674	2751	2
25709	2674	4040	2
25710	2674	6031	2
25711	2674	6032	2
25712	2674	6033	2
25713	2674	6503	2
25714	2674	6504	2
25715	2675	2666	2
25716	2675	2667	2
25717	2675	2668	2
25718	2675	2669	2
25719	2675	2670	2
25720	2675	2671	2
25721	2675	2672	2
25722	2675	2673	2
25723	2675	2674	2
25724	2675	2678	2
25725	2675	2679	2
25726	2675	2680	2
25727	2675	2743	2
25728	2675	2750	2
25729	2675	2751	2
25730	2675	4040	2
25731	2675	4041	2
25732	2675	6033	2
25733	2675	6504	2
25734	2676	2665	2
25735	2676	2666	2
25736	2676	2667	2
25737	2676	2668	2
25738	2676	2669	2
25739	2676	2670	2
25740	2676	2671	2
25741	2676	2672	2
25742	2676	2674	2
25743	2676	2675	2
25744	2676	2677	2
25745	2676	2679	2
25746	2676	2680	2
25747	2676	2743	2
25748	2676	2750	2
25749	2676	2751	2
25750	2676	4040	2
25751	2676	6031	2
25752	2676	6032	2
25753	2676	6033	2
25754	2676	6504	2
25755	2677	2665	2
25756	2677	2666	2
25757	2677	2667	2
25758	2677	2668	2
25759	2677	2669	2
25760	2677	2670	2
25761	2677	2671	2
25762	2677	2672	2
25763	2677	2673	2
25764	2677	2674	2
25765	2677	2676	2
25766	2677	2678	2
25767	2677	2679	2
25768	2677	2743	2
25769	2677	2751	2
25770	2677	4040	2
25771	2677	4041	2
25772	2677	6032	2
25773	2677	6033	2
25774	2677	6503	2
25775	2677	6504	2
25776	2678	2665	2
25777	2678	2666	2
25778	2678	2667	2
25779	2678	2668	2
25780	2678	2669	2
25781	2678	2671	2
25782	2678	2672	2
25783	2678	2673	2
25784	2678	2674	2
25785	2678	2675	2
25786	2678	2676	2
25787	2678	2680	2
25788	2678	2743	2
25789	2678	2751	2
25790	2678	2752	2
25791	2678	4040	2
25792	2678	4041	2
25793	2678	6032	2
25794	2678	6033	2
25795	2678	6503	2
25796	2678	6504	2
25797	2679	2665	2
25798	2679	2666	2
25799	2679	2667	2
25800	2679	2668	2
25801	2679	2669	2
25802	2679	2670	2
25803	2679	2671	2
25804	2679	2672	2
25805	2679	2674	2
25806	2679	2675	2
25807	2679	2676	2
25808	2679	2677	2
25809	2679	2680	2
25810	2679	2743	2
25811	2679	2751	2
25812	2679	2752	2
25813	2679	4040	2
25814	2679	4041	2
25815	2679	6032	2
25816	2679	6033	2
25817	2679	6043	2
25818	2679	6503	2
25819	2679	6504	2
25820	2680	2665	2
25821	2680	2666	2
25822	2680	2667	2
25823	2680	2668	2
25824	2680	2669	2
25825	2680	2670	2
25826	2680	2671	2
25827	2680	2673	2
25828	2680	2675	2
25829	2680	2676	2
25830	2680	2677	2
25831	2680	2678	2
25832	2680	2743	2
25833	2680	2751	2
25834	2680	4040	2
25835	2680	6031	2
25836	2680	6032	2
25837	2680	6033	2
25838	2680	6043	2
25839	2680	6503	2
25840	2680	6504	2
25841	2681	2122	2
25842	2681	2684	2
25843	2681	2685	2
25844	2681	2686	2
25845	2681	4029	2
25846	2681	4031	2
25847	2681	4032	2
25848	2681	6032	2
25849	2681	6044	2
25850	2681	6505	2
25851	2682	2122	2
25852	2682	2681	2
25853	2682	2684	2
25854	2682	2685	2
25855	2682	6032	7
25856	2682	6044	7
25857	2683	2123	2
25858	2683	2124	2
25859	2683	2681	2
25860	2683	2682	2
25861	2683	2684	2
25862	2683	2685	2
25863	2683	2686	2
25864	2683	4027	2
25865	2683	4029	2
25866	2683	4031	2
25867	2683	4032	2
25868	2683	6044	2
25869	2683	6048	2
25870	2683	6505	2
25871	2684	2681	2
25872	2684	2682	2
25873	2684	2683	2
25874	2684	2685	2
25875	2684	2686	2
25876	2684	4029	2
25877	2684	4031	2
25878	2684	4032	2
25879	2684	6031	2
25880	2684	6032	2
25881	2684	6044	2
25882	2684	6504	2
25883	2684	6505	2
25884	2685	2122	2
25885	2685	2124	2
25886	2685	2681	2
25887	2685	2682	2
25888	2685	2683	2
25889	2685	4027	2
25890	2685	4029	2
25891	2685	4031	2
25892	2685	4032	2
25893	2685	6032	2
25894	2685	6044	2
25895	2685	6505	2
25896	2686	2681	2
25897	2686	2683	2
25898	2686	2685	2
25899	2686	4029	7
25900	2686	4031	7
25901	2687	1211	5
25902	2688	2689	2
25903	2688	2691	5
25904	2688	3183	5
25905	2688	5809	5
25906	2688	6686	5
25907	2689	3184	2
25908	2689	5809	2
25909	2689	6561	2
25910	2689	6686	2
25911	2689	7188	2
25912	2689	7189	2
25913	2689	7190	2
25914	2689	7191	2
25915	2689	7192	2
25916	2689	7194	2
25917	2689	7195	2
25918	2690	2691	2
25919	2690	3184	2
25920	2690	5809	2
25921	2690	6561	2
25922	2690	6686	2
25923	2690	7188	2
25924	2690	7189	2
25925	2690	7191	2
25926	2690	7192	2
25927	2690	7193	2
25928	2690	7194	2
25929	2690	7195	2
25930	2691	2688	5
25931	2691	2689	2
25932	2691	2690	2
25933	2691	3179	5
25934	2691	7188	2
25935	2691	7190	2
25936	2693	2292	2
25937	2693	2293	2
25938	2693	2294	2
25939	2693	2296	2
25940	2693	2297	2
25941	2693	2299	2
25942	2693	2300	2
25943	2693	2694	2
25944	2693	2695	2
25945	2693	2696	2
25946	2693	2697	2
25947	2693	2698	2
25948	2693	3341	2
25949	2693	5828	2
25950	2693	5830	2
25951	2693	5831	2
25952	2694	2290	2
25953	2694	2291	2
25954	2694	2292	2
25955	2694	2293	2
25956	2694	2294	2
25957	2694	2295	2
25958	2694	2296	2
25959	2694	2297	2
25960	2694	2298	2
25961	2694	2299	2
25962	2694	2300	2
25963	2694	2301	2
25964	2694	2693	2
25965	2694	2695	2
25966	2694	2698	2
25967	2694	3341	2
25968	2694	5828	2
25969	2694	5830	2
25970	2694	5831	2
25971	2694	5837	2
25972	2695	2292	2
25973	2695	2694	2
25974	2695	2696	2
25975	2695	2697	2
25976	2695	2717	2
25977	2695	2718	2
25978	2695	3341	2
25979	2695	3342	2
25980	2695	5828	2
25981	2695	5830	2
25982	2695	5831	2
25983	2695	5855	2
25984	2696	2693	2
25985	2696	2694	2
25986	2696	2695	2
25987	2696	2697	2
25988	2696	2698	2
25989	2696	2718	2
25990	2696	3341	2
25991	2696	3342	2
25992	2696	5828	2
25993	2696	5830	2
25994	2696	5831	2
25995	2696	5855	2
25996	2697	2290	2
25997	2697	2292	2
25998	2697	2693	2
25999	2697	2694	2
26000	2697	2695	2
26001	2698	2290	2
26002	2698	2292	2
26003	2698	2694	2
26004	2698	2695	2
26005	2698	2696	2
26006	2699	2701	2
26007	2699	2702	2
26008	2699	2703	2
26009	2699	2704	2
26010	2699	2705	2
26011	2699	3326	2
26012	2699	3327	2
26013	2699	3331	2
26014	2699	6194	2
26015	2699	6777	2
26016	2699	6778	2
26017	2699	6779	2
26018	2699	6783	2
26019	2699	6785	2
26020	2699	6786	2
26021	2700	2699	2
26022	2700	2702	2
26023	2700	2703	2
26024	2700	2704	2
26025	2700	2705	2
26026	2700	3327	2
26027	2700	3331	2
26028	2700	6190	2
26029	2700	6194	2
26030	2700	6195	2
26031	2700	6778	2
26032	2700	6780	2
26033	2700	6783	2
26034	2700	6784	2
26035	2700	6785	2
26036	2700	6786	2
26037	2701	2703	2
26038	2701	2704	2
26039	2701	2705	2
26040	2701	2707	2
26041	2701	2711	2
26042	2701	6194	2
26043	2701	6834	2
26044	2701	6835	2
26045	2701	6836	2
26046	2701	6837	2
26047	2702	2700	2
26048	2702	2701	2
26049	2702	2704	2
26050	2702	2705	2
26051	2702	6786	2
26052	2702	6835	2
26053	2702	6836	2
26054	2703	2699	2
26055	2703	2700	2
26056	2703	2701	2
26057	2703	2704	2
26058	2703	6777	5
26059	2703	6785	5
26060	2703	6786	2
26061	2703	6834	5
26062	2704	2699	2
26063	2704	2700	2
26064	2704	2701	2
26065	2704	2702	2
26066	2704	3326	2
26067	2704	3327	2
26068	2704	3331	2
26069	2704	6194	2
26070	2704	6777	2
26071	2704	6778	2
26072	2704	6783	2
26073	2704	6785	2
26074	2704	6786	2
26075	2705	2699	2
26076	2705	2700	2
26077	2705	2701	2
26078	2705	2702	2
26079	2705	2703	2
26080	2705	2704	2
26081	2705	3326	2
26082	2705	6194	2
26083	2705	6786	2
26084	2705	6834	2
26085	2705	6836	2
26086	2706	2708	2
26087	2706	2710	2
26088	2706	2711	2
26089	2706	2712	2
26090	2706	3338	5
26091	2706	3339	5
26092	2706	6835	2
26093	2706	6836	2
26094	2706	6837	5
26095	2707	2701	2
26096	2707	2706	2
26097	2707	2708	2
26098	2707	2709	2
26099	2707	2710	2
26100	2707	3339	2
26101	2707	5853	2
26102	2707	6834	2
26103	2707	6835	2
26104	2707	6837	2
26105	2708	2709	2
26106	2708	2710	2
26107	2708	2711	2
26108	2708	2712	2
26109	2708	2713	2
26110	2708	2714	2
26111	2708	2715	2
26112	2708	3333	2
26113	2708	3335	2
26114	2708	3336	2
26115	2708	5853	2
26116	2709	2707	2
26117	2709	2708	2
26118	2709	2711	2
26119	2709	2712	2
26120	2709	2713	2
26121	2709	6835	2
26122	2709	6836	2
26123	2710	2706	2
26124	2710	2707	2
26125	2710	2708	2
26126	2710	2709	2
26127	2710	2711	2
26128	2710	2712	2
26129	2710	2714	2
26130	2710	2715	2
26131	2710	3333	2
26132	2710	3336	2
26133	2710	5853	2
26134	2711	2701	2
26135	2711	2706	2
26136	2711	2708	2
26137	2711	3339	2
26138	2711	5853	2
26139	2711	6834	2
26140	2711	6835	2
26141	2711	6836	2
26142	2711	6837	2
26143	2712	2706	2
26144	2712	2709	2
26145	2712	2710	2
26146	2712	2713	2
26147	2712	2714	2
26148	2712	2715	2
26149	2712	2716	2
26150	2712	2719	2
26151	2712	3334	2
26152	2712	3335	2
26153	2712	3336	2
26154	2712	5854	2
26155	2713	2708	2
26156	2713	2709	2
26157	2713	2710	2
26158	2713	2712	2
26159	2713	2715	2
26160	2713	2716	2
26161	2713	2719	2
26162	2713	3334	2
26163	2713	3335	2
26164	2713	3336	2
26165	2713	5854	2
26166	2714	2708	2
26167	2714	2710	2
26168	2714	2712	2
26169	2714	2713	2
26170	2714	2717	2
26171	2714	2718	2
26172	2714	3334	5
26173	2714	3336	5
26174	2715	2708	2
26175	2715	2710	2
26176	2715	2713	2
26177	2715	2716	5
26178	2715	2717	2
26179	2715	2718	2
26180	2715	5852	5
26181	2716	2712	2
26182	2716	2713	2
26183	2716	2717	2
26184	2716	2718	2
26185	2716	5854	5
26186	2717	2695	2
26187	2717	2696	2
26188	2717	2714	2
26189	2717	2715	2
26190	2717	2718	2
26191	2717	2719	2
26192	2717	3334	2
26193	2717	3335	2
26194	2717	3342	2
26195	2717	5855	2
26196	2718	2696	2
26197	2718	2714	2
26198	2718	2715	2
26199	2718	2716	2
26200	2718	2717	2
26201	2718	2719	2
26202	2718	3334	2
26203	2718	3335	2
26204	2718	3342	2
26205	2718	5855	2
26206	2719	2712	2
26207	2719	2713	2
26208	2719	2714	5
26209	2719	2717	2
26210	2719	3335	5
26211	2719	3342	5
26212	2719	5855	5
26213	2720	1207	2
26214	2720	2722	2
26215	2720	2939	2
26216	2720	4179	2
26217	2720	4182	2
26218	2720	6119	2
26219	2720	6512	2
26220	2720	6513	2
26221	2721	1207	5
26222	2721	2720	2
26223	2721	2722	2
26224	2721	2723	5
26225	2721	2725	2
26226	2721	2939	5
26227	2721	4183	5
26228	2721	6128	5
26229	2721	6513	5
26230	2721	6694	2
26231	2722	1207	2
26232	2722	2720	2
26233	2722	2721	2
26234	2722	2723	2
26235	2722	2724	2
26236	2722	2725	2
26237	2722	2726	2
26238	2722	2727	2
26239	2722	4182	2
26240	2722	4183	2
26241	2722	6128	2
26242	2722	6512	2
26243	2722	6513	2
26244	2723	2721	5
26245	2723	2724	2
26246	2723	2725	2
26247	2723	2727	2
26248	2723	2939	5
26249	2723	4182	5
26250	2723	4183	5
26251	2723	6129	5
26252	2723	6130	5
26253	2723	6512	5
26254	2723	6513	5
26255	2724	2725	2
26256	2724	2726	2
26257	2724	2727	2
26258	2724	2939	2
26259	2724	4183	2
26260	2724	6128	2
26261	2724	6129	2
26262	2724	6130	2
26263	2725	1207	2
26264	2725	2720	2
26265	2725	2721	2
26266	2725	2722	2
26267	2725	2723	2
26268	2725	2724	2
26269	2725	2939	2
26270	2725	4182	2
26271	2725	4183	2
26272	2725	6128	2
26273	2725	6129	2
26274	2725	6512	2
26275	2725	6513	2
26276	2725	6694	2
26277	2726	2722	2
26278	2726	2724	2
26279	2726	2725	2
26280	2727	2722	2
26281	2727	2723	2
26282	2727	2724	2
26283	2727	2725	2
26284	2727	2726	2
26285	2727	2939	2
26286	2727	4183	2
26287	2727	6128	2
26288	2727	6129	2
26289	2727	6130	2
26290	2728	1274	5
26291	2728	2731	5
26292	2728	6514	5
26293	2729	1274	5
26294	2730	1273	2
26295	2730	1274	2
26296	2730	2731	2
26297	2730	2732	2
26298	2730	6126	2
26299	2730	6127	2
26300	2731	1273	2
26301	2731	1274	5
26302	2731	2728	5
26303	2731	6126	5
26304	2732	1273	2
26305	2732	2730	2
26306	2732	2731	5
26307	2732	6127	5
26308	2733	2735	2
26309	2733	2737	2
26310	2733	2807	2
26311	2733	2809	2
26312	2733	2812	2
26313	2733	2813	2
26314	2733	2814	2
26315	2733	2815	2
26316	2733	2816	2
26317	2733	2817	2
26318	2733	4112	2
26319	2733	4385	2
26320	2733	4387	2
26321	2734	2733	2
26322	2734	2736	2
26323	2734	2807	2
26324	2734	2809	2
26325	2734	2813	2
26326	2734	2814	2
26327	2734	2815	2
26328	2734	2817	2
26329	2734	2818	2
26330	2734	4112	5
26331	2734	4385	5
26332	2734	4386	5
26333	2735	2733	2
26334	2735	2737	2
26335	2735	2807	2
26336	2735	2808	2
26337	2735	2809	2
26338	2735	2813	2
26339	2735	2814	2
26340	2735	2815	2
26341	2735	2817	2
26342	2735	2818	2
26343	2736	2734	2
26344	2736	2735	2
26345	2736	2737	2
26346	2736	2807	2
26347	2736	2809	2
26348	2736	2812	2
26349	2736	2813	2
26350	2736	2814	2
26351	2736	2815	2
26352	2736	2816	2
26353	2736	2817	2
26354	2736	2818	2
26355	2736	4112	2
26356	2736	4385	2
26357	2736	4387	2
26358	2737	2733	2
26359	2737	2734	2
26360	2737	2735	2
26361	2737	2736	2
26362	2737	2806	2
26363	2737	2808	2
26364	2737	2809	2
26365	2737	2810	2
26366	2737	2811	2
26367	2737	2812	2
26368	2737	2813	2
26369	2737	2814	2
26370	2737	2815	2
26371	2737	2816	2
26372	2737	2817	2
26373	2737	2818	2
26374	2737	4112	2
26375	2737	4387	2
26376	2737	7067	2
26377	2737	7068	2
26378	2738	2740	5
26379	2738	2741	5
26380	2738	2753	5
26381	2738	2754	2
26382	2738	2757	2
26383	2738	2758	2
26384	2738	2761	2
26385	2738	4043	5
26386	2738	4044	5
26387	2738	6519	5
26388	2739	2738	2
26389	2739	2740	2
26390	2739	2741	2
26391	2739	2753	2
26392	2739	2754	2
26393	2739	2755	2
26394	2739	2756	2
26395	2739	2757	2
26396	2739	2758	2
26397	2739	2759	2
26398	2739	2760	2
26399	2739	2761	2
26400	2739	2762	2
26401	2739	4039	2
26402	2739	4043	2
26403	2739	4044	2
26404	2739	5635	2
26405	2739	6035	2
26406	2739	6036	2
26407	2739	6042	2
26408	2739	6518	2
26409	2739	6519	2
26410	2739	6520	2
26411	2740	2738	5
26412	2740	2739	2
26413	2740	2753	5
26414	2740	2754	2
26415	2740	2757	2
26416	2740	2758	2
26417	2740	2761	2
26418	2740	4043	5
26419	2740	4044	5
26420	2741	2738	5
26421	2741	2739	2
26422	2741	2753	5
26423	2741	2754	2
26424	2741	2757	2
26425	2741	2758	2
26426	2741	4043	5
26427	2741	4044	5
26428	2741	6519	5
26429	2741	6520	5
26430	2742	2670	2
26431	2742	2751	2
26432	2742	2752	2
26433	2742	2755	2
26434	2742	2757	2
26435	2742	4038	2
26436	2742	6043	2
26437	2742	6503	2
26438	2743	2668	2
26439	2743	2669	2
26440	2743	2670	2
26441	2743	2671	2
26442	2743	2672	2
26443	2743	2673	2
26444	2743	2674	2
26445	2743	2675	2
26446	2743	2676	2
26447	2743	2677	2
26448	2743	2678	2
26449	2743	2679	2
26450	2743	2680	2
26451	2743	2742	2
26452	2743	2752	2
26453	2743	6043	7
26454	2744	2158	2
26455	2744	2159	2
26456	2744	2160	2
26457	2744	2161	2
26458	2744	2162	2
26459	2744	2163	2
26460	2744	2164	2
26461	2744	2165	2
26462	2744	2166	2
26463	2744	2167	2
26464	2744	2168	2
26465	2744	2169	2
26466	2744	2170	2
26467	2744	2172	2
26468	2744	2173	2
26469	2744	6020	5
26470	2744	6021	5
26471	2745	2176	2
26472	2745	2179	2
26473	2745	2746	2
26474	2745	2749	2
26475	2745	2750	2
26476	2745	6029	2
26477	2745	6049	2
26478	2746	2179	2
26479	2746	2745	2
26480	2746	2747	2
26481	2746	2748	2
26482	2746	2749	2
26483	2746	2750	2
26484	2746	6029	2
26485	2746	6049	2
26486	2747	2667	2
26487	2747	2745	2
26488	2747	2746	2
26489	2747	2748	2
26490	2747	2749	2
26491	2747	2750	2
26492	2747	6029	2
26493	2747	6031	2
26494	2747	6049	2
26495	2748	2745	2
26496	2748	2746	2
26497	2748	2750	2
26498	2749	2745	2
26499	2749	2747	2
26500	2749	2750	2
26501	2750	2665	2
26502	2750	2666	2
26503	2750	2667	2
26504	2750	2669	2
26505	2750	2673	2
26506	2750	2675	2
26507	2750	2676	2
26508	2750	2745	2
26509	2750	2747	2
26510	2750	2748	2
26511	2750	6031	2
26512	2750	6049	2
26513	2751	2668	2
26514	2751	2669	2
26515	2751	2670	2
26516	2751	2671	2
26517	2751	2672	2
26518	2751	2673	2
26519	2751	2674	2
26520	2751	2675	2
26521	2751	2676	2
26522	2751	2677	2
26523	2751	2678	2
26524	2751	2679	2
26525	2751	2680	2
26526	2751	2742	2
26527	2751	4040	7
26528	2751	4041	7
26529	2752	2670	2
26530	2752	2671	2
26531	2752	2678	2
26532	2752	2679	2
26533	2752	2742	2
26534	2752	2743	2
26535	2752	2751	2
26536	2752	2757	2
26537	2752	6043	2
26538	2752	6503	2
26539	2753	2738	5
26540	2753	2739	2
26541	2753	2740	5
26542	2753	2741	5
26543	2753	2754	2
26544	2753	2757	2
26545	2753	2758	2
26546	2753	2761	2
26547	2753	4043	5
26548	2753	4044	5
26549	2753	6520	5
26550	2754	2738	2
26551	2754	2739	2
26552	2754	2740	2
26553	2754	2741	2
26554	2754	2755	2
26555	2754	2756	2
26556	2754	2757	2
26557	2754	2758	2
26558	2754	2759	2
26559	2754	2760	2
26560	2754	2762	2
26561	2754	4038	2
26562	2754	4039	2
26563	2754	4043	2
26564	2754	4044	2
26565	2754	5635	2
26566	2754	6036	2
26567	2754	6042	2
26568	2754	6518	2
26569	2754	6519	2
26570	2754	6520	2
26571	2755	2739	2
26572	2755	2742	2
26573	2755	2754	2
26574	2755	2756	5
26575	2755	2758	2
26576	2755	2759	5
26577	2755	2760	5
26578	2755	2761	2
26579	2755	2762	5
26580	2755	4038	5
26581	2755	4039	5
26582	2755	5635	5
26583	2755	6036	7
26584	2755	6042	5
26585	2755	6518	5
26586	2756	2739	2
26587	2756	2754	2
26588	2756	2757	2
26589	2756	2758	2
26590	2756	2759	5
26591	2756	2760	5
26592	2756	2761	2
26593	2756	2762	5
26594	2756	4038	5
26595	2756	4039	5
26596	2756	5635	5
26597	2756	6036	5
26598	2756	6042	5
26599	2757	2738	2
26600	2757	2739	2
26601	2757	2740	2
26602	2757	2741	2
26603	2757	2752	2
26604	2757	2753	2
26605	2757	2754	2
26606	2757	2755	2
26607	2757	2756	2
26608	2757	2758	2
26609	2757	2759	2
26610	2757	2760	2
26611	2757	2761	2
26612	2757	2762	2
26613	2757	4038	2
26614	2757	4039	2
26615	2757	4042	2
26616	2757	4044	2
26617	2757	5635	2
26618	2757	6036	2
26619	2757	6042	2
26620	2757	6518	2
26621	2757	6519	2
26622	2757	6520	2
26623	2758	2738	2
26624	2758	2739	2
26625	2758	2740	2
26626	2758	2741	2
26627	2758	2753	2
26628	2758	2754	2
26629	2758	2755	2
26630	2758	2756	2
26631	2758	2760	2
26632	2758	2761	2
26633	2758	2762	2
26634	2758	4043	2
26635	2758	4044	2
26636	2758	5635	2
26637	2758	6035	2
26638	2758	6036	2
26639	2758	6042	2
26640	2758	6518	2
26641	2758	6519	2
26642	2758	6520	2
26643	2759	2739	2
26644	2759	2754	2
26645	2759	2755	5
26646	2759	2756	5
26647	2759	2757	2
26648	2759	2758	2
26649	2759	2761	2
26650	2759	2762	5
26651	2759	4038	5
26652	2759	4039	5
26653	2759	6035	5
26654	2759	6036	5
26655	2759	6042	5
26656	2760	2739	2
26657	2760	2754	2
26658	2760	2756	5
26659	2760	2757	2
26660	2760	2758	2
26661	2760	2761	2
26662	2760	4038	5
26663	2760	4039	5
26664	2760	5635	5
26665	2760	6035	5
26666	2760	6036	5
26667	2760	6042	5
26668	2760	6518	5
26669	2761	2738	2
26670	2761	2740	2
26671	2761	2741	2
26672	2761	2753	2
26673	2761	2754	2
26674	2761	2755	2
26675	2761	2756	2
26676	2761	2757	2
26677	2761	2758	2
26678	2761	2759	2
26679	2761	2760	2
26680	2761	2762	2
26681	2761	4038	2
26682	2761	4039	2
26683	2761	4043	2
26684	2761	4044	2
26685	2761	5635	2
26686	2761	6035	2
26687	2761	6036	2
26688	2761	6042	2
26689	2761	6518	2
26690	2761	6519	2
26691	2761	6520	2
26692	2762	2739	2
26693	2762	2754	2
26694	2762	2755	5
26695	2762	2756	5
26696	2762	2757	2
26697	2762	2758	2
26698	2762	2759	5
26699	2762	2761	2
26700	2762	4038	5
26701	2762	4039	5
26702	2762	5635	5
26703	2762	6035	5
26704	2762	6036	5
26705	2762	6042	5
26706	2762	6518	5
26707	2763	2764	2
26708	2763	2765	2
26709	2763	2766	2
26710	2763	2767	2
26711	2763	2768	2
26712	2763	2769	2
26713	2763	2770	2
26714	2763	2771	2
26715	2763	6037	2
26716	2763	6038	2
26717	2763	6039	2
26718	2763	6040	2
26719	2763	6084	2
26720	2763	6521	2
26721	2763	6592	2
26722	2763	6691	2
26723	2763	6861	2
26724	2764	2765	5
26725	2764	2768	2
26726	2764	2769	2
26727	2764	2770	2
26728	2764	6037	5
26729	2764	6084	5
26730	2764	6085	5
26731	2764	6592	5
26732	2764	6861	5
26733	2765	2763	2
26734	2765	2764	5
26735	2765	2768	2
26736	2765	2770	2
26737	2765	2774	2
26738	2765	2775	2
26739	2765	4056	5
26740	2765	6038	5
26741	2765	6084	5
26742	2765	7332	5
26743	2766	2763	2
26744	2766	2765	5
26745	2766	2768	2
26746	2766	2769	2
26747	2766	2770	2
26748	2766	2774	2
26749	2766	6037	5
26750	2766	6038	5
26751	2766	6084	5
26752	2766	6085	5
26753	2766	6592	5
26754	2766	6861	5
26755	2767	2763	2
26756	2767	2768	2
26757	2767	2769	2
26758	2767	2770	2
26759	2767	2771	5
26760	2767	2774	2
26761	2767	2775	2
26762	2767	6039	5
26763	2767	6040	7
26764	2767	6086	7
26765	2767	6087	7
26766	2767	6521	5
26767	2768	2763	2
26768	2768	2764	2
26769	2768	2765	2
26770	2768	2766	2
26771	2768	2769	2
26772	2768	2770	2
26773	2768	2771	2
26774	2768	2772	2
26775	2768	2773	2
26776	2768	2775	2
26777	2768	6037	2
26778	2768	6038	2
26779	2768	6039	2
26780	2768	6040	2
26781	2768	6084	2
26782	2768	6085	2
26783	2768	6086	2
26784	2768	6521	2
26785	2768	6522	2
26786	2768	6592	2
26787	2768	6691	2
26788	2768	6861	2
26789	2769	2764	2
26790	2769	2765	2
26791	2769	2766	2
26792	2769	2767	2
26793	2769	2768	2
26794	2769	2770	2
26795	2769	2771	2
26796	2769	2772	2
26797	2769	2773	2
26798	2769	2774	2
26799	2769	2775	2
26800	2769	6037	2
26801	2769	6038	2
26802	2769	6039	2
26803	2769	6040	2
26804	2769	6084	2
26805	2769	6085	2
26806	2769	6086	2
26807	2769	6521	2
26808	2769	6522	2
26809	2769	6592	2
26810	2769	6691	2
26811	2769	6861	2
26812	2770	2763	2
26813	2770	2764	2
26814	2770	2765	2
26815	2770	2766	2
26816	2770	2767	2
26817	2770	2769	2
26818	2770	6037	2
26819	2770	6038	2
26820	2770	6039	2
26821	2770	6040	2
26822	2770	6084	2
26823	2770	6521	2
26824	2770	6592	2
26825	2770	6691	2
26826	2770	6861	2
26827	2771	2763	2
26828	2771	2768	2
26829	2771	2769	2
26830	2771	2770	2
26831	2771	2773	5
26832	2771	2774	2
26833	2771	2775	2
26834	2771	6522	5
26835	2771	6691	5
26836	2772	2768	2
26837	2772	2769	2
26838	2772	2774	2
26839	2772	2775	2
26840	2772	2777	2
26841	2772	2778	2
26842	2772	2780	5
26843	2772	2781	2
26844	2772	2782	5
26845	2772	2783	2
26846	2772	2784	2
26847	2772	2786	2
26848	2772	2787	2
26849	2772	2788	5
26850	2772	2790	2
26851	2772	2791	2
26852	2772	6691	7
26853	2773	2768	2
26854	2773	2769	2
26855	2773	2771	5
26856	2773	2772	7
26857	2773	2775	2
26858	2773	2776	5
26859	2773	2777	2
26860	2773	2778	2
26861	2773	2781	2
26862	2773	2783	2
26863	2773	2784	2
26864	2773	2786	2
26865	2773	2787	2
26866	2773	2788	5
26867	2773	2789	5
26868	2773	2790	2
26869	2773	2791	2
26870	2773	6691	7
26871	2774	2765	2
26872	2774	2766	2
26873	2774	2767	2
26874	2774	2768	2
26875	2774	2769	2
26876	2774	2771	2
26877	2774	2772	2
26878	2774	2773	2
26879	2774	2775	2
26880	2774	2776	2
26881	2774	2777	2
26882	2774	2778	2
26883	2774	2779	2
26884	2774	2780	2
26885	2774	2781	2
26886	2774	2782	2
26887	2774	2783	2
26888	2774	2784	2
26889	2774	2785	2
26890	2774	2787	2
26891	2774	2788	2
26892	2774	2789	2
26893	2774	2790	2
26894	2774	2791	2
26895	2774	2794	2
26896	2774	4054	2
26897	2774	4055	2
26898	2774	4056	2
26899	2774	6039	2
26900	2774	6083	2
26901	2774	6085	2
26902	2774	6086	2
26903	2774	6087	2
26904	2774	6521	2
26905	2774	6522	2
26906	2774	6523	2
26907	2774	6592	2
26908	2774	6691	2
26909	2774	6861	2
26910	2774	7332	2
26911	2775	2765	2
26912	2775	2767	2
26913	2775	2768	2
26914	2775	2771	2
26915	2775	2772	2
26916	2775	2773	2
26917	2775	2774	2
26918	2775	2776	2
26919	2775	2777	2
26920	2775	2778	2
26921	2775	2779	2
26922	2775	2780	2
26923	2775	2781	2
26924	2775	2782	2
26925	2775	2783	2
26926	2775	2784	2
26927	2775	2785	2
26928	2775	2786	2
26929	2775	2787	2
26930	2775	2788	2
26931	2775	2789	2
26932	2775	2790	2
26933	2775	2791	2
26934	2775	2794	2
26935	2775	4054	2
26936	2775	4055	2
26937	2775	4056	2
26938	2775	6039	2
26939	2775	6083	2
26940	2775	6085	2
26941	2775	6086	2
26942	2775	6087	2
26943	2775	6089	2
26944	2775	6521	2
26945	2775	6522	2
26946	2775	6523	2
26947	2775	6691	2
26948	2775	6861	2
26949	2775	7332	2
26950	2776	2773	5
26951	2776	2774	2
26952	2776	2775	2
26953	2776	2778	2
26954	2776	2780	5
26955	2776	2781	2
26956	2776	2783	2
26957	2776	2784	2
26958	2776	2786	2
26959	2776	2787	2
26960	2776	2789	5
26961	2776	2790	2
26962	2776	2791	2
26963	2776	2792	5
26964	2776	2793	2
26965	2776	2796	2
26966	2776	2797	2
26967	2776	6086	5
26968	2776	6087	5
26969	2776	6088	5
26970	2776	6089	5
26971	2776	6090	5
26972	2776	6091	5
26973	2776	6522	5
26974	2776	6523	5
26975	2776	6524	5
26976	2777	2772	2
26977	2777	2773	2
26978	2777	2774	2
26979	2777	2775	2
26980	2777	2776	2
26981	2777	2778	2
26982	2777	2779	2
26983	2777	2780	2
26984	2777	2781	2
26985	2777	2782	2
26986	2777	2783	2
26987	2777	2784	2
26988	2777	2785	2
26989	2777	2786	2
26990	2777	2787	2
26991	2777	2788	2
26992	2777	2789	2
26993	2777	2792	2
26994	2777	2794	2
26995	2777	2795	2
26996	2777	2796	2
26997	2777	2797	2
26998	2777	2798	2
26999	2777	2800	2
27000	2777	4054	2
27001	2777	6086	2
27002	2777	6088	2
27003	2777	6089	2
27004	2777	6090	2
27005	2777	6091	2
27006	2777	6522	2
27007	2777	6523	2
27008	2777	6524	2
27009	2777	6526	2
27010	2777	7332	2
27011	2778	2772	2
27012	2778	2773	2
27013	2778	2774	2
27014	2778	2776	2
27015	2778	2777	2
27016	2778	2779	2
27017	2778	2780	2
27018	2778	2781	2
27019	2778	2782	2
27020	2778	2783	2
27021	2778	2784	2
27022	2778	2785	2
27023	2778	2787	2
27024	2778	2788	2
27025	2778	2789	2
27026	2778	2790	2
27027	2778	2791	2
27028	2778	2792	2
27029	2778	2793	2
27030	2778	2794	2
27031	2778	2795	2
27032	2778	2797	2
27033	2778	2798	2
27034	2778	4054	2
27035	2778	4055	2
27036	2778	4056	2
27037	2778	6083	2
27038	2778	6085	2
27039	2778	6086	2
27040	2778	6087	2
27041	2778	6089	2
27042	2778	6090	2
27043	2778	6522	2
27044	2778	6523	2
27045	2778	6524	2
27046	2778	6592	2
27047	2778	6691	2
27048	2778	6861	2
27049	2778	7332	2
27050	2779	2774	2
27051	2779	2775	2
27052	2779	2777	2
27053	2779	2781	2
27054	2779	2783	2
27055	2779	2784	2
27056	2779	2786	2
27057	2779	2787	2
27058	2779	2790	2
27059	2779	2791	2
27060	2779	2793	2
27061	2779	2795	5
27062	2779	2797	2
27063	2779	2798	5
27064	2779	4054	5
27065	2779	4055	5
27066	2779	4056	5
27067	2779	6082	5
27068	2779	6083	5
27069	2779	6085	5
27070	2779	6526	5
27071	2779	6592	5
27072	2779	6861	5
27073	2779	7332	5
27074	2780	2772	5
27075	2780	2774	2
27076	2780	2775	2
27077	2780	2776	5
27078	2780	2777	2
27079	2780	2778	2
27080	2780	2783	2
27081	2780	2784	2
27082	2780	2786	2
27083	2780	2787	2
27084	2780	2790	2
27085	2780	2791	2
27086	2780	2792	5
27087	2780	2793	2
27088	2780	2796	2
27089	2780	2797	2
27090	2780	6086	5
27091	2780	6087	5
27092	2780	6088	5
27093	2780	6089	5
27094	2780	6090	5
27095	2780	6522	5
27096	2780	6523	5
27097	2780	6524	5
27098	2781	2772	2
27099	2781	2773	2
27100	2781	2774	2
27101	2781	2775	2
27102	2781	2776	2
27103	2781	2777	2
27104	2781	2778	2
27105	2781	2779	2
27106	2781	2780	2
27107	2781	2782	2
27108	2781	2784	2
27109	2781	2786	2
27110	2781	2788	2
27111	2781	2789	2
27112	2781	2790	2
27113	2781	2791	2
27114	2781	2792	2
27115	2781	2793	2
27116	2781	2794	2
27117	2781	2795	2
27118	2781	2796	2
27119	2781	2797	2
27120	2781	2798	2
27121	2781	4054	2
27122	2781	4055	2
27123	2781	4056	2
27124	2781	6083	2
27125	2781	6085	2
27126	2781	6086	2
27127	2781	6087	2
27128	2781	6089	2
27129	2781	6090	2
27130	2781	6522	2
27131	2781	6523	2
27132	2781	6524	2
27133	2781	6526	2
27134	2781	6592	2
27135	2781	6691	2
27136	2781	6861	2
27137	2781	7332	2
27138	2782	2772	5
27139	2782	2774	2
27140	2782	2775	2
27141	2782	2776	5
27142	2782	2777	2
27143	2782	2778	2
27144	2782	2781	2
27145	2782	2783	2
27146	2782	2784	2
27147	2782	2786	2
27148	2782	2787	2
27149	2782	2789	5
27150	2782	2790	2
27151	2782	2791	2
27152	2782	2792	5
27153	2782	2793	2
27154	2782	2796	2
27155	2782	2797	2
27156	2782	6086	5
27157	2782	6087	5
27158	2782	6088	5
27159	2782	6089	5
27160	2782	6090	5
27161	2782	6522	5
27162	2782	6523	5
27163	2782	6524	5
27164	2783	2772	2
27165	2783	2773	2
27166	2783	2774	2
27167	2783	2775	2
27168	2783	2776	2
27169	2783	2778	2
27170	2783	2779	2
27171	2783	2780	2
27172	2783	2781	2
27173	2783	2784	2
27174	2783	2785	2
27175	2783	2786	2
27176	2783	2787	2
27177	2783	2788	2
27178	2783	2789	2
27179	2783	2790	2
27180	2783	2791	2
27181	2783	2792	2
27182	2783	2793	2
27183	2783	2794	2
27184	2783	2795	2
27185	2783	2796	2
27186	2783	2797	2
27187	2783	2798	2
27188	2783	4054	2
27189	2783	4056	2
27190	2783	6083	2
27191	2783	6085	2
27192	2783	6086	2
27193	2783	6088	2
27194	2783	6089	2
27195	2783	6090	2
27196	2783	6522	2
27197	2783	6523	2
27198	2783	6524	2
27199	2783	6526	2
27200	2783	7332	2
27201	2784	2772	2
27202	2784	2773	2
27203	2784	2774	2
27204	2784	2775	2
27205	2784	2776	2
27206	2784	2777	2
27207	2784	2778	2
27208	2784	2779	2
27209	2784	2780	2
27210	2784	2781	2
27211	2784	2782	2
27212	2784	2783	2
27213	2784	2785	2
27214	2784	2786	2
27215	2784	2788	2
27216	2784	2789	2
27217	2784	2790	2
27218	2784	2791	2
27219	2784	2792	2
27220	2784	2793	2
27221	2784	2794	2
27222	2784	2795	2
27223	2784	2796	2
27224	2784	2797	2
27225	2784	2798	2
27226	2784	4054	2
27227	2784	4056	2
27228	2784	6083	2
27229	2784	6085	2
27230	2784	6086	2
27231	2784	6089	2
27232	2784	6090	2
27233	2784	6522	2
27234	2784	6523	2
27235	2784	6524	2
27236	2784	6526	2
27237	2784	6691	2
27238	2784	7332	2
27239	2785	2774	2
27240	2785	2775	2
27241	2785	2777	2
27242	2785	2778	2
27243	2785	2783	2
27244	2785	2786	2
27245	2785	2788	5
27246	2785	2790	2
27247	2785	2791	2
27248	2785	2793	2
27249	2785	2796	2
27250	2785	2797	2
27251	2785	6691	5
27252	2786	2772	2
27253	2786	2773	2
27254	2786	2774	2
27255	2786	2775	2
27256	2786	2776	2
27257	2786	2777	2
27258	2786	2779	2
27259	2786	2780	2
27260	2786	2782	2
27261	2786	2783	2
27262	2786	2784	2
27263	2786	2785	2
27264	2786	2787	2
27265	2786	2788	2
27266	2786	2790	2
27267	2786	2791	2
27268	2786	2792	2
27269	2786	2793	2
27270	2786	2794	2
27271	2786	2795	2
27272	2786	2797	2
27273	2786	2798	2
27274	2786	4054	2
27275	2786	4055	2
27276	2786	4056	2
27277	2786	6083	2
27278	2786	6085	2
27279	2786	6086	2
27280	2786	6087	2
27281	2786	6089	2
27282	2786	6090	2
27283	2786	6522	2
27284	2786	6523	2
27285	2786	6524	2
27286	2786	6592	2
27287	2786	6691	2
27288	2786	6861	2
27289	2786	7332	2
27290	2787	2772	2
27291	2787	2773	2
27292	2787	2774	2
27293	2787	2775	2
27294	2787	2776	2
27295	2787	2777	2
27296	2787	2779	2
27297	2787	2780	2
27298	2787	2782	2
27299	2787	2783	2
27300	2787	2784	2
27301	2787	2786	2
27302	2787	2789	2
27303	2787	2790	2
27304	2787	2791	2
27305	2787	2792	2
27306	2787	2793	2
27307	2787	2794	2
27308	2787	2795	2
27309	2787	2797	2
27310	2787	2798	2
27311	2787	4054	2
27312	2787	4055	2
27313	2787	4056	2
27314	2787	6083	2
27315	2787	6085	2
27316	2787	6086	2
27317	2787	6087	2
27318	2787	6089	2
27319	2787	6090	2
27320	2787	6522	2
27321	2787	6523	2
27322	2787	6524	2
27323	2787	6526	2
27324	2787	6592	2
27325	2787	6691	2
27326	2787	6861	2
27327	2787	7332	2
27328	2788	2772	5
27329	2788	2773	5
27330	2788	2774	2
27331	2788	2775	2
27332	2788	2777	2
27333	2788	2778	2
27334	2788	2781	2
27335	2788	2783	2
27336	2788	2784	2
27337	2788	2785	5
27338	2788	2786	2
27339	2788	2787	2
27340	2788	2790	2
27341	2788	2791	2
27342	2788	2793	2
27343	2788	2797	2
27344	2788	6524	5
27345	2788	6592	5
27346	2788	6691	5
27347	2789	2773	5
27348	2789	2774	2
27349	2789	2775	2
27350	2789	2776	5
27351	2789	2777	2
27352	2789	2778	2
27353	2789	2780	5
27354	2789	2781	2
27355	2789	2782	5
27356	2789	2783	2
27357	2789	2784	2
27358	2789	2786	2
27359	2789	2787	2
27360	2789	2790	2
27361	2789	2791	2
27362	2789	2792	5
27363	2789	2793	2
27364	2789	2795	5
27365	2789	2796	2
27366	2789	2797	2
27367	2789	6086	5
27368	2789	6087	5
27369	2789	6088	5
27370	2789	6089	5
27371	2789	6090	5
27372	2789	6091	5
27373	2789	6522	5
27374	2789	6524	5
27375	2790	2772	2
27376	2790	2773	2
27377	2790	2774	2
27378	2790	2775	2
27379	2790	2776	2
27380	2790	2778	2
27381	2790	2779	2
27382	2790	2780	2
27383	2790	2781	2
27384	2790	2782	2
27385	2790	2783	2
27386	2790	2785	2
27387	2790	2786	2
27388	2790	2787	2
27389	2790	2788	2
27390	2790	2789	2
27391	2790	2792	2
27392	2790	2793	2
27393	2790	2795	2
27394	2790	2796	2
27395	2790	2797	2
27396	2790	2798	2
27397	2790	4054	2
27398	2790	6086	2
27399	2790	6088	2
27400	2790	6089	2
27401	2790	6090	2
27402	2790	6091	2
27403	2790	6522	2
27404	2790	6523	2
27405	2790	6524	2
27406	2790	6526	2
27407	2790	7332	2
27408	2791	2772	2
27409	2791	2773	2
27410	2791	2774	2
27411	2791	2775	2
27412	2791	2776	2
27413	2791	2778	2
27414	2791	2779	2
27415	2791	2780	2
27416	2791	2781	2
27417	2791	2782	2
27418	2791	2783	2
27419	2791	2784	2
27420	2791	2785	2
27421	2791	2786	2
27422	2791	2787	2
27423	2791	2788	2
27424	2791	2789	2
27425	2791	2792	2
27426	2791	2793	2
27427	2791	2794	2
27428	2791	2795	2
27429	2791	2796	2
27430	2791	2797	2
27431	2791	2798	2
27432	2791	2800	2
27433	2791	4054	2
27434	2791	6086	2
27435	2791	6088	2
27436	2791	6089	2
27437	2791	6090	2
27438	2791	6091	2
27439	2791	6522	2
27440	2791	6523	2
27441	2791	6524	2
27442	2791	6526	2
27443	2791	7332	2
27444	2792	2776	5
27445	2792	2777	2
27446	2792	2778	2
27447	2792	2780	5
27448	2792	2781	2
27449	2792	2782	5
27450	2792	2783	2
27451	2792	2784	2
27452	2792	2786	2
27453	2792	2787	2
27454	2792	2789	5
27455	2792	2790	2
27456	2792	2791	2
27457	2792	2793	2
27458	2792	2796	2
27459	2792	2797	2
27460	2792	2800	2
27461	2792	2802	2
27462	2792	6088	5
27463	2792	6089	5
27464	2792	6090	5
27465	2792	6091	5
27466	2792	6523	5
27467	2793	2776	2
27468	2793	2777	2
27469	2793	2778	2
27470	2793	2779	2
27471	2793	2780	2
27472	2793	2781	2
27473	2793	2782	2
27474	2793	2783	2
27475	2793	2784	2
27476	2793	2785	2
27477	2793	2786	2
27478	2793	2787	2
27479	2793	2788	2
27480	2793	2789	2
27481	2793	2790	2
27482	2793	2791	2
27483	2793	2794	2
27484	2793	2795	2
27485	2793	2798	2
27486	2793	2799	2
27487	2793	2800	2
27488	2793	2802	2
27489	2793	4054	2
27490	2793	6089	2
27491	2793	6090	2
27492	2793	6091	2
27493	2793	6523	2
27494	2793	6524	2
27495	2793	6526	2
27496	2793	6527	2
27497	2794	2774	2
27498	2794	2775	2
27499	2794	2777	2
27500	2794	2778	2
27501	2794	2781	2
27502	2794	2783	2
27503	2794	2784	2
27504	2794	2786	2
27505	2794	2787	2
27506	2794	2790	2
27507	2794	2791	2
27508	2794	2793	2
27509	2794	2795	5
27510	2794	2797	2
27511	2794	2798	5
27512	2794	4054	5
27513	2794	4055	5
27514	2794	4056	5
27515	2794	6082	5
27516	2794	6083	5
27517	2794	6085	5
27518	2794	6526	5
27519	2794	6592	5
27520	2794	6861	5
27521	2795	2777	2
27522	2795	2778	2
27523	2795	2779	5
27524	2795	2781	2
27525	2795	2783	2
27526	2795	2784	2
27527	2795	2786	2
27528	2795	2787	2
27529	2795	2789	5
27530	2795	2790	2
27531	2795	2793	2
27532	2795	2794	5
27533	2795	2796	2
27534	2795	2797	2
27535	2795	2800	2
27536	2795	2802	2
27537	2795	4054	5
27538	2795	6525	5
27539	2795	6526	5
27540	2795	6527	5
27541	2796	2776	2
27542	2796	2777	2
27543	2796	2780	2
27544	2796	2781	2
27545	2796	2782	2
27546	2796	2783	2
27547	2796	2784	2
27548	2796	2785	2
27549	2796	2789	2
27550	2796	2790	2
27551	2796	2791	2
27552	2796	2792	2
27553	2796	2793	2
27554	2796	2795	2
27555	2796	2797	2
27556	2796	2798	2
27557	2796	2799	2
27558	2796	2800	2
27559	2796	6089	2
27560	2796	6090	2
27561	2796	6091	2
27562	2796	6523	2
27563	2796	6524	2
27564	2796	6526	2
27565	2796	6527	2
27566	2797	2776	2
27567	2797	2777	2
27568	2797	2778	2
27569	2797	2779	2
27570	2797	2780	2
27571	2797	2781	2
27572	2797	2782	2
27573	2797	2783	2
27574	2797	2784	2
27575	2797	2785	2
27576	2797	2786	2
27577	2797	2787	2
27578	2797	2788	2
27579	2797	2789	2
27580	2797	2790	2
27581	2797	2792	2
27582	2797	2794	2
27583	2797	2795	2
27584	2797	2796	2
27585	2797	2799	2
27586	2797	2800	2
27587	2797	2802	2
27588	2797	4054	2
27589	2797	6089	2
27590	2797	6090	2
27591	2797	6091	2
27592	2797	6523	2
27593	2797	6524	2
27594	2797	6526	2
27595	2797	6527	2
27596	2798	2777	2
27597	2798	2778	2
27598	2798	2779	5
27599	2798	2781	2
27600	2798	2783	2
27601	2798	2784	2
27602	2798	2786	2
27603	2798	2787	2
27604	2798	2790	2
27605	2798	2791	2
27606	2798	2793	2
27607	2798	2794	5
27608	2798	2796	2
27609	2798	2797	2
27610	2798	2800	2
27611	2798	2802	2
27612	2798	6082	5
27613	2798	6525	5
27614	2798	6527	5
27615	2798	7332	5
27616	2799	2793	2
27617	2799	2796	2
27618	2799	2797	2
27619	2799	2800	2
27620	2799	2801	2
27621	2799	2802	2
27622	2799	2805	2
27623	2799	4108	7
27624	2799	6093	7
27625	2799	7079	7
27626	2799	7090	7
27627	2799	7353	2
27628	2800	2777	2
27629	2800	2791	2
27630	2800	2792	2
27631	2800	2793	2
27632	2800	2795	2
27633	2800	2796	2
27634	2800	2798	2
27635	2800	2799	2
27636	2800	2801	2
27637	2800	2802	2
27638	2800	4108	2
27639	2800	6090	2
27640	2800	6091	2
27641	2800	6524	2
27642	2800	6526	2
27643	2801	2799	2
27644	2801	2802	2
27645	2801	2803	2
27646	2801	2804	2
27647	2801	2805	2
27648	2801	4108	2
27649	2801	4109	2
27650	2801	6092	2
27651	2801	6093	2
27652	2801	7079	2
27653	2801	7090	2
27654	2801	7091	2
27655	2801	7092	2
27656	2801	7345	2
27657	2801	7347	2
27658	2801	7348	2
27659	2801	7349	2
27660	2801	7350	2
27661	2801	7353	2
27662	2801	7371	2
27663	2801	7378	2
27664	2801	7381	2
27665	2801	7384	2
27666	2802	2792	2
27667	2802	2793	2
27668	2802	2795	2
27669	2802	2796	2
27670	2802	2797	2
27671	2802	2798	2
27672	2802	2800	2
27673	2802	2801	2
27674	2802	2804	2
27675	2802	4108	2
27676	2802	6091	2
27677	2802	6093	2
27678	2802	6524	2
27679	2802	6527	2
27680	2802	7079	2
27681	2802	7090	2
27682	2802	7353	2
27683	2802	7381	2
27684	2803	2801	2
27685	2803	2805	2
27686	2803	2806	2
27687	2803	2880	2
27688	2803	7080	2
27689	2803	7083	2
27690	2803	7090	7
27691	2803	7091	7
27692	2803	7093	7
27693	2803	7343	7
27694	2803	7345	7
27695	2803	7346	2
27696	2803	7347	2
27697	2803	7348	7
27698	2803	7349	7
27699	2803	7350	7
27700	2803	7352	7
27701	2803	7353	2
27702	2803	7354	2
27703	2803	7371	7
27704	2803	7378	2
27705	2804	2801	2
27706	2804	2802	2
27707	2804	2805	2
27708	2804	7080	2
27709	2804	7346	2
27710	2804	7347	2
27711	2804	7349	7
27712	2804	7350	7
27713	2804	7352	7
27714	2804	7353	2
27715	2804	7354	2
27716	2804	7371	7
27717	2804	7378	2
27718	2804	7384	7
27719	2805	2799	2
27720	2805	2801	2
27721	2805	2802	2
27722	2805	2803	2
27723	2805	2804	2
27724	2805	4108	2
27725	2805	4109	2
27726	2805	6092	2
27727	2805	6093	2
27728	2805	7072	2
27729	2805	7073	2
27730	2805	7077	2
27731	2805	7078	2
27732	2805	7079	2
27733	2805	7080	2
27734	2805	7081	2
27735	2805	7085	2
27736	2805	7086	2
27737	2805	7087	2
27738	2805	7089	2
27739	2805	7090	2
27740	2805	7091	2
27741	2805	7092	2
27742	2805	7337	2
27743	2805	7338	2
27744	2805	7339	2
27745	2805	7340	2
27746	2805	7341	2
27747	2805	7345	2
27748	2805	7346	2
27749	2805	7348	2
27750	2805	7349	2
27751	2805	7350	2
27752	2805	7352	2
27753	2805	7353	2
27754	2805	7354	2
27755	2805	7358	2
27756	2805	7360	2
27757	2805	7362	2
27758	2805	7367	2
27759	2805	7370	2
27760	2805	7371	2
27761	2805	7378	2
27762	2806	2737	2
27763	2806	2803	2
27764	2806	2807	2
27765	2806	2808	2
27766	2806	2809	2
27767	2806	2810	2
27768	2806	2811	2
27769	2806	2817	2
27770	2806	2880	2
27771	2806	4112	2
27772	2806	6155	2
27773	2806	7063	2
27774	2806	7067	2
27775	2806	7068	2
27776	2806	7069	2
27777	2806	7072	2
27778	2806	7073	2
27779	2806	7077	2
27780	2806	7078	2
27781	2806	7080	2
27782	2806	7081	2
27783	2806	7082	2
27784	2806	7083	2
27785	2806	7084	2
27786	2806	7085	2
27787	2806	7086	2
27788	2806	7087	2
27789	2806	7088	2
27790	2806	7089	2
27791	2806	7091	2
27792	2806	7093	2
27793	2806	7337	2
27794	2806	7338	2
27795	2806	7339	2
27796	2806	7340	2
27797	2806	7341	2
27798	2806	7345	2
27799	2806	7346	2
27800	2806	7348	2
27801	2806	7349	2
27802	2806	7350	2
27803	2806	7352	2
27804	2806	7354	2
27805	2806	7358	2
27806	2806	7360	2
27807	2806	7362	2
27808	2806	7367	2
27809	2806	7370	2
27810	2806	7371	2
27811	2807	2733	2
27812	2807	2734	2
27813	2807	2735	2
27814	2807	2736	2
27815	2807	2737	2
27816	2807	2808	2
27817	2807	2810	2
27818	2807	2812	2
27819	2807	2813	2
27820	2807	2814	2
27821	2807	2815	2
27822	2807	2816	2
27823	2807	2817	2
27824	2807	2818	2
27825	2807	4112	2
27826	2807	6155	2
27827	2807	7063	2
27828	2807	7067	2
27829	2807	7068	2
27830	2807	7083	2
27831	2807	7086	2
27832	2807	7089	2
27833	2807	7338	2
27834	2808	2735	2
27835	2808	2737	2
27836	2808	2806	2
27837	2808	2807	2
27838	2808	2811	2
27839	2808	2813	2
27840	2808	2815	2
27841	2808	2817	2
27842	2808	4112	2
27843	2808	6155	2
27844	2808	7063	2
27845	2808	7067	2
27846	2808	7068	2
27847	2808	7069	2
27848	2808	7072	2
27849	2808	7077	2
27850	2808	7078	2
27851	2808	7080	2
27852	2808	7081	2
27853	2808	7083	2
27854	2808	7084	2
27855	2808	7085	2
27856	2808	7086	2
27857	2808	7087	2
27858	2808	7088	2
27859	2808	7089	2
27860	2808	7091	2
27861	2808	7337	2
27862	2808	7338	2
27863	2808	7339	2
27864	2808	7340	2
27865	2808	7341	2
27866	2808	7346	2
27867	2808	7349	2
27868	2808	7350	2
27869	2808	7352	2
27870	2808	7354	2
27871	2808	7358	2
27872	2808	7360	2
27873	2808	7362	2
27874	2808	7367	2
27875	2808	7370	2
27876	2808	7371	2
27877	2808	7378	2
27878	2809	2733	2
27879	2809	2734	2
27880	2809	2735	2
27881	2809	2736	2
27882	2809	2737	2
27883	2809	2806	2
27884	2809	2808	2
27885	2809	2810	2
27886	2809	2811	2
27887	2809	2812	2
27888	2809	2813	2
27889	2809	2814	2
27890	2809	2815	2
27891	2809	2816	2
27892	2809	2818	2
27893	2809	4112	2
27894	2809	6155	2
27895	2809	7063	2
27896	2809	7067	2
27897	2809	7068	2
27898	2809	7083	2
27899	2809	7086	2
27900	2809	7087	2
27901	2809	7088	2
27902	2809	7089	2
27903	2809	7338	2
27904	2810	2737	2
27905	2810	2806	2
27906	2810	2807	2
27907	2810	2808	2
27908	2810	2813	2
27909	2810	2815	2
27910	2810	2817	2
27911	2810	7080	2
27912	2810	7083	2
27913	2810	7346	2
27914	2810	7354	2
27915	2811	2737	2
27916	2811	2807	2
27917	2811	2808	2
27918	2811	2809	2
27919	2811	2812	5
27920	2811	2813	2
27921	2811	2814	2
27922	2811	2815	2
27923	2811	2817	2
27924	2811	2818	2
27925	2811	7080	2
27926	2811	7083	2
27927	2811	7346	2
27928	2811	7354	2
27929	2812	2733	2
27930	2812	2736	2
27931	2812	2737	2
27932	2812	2807	2
27933	2812	2809	2
27934	2812	2811	5
27935	2812	2814	2
27936	2812	2817	2
27937	2813	2733	2
27938	2813	2734	2
27939	2813	2735	2
27940	2813	2736	2
27941	2813	2737	2
27942	2813	2807	2
27943	2813	2808	2
27944	2813	2809	2
27945	2813	2810	2
27946	2813	2811	2
27947	2813	2812	2
27948	2813	2816	2
27949	2813	2817	2
27950	2813	2818	2
27951	2813	4112	2
27952	2813	4387	2
27953	2814	2733	2
27954	2814	2734	2
27955	2814	2735	2
27956	2814	2737	2
27957	2814	2807	2
27958	2814	2809	2
27959	2814	2811	2
27960	2814	2813	2
27961	2814	2815	2
27962	2814	2816	2
27963	2814	2817	2
27964	2814	4112	2
27965	2814	4385	2
27966	2814	4387	2
27967	2815	2733	2
27968	2815	2734	2
27969	2815	2735	2
27970	2815	2736	2
27971	2815	2807	2
27972	2815	2808	2
27973	2815	2809	2
27974	2815	2810	2
27975	2815	2811	2
27976	2815	2814	2
27977	2815	2817	2
27978	2815	2818	2
27979	2815	4112	2
27980	2815	4385	2
27981	2815	4387	2
27982	2816	2733	2
27983	2816	2736	2
27984	2816	2737	2
27985	2816	2807	2
27986	2816	2809	2
27987	2816	2813	2
27988	2816	2814	2
27989	2816	2817	2
27990	2816	4112	5
27991	2816	4385	5
27992	2816	4387	5
27993	2817	2733	2
27994	2817	2734	2
27995	2817	2736	2
27996	2817	2737	2
27997	2817	2806	2
27998	2817	2807	2
27999	2817	2808	2
28000	2817	2809	2
28001	2817	2810	2
28002	2817	2811	2
28003	2817	2812	2
28004	2817	2814	2
28005	2817	2815	2
28006	2817	2816	2
28007	2817	2818	2
28008	2817	4112	2
28009	2817	4387	2
28010	2817	7067	2
28011	2818	2733	2
28012	2818	2734	2
28013	2818	2735	2
28014	2818	2736	2
28015	2818	2737	2
28016	2818	2807	2
28017	2818	2809	2
28018	2818	2811	2
28019	2818	2813	2
28020	2818	2817	2
28021	2818	4112	2
28022	2818	4385	2
28023	2818	4387	2
28024	2819	2821	2
28025	2819	2822	2
28026	2819	2824	2
28027	2820	2819	2
28028	2820	2821	2
28029	2820	2823	2
28030	2820	2824	2
28031	2820	4390	2
28032	2820	4472	2
28033	2820	6154	2
28034	2820	6157	2
28035	2821	2822	2
28036	2821	2823	2
28037	2821	4389	2
28038	2821	4390	2
28039	2821	6154	2
28040	2822	2819	2
28041	2822	2821	2
28042	2822	4390	2
28043	2822	4472	2
28044	2822	6154	2
28045	2823	2820	2
28046	2823	2821	2
28047	2823	2822	2
28048	2823	4389	5
28049	2823	4390	5
28050	2823	4472	5
28051	2824	2819	2
28052	2824	2820	2
28053	2824	2822	2
28054	2824	2823	2
28055	2824	4389	2
28056	2824	4390	2
28057	2824	6154	2
28058	2825	4406	2
28059	2825	4467	2
28060	2825	4468	2
28061	2825	7094	2
28062	2826	4406	5
28063	2827	4565	5
28064	2827	4566	5
28065	2827	6167	5
28066	2828	2629	2
28067	2828	2638	2
28068	2828	2641	2
28069	2828	2642	2
28070	2828	5984	5
28071	2829	3845	5
28072	2829	3846	5
28073	2829	3982	5
28074	2829	3986	5
28075	2830	1348	5
28076	2830	1349	2
28077	2830	1350	2
28078	2830	1351	2
28079	2830	1352	2
28080	2830	1559	2
28081	2830	1563	2
28082	2830	1564	2
28083	2831	1349	2
28084	2831	1350	2
28085	2831	1351	2
28086	2831	1352	2
28087	2831	1562	2
28088	2831	1563	2
28089	2831	1564	2
28090	2831	1565	5
28091	2831	1566	5
28092	2831	1567	5
28093	2831	2832	5
28094	2831	5192	5
28095	2832	1349	2
28096	2832	1351	2
28097	2832	1354	5
28098	2832	1557	2
28099	2832	1559	2
28100	2832	1562	2
28101	2832	1563	2
28102	2832	1564	2
28103	2832	1565	5
28104	2832	1566	5
28105	2832	2831	5
28106	2832	5192	5
28107	2832	6354	5
28108	2833	5258	5
28109	2833	6263	5
28110	2834	5240	5
28111	2834	5241	5
28112	2834	5243	5
28113	2834	5251	5
28114	2834	5256	5
28115	2834	5761	5
28116	2835	2451	2
28117	2835	2453	2
28118	2835	2454	5
28119	2835	2456	2
28120	2835	2458	2
28121	2835	2459	2
28122	2835	2461	2
28123	2835	2462	5
28124	2835	2463	5
28125	2835	2464	2
28126	2835	2465	2
28127	2835	2467	5
28128	2835	5761	5
28129	2835	5763	5
28130	2835	5881	5
28131	2836	5241	5
28132	2836	5242	5
28133	2836	5251	5
28134	2836	5255	5
28135	2836	5256	5
28136	2837	2840	5
28137	2837	2841	5
28138	2837	2842	5
28139	2837	2843	5
28140	2837	2844	5
28141	2837	2845	5
28142	2837	5052	5
28143	2837	6303	5
28144	2838	2837	5
28145	2838	2839	5
28146	2838	2841	5
28147	2838	2842	5
28148	2838	2844	5
28149	2838	5052	5
28150	2838	5053	5
28151	2838	6303	5
28152	2839	2838	5
28153	2839	2840	5
28154	2839	2841	5
28155	2839	2842	5
28156	2839	2844	5
28157	2839	2845	5
28158	2839	5052	5
28159	2840	2837	5
28160	2840	2841	5
28161	2840	2844	5
28162	2840	2845	5
28163	2840	5052	5
28164	2840	5053	5
28165	2840	6303	5
28166	2841	2837	5
28167	2841	2839	5
28168	2841	2840	5
28169	2841	2842	5
28170	2841	2843	5
28171	2842	2837	5
28172	2842	2838	5
28173	2842	2839	5
28174	2842	2840	5
28175	2842	2841	5
28176	2842	2844	5
28177	2843	2837	5
28178	2843	2842	5
28179	2843	2844	5
28180	2843	5056	5
28181	2844	2837	5
28182	2844	2838	5
28183	2844	2839	5
28184	2844	2840	5
28185	2844	2841	5
28186	2844	2843	5
28187	2845	2837	5
28188	2845	2838	5
28189	2845	2839	5
28190	2845	5053	5
28191	2846	3459	5
28192	2846	3460	5
28193	2846	6197	5
28194	2846	6198	5
28195	2847	3459	5
28196	2847	6197	5
28197	2847	6198	5
28198	2848	2849	2
28199	2848	2850	2
28200	2848	2852	5
28201	2848	2853	2
28202	2848	2854	5
28203	2848	2855	2
28204	2848	6579	5
28205	2849	2851	2
28206	2849	2852	2
28207	2849	2854	2
28208	2849	2855	2
28209	2849	3866	2
28210	2849	3869	2
28211	2849	6001	2
28212	2849	6579	2
28213	2849	6919	2
28214	2849	6920	2
28215	2849	6921	2
28216	2849	6922	2
28217	2850	2848	2
28218	2850	2849	2
28219	2850	2852	2
28220	2850	2853	2
28221	2850	2854	2
28222	2850	3866	2
28223	2850	6003	2
28224	2850	6579	2
28225	2850	6920	2
28226	2850	6921	2
28227	2851	2849	2
28228	2851	2852	5
28229	2851	2853	2
28230	2851	3866	5
28231	2851	6579	5
28232	2851	6920	2
28233	2851	6921	2
28234	2852	2848	5
28235	2852	2849	2
28236	2852	2850	2
28237	2852	2851	5
28238	2852	2855	2
28239	2852	6579	5
28240	2852	6920	2
28241	2852	6921	2
28242	2853	2848	2
28243	2853	2850	2
28244	2853	2851	2
28245	2853	2852	2
28246	2853	2854	2
28247	2853	2855	2
28248	2853	3866	2
28249	2853	3869	2
28250	2853	6001	2
28251	2853	6579	2
28252	2853	6920	2
28253	2853	6922	2
28254	2854	2848	5
28255	2854	2849	2
28256	2854	2850	2
28257	2854	2853	2
28258	2854	2855	2
28259	2854	3866	5
28260	2854	6579	5
28261	2854	6920	2
28262	2854	6921	2
28263	2855	2848	2
28264	2855	2849	2
28265	2855	2852	2
28266	2855	3866	2
28267	2855	6003	2
28268	2855	6579	2
28269	2855	6920	2
28270	2855	6921	2
28271	2856	1467	7
28272	2856	1533	7
28273	2856	2857	2
28274	2856	4122	5
28275	2856	4123	5
28276	2856	6113	7
28277	2856	6114	7
28278	2856	7004	5
28279	2856	7005	7
28280	2856	7006	2
28281	2856	7007	2
28282	2856	7010	7
28283	2856	7012	2
28284	2856	7013	2
28285	2856	7014	7
28286	2856	7389	5
28287	2857	1467	2
28288	2857	1491	2
28289	2857	1993	2
28290	2857	1994	2
28291	2857	2001	2
28292	2857	2006	2
28293	2857	2007	2
28294	2857	2856	2
28295	2857	4122	2
28296	2857	4123	2
28297	2857	4371	2
28298	2857	4372	2
28299	2857	6114	2
28300	2857	6134	2
28301	2857	6540	2
28302	2857	7004	2
28303	2857	7006	2
28304	2857	7007	2
28305	2857	7009	2
28306	2857	7010	2
28307	2857	7389	2
28308	2858	2356	2
28309	2858	2357	2
28310	2858	2358	2
28311	2858	2360	2
28312	2858	2859	2
28313	2858	2860	2
28314	2858	2861	2
28315	2858	4897	2
28316	2858	4898	2
28317	2858	4899	2
28318	2858	4900	2
28319	2858	6232	2
28320	2858	6233	2
28321	2858	6236	2
28322	2858	6238	2
28323	2858	6245	2
28324	2859	2357	2
28325	2859	2358	2
28326	2859	2360	2
28327	2859	2860	2
28328	2859	2861	2
28329	2859	4897	5
28330	2859	6232	5
28331	2859	6236	5
28332	2860	2356	2
28333	2860	2358	2
28334	2860	2359	2
28335	2860	2360	2
28336	2860	2362	2
28337	2860	2366	2
28338	2860	2367	2
28339	2860	2368	2
28340	2860	2369	2
28341	2860	2370	2
28342	2860	2371	2
28343	2860	2372	2
28344	2860	2373	2
28345	2860	2861	2
28346	2860	4897	2
28347	2860	4898	2
28348	2860	4899	2
28349	2860	6236	2
28350	2860	6238	2
28351	2860	6245	2
28352	2861	2358	2
28353	2861	2360	2
28354	2861	2858	2
28355	2861	2859	2
28356	2861	2860	2
28357	2861	4897	2
28358	2861	4898	2
28359	2861	4899	2
28360	2861	4900	2
28361	2861	6232	2
28362	2861	6233	2
28363	2861	6236	2
28364	2861	6238	2
28365	2861	6245	2
28366	2862	1628	2
28367	2862	1630	2
28368	2862	1646	2
28369	2862	1647	2
28370	2862	1649	2
28371	2862	1650	5
28372	2862	1653	2
28373	2862	1654	2
28374	2862	1715	2
28375	2862	1716	2
28376	2862	1717	2
28377	2862	1720	2
28378	2862	1912	2
28379	2862	1913	2
28380	2862	2863	5
28381	2862	2864	5
28382	2862	3747	5
28383	2862	3768	5
28384	2862	3770	5
28385	2862	3771	5
28386	2862	3773	5
28387	2862	3774	5
28388	2862	5684	5
28389	2862	5702	5
28390	2862	6615	5
28391	2862	7382	2
28392	2863	1628	2
28393	2863	1630	2
28394	2863	1648	5
28395	2863	1650	5
28396	2863	1654	2
28397	2863	1656	5
28398	2863	1717	2
28399	2863	1911	5
28400	2863	1912	2
28401	2863	1913	2
28402	2863	2862	5
28403	2863	3747	5
28404	2863	3748	5
28405	2863	3768	5
28406	2863	3770	5
28407	2863	3771	5
28408	2863	3774	5
28409	2863	5684	5
28410	2863	5685	5
28411	2863	5700	5
28412	2863	5702	5
28413	2864	1628	2
28414	2864	1630	2
28415	2864	1646	2
28416	2864	1647	2
28417	2864	1648	5
28418	2864	1650	5
28419	2864	1653	2
28420	2864	1654	2
28421	2864	1656	5
28422	2864	1715	2
28423	2864	1717	2
28424	2864	1911	5
28425	2864	1912	2
28426	2864	1913	2
28427	2864	3747	5
28428	2864	3748	5
28429	2864	3768	5
28430	2864	3769	5
28431	2864	3770	5
28432	2864	3771	5
28433	2864	3773	5
28434	2864	3774	5
28435	2864	5684	5
28436	2864	5702	5
28437	2864	6615	5
28438	2864	7382	2
28439	2865	4600	5
28440	2865	4601	5
28441	2865	4695	5
28442	2865	4697	5
28443	2865	5974	5
28444	2865	5975	5
28445	2865	6242	5
28446	2865	6630	5
28447	2865	6847	5
28448	2866	1622	2
28449	2866	1632	2
28450	2866	1640	5
28451	2866	1645	5
28452	2866	2868	5
28453	2866	2871	5
28454	2866	2872	5
28455	2866	3685	5
28456	2866	3686	5
28457	2866	3687	5
28458	2866	3688	5
28459	2866	3689	5
28460	2866	3690	5
28461	2866	3691	5
28462	2866	3692	5
28463	2866	3693	5
28464	2866	3694	5
28465	2866	3695	5
28466	2866	3696	5
28467	2866	5905	5
28468	2866	5906	5
28469	2866	5908	5
28470	2866	5909	5
28471	2866	5910	5
28472	2866	5911	5
28473	2866	5912	5
28474	2866	6370	5
28475	2866	6531	5
28476	2866	6616	5
28477	2867	1622	2
28478	2867	1632	2
28479	2867	1640	5
28480	2867	1645	5
28481	2867	1912	2
28482	2867	1913	2
28483	2867	2866	5
28484	2867	2868	7
28485	2867	2869	5
28486	2867	2870	5
28487	2867	2871	5
28488	2867	2872	5
28489	2867	3685	5
28490	2867	3686	5
28491	2867	3687	5
28492	2867	3688	5
28493	2867	3689	5
28494	2867	3690	5
28495	2867	3691	7
28496	2867	3692	7
28497	2867	3693	7
28498	2867	3694	7
28499	2867	3695	5
28500	2867	5906	7
28501	2867	5908	5
28502	2867	5909	5
28503	2867	5910	5
28504	2867	5911	5
28505	2867	5912	5
28506	2867	6370	7
28507	2867	6616	7
28508	2868	1618	2
28509	2868	1621	2
28510	2868	1622	2
28511	2868	1632	2
28512	2868	1645	5
28513	2868	2866	5
28514	2868	2867	7
28515	2868	2870	5
28516	2868	2871	5
28517	2868	2872	5
28518	2868	3685	5
28519	2868	3686	5
28520	2868	3687	5
28521	2868	3689	5
28522	2868	3690	5
28523	2868	3691	7
28524	2868	3692	7
28525	2868	3693	7
28526	2868	3694	7
28527	2868	3696	5
28528	2868	4629	7
28529	2868	4630	7
28530	2868	5905	7
28531	2868	5909	5
28532	2869	1622	2
28533	2869	1632	2
28534	2869	1640	5
28535	2869	2867	5
28536	2869	2868	5
28537	2869	2870	5
28538	2869	2871	5
28539	2869	2872	5
28540	2869	3685	5
28541	2869	3686	5
28542	2869	3687	5
28543	2869	3688	5
28544	2869	3689	5
28545	2869	3690	5
28546	2869	3691	5
28547	2869	3692	5
28548	2869	3693	5
28549	2869	3694	5
28550	2869	3695	5
28551	2869	3696	5
28552	2869	5905	5
28553	2869	5906	5
28554	2869	5908	5
28555	2869	5909	5
28556	2869	5910	5
28557	2869	5911	5
28558	2869	5912	5
28559	2869	6370	5
28560	2869	6531	5
28561	2869	6616	5
28562	2870	1640	5
28563	2870	1645	5
28564	2870	2866	5
28565	2870	2867	5
28566	2870	2868	5
28567	2870	2871	5
28568	2870	3684	5
28569	2870	3685	5
28570	2870	3686	5
28571	2870	3687	5
28572	2870	3688	5
28573	2870	3689	5
28574	2870	3690	5
28575	2870	3691	5
28576	2870	3692	5
28577	2870	3693	5
28578	2870	3694	5
28579	2870	3696	5
28580	2870	4629	5
28581	2870	5905	5
28582	2870	5906	5
28583	2870	5908	5
28584	2870	5909	5
28585	2870	5911	5
28586	2870	6370	5
28587	2870	6531	5
28588	2871	1905	2
28589	2871	1906	2
28590	2871	1907	2
28591	2871	1908	5
28592	2871	2866	5
28593	2871	2867	5
28594	2871	2868	5
28595	2871	2869	5
28596	2871	2870	5
28597	2871	3682	5
28598	2871	3683	5
28599	2871	3686	5
28600	2871	3687	5
28601	2871	3688	5
28602	2871	3690	5
28603	2871	5905	5
28604	2871	6450	5
28605	2871	6451	5
28606	2871	6531	5
28607	2872	1640	5
28608	2872	1645	5
28609	2872	2866	5
28610	2872	2867	5
28611	2872	2868	5
28612	2872	2869	5
28613	2872	3684	5
28614	2872	3685	5
28615	2872	3686	5
28616	2872	3687	5
28617	2872	3688	5
28618	2872	3689	5
28619	2872	3690	5
28620	2872	3691	5
28621	2872	3692	5
28622	2872	3693	5
28623	2872	3696	5
28624	2872	4629	5
28625	2872	5905	5
28626	2872	5906	5
28627	2872	5908	5
28628	2872	5909	5
28629	2872	5911	5
28630	2872	6450	5
28631	2872	6451	5
28632	2872	6531	5
28633	2873	1252	7
28634	2873	1647	2
28635	2873	1649	2
28636	2873	1657	5
28637	2873	1660	2
28638	2873	1661	2
28639	2873	1663	2
28640	2873	1666	2
28641	2873	1667	2
28642	2873	1668	2
28643	2873	1669	2
28644	2873	1670	2
28645	2873	1672	2
28646	2873	1715	2
28647	2873	1716	2
28648	2873	1718	2
28649	2873	1719	2
28650	2873	1720	2
28651	2873	1721	2
28652	2873	2912	5
28653	2873	2913	5
28654	2873	2914	5
28655	2873	2919	5
28656	2873	2920	7
28657	2873	2921	7
28658	2873	3707	7
28659	2873	3709	7
28660	2873	3710	7
28661	2873	3711	7
28662	2873	3712	7
28663	2873	3713	7
28664	2873	3714	7
28665	2873	3715	7
28666	2873	3716	7
28667	2873	3717	7
28668	2873	3718	7
28669	2873	3719	7
28670	2873	3720	7
28671	2873	3722	7
28672	2873	3726	7
28673	2873	3727	7
28674	2873	3728	7
28675	2873	3731	7
28676	2873	3732	7
28677	2873	3743	7
28678	2873	3744	7
28679	2873	3745	7
28680	2873	3746	7
28681	2873	6375	5
28682	2873	6376	5
28683	2873	6377	5
28684	2873	6895	7
28685	2873	6911	7
28686	2873	7392	2
28687	2874	1400	2
28688	2874	1401	2
28689	2874	1728	2
28690	2874	1729	2
28691	2874	2875	2
28692	2874	2876	2
28693	2874	2879	2
28694	2874	2928	2
28695	2874	2929	2
28696	2874	5920	2
28697	2874	5921	2
28698	2874	6538	2
28699	2875	1400	2
28700	2875	1401	2
28701	2875	1729	2
28702	2875	2874	2
28703	2875	2876	2
28704	2875	2877	2
28705	2875	2878	2
28706	2875	2879	2
28707	2875	2928	2
28708	2875	2929	2
28709	2875	5920	2
28710	2875	5921	2
28711	2875	6417	2
28712	2875	6538	2
28713	2875	7366	2
28714	2875	7373	2
28715	2876	2874	2
28716	2876	2878	2
28717	2876	2929	2
28718	2876	5920	2
28719	2876	5939	2
28720	2876	5940	2
28721	2876	6538	2
28722	2876	7368	2
28723	2877	2874	2
28724	2877	2875	2
28725	2877	2878	2
28726	2877	2879	2
28727	2877	5920	2
28728	2877	5939	2
28729	2877	5940	2
28730	2877	6538	2
28731	2877	7368	2
28732	2878	1400	5
28733	2878	1401	2
28734	2878	1728	2
28735	2878	2874	2
28736	2878	2875	2
28737	2878	2876	2
28738	2878	5920	5
28739	2878	5921	5
28740	2879	1401	2
28741	2879	1728	2
28742	2879	2874	2
28743	2879	2876	2
28744	2879	2877	2
28745	2879	2929	5
28746	2879	5940	5
28747	2880	2803	2
28748	2880	2806	2
28749	2880	5939	2
28750	2880	5940	2
28751	2880	6155	2
28752	2880	7078	2
28753	2880	7080	2
28754	2880	7081	2
28755	2880	7083	2
28756	2880	7085	2
28757	2880	7086	2
28758	2880	7087	2
28759	2880	7088	2
28760	2880	7091	2
28761	2880	7092	2
28762	2880	7337	2
28763	2880	7339	2
28764	2880	7340	2
28765	2880	7341	2
28766	2880	7343	2
28767	2880	7345	2
28768	2880	7346	2
28769	2880	7347	2
28770	2880	7348	2
28771	2880	7349	2
28772	2880	7350	2
28773	2880	7352	2
28774	2880	7354	2
28775	2880	7358	2
28776	2880	7360	2
28777	2880	7362	2
28778	2880	7367	2
28779	2880	7370	2
28780	2880	7371	2
28781	2880	7378	2
28782	2880	7384	2
28783	2881	1201	2
28784	2881	1202	2
28785	2881	1208	2
28786	2881	1739	2
28787	2881	1761	2
28788	2881	1762	2
28789	2881	1763	2
28790	2881	1764	2
28791	2881	1765	2
28792	2881	1767	2
28793	2881	1768	2
28794	2881	1769	2
28795	2881	1770	2
28796	2881	1771	2
28797	2881	1772	2
28798	2881	1773	2
28799	2881	4573	2
28800	2881	4574	2
28801	2881	4575	2
28802	2881	5535	2
28803	2881	6165	2
28804	2881	6167	2
28805	2882	1208	2
28806	2882	1738	2
28807	2882	1763	5
28808	2882	1765	2
28809	2882	1767	2
28810	2882	1768	2
28811	2882	1769	2
28812	2882	1772	5
28813	2882	1773	2
28814	2882	2881	2
28815	2883	1203	2
28816	2883	1205	5
28817	2883	1209	2
28818	2883	1210	5
28819	2883	1706	5
28820	2883	1707	5
28821	2883	1709	5
28822	2883	1710	5
28823	2883	2887	5
28824	2883	2911	5
28825	2883	2928	5
28826	2883	3755	5
28827	2883	3756	5
28828	2883	5707	5
28829	2883	5923	5
28830	2883	6399	5
28831	2883	6401	5
28832	2883	6403	5
28833	2883	6404	5
28834	2883	6415	5
28835	2884	1203	2
28836	2884	1205	5
28837	2884	1209	2
28838	2884	1210	5
28839	2884	1706	5
28840	2884	1707	5
28841	2884	1708	5
28842	2884	1709	5
28843	2884	1710	5
28844	2884	2911	5
28845	2884	3755	5
28846	2884	3756	5
28847	2884	5706	5
28848	2884	5923	5
28849	2884	6399	5
28850	2884	6401	5
28851	2884	6403	5
28852	2884	6404	5
28853	2884	6415	5
28854	2885	1203	2
28855	2885	1209	2
28856	2885	1660	2
28857	2885	1661	2
28858	2885	1662	2
28859	2885	1663	2
28860	2885	1666	2
28861	2885	1667	2
28862	2885	1668	2
28863	2885	1669	2
28864	2885	1670	2
28865	2885	1672	2
28866	2885	1673	2
28867	2885	1718	2
28868	2885	1719	2
28869	2885	1721	2
28870	2885	3753	5
28871	2885	3761	5
28872	2885	3762	5
28873	2885	5708	5
28874	2885	5709	5
28875	2885	7392	2
28876	2886	1203	2
28877	2886	1209	2
28878	2886	1660	2
28879	2886	1661	2
28880	2886	1662	2
28881	2886	1663	2
28882	2886	1666	2
28883	2886	1667	2
28884	2886	1668	2
28885	2886	1669	2
28886	2886	1670	2
28887	2886	1672	2
28888	2886	1673	2
28889	2886	1718	2
28890	2886	1719	2
28891	2886	1721	2
28892	2886	3761	5
28893	2886	3762	5
28894	2886	5708	5
28895	2886	5709	5
28896	2886	7392	2
28897	2887	1203	2
28898	2887	1205	5
28899	2887	1209	2
28900	2887	1210	5
28901	2887	1706	5
28902	2887	1707	5
28903	2887	1708	5
28904	2887	1709	5
28905	2887	2883	5
28906	2887	2911	5
28907	2887	2928	5
28908	2887	3754	5
28909	2887	3755	5
28910	2887	3756	5
28911	2887	5706	5
28912	2887	5923	5
28913	2887	6399	5
28914	2887	6400	5
28915	2887	6401	5
28916	2887	6403	5
28917	2887	6404	5
28918	2887	6415	5
28919	2888	1241	2
28920	2888	1242	2
28921	2888	1479	2
28922	2888	1492	2
28923	2888	1494	2
28924	2888	1495	2
28925	2888	1521	5
28926	2888	1523	2
28927	2888	2896	5
28928	2888	2897	5
28929	2888	2906	5
28930	2888	2907	5
28931	2888	2908	5
28932	2888	2930	7
28933	2888	2931	7
28934	2888	3537	5
28935	2888	3539	5
28936	2888	3541	5
28937	2888	4733	5
28938	2888	4734	5
28939	2888	4735	5
28940	2888	4736	5
28941	2888	6338	7
28942	2888	6796	2
28943	2888	6799	2
28944	2888	6800	2
28945	2888	6801	2
28946	2888	6802	2
28947	2888	6803	2
28948	2888	6805	2
28949	2888	6806	2
28950	2888	6808	2
28951	2888	6809	2
28952	2888	6810	2
28953	2888	6811	2
28954	2888	6815	2
28955	2888	6864	2
28956	2888	6865	2
28957	2889	1242	2
28958	2889	1479	2
28959	2889	1492	2
28960	2889	1494	2
28961	2889	1495	2
28962	2889	1521	5
28963	2889	1523	2
28964	2889	2897	5
28965	2889	2909	5
28966	2889	2910	5
28967	2889	2930	5
28968	2889	2931	5
28969	2889	3537	5
28970	2889	3539	5
28971	2889	3541	5
28972	2889	4732	5
28973	2889	4733	5
28974	2889	4734	5
28975	2889	4735	5
28976	2889	4736	5
28977	2889	6796	2
28978	2889	6799	2
28979	2889	6800	2
28980	2889	6801	2
28981	2889	6802	2
28982	2889	6803	2
28983	2889	6805	2
28984	2889	6806	2
28985	2889	6807	5
28986	2889	6808	2
28987	2889	6809	2
28988	2889	6810	2
28989	2889	6811	2
28990	2889	6815	2
28991	2889	6863	5
28992	2889	6864	2
28993	2889	6865	2
28994	2890	1241	2
28995	2890	1242	2
28996	2890	1479	2
28997	2890	1492	2
28998	2890	1495	2
28999	2890	1523	2
29000	2890	2893	7
29001	2890	2895	7
29002	2890	2898	7
29003	2890	2899	7
29004	2890	2900	7
29005	2890	2904	7
29006	2890	2941	7
29007	2890	2942	7
29008	2890	2943	7
29009	2890	2945	7
29010	2890	2946	7
29011	2890	2947	7
29012	2890	2950	7
29013	2890	2952	7
29014	2890	2953	7
29015	2890	3511	5
29016	2890	3512	5
29017	2890	3513	7
29018	2890	3514	7
29019	2890	3515	7
29020	2890	3527	7
29021	2890	3528	7
29022	2890	3529	7
29023	2890	3530	7
29024	2890	3531	5
29025	2890	3532	7
29026	2890	3543	7
29027	2890	3544	7
29028	2890	3545	7
29029	2890	3546	7
29030	2890	3547	7
29031	2890	3548	7
29032	2890	3549	5
29033	2890	3550	7
29034	2890	3551	7
29035	2890	3552	7
29036	2890	3554	7
29037	2890	3557	7
29038	2890	5719	7
29039	2890	5720	7
29040	2890	6328	7
29041	2890	6330	7
29042	2890	6787	2
29043	2890	6788	2
29044	2890	6790	2
29045	2890	6793	2
29046	2890	6794	2
29047	2890	6796	2
29048	2890	6799	2
29049	2890	6800	2
29050	2890	6801	2
29051	2890	6802	2
29052	2890	6803	2
29053	2890	6805	2
29054	2890	6806	2
29055	2890	6808	2
29056	2890	6809	2
29057	2890	6810	2
29058	2890	6811	2
29059	2890	6814	7
29060	2890	6860	7
29061	2890	6862	7
29062	2890	6864	2
29063	2891	1241	2
29064	2891	1242	2
29065	2891	1479	2
29066	2891	1492	2
29067	2891	1495	2
29068	2891	1523	2
29069	2891	2902	7
29070	2891	2903	7
29071	2891	2932	7
29072	2891	2933	7
29073	2891	2934	7
29074	2891	2935	7
29075	2891	2936	7
29076	2891	2937	7
29077	2891	2948	7
29078	2891	5711	7
29079	2891	6213	7
29080	2891	6330	7
29081	2891	6332	7
29082	2891	6339	7
29083	2891	6788	2
29084	2891	6790	2
29085	2891	6793	2
29086	2891	6794	2
29087	2891	6795	7
29088	2891	6796	2
29089	2891	6799	2
29090	2891	6800	2
29091	2891	6801	2
29092	2891	6802	2
29093	2891	6803	2
29094	2891	6804	7
29095	2891	6805	2
29096	2891	6806	2
29097	2891	6808	2
29098	2891	6809	2
29099	2891	6810	2
29100	2891	6811	2
29101	2891	6864	2
29102	2891	6865	2
29103	2892	1241	2
29104	2892	1242	2
29105	2892	1479	2
29106	2892	1492	2
29107	2892	1495	2
29108	2892	1523	2
29109	2892	2895	7
29110	2892	2898	7
29111	2892	2899	7
29112	2892	2900	7
29113	2892	2904	7
29114	2892	2942	7
29115	2892	2945	7
29116	2892	2946	7
29117	2892	2947	7
29118	2892	2948	7
29119	2892	2950	7
29120	2892	2953	7
29121	2892	3511	5
29122	2892	3512	5
29123	2892	3513	7
29124	2892	3514	7
29125	2892	3515	7
29126	2892	3516	7
29127	2892	3526	7
29128	2892	3527	7
29129	2892	3528	7
29130	2892	3529	7
29131	2892	3530	7
29132	2892	3531	5
29133	2892	3532	7
29134	2892	3543	7
29135	2892	3544	7
29136	2892	3545	7
29137	2892	3546	7
29138	2892	3547	7
29139	2892	3548	7
29140	2892	3549	5
29141	2892	3550	7
29142	2892	3551	7
29143	2892	3552	7
29144	2892	3553	5
29145	2892	3554	7
29146	2892	3555	7
29147	2892	3556	7
29148	2892	5718	7
29149	2892	5719	7
29150	2892	5720	7
29151	2892	5721	7
29152	2892	6328	7
29153	2892	6330	7
29154	2892	6332	7
29155	2892	6787	2
29156	2892	6788	2
29157	2892	6790	2
29158	2892	6793	2
29159	2892	6794	2
29160	2892	6796	2
29161	2892	6799	2
29162	2892	6800	2
29163	2892	6801	2
29164	2892	6802	2
29165	2892	6803	2
29166	2892	6805	2
29167	2892	6806	2
29168	2892	6808	2
29169	2892	6809	2
29170	2892	6810	2
29171	2892	6811	2
29172	2892	6860	7
29173	2892	6862	7
29174	2892	6864	2
29175	2893	1241	2
29176	2893	1242	2
29177	2893	1479	2
29178	2893	1492	2
29179	2893	1495	2
29180	2893	2890	7
29181	2893	2898	7
29182	2893	2899	7
29183	2893	2904	7
29184	2893	2941	7
29185	2893	2942	7
29186	2893	2943	7
29187	2893	2945	7
29188	2893	2946	7
29189	2893	2947	7
29190	2893	2948	7
29191	2893	2950	7
29192	2893	2953	7
29193	2893	3511	5
29194	2893	3512	5
29195	2893	3513	7
29196	2893	3514	7
29197	2893	3515	7
29198	2893	3516	7
29199	2893	3517	7
29200	2893	3518	7
29201	2893	3519	7
29202	2893	3520	7
29203	2893	3521	7
29204	2893	3522	7
29205	2893	3523	7
29206	2893	3524	7
29207	2893	3525	7
29208	2893	3526	7
29209	2893	3527	7
29210	2893	3528	7
29211	2893	3529	7
29212	2893	3530	7
29213	2893	3531	5
29214	2893	3532	7
29215	2893	3533	7
29216	2893	3543	7
29217	2893	3544	7
29218	2893	3545	7
29219	2893	3546	7
29220	2893	3547	7
29221	2893	3548	7
29222	2893	3549	5
29223	2893	3550	7
29224	2893	3551	7
29225	2893	3552	7
29226	2893	3553	5
29227	2893	3554	7
29228	2893	3555	7
29229	2893	3556	7
29230	2893	5718	7
29231	2893	5719	7
29232	2893	5720	7
29233	2893	5721	7
29234	2893	5722	7
29235	2893	6331	5
29236	2893	6332	7
29237	2893	6787	2
29238	2893	6788	2
29239	2893	6790	2
29240	2893	6791	7
29241	2893	6793	2
29242	2893	6794	2
29243	2893	6796	2
29244	2893	6799	2
29245	2893	6800	2
29246	2893	6802	2
29247	2893	6803	2
29248	2893	6805	2
29249	2893	6806	2
29250	2893	6808	2
29251	2893	6809	2
29252	2893	6810	2
29253	2893	6811	2
29254	2893	6860	7
29255	2893	6864	2
29256	2894	1241	2
29257	2894	1242	2
29258	2894	1479	2
29259	2894	1492	2
29260	2894	1495	2
29261	2894	1523	2
29262	2894	2902	7
29263	2894	2903	7
29264	2894	2908	5
29265	2894	2932	7
29266	2894	2933	7
29267	2894	2934	7
29268	2894	2935	7
29269	2894	2937	7
29270	2894	2951	7
29271	2894	3527	7
29272	2894	3557	7
29273	2894	5711	7
29274	2894	6213	7
29275	2894	6339	7
29276	2894	6790	2
29277	2894	6794	2
29278	2894	6795	7
29279	2894	6796	2
29280	2894	6799	2
29281	2894	6800	2
29282	2894	6801	2
29283	2894	6802	2
29284	2894	6803	2
29285	2894	6804	7
29286	2894	6805	2
29287	2894	6806	2
29288	2894	6808	2
29289	2894	6809	2
29290	2894	6810	2
29291	2894	6811	2
29292	2894	6814	7
29293	2894	6864	2
29294	2894	6865	2
29295	2894	7333	7
29296	2895	1241	2
29297	2895	1242	2
29298	2895	1479	2
29299	2895	1492	2
29300	2895	1495	2
29301	2895	2890	7
29302	2895	2892	7
29303	2895	2898	7
29304	2895	2899	7
29305	2895	2900	7
29306	2895	2901	7
29307	2895	2902	7
29308	2895	2904	7
29309	2895	2938	7
29310	2895	2941	7
29311	2895	2942	7
29312	2895	2943	7
29313	2895	2946	7
29314	2895	2947	7
29315	2895	2948	7
29316	2895	2949	7
29317	2895	2950	7
29318	2895	3510	5
29319	2895	3511	5
29320	2895	3512	5
29321	2895	3513	7
29322	2895	3514	7
29323	2895	3515	7
29324	2895	3516	7
29325	2895	3517	7
29326	2895	3518	7
29327	2895	3519	7
29328	2895	3520	7
29329	2895	3521	7
29330	2895	3522	7
29331	2895	3523	7
29332	2895	3524	7
29333	2895	3525	7
29334	2895	3526	7
29335	2895	3528	7
29336	2895	3529	7
29337	2895	3530	7
29338	2895	3531	5
29339	2895	3533	7
29340	2895	3543	7
29341	2895	3544	7
29342	2895	3545	7
29343	2895	3546	7
29344	2895	3547	7
29345	2895	3548	7
29346	2895	3549	5
29347	2895	3550	7
29348	2895	3551	7
29349	2895	3552	7
29350	2895	3554	7
29351	2895	3555	7
29352	2895	3556	7
29353	2895	5718	7
29354	2895	5719	7
29355	2895	5720	7
29356	2895	5721	7
29357	2895	5722	7
29358	2895	6331	5
29359	2895	6332	7
29360	2895	6787	2
29361	2895	6788	2
29362	2895	6790	2
29363	2895	6791	7
29364	2895	6792	2
29365	2895	6793	2
29366	2895	6794	2
29367	2895	6796	2
29368	2895	6799	2
29369	2895	6800	2
29370	2895	6802	2
29371	2895	6806	2
29372	2895	6808	2
29373	2895	6809	2
29374	2895	6810	2
29375	2895	6811	2
29376	2895	6813	2
29377	2895	6859	7
29378	2895	6860	7
29379	2895	6864	2
29380	2896	1242	2
29381	2896	1479	2
29382	2896	1490	5
29383	2896	1492	2
29384	2896	1494	2
29385	2896	1495	2
29386	2896	1523	2
29387	2896	2888	5
29388	2896	2906	5
29389	2896	2909	5
29390	2896	2910	5
29391	2896	2930	5
29392	2896	3537	5
29393	2896	3539	5
29394	2896	3540	5
29395	2896	3541	5
29396	2896	4732	5
29397	2896	4733	5
29398	2896	4734	5
29399	2896	4735	5
29400	2896	4736	5
29401	2896	6796	2
29402	2896	6799	2
29403	2896	6800	2
29404	2896	6801	2
29405	2896	6802	2
29406	2896	6803	2
29407	2896	6805	2
29408	2896	6806	2
29409	2896	6807	5
29410	2896	6808	2
29411	2896	6809	2
29412	2896	6810	2
29413	2896	6811	2
29414	2896	6815	2
29415	2896	6863	5
29416	2896	6864	2
29417	2896	6865	2
29418	2896	7302	5
29419	2897	1490	5
29420	2897	1495	2
29421	2897	2888	5
29422	2897	2889	5
29423	2897	2906	5
29424	2897	2909	5
29425	2897	2910	5
29426	2897	2931	5
29427	2897	3539	5
29428	2897	3540	5
29429	2897	3541	5
29430	2897	4732	5
29431	2897	4733	5
29432	2897	4734	5
29433	2897	4735	5
29434	2897	4736	5
29435	2897	6796	2
29436	2897	6799	2
29437	2897	6800	2
29438	2897	6801	2
29439	2897	6802	2
29440	2897	6803	2
29441	2897	6805	2
29442	2897	6806	2
29443	2897	6807	5
29444	2897	6809	2
29445	2897	6810	2
29446	2897	6815	2
29447	2897	6857	2
29448	2897	6858	2
29449	2897	6864	2
29450	2897	7302	5
29451	2898	1241	2
29452	2898	1242	2
29453	2898	1492	2
29454	2898	1495	2
29455	2898	2890	7
29456	2898	2892	7
29457	2898	2893	7
29458	2898	2895	7
29459	2898	2941	7
29460	2898	2942	7
29461	2898	2943	7
29462	2898	2945	7
29463	2898	2946	7
29464	2898	2947	7
29465	2898	2948	7
29466	2898	2949	7
29467	2898	2950	7
29468	2898	2952	7
29469	2898	2953	7
29470	2898	3510	5
29471	2898	3511	5
29472	2898	3512	5
29473	2898	3513	7
29474	2898	3514	7
29475	2898	3515	7
29476	2898	3516	7
29477	2898	3519	7
29478	2898	3520	7
29479	2898	3521	7
29480	2898	3522	7
29481	2898	3523	7
29482	2898	3524	7
29483	2898	3525	7
29484	2898	3526	7
29485	2898	3527	7
29486	2898	3528	7
29487	2898	3529	7
29488	2898	3530	7
29489	2898	3531	5
29490	2898	3532	7
29491	2898	3533	7
29492	2898	3543	7
29493	2898	3544	7
29494	2898	3545	7
29495	2898	3546	7
29496	2898	3547	7
29497	2898	3548	7
29498	2898	3549	5
29499	2898	3550	7
29500	2898	3551	7
29501	2898	3552	7
29502	2898	3553	5
29503	2898	3554	7
29504	2898	3555	7
29505	2898	3556	7
29506	2898	3558	5
29507	2898	3560	7
29508	2898	3561	5
29509	2898	5718	7
29510	2898	5719	7
29511	2898	5720	7
29512	2898	5721	7
29513	2898	5722	7
29514	2898	6332	7
29515	2898	6333	7
29516	2898	6796	2
29517	2898	6797	2
29518	2898	6798	2
29519	2898	6799	2
29520	2898	6800	2
29521	2898	6801	2
29522	2898	6802	2
29523	2898	6803	2
29524	2898	6805	2
29525	2898	6806	2
29526	2898	6808	2
29527	2898	6809	2
29528	2898	6810	2
29529	2898	6811	2
29530	2898	6815	2
29531	2898	6859	7
29532	2898	6860	7
29533	2898	6864	2
29534	2899	1241	2
29535	2899	1242	2
29536	2899	1492	2
29537	2899	1495	2
29538	2899	2890	7
29539	2899	2892	7
29540	2899	2893	7
29541	2899	2895	7
29542	2899	2900	7
29543	2899	2904	7
29544	2899	2941	7
29545	2899	2942	7
29546	2899	2943	7
29547	2899	2945	7
29548	2899	2950	7
29549	2899	2952	7
29550	2899	2953	7
29551	2899	3510	5
29552	2899	3512	5
29553	2899	3513	7
29554	2899	3514	7
29555	2899	3515	7
29556	2899	3522	7
29557	2899	3523	7
29558	2899	3524	7
29559	2899	3525	7
29560	2899	3526	7
29561	2899	3527	7
29562	2899	3528	7
29563	2899	3529	7
29564	2899	3530	7
29565	2899	3531	5
29566	2899	3532	7
29567	2899	3533	7
29568	2899	3543	7
29569	2899	3544	7
29570	2899	3545	7
29571	2899	3546	7
29572	2899	3547	7
29573	2899	3548	7
29574	2899	3549	5
29575	2899	3550	7
29576	2899	3551	7
29577	2899	3552	7
29578	2899	3553	5
29579	2899	3554	7
29580	2899	3556	7
29581	2899	3558	5
29582	2899	3560	7
29583	2899	3561	5
29584	2899	5718	7
29585	2899	5719	7
29586	2899	5720	7
29587	2899	5721	7
29588	2899	5722	7
29589	2899	6796	2
29590	2899	6797	2
29591	2899	6798	2
29592	2899	6799	2
29593	2899	6800	2
29594	2899	6801	2
29595	2899	6802	2
29596	2899	6803	2
29597	2899	6805	2
29598	2899	6806	2
29599	2899	6808	2
29600	2899	6809	2
29601	2899	6810	2
29602	2899	6811	2
29603	2899	6815	2
29604	2899	6860	7
29605	2899	6864	2
29606	2900	1241	2
29607	2900	1242	2
29608	2900	1479	2
29609	2900	1492	2
29610	2900	1495	2
29611	2900	2890	7
29612	2900	2892	7
29613	2900	2895	7
29614	2900	2899	7
29615	2900	2902	7
29616	2900	2904	7
29617	2900	2941	7
29618	2900	2943	7
29619	2900	2946	7
29620	2900	2947	7
29621	2900	2948	7
29622	2900	2949	7
29623	2900	2950	7
29624	2900	2953	7
29625	2900	3510	5
29626	2900	3511	5
29627	2900	3512	5
29628	2900	3513	7
29629	2900	3514	7
29630	2900	3515	7
29631	2900	3516	7
29632	2900	3517	7
29633	2900	3518	7
29634	2900	3519	7
29635	2900	3520	7
29636	2900	3521	7
29637	2900	3522	7
29638	2900	3523	7
29639	2900	3524	7
29640	2900	3525	7
29641	2900	3526	7
29642	2900	3527	7
29643	2900	3528	7
29644	2900	3529	7
29645	2900	3530	7
29646	2900	3531	5
29647	2900	3532	7
29648	2900	3533	7
29649	2900	3543	7
29650	2900	3544	7
29651	2900	3545	7
29652	2900	3546	7
29653	2900	3547	7
29654	2900	3548	7
29655	2900	3549	5
29656	2900	3550	7
29657	2900	3551	7
29658	2900	3552	7
29659	2900	3553	5
29660	2900	3554	7
29661	2900	3555	7
29662	2900	3556	7
29663	2900	3560	7
29664	2900	3561	5
29665	2900	5718	7
29666	2900	5719	7
29667	2900	5720	7
29668	2900	5721	7
29669	2900	5722	7
29670	2900	6332	7
29671	2900	6333	7
29672	2900	6533	7
29673	2900	6791	7
29674	2900	6794	2
29675	2900	6796	2
29676	2900	6799	2
29677	2900	6800	2
29678	2900	6801	2
29679	2900	6802	2
29680	2900	6803	2
29681	2900	6805	2
29682	2900	6806	2
29683	2900	6808	2
29684	2900	6809	2
29685	2900	6810	2
29686	2900	6811	2
29687	2900	6859	7
29688	2900	6860	7
29689	2900	6864	2
29690	2901	1241	2
29691	2901	1242	2
29692	2901	1479	2
29693	2901	1492	2
29694	2901	1495	2
29695	2901	1523	2
29696	2901	2895	7
29697	2901	2938	7
29698	2901	2945	7
29699	2901	3510	5
29700	2901	3511	5
29701	2901	3512	5
29702	2901	3513	7
29703	2901	3514	7
29704	2901	3515	7
29705	2901	3516	7
29706	2901	3517	7
29707	2901	3519	7
29708	2901	3520	7
29709	2901	3521	7
29710	2901	3522	7
29711	2901	3523	7
29712	2901	3524	7
29713	2901	3525	7
29714	2901	3526	7
29715	2901	3528	7
29716	2901	3529	7
29717	2901	3530	7
29718	2901	3531	5
29719	2901	3532	7
29720	2901	3533	7
29721	2901	3543	7
29722	2901	3544	7
29723	2901	3545	7
29724	2901	3546	7
29725	2901	3547	7
29726	2901	3548	7
29727	2901	3549	5
29728	2901	3550	7
29729	2901	3552	7
29730	2901	3554	7
29731	2901	5718	7
29732	2901	5719	7
29733	2901	5720	7
29734	2901	5721	7
29735	2901	6331	5
29736	2901	6787	2
29737	2901	6788	2
29738	2901	6790	2
29739	2901	6791	7
29740	2901	6792	2
29741	2901	6793	2
29742	2901	6794	2
29743	2901	6796	2
29744	2901	6799	2
29745	2901	6800	2
29746	2901	6802	2
29747	2901	6806	2
29748	2901	6808	2
29749	2901	6809	2
29750	2901	6810	2
29751	2901	6811	2
29752	2901	6813	2
29753	2901	6864	2
29754	2902	1241	2
29755	2902	1242	2
29756	2902	1479	2
29757	2902	1492	2
29758	2902	1493	7
29759	2902	1495	2
29760	2902	2891	7
29761	2902	2894	7
29762	2902	2895	7
29763	2902	2900	7
29764	2902	2904	7
29765	2902	2935	7
29766	2902	2942	7
29767	2902	2945	7
29768	2902	2946	7
29769	2902	2947	7
29770	2902	2949	7
29771	2902	2951	7
29772	2902	2952	7
29773	2902	3514	7
29774	2902	3528	7
29775	2902	3529	7
29776	2902	3530	7
29777	2902	3531	5
29778	2902	3532	7
29779	2902	3543	7
29780	2902	3544	7
29781	2902	3545	7
29782	2902	3546	7
29783	2902	3547	7
29784	2902	3548	7
29785	2902	3549	5
29786	2902	3550	7
29787	2902	3551	7
29788	2902	3554	7
29789	2902	3557	7
29790	2902	5719	7
29791	2902	5720	7
29792	2902	6329	7
29793	2902	6330	7
29794	2902	6332	7
29795	2902	6532	5
29796	2902	6796	2
29797	2902	6797	2
29798	2902	6798	2
29799	2902	6799	2
29800	2902	6800	2
29801	2902	6801	2
29802	2902	6802	2
29803	2902	6803	2
29804	2902	6805	2
29805	2902	6806	2
29806	2902	6808	2
29807	2902	6809	2
29808	2902	6810	2
29809	2902	6811	2
29810	2902	6814	7
29811	2902	6815	2
29812	2902	6864	2
29813	2902	7333	7
29814	2903	1241	2
29815	2903	1242	2
29816	2903	1479	2
29817	2903	1492	2
29818	2903	1493	7
29819	2903	1495	2
29820	2903	2891	7
29821	2903	2894	7
29822	2903	2907	5
29823	2903	2934	7
29824	2903	2936	7
29825	2903	2937	7
29826	2903	2951	7
29827	2903	6213	7
29828	2903	6339	7
29829	2903	6795	7
29830	2903	6796	2
29831	2903	6797	2
29832	2903	6798	2
29833	2903	6799	2
29834	2903	6800	2
29835	2903	6801	2
29836	2903	6802	2
29837	2903	6803	2
29838	2903	6804	7
29839	2903	6805	2
29840	2903	6806	2
29841	2903	6808	2
29842	2903	6809	2
29843	2903	6810	2
29844	2903	6811	2
29845	2903	6815	2
29846	2903	6857	2
29847	2903	6864	2
29848	2903	7333	7
29849	2904	1241	2
29850	2904	1242	2
29851	2904	1492	2
29852	2904	1495	2
29853	2904	2890	7
29854	2904	2892	7
29855	2904	2893	7
29856	2904	2895	7
29857	2904	2899	7
29858	2904	2900	7
29859	2904	2902	7
29860	2904	2941	7
29861	2904	2942	7
29862	2904	2943	7
29863	2904	2945	7
29864	2904	2946	7
29865	2904	2949	7
29866	2904	2950	7
29867	2904	2953	7
29868	2904	3510	5
29869	2904	3511	5
29870	2904	3512	5
29871	2904	3513	7
29872	2904	3514	7
29873	2904	3515	7
29874	2904	3516	7
29875	2904	3517	7
29876	2904	3518	7
29877	2904	3519	7
29878	2904	3520	7
29879	2904	3521	7
29880	2904	3522	7
29881	2904	3523	7
29882	2904	3524	7
29883	2904	3525	7
29884	2904	3526	7
29885	2904	3527	7
29886	2904	3528	7
29887	2904	3529	7
29888	2904	3530	7
29889	2904	3531	5
29890	2904	3532	7
29891	2904	3533	7
29892	2904	3543	7
29893	2904	3544	7
29894	2904	3545	7
29895	2904	3548	7
29896	2904	3549	5
29897	2904	3550	7
29898	2904	3552	7
29899	2904	3554	7
29900	2904	3555	7
29901	2904	3556	7
29902	2904	3558	5
29903	2904	3560	7
29904	2904	3561	5
29905	2904	5718	7
29906	2904	5719	7
29907	2904	5720	7
29908	2904	5721	7
29909	2904	5722	7
29910	2904	6796	2
29911	2904	6798	2
29912	2904	6799	2
29913	2904	6800	2
29914	2904	6801	2
29915	2904	6802	2
29916	2904	6803	2
29917	2904	6805	2
29918	2904	6806	2
29919	2904	6808	2
29920	2904	6809	2
29921	2904	6810	2
29922	2904	6811	2
29923	2904	6860	7
29924	2904	6864	2
29925	2905	1241	2
29926	2905	1242	2
29927	2905	1479	2
29928	2905	1492	2
29929	2905	1494	2
29930	2905	1495	2
29931	2905	1520	2
29932	2905	1522	5
29933	2905	1523	2
29934	2905	1524	2
29935	2905	2908	5
29936	2905	2935	5
29937	2905	3536	5
29938	2905	6210	5
29939	2905	6212	5
29940	2905	6338	5
29941	2905	6796	2
29942	2905	6800	2
29943	2905	6802	2
29944	2905	6808	2
29945	2905	6809	2
29946	2905	6810	2
29947	2905	6811	2
29948	2905	6812	5
29949	2905	6864	2
29950	2905	6865	2
29951	2906	1241	2
29952	2906	1242	2
29953	2906	1479	2
29954	2906	1492	2
29955	2906	1494	2
29956	2906	1495	2
29957	2906	1520	2
29958	2906	1521	5
29959	2906	1523	2
29960	2906	1524	2
29961	2906	2888	5
29962	2906	2896	5
29963	2906	2897	5
29964	2906	2908	5
29965	2906	2930	5
29966	2906	2931	5
29967	2906	3537	5
29968	2906	3539	5
29969	2906	3541	5
29970	2906	4733	5
29971	2906	4734	5
29972	2906	4735	5
29973	2906	6338	5
29974	2906	6796	2
29975	2906	6799	2
29976	2906	6800	2
29977	2906	6801	2
29978	2906	6802	2
29979	2906	6803	2
29980	2906	6805	2
29981	2906	6806	2
29982	2906	6808	2
29983	2906	6809	2
29984	2906	6810	2
29985	2906	6811	2
29986	2906	6863	5
29987	2906	6864	2
29988	2906	6865	2
29989	2907	1241	2
29990	2907	1242	2
29991	2907	1479	2
29992	2907	1492	2
29993	2907	1494	2
29994	2907	1495	2
29995	2907	1520	2
29996	2907	1522	5
29997	2907	1523	2
29998	2907	1524	2
29999	2907	2888	5
30000	2907	2903	5
30001	2907	2931	5
30002	2907	3536	5
30003	2907	6212	5
30004	2907	6338	5
30005	2907	6339	5
30006	2907	6788	2
30007	2907	6790	2
30008	2907	6794	2
30009	2907	6796	2
30010	2907	6800	2
30011	2907	6808	2
30012	2907	6809	2
30013	2907	6810	2
30014	2907	6811	2
30015	2907	6812	5
30016	2907	6864	2
30017	2907	6865	2
30018	2908	1241	2
30019	2908	1242	2
30020	2908	1479	2
30021	2908	1492	2
30022	2908	1494	2
30023	2908	1495	2
30024	2908	1520	2
30025	2908	1522	5
30026	2908	1523	2
30027	2908	1524	2
30028	2908	2888	5
30029	2908	2894	5
30030	2908	2905	5
30031	2908	2906	5
30032	2908	2931	5
30033	2908	2932	5
30034	2908	2934	5
30035	2908	2935	5
30036	2908	2937	5
30037	2908	2951	5
30038	2908	6212	5
30039	2908	6339	5
30040	2908	6788	2
30041	2908	6790	2
30042	2908	6792	2
30043	2908	6793	2
30044	2908	6794	2
30045	2908	6795	5
30046	2908	6796	2
30047	2908	6800	2
30048	2908	6808	2
30049	2908	6809	2
30050	2908	6810	2
30051	2908	6811	2
30052	2908	6812	5
30053	2908	6813	2
30054	2908	6864	2
30055	2908	6865	2
30056	2909	1481	2
30057	2909	1488	2
30058	2909	1490	7
30059	2909	1495	2
30060	2909	2889	5
30061	2909	2896	5
30062	2909	2897	5
30063	2909	3537	5
30064	2909	3539	5
30065	2909	3540	5
30066	2909	3541	5
30067	2909	3569	7
30068	2909	4733	5
30069	2909	4736	5
30070	2909	6797	2
30071	2909	6798	2
30072	2909	6799	2
30073	2909	6800	2
30074	2909	6801	2
30075	2909	6802	2
30076	2909	6803	2
30077	2909	6805	2
30078	2909	6806	2
30079	2909	6807	7
30080	2909	6810	2
30081	2909	6815	2
30082	2909	6857	2
30083	2909	6858	2
30084	2909	7302	5
30085	2910	1481	2
30086	2910	1488	2
30087	2910	1490	7
30088	2910	1495	2
30089	2910	2889	5
30090	2910	2896	5
30091	2910	2897	5
30092	2910	3539	5
30093	2910	3540	5
30094	2910	3541	5
30095	2910	3569	7
30096	2910	3570	5
30097	2910	4733	5
30098	2910	4736	5
30099	2910	6797	2
30100	2910	6798	2
30101	2910	6799	2
30102	2910	6800	2
30103	2910	6801	2
30104	2910	6802	2
30105	2910	6803	2
30106	2910	6805	2
30107	2910	6806	2
30108	2910	6810	2
30109	2910	6815	2
30110	2910	6857	2
30111	2910	6858	2
30112	2910	7302	5
30113	2911	1203	2
30114	2911	1204	5
30115	2911	1205	5
30116	2911	1209	2
30117	2911	1399	2
30118	2911	1401	2
30119	2911	1707	5
30120	2911	1708	5
30121	2911	1709	5
30122	2911	1710	5
30123	2911	1711	2
30124	2911	1712	2
30125	2911	1725	2
30126	2911	1727	2
30127	2911	1728	2
30128	2911	1729	5
30129	2911	1737	5
30130	2911	2883	5
30131	2911	2884	5
30132	2911	2887	5
30133	2911	2928	5
30134	2911	3751	5
30135	2911	3752	5
30136	2911	5706	5
30137	2911	5708	5
30138	2911	5922	5
30139	2911	5923	5
30140	2911	6400	5
30141	2911	6402	5
30142	2911	6403	5
30143	2911	6404	5
30144	2911	6408	5
30145	2911	6409	5
30146	2911	6414	5
30147	2911	6415	5
30148	2911	6416	5
30149	2911	6417	5
30150	2911	6423	5
30151	2911	7364	2
30152	2911	7365	5
30153	2911	7369	2
30154	2911	7373	2
30155	2912	1252	5
30156	2912	1641	5
30157	2912	1642	5
30158	2912	1646	2
30159	2912	1647	2
30160	2912	1649	2
30161	2912	1652	5
30162	2912	1657	5
30163	2912	1660	2
30164	2912	1661	2
30165	2912	1663	2
30166	2912	1666	2
30167	2912	1667	2
30168	2912	1668	2
30169	2912	1669	2
30170	2912	1670	2
30171	2912	1672	2
30172	2912	1715	2
30173	2912	1716	2
30174	2912	1718	2
30175	2912	1719	2
30176	2912	1720	2
30177	2912	2873	5
30178	2912	2914	5
30179	2912	2915	5
30180	2912	2919	5
30181	2912	2920	5
30182	2912	2921	5
30183	2912	3711	5
30184	2912	3712	5
30185	2912	3713	5
30186	2912	3716	5
30187	2912	3717	5
30188	2912	3720	5
30189	2912	3731	5
30190	2912	3732	5
30191	2912	3743	5
30192	2912	3744	5
30193	2912	3745	5
30194	2912	3746	5
30195	2912	4707	5
30196	2912	6375	5
30197	2912	6376	5
30198	2912	6377	5
30199	2912	6382	5
30200	2912	6407	5
30201	2912	6623	5
30202	2912	6911	5
30203	2912	7382	2
30204	2912	7392	2
30205	2913	1252	5
30206	2913	1641	5
30207	2913	1642	5
30208	2913	1646	2
30209	2913	1647	2
30210	2913	1649	2
30211	2913	1652	5
30212	2913	1657	5
30213	2913	1660	2
30214	2913	1661	2
30215	2913	1663	2
30216	2913	1666	2
30217	2913	1667	2
30218	2913	1668	2
30219	2913	1669	2
30220	2913	1670	2
30221	2913	1672	2
30222	2913	1715	2
30223	2913	1716	2
30224	2913	1718	2
30225	2913	1719	2
30226	2913	1720	2
30227	2913	1721	2
30228	2913	2873	5
30229	2913	2915	5
30230	2913	2919	5
30231	2913	2920	5
30232	2913	2921	5
30233	2913	3703	5
30234	2913	3709	5
30235	2913	3710	5
30236	2913	3711	5
30237	2913	3712	5
30238	2913	3713	5
30239	2913	3715	5
30240	2913	3716	5
30241	2913	3717	5
30242	2913	3718	5
30243	2913	3719	5
30244	2913	3720	5
30245	2913	3731	5
30246	2913	3732	5
30247	2913	3743	5
30248	2913	3744	5
30249	2913	3745	5
30250	2913	3746	5
30251	2913	4707	5
30252	2913	6375	5
30253	2913	6376	5
30254	2913	6377	5
30255	2913	6382	5
30256	2913	6407	5
30257	2913	6623	5
30258	2913	6911	5
30259	2913	7382	2
30260	2913	7392	2
30261	2914	1252	5
30262	2914	1641	5
30263	2914	1642	5
30264	2914	1646	2
30265	2914	1647	2
30266	2914	1649	2
30267	2914	1652	5
30268	2914	1653	2
30269	2914	1657	5
30270	2914	1660	2
30271	2914	1661	2
30272	2914	1663	2
30273	2914	1666	2
30274	2914	1667	2
30275	2914	1668	2
30276	2914	1669	2
30277	2914	1670	2
30278	2914	1672	2
30279	2914	1715	2
30280	2914	1716	2
30281	2914	1718	2
30282	2914	1719	2
30283	2914	1720	2
30284	2914	1721	2
30285	2914	2873	5
30286	2914	2912	5
30287	2914	2919	5
30288	2914	2920	5
30289	2914	2921	5
30290	2914	3702	5
30291	2914	3703	5
30292	2914	3707	5
30293	2914	3709	5
30294	2914	3710	5
30295	2914	3711	5
30296	2914	3712	5
30297	2914	3713	5
30298	2914	3714	5
30299	2914	3715	5
30300	2914	3716	5
30301	2914	3717	5
30302	2914	3718	5
30303	2914	3719	5
30304	2914	3720	5
30305	2914	3728	5
30306	2914	3731	5
30307	2914	3732	5
30308	2914	3743	5
30309	2914	3744	5
30310	2914	3745	5
30311	2914	3746	5
30312	2914	6375	5
30313	2914	6376	5
30314	2914	6382	5
30315	2914	6623	5
30316	2914	6911	5
30317	2914	7382	2
30318	2914	7392	2
30319	2915	1646	2
30320	2915	1647	2
30321	2915	1649	2
30322	2915	1653	2
30323	2915	1657	5
30324	2915	1660	2
30325	2915	1661	2
30326	2915	1663	2
30327	2915	1666	2
30328	2915	1667	2
30329	2915	1668	2
30330	2915	1669	2
30331	2915	1670	2
30332	2915	1672	2
30333	2915	1715	2
30334	2915	1716	2
30335	2915	1718	2
30336	2915	1719	2
30337	2915	1720	2
30338	2915	1721	2
30339	2915	2912	5
30340	2915	2913	5
30341	2915	2919	5
30342	2915	2920	7
30343	2915	3704	5
30344	2915	3707	7
30345	2915	3708	7
30346	2915	3709	7
30347	2915	3710	7
30348	2915	3711	7
30349	2915	3712	7
30350	2915	3713	7
30351	2915	3714	7
30352	2915	3715	7
30353	2915	3716	7
30354	2915	3717	7
30355	2915	3718	7
30356	2915	3719	7
30357	2915	3720	7
30358	2915	3722	7
30359	2915	3727	7
30360	2915	3728	7
30361	2915	3731	7
30362	2915	3732	7
30363	2915	3743	7
30364	2915	3744	7
30365	2915	3745	7
30366	2915	3746	7
30367	2915	6375	5
30368	2915	6376	5
30369	2915	6377	5
30370	2915	6407	7
30371	2915	6911	7
30372	2915	7382	2
30373	2915	7392	2
30374	2916	1253	7
30375	2916	1725	2
30376	2916	1727	2
30377	2916	2922	7
30378	2916	3718	7
30379	2916	3719	7
30380	2916	3725	7
30381	2916	3726	7
30382	2916	3727	7
30383	2916	3728	7
30384	2916	3729	7
30385	2916	3730	7
30386	2916	3733	7
30387	2916	3734	7
30388	2916	3735	7
30389	2916	3736	7
30390	2916	3739	7
30391	2916	3740	7
30392	2916	3741	7
30393	2916	3742	7
30394	2916	4511	5
30395	2916	4512	5
30396	2916	5935	7
30397	2916	5937	7
30398	2916	5938	5
30399	2916	6379	7
30400	2916	6383	7
30401	2916	6695	5
30402	2916	6882	7
30403	2916	6883	7
30404	2916	6884	7
30405	2916	6885	7
30406	2916	6886	7
30407	2916	6887	7
30408	2916	6888	7
30409	2916	6889	7
30410	2916	6890	7
30411	2916	6891	5
30412	2916	6892	5
30413	2916	6893	5
30414	2916	6894	7
30415	2916	6895	7
30416	2916	6896	7
30417	2916	6897	7
30418	2916	6898	7
30419	2916	6899	7
30420	2916	6900	7
30421	2916	6902	7
30422	2916	6903	7
30423	2916	6904	7
30424	2916	6906	7
30425	2916	6908	7
30426	2916	6909	7
30427	2916	6910	7
30428	2916	6993	7
30429	2917	1428	2
30430	2917	1672	2
30431	2917	1722	7
30432	2917	1723	7
30433	2917	1724	7
30434	2917	1725	2
30435	2917	1726	7
30436	2917	1727	2
30437	2917	2922	7
30438	2917	2923	7
30439	2917	2924	7
30440	2917	2925	7
30441	2917	3751	5
30442	2917	4485	7
30443	2917	5938	5
30444	2917	6378	7
30445	2917	6379	7
30446	2917	6381	7
30447	2917	6405	5
30448	2917	6408	7
30449	2917	6409	7
30450	2917	6410	7
30451	2917	6413	7
30452	2917	6624	7
30453	2917	6625	7
30454	2917	6695	5
30455	2917	6877	7
30456	2917	6891	5
30457	2917	6892	5
30458	2917	6893	5
30459	2917	6901	7
30460	2917	6905	7
30461	2917	6907	7
30462	2917	7391	7
30463	2917	7392	2
30464	2918	1428	2
30465	2918	1661	2
30466	2918	1670	2
30467	2918	1672	2
30468	2918	1711	2
30469	2918	1712	2
30470	2918	1722	7
30471	2918	1723	7
30472	2918	1724	7
30473	2918	1725	2
30474	2918	1726	7
30475	2918	1727	2
30476	2918	2922	7
30477	2918	2925	7
30478	2918	3751	5
30479	2918	4485	7
30480	2918	5938	5
30481	2918	6378	7
30482	2918	6379	7
30483	2918	6381	7
30484	2918	6383	7
30485	2918	6402	7
30486	2918	6405	5
30487	2918	6408	7
30488	2918	6409	7
30489	2918	6410	7
30490	2918	6413	7
30491	2918	6422	5
30492	2918	6624	7
30493	2918	6625	7
30494	2918	6695	5
30495	2918	6877	7
30496	2918	6891	5
30497	2918	6892	5
30498	2918	6893	5
30499	2918	6901	7
30500	2918	6905	7
30501	2918	7369	2
30502	2918	7391	7
30503	2918	7392	2
30504	2919	1252	5
30505	2919	1623	5
30506	2919	1624	2
30507	2919	1625	5
30508	2919	1626	5
30509	2919	1627	5
30510	2919	1633	5
30511	2919	1634	5
30512	2919	1635	5
30513	2919	1636	5
30514	2919	1637	5
30515	2919	1638	5
30516	2919	1639	5
30517	2919	1641	5
30518	2919	1642	5
30519	2919	1643	5
30520	2919	1644	5
30521	2919	1646	2
30522	2919	1647	2
30523	2919	1649	2
30524	2919	1652	5
30525	2919	1653	2
30526	2919	1654	2
30527	2919	1655	5
30528	2919	1657	5
30529	2919	1658	5
30530	2919	1659	5
30531	2919	1666	2
30532	2919	1667	2
30533	2919	1668	2
30534	2919	1669	2
30535	2919	1670	2
30536	2919	1715	2
30537	2919	1716	2
30538	2919	1717	2
30539	2919	1718	2
30540	2919	1719	2
30541	2919	1720	2
30542	2919	1721	2
30543	2919	2873	5
30544	2919	2912	5
30545	2919	2913	5
30546	2919	2914	5
30547	2919	2915	5
30548	2919	2921	5
30549	2919	3700	5
30550	2919	3701	5
30551	2919	3702	5
30552	2919	3703	5
30553	2919	3704	5
30554	2919	3705	5
30555	2919	3708	5
30556	2919	3709	5
30557	2919	3710	5
30558	2919	3711	5
30559	2919	3712	5
30560	2919	3713	5
30561	2919	3714	5
30562	2919	3715	5
30563	2919	3716	5
30564	2919	3717	5
30565	2919	3718	5
30566	2919	3719	5
30567	2919	3720	5
30568	2919	3722	5
30569	2919	3727	5
30570	2919	3728	5
30571	2919	3731	5
30572	2919	3732	5
30573	2919	3743	5
30574	2919	3745	5
30575	2919	3746	5
30576	2919	4707	5
30577	2919	6371	5
30578	2919	6375	5
30579	2919	6377	5
30580	2919	6382	5
30581	2919	6407	5
30582	2919	6623	5
30583	2919	6911	5
30584	2919	7361	5
30585	2919	7382	2
30586	2919	7392	2
30587	2920	1252	7
30588	2920	1624	2
30589	2920	1627	5
30590	2920	1635	5
30591	2920	1637	5
30592	2920	1644	5
30593	2920	1646	2
30594	2920	1647	2
30595	2920	1649	2
30596	2920	1653	2
30597	2920	1657	5
30598	2920	1659	5
30599	2920	1660	2
30600	2920	1661	2
30601	2920	1663	2
30602	2920	1666	2
30603	2920	1667	2
30604	2920	1668	2
30605	2920	1669	2
30606	2920	1670	2
30607	2920	1715	2
30608	2920	1716	2
30609	2920	1717	2
30610	2920	1718	2
30611	2920	1719	2
30612	2920	1720	2
30613	2920	1721	2
30614	2920	2873	7
30615	2920	2912	5
30616	2920	2913	5
30617	2920	2914	5
30618	2920	2915	7
30619	2920	3704	5
30620	2920	3707	7
30621	2920	3709	7
30622	2920	3710	7
30623	2920	3711	7
30624	2920	3712	7
30625	2920	3713	7
30626	2920	3714	7
30627	2920	3715	7
30628	2920	3716	7
30629	2920	3717	7
30630	2920	3718	7
30631	2920	3719	7
30632	2920	3720	7
30633	2920	3722	7
30634	2920	3727	7
30635	2920	3728	7
30636	2920	3731	7
30637	2920	3732	7
30638	2920	3743	7
30639	2920	3744	7
30640	2920	3745	7
30641	2920	3746	7
30642	2920	6375	5
30643	2920	6376	5
30644	2920	6377	5
30645	2920	6382	7
30646	2920	6407	7
30647	2920	6623	7
30648	2920	6911	7
30649	2920	7382	2
30650	2920	7392	2
30651	2921	1252	7
30652	2921	1627	5
30653	2921	1635	5
30654	2921	1646	2
30655	2921	1647	2
30656	2921	1649	2
30657	2921	1653	2
30658	2921	1657	5
30659	2921	1659	5
30660	2921	1660	2
30661	2921	1661	2
30662	2921	1663	2
30663	2921	1666	2
30664	2921	1667	2
30665	2921	1668	2
30666	2921	1669	2
30667	2921	1670	2
30668	2921	1715	2
30669	2921	1716	2
30670	2921	1718	2
30671	2921	1719	2
30672	2921	1720	2
30673	2921	1721	2
30674	2921	2873	7
30675	2921	2912	5
30676	2921	2913	5
30677	2921	2914	5
30678	2921	2919	5
30679	2921	3704	5
30680	2921	3707	7
30681	2921	3708	7
30682	2921	3709	7
30683	2921	3710	7
30684	2921	3711	7
30685	2921	3712	7
30686	2921	3713	7
30687	2921	3714	7
30688	2921	3715	7
30689	2921	3716	7
30690	2921	3717	7
30691	2921	3718	7
30692	2921	3719	7
30693	2921	3720	7
30694	2921	3722	7
30695	2921	3727	7
30696	2921	3728	7
30697	2921	3730	7
30698	2921	3731	7
30699	2921	3732	7
30700	2921	3743	7
30701	2921	3744	7
30702	2921	3746	7
30703	2921	6375	5
30704	2921	6376	5
30705	2921	6382	7
30706	2921	6407	7
30707	2921	6623	7
30708	2921	6911	7
30709	2921	7382	2
30710	2921	7392	2
30711	2922	1660	2
30712	2922	1661	2
30713	2922	1663	2
30714	2922	1666	2
30715	2922	1667	2
30716	2922	1668	2
30717	2922	1669	2
30718	2922	1670	2
30719	2922	1672	2
30720	2922	1718	2
30721	2922	1719	2
30722	2922	1721	2
30723	2922	1722	7
30724	2922	1723	7
30725	2922	2916	7
30726	2922	2917	7
30727	2922	2918	7
30728	2922	2924	7
30729	2922	2925	7
30730	2922	3735	7
30731	2922	3737	7
30732	2922	3741	7
30733	2922	3742	7
30734	2922	3751	5
30735	2922	4484	7
30736	2922	4485	7
30737	2922	6379	7
30738	2922	6381	7
30739	2922	6402	7
30740	2922	6405	5
30741	2922	6408	7
30742	2922	6409	7
30743	2922	6413	7
30744	2922	6624	7
30745	2922	6625	7
30746	2922	6907	7
30747	2922	6909	7
30748	2922	7391	7
30749	2922	7392	2
30750	2923	1660	2
30751	2923	1661	2
30752	2923	1666	2
30753	2923	1668	2
30754	2923	1669	2
30755	2923	1670	2
30756	2923	1672	2
30757	2923	1722	7
30758	2923	1723	7
30759	2923	1724	7
30760	2923	1725	2
30761	2923	1726	7
30762	2923	1727	2
30763	2923	2917	7
30764	2923	2924	7
30765	2923	2925	7
30766	2923	3751	5
30767	2923	4485	7
30768	2923	6378	7
30769	2923	6379	7
30770	2923	6381	7
30771	2923	6383	7
30772	2923	6402	7
30773	2923	6405	5
30774	2923	6408	7
30775	2923	6409	7
30776	2923	6410	7
30777	2923	6411	7
30778	2923	6413	7
30779	2923	6422	5
30780	2923	6624	7
30781	2923	6625	7
30782	2923	6695	5
30783	2923	6877	7
30784	2923	6891	5
30785	2923	6892	5
30786	2923	6893	5
30787	2923	6901	7
30788	2923	6905	7
30789	2923	6907	7
30790	2923	7391	7
30791	2923	7392	2
30792	2924	1428	2
30793	2924	1672	2
30794	2924	1711	2
30795	2924	1712	2
30796	2924	1722	7
30797	2924	1723	7
30798	2924	1724	7
30799	2924	1725	2
30800	2924	1726	7
30801	2924	1727	2
30802	2924	2917	7
30803	2924	2922	7
30804	2924	2923	7
30805	2924	3751	5
30806	2924	4485	7
30807	2924	5938	5
30808	2924	6378	7
30809	2924	6379	7
30810	2924	6381	7
30811	2924	6383	7
30812	2924	6402	7
30813	2924	6405	5
30814	2924	6408	7
30815	2924	6409	7
30816	2924	6410	7
30817	2924	6413	7
30818	2924	6624	7
30819	2924	6625	7
30820	2924	6695	5
30821	2924	6877	7
30822	2924	6891	5
30823	2924	6892	5
30824	2924	6893	5
30825	2924	6901	7
30826	2924	6905	7
30827	2924	6907	7
30828	2924	7364	2
30829	2924	7369	2
30830	2924	7391	7
30831	2924	7392	2
30832	2925	1428	2
30833	2925	1711	2
30834	2925	1712	2
30835	2925	1714	2
30836	2925	1722	7
30837	2925	1723	7
30838	2925	1724	7
30839	2925	1725	2
30840	2925	1726	7
30841	2925	1727	2
30842	2925	2917	7
30843	2925	2918	7
30844	2925	2922	7
30845	2925	2923	7
30846	2925	3751	5
30847	2925	5938	5
30848	2925	6378	7
30849	2925	6379	7
30850	2925	6381	7
30851	2925	6383	7
30852	2925	6402	7
30853	2925	6405	5
30854	2925	6408	7
30855	2925	6409	7
30856	2925	6624	7
30857	2925	6625	7
30858	2925	6695	5
30859	2925	6877	7
30860	2925	6891	5
30861	2925	6892	5
30862	2925	6893	5
30863	2925	6901	7
30864	2925	6905	7
30865	2925	6907	7
30866	2925	7364	2
30867	2925	7369	2
30868	2926	1203	2
30869	2926	1660	2
30870	2926	1661	2
30871	2926	1662	2
30872	2926	1663	2
30873	2926	1666	2
30874	2926	1668	2
30875	2926	1669	2
30876	2926	1670	2
30877	2926	1672	2
30878	2926	1673	2
30879	2926	1719	2
30880	2926	1721	2
30881	2926	3749	5
30882	2926	5703	5
30883	2926	5704	5
30884	2926	5705	5
30885	2926	5914	5
30886	2926	6384	5
30887	2927	1662	2
30888	2927	1665	5
30889	2927	1673	2
30890	2927	3759	5
30891	2927	3760	5
30892	2927	3761	5
30893	2927	3819	5
30894	2927	5707	5
30895	2927	5895	5
30896	2927	5914	5
30897	2927	6384	5
30898	2927	6386	5
30899	2927	6617	5
30900	2928	1205	5
30901	2928	1210	5
30902	2928	1401	2
30903	2928	1706	5
30904	2928	1707	5
30905	2928	1708	5
30906	2928	1709	5
30907	2928	1710	5
30908	2928	1728	2
30909	2928	2874	2
30910	2928	2875	2
30911	2928	2883	5
30912	2928	2887	5
30913	2928	2911	5
30914	2928	3754	5
30915	2928	3755	5
30916	2928	5706	5
30917	2928	6399	5
30918	2928	6401	5
30919	2929	2874	2
30920	2929	2875	2
30921	2929	2876	2
30922	2929	2879	5
30923	2929	5918	5
30924	2930	1242	2
30925	2930	1492	2
30926	2930	1495	2
30927	2930	2888	7
30928	2930	2889	5
30929	2930	2896	5
30930	2930	2906	5
30931	2930	3537	5
30932	2930	3539	5
30933	2930	3540	5
30934	2930	3541	5
30935	2930	4732	5
30936	2930	4733	5
30937	2930	4734	5
30938	2930	4735	5
30939	2930	4736	5
30940	2930	6796	2
30941	2930	6799	2
30942	2930	6800	2
30943	2930	6801	2
30944	2930	6802	2
30945	2930	6803	2
30946	2930	6805	2
30947	2930	6806	2
30948	2930	6809	2
30949	2930	6810	2
30950	2930	6815	2
30951	2930	6857	2
30952	2930	6858	2
30953	2930	6864	2
30954	2930	7302	5
30955	2931	1242	2
30956	2931	1479	2
30957	2931	1492	2
30958	2931	1495	2
30959	2931	2888	7
30960	2931	2889	5
30961	2931	2897	5
30962	2931	2906	5
30963	2931	2907	5
30964	2931	2908	5
30965	2931	3537	5
30966	2931	3539	5
30967	2931	3541	5
30968	2931	4732	5
30969	2931	4733	5
30970	2931	4734	5
30971	2931	4735	5
30972	2931	4736	5
30973	2931	5711	7
30974	2931	6338	7
30975	2931	6796	2
30976	2931	6799	2
30977	2931	6800	2
30978	2931	6801	2
30979	2931	6802	2
30980	2931	6803	2
30981	2931	6805	2
30982	2931	6806	2
30983	2931	6808	2
30984	2931	6809	2
30985	2931	6810	2
30986	2931	6811	2
30987	2931	6815	2
30988	2931	6857	2
30989	2931	6858	2
30990	2931	6864	2
30991	2931	7302	5
30992	2932	1241	2
30993	2932	1242	2
30994	2932	1479	2
30995	2932	1492	2
30996	2932	1493	7
30997	2932	1495	2
30998	2932	2891	7
30999	2932	2894	7
31000	2932	2908	5
31001	2932	2934	7
31002	2932	2936	7
31003	2932	2937	7
31004	2932	2947	7
31005	2932	2948	7
31006	2932	2949	7
31007	2932	2951	7
31008	2932	3537	5
31009	2932	3557	7
31010	2932	5711	7
31011	2932	6213	7
31012	2932	6328	7
31013	2932	6329	7
31014	2932	6330	7
31015	2932	6332	7
31016	2932	6339	7
31017	2932	6532	5
31018	2932	6795	7
31019	2932	6796	2
31020	2932	6799	2
31021	2932	6800	2
31022	2932	6801	2
31023	2932	6802	2
31024	2932	6803	2
31025	2932	6805	2
31026	2932	6806	2
31027	2932	6808	2
31028	2932	6809	2
31029	2932	6810	2
31030	2932	6811	2
31031	2932	6814	7
31032	2932	6815	2
31033	2932	6862	7
31034	2932	6864	2
31035	2932	7333	7
31036	2933	1241	2
31037	2933	1242	2
31038	2933	1479	2
31039	2933	1492	2
31040	2933	1493	7
31041	2933	1495	2
31042	2933	2891	7
31043	2933	2903	7
31044	2933	2935	7
31045	2933	2936	7
31046	2933	2937	7
31047	2933	2951	7
31048	2933	3537	5
31049	2933	5711	7
31050	2933	6213	7
31051	2933	6339	7
31052	2933	6795	7
31053	2933	6796	2
31054	2933	6799	2
31055	2933	6801	2
31056	2933	6802	2
31057	2933	6803	2
31058	2933	6804	7
31059	2933	6805	2
31060	2933	6806	2
31061	2933	6808	2
31062	2933	6809	2
31063	2933	6810	2
31064	2933	6811	2
31065	2933	6815	2
31066	2933	6864	2
31067	2933	7333	7
31068	2934	1241	2
31069	2934	1242	2
31070	2934	1479	2
31071	2934	1492	2
31072	2934	1493	7
31073	2934	1495	2
31074	2934	2891	7
31075	2934	2894	7
31076	2934	2903	7
31077	2934	2908	5
31078	2934	2932	7
31079	2934	2935	7
31080	2934	2936	7
31081	2934	2937	7
31082	2934	2951	7
31083	2934	3537	5
31084	2934	6213	7
31085	2934	6338	7
31086	2934	6339	7
31087	2934	6795	7
31088	2934	6796	2
31089	2934	6799	2
31090	2934	6800	2
31091	2934	6801	2
31092	2934	6802	2
31093	2934	6803	2
31094	2934	6805	2
31095	2934	6806	2
31096	2934	6808	2
31097	2934	6809	2
31098	2934	6810	2
31099	2934	6811	2
31100	2934	6815	2
31101	2934	6864	2
31102	2934	7333	7
31103	2935	1241	2
31104	2935	1242	2
31105	2935	1479	2
31106	2935	1492	2
31107	2935	1493	7
31108	2935	1495	2
31109	2935	2891	7
31110	2935	2894	7
31111	2935	2902	7
31112	2935	2905	5
31113	2935	2908	5
31114	2935	2933	7
31115	2935	2934	7
31116	2935	2936	7
31117	2935	2937	7
31118	2935	2948	7
31119	2935	2949	7
31120	2935	2952	7
31121	2935	5711	7
31122	2935	6213	7
31123	2935	6329	7
31124	2935	6330	7
31125	2935	6332	7
31126	2935	6339	7
31127	2935	6532	5
31128	2935	6795	7
31129	2935	6796	2
31130	2935	6799	2
31131	2935	6800	2
31132	2935	6801	2
31133	2935	6802	2
31134	2935	6803	2
31135	2935	6805	2
31136	2935	6806	2
31137	2935	6808	2
31138	2935	6809	2
31139	2935	6810	2
31140	2935	6811	2
31141	2935	6815	2
31142	2935	6862	7
31143	2935	6864	2
31144	2935	7333	7
31145	2936	1241	2
31146	2936	1242	2
31147	2936	1479	2
31148	2936	1492	2
31149	2936	1493	7
31150	2936	1494	2
31151	2936	1495	2
31152	2936	1523	2
31153	2936	2891	7
31154	2936	2903	7
31155	2936	2932	7
31156	2936	2933	7
31157	2936	2935	7
31158	2936	2937	7
31159	2936	2947	7
31160	2936	2951	7
31161	2936	3528	7
31162	2936	3529	7
31163	2936	5711	7
31164	2936	6213	7
31165	2936	6339	7
31166	2936	6794	2
31167	2936	6795	7
31168	2936	6796	2
31169	2936	6799	2
31170	2936	6800	2
31171	2936	6801	2
31172	2936	6802	2
31173	2936	6803	2
31174	2936	6805	2
31175	2936	6806	2
31176	2936	6808	2
31177	2936	6809	2
31178	2936	6810	2
31179	2936	6811	2
31180	2936	6864	2
31181	2936	6865	2
31182	2936	7333	7
31183	2937	1241	2
31184	2937	1242	2
31185	2937	1479	2
31186	2937	1492	2
31187	2937	1494	2
31188	2937	1495	2
31189	2937	1523	2
31190	2937	2891	7
31191	2937	2894	7
31192	2937	2903	7
31193	2937	2908	5
31194	2937	2932	7
31195	2937	2933	7
31196	2937	2934	7
31197	2937	2935	7
31198	2937	2947	7
31199	2937	2951	7
31200	2937	5711	7
31201	2937	6339	7
31202	2937	6788	2
31203	2937	6790	2
31204	2937	6794	2
31205	2937	6796	2
31206	2937	6799	2
31207	2937	6800	2
31208	2937	6801	2
31209	2937	6802	2
31210	2937	6803	2
31211	2937	6805	2
31212	2937	6806	2
31213	2937	6808	2
31214	2937	6809	2
31215	2937	6810	2
31216	2937	6811	2
31217	2937	6864	2
31218	2937	6865	2
31219	2937	7333	7
31220	2938	1241	2
31221	2938	1242	2
31222	2938	1479	2
31223	2938	1492	2
31224	2938	1494	2
31225	2938	1495	2
31226	2938	1523	2
31227	2938	2895	7
31228	2938	2901	7
31229	2938	3527	7
31230	2938	3531	5
31231	2938	3532	7
31232	2938	3543	7
31233	2938	3544	7
31234	2938	3549	5
31235	2938	3550	7
31236	2938	5720	7
31237	2938	6787	2
31238	2938	6788	2
31239	2938	6790	2
31240	2938	6792	2
31241	2938	6793	2
31242	2938	6794	2
31243	2938	6796	2
31244	2938	6799	2
31245	2938	6800	2
31246	2938	6802	2
31247	2938	6806	2
31248	2938	6808	2
31249	2938	6809	2
31250	2938	6810	2
31251	2938	6811	2
31252	2938	6812	7
31253	2938	6813	2
31254	2938	6864	2
31255	2938	6865	2
31256	2939	2720	2
31257	2939	2721	5
31258	2939	2722	2
31259	2939	2723	5
31260	2939	2724	2
31261	2939	2725	2
31262	2939	2727	2
31263	2939	4182	5
31264	2939	4183	5
31265	2939	6128	5
31266	2939	6512	5
31267	2939	6513	5
31268	2939	6694	2
31269	2940	1241	2
31270	2940	1242	2
31271	2940	1479	2
31272	2940	1492	2
31273	2940	1494	2
31274	2940	1495	2
31275	2940	1523	2
31276	2940	3510	5
31277	2940	3511	5
31278	2940	3512	5
31279	2940	3516	7
31280	2940	3519	7
31281	2940	3520	7
31282	2940	3521	7
31283	2940	3522	7
31284	2940	3523	7
31285	2940	3524	7
31286	2940	3531	5
31287	2940	3549	5
31288	2940	6331	5
31289	2940	6787	2
31290	2940	6788	2
31291	2940	6790	2
31292	2940	6792	2
31293	2940	6793	2
31294	2940	6794	2
31295	2940	6796	2
31296	2940	6800	2
31297	2940	6802	2
31298	2940	6808	2
31299	2940	6809	2
31300	2940	6810	2
31301	2940	6811	2
31302	2940	6813	2
31303	2940	6864	2
31304	2940	6865	2
31305	2941	1241	2
31306	2941	1242	2
31307	2941	1479	2
31308	2941	1492	2
31309	2941	1495	2
31310	2941	2890	7
31311	2941	2893	7
31312	2941	2895	7
31313	2941	2898	7
31314	2941	2899	7
31315	2941	2900	7
31316	2941	2904	7
31317	2941	2943	7
31318	2941	2945	7
31319	2941	2946	7
31320	2941	2947	7
31321	2941	2948	7
31322	2941	2950	7
31323	2941	2953	7
31324	2941	3511	5
31325	2941	3512	5
31326	2941	3513	7
31327	2941	3514	7
31328	2941	3515	7
31329	2941	3516	7
31330	2941	3517	7
31331	2941	3518	7
31332	2941	3519	7
31333	2941	3521	7
31334	2941	3523	7
31335	2941	3524	7
31336	2941	3525	7
31337	2941	3526	7
31338	2941	3527	7
31339	2941	3528	7
31340	2941	3529	7
31341	2941	3530	7
31342	2941	3531	5
31343	2941	3532	7
31344	2941	3543	7
31345	2941	3544	7
31346	2941	3545	7
31347	2941	3546	7
31348	2941	3547	7
31349	2941	3548	7
31350	2941	3549	5
31351	2941	3550	7
31352	2941	3551	7
31353	2941	3552	7
31354	2941	3553	5
31355	2941	3554	7
31356	2941	3555	7
31357	2941	3556	7
31358	2941	5718	7
31359	2941	5719	7
31360	2941	5720	7
31361	2941	5721	7
31362	2941	6328	7
31363	2941	6330	7
31364	2941	6331	5
31365	2941	6332	7
31366	2941	6533	7
31367	2941	6794	2
31368	2941	6796	2
31369	2941	6799	2
31370	2941	6800	2
31371	2941	6801	2
31372	2941	6802	2
31373	2941	6803	2
31374	2941	6805	2
31375	2941	6806	2
31376	2941	6808	2
31377	2941	6809	2
31378	2941	6810	2
31379	2941	6811	2
31380	2941	6860	7
31381	2941	6862	7
31382	2941	6864	2
31383	2942	1241	2
31384	2942	1242	2
31385	2942	1479	2
31386	2942	1492	2
31387	2942	1495	2
31388	2942	2890	7
31389	2942	2892	7
31390	2942	2893	7
31391	2942	2895	7
31392	2942	2898	7
31393	2942	2899	7
31394	2942	2902	7
31395	2942	2904	7
31396	2942	2943	7
31397	2942	2945	7
31398	2942	2946	7
31399	2942	2947	7
31400	2942	2948	7
31401	2942	2949	7
31402	2942	2953	7
31403	2942	3511	5
31404	2942	3512	5
31405	2942	3513	7
31406	2942	3514	7
31407	2942	3515	7
31408	2942	3516	7
31409	2942	3517	7
31410	2942	3518	7
31411	2942	3519	7
31412	2942	3520	7
31413	2942	3521	7
31414	2942	3522	7
31415	2942	3523	7
31416	2942	3524	7
31417	2942	3525	7
31418	2942	3526	7
31419	2942	3527	7
31420	2942	3528	7
31421	2942	3529	7
31422	2942	3530	7
31423	2942	3531	5
31424	2942	3532	7
31425	2942	3543	7
31426	2942	3544	7
31427	2942	3545	7
31428	2942	3546	7
31429	2942	3547	7
31430	2942	3548	7
31431	2942	3549	5
31432	2942	3550	7
31433	2942	3551	7
31434	2942	3552	7
31435	2942	3553	5
31436	2942	3554	7
31437	2942	3555	7
31438	2942	3556	7
31439	2942	3560	7
31440	2942	3561	5
31441	2942	5718	7
31442	2942	5719	7
31443	2942	5720	7
31444	2942	5721	7
31445	2942	5722	7
31446	2942	6332	7
31447	2942	6333	7
31448	2942	6533	7
31449	2942	6794	2
31450	2942	6796	2
31451	2942	6799	2
31452	2942	6800	2
31453	2942	6801	2
31454	2942	6802	2
31455	2942	6803	2
31456	2942	6805	2
31457	2942	6806	2
31458	2942	6808	2
31459	2942	6809	2
31460	2942	6810	2
31461	2942	6811	2
31462	2942	6860	7
31463	2942	6862	7
31464	2942	6864	2
31465	2943	1241	2
31466	2943	1242	2
31467	2943	1479	2
31468	2943	1492	2
31469	2943	1495	2
31470	2943	1523	2
31471	2943	2890	7
31472	2943	2893	7
31473	2943	2895	7
31474	2943	2898	7
31475	2943	2899	7
31476	2943	2900	7
31477	2943	2904	7
31478	2943	2941	7
31479	2943	2942	7
31480	2943	2945	7
31481	2943	2946	7
31482	2943	2947	7
31483	2943	2950	7
31484	2943	2953	7
31485	2943	3532	7
31486	2943	3543	7
31487	2943	3544	7
31488	2943	3545	7
31489	2943	3546	7
31490	2943	3547	7
31491	2943	3548	7
31492	2943	3549	5
31493	2943	3550	7
31494	2943	3551	7
31495	2943	3552	7
31496	2943	3554	7
31497	2943	3555	7
31498	2943	3556	7
31499	2943	5720	7
31500	2943	6332	7
31501	2943	6787	2
31502	2943	6788	2
31503	2943	6790	2
31504	2943	6792	2
31505	2943	6793	2
31506	2943	6794	2
31507	2943	6796	2
31508	2943	6799	2
31509	2943	6800	2
31510	2943	6802	2
31511	2943	6803	2
31512	2943	6806	2
31513	2943	6808	2
31514	2943	6809	2
31515	2943	6810	2
31516	2943	6811	2
31517	2943	6813	2
31518	2943	6860	7
31519	2943	6862	7
31520	2943	6864	2
31521	2943	6865	2
31522	2944	1481	2
31523	2944	1484	2
31524	2944	1486	2
31525	2944	1488	2
31526	2944	3542	7
31527	2944	3565	5
31528	2944	6214	5
31529	2944	6215	7
31530	2944	6797	2
31531	2944	6798	2
31532	2944	6801	2
31533	2944	6803	2
31534	2944	6805	2
31535	2944	6815	2
31536	2944	6857	2
31537	2944	6858	2
31538	2945	1241	2
31539	2945	1242	2
31540	2945	1492	2
31541	2945	1495	2
31542	2945	2890	7
31543	2945	2892	7
31544	2945	2893	7
31545	2945	2898	7
31546	2945	2899	7
31547	2945	2901	7
31548	2945	2902	7
31549	2945	2904	7
31550	2945	2941	7
31551	2945	2942	7
31552	2945	2943	7
31553	2945	2946	7
31554	2945	2947	7
31555	2945	2948	7
31556	2945	2949	7
31557	2945	2950	7
31558	2945	2953	7
31559	2945	3510	5
31560	2945	3511	5
31561	2945	3512	5
31562	2945	3513	7
31563	2945	3514	7
31564	2945	3515	7
31565	2945	3516	7
31566	2945	3517	7
31567	2945	3518	7
31568	2945	3519	7
31569	2945	3520	7
31570	2945	3521	7
31571	2945	3522	7
31572	2945	3523	7
31573	2945	3524	7
31574	2945	3525	7
31575	2945	3526	7
31576	2945	3527	7
31577	2945	3528	7
31578	2945	3529	7
31579	2945	3530	7
31580	2945	3531	5
31581	2945	3532	7
31582	2945	3533	7
31583	2945	3543	7
31584	2945	3544	7
31585	2945	3547	7
31586	2945	3548	7
31587	2945	3549	5
31588	2945	3550	7
31589	2945	3551	7
31590	2945	3552	7
31591	2945	3554	7
31592	2945	3555	7
31593	2945	3556	7
31594	2945	3558	5
31595	2945	3560	7
31596	2945	3561	5
31597	2945	5718	7
31598	2945	5719	7
31599	2945	5720	7
31600	2945	5721	7
31601	2945	5722	7
31602	2945	6331	5
31603	2945	6791	7
31604	2945	6794	2
31605	2945	6795	7
31606	2945	6796	2
31607	2945	6799	2
31608	2945	6800	2
31609	2945	6802	2
31610	2945	6803	2
31611	2945	6806	2
31612	2945	6808	2
31613	2945	6809	2
31614	2945	6810	2
31615	2945	6811	2
31616	2945	6860	7
31617	2945	6864	2
31618	2946	1241	2
31619	2946	1242	2
31620	2946	1492	2
31621	2946	1495	2
31622	2946	2890	7
31623	2946	2892	7
31624	2946	2893	7
31625	2946	2895	7
31626	2946	2898	7
31627	2946	2900	7
31628	2946	2902	7
31629	2946	2904	7
31630	2946	2941	7
31631	2946	2942	7
31632	2946	2943	7
31633	2946	2945	7
31634	2946	2950	7
31635	2946	2953	7
31636	2946	3510	5
31637	2946	3511	5
31638	2946	3512	5
31639	2946	3513	7
31640	2946	3514	7
31641	2946	3515	7
31642	2946	3516	7
31643	2946	3521	7
31644	2946	3522	7
31645	2946	3523	7
31646	2946	3524	7
31647	2946	3525	7
31648	2946	3526	7
31649	2946	3527	7
31650	2946	3528	7
31651	2946	3529	7
31652	2946	3530	7
31653	2946	3531	5
31654	2946	3532	7
31655	2946	3533	7
31656	2946	3543	7
31657	2946	3544	7
31658	2946	3545	7
31659	2946	3546	7
31660	2946	3547	7
31661	2946	3548	7
31662	2946	3549	5
31663	2946	3550	7
31664	2946	3552	7
31665	2946	3554	7
31666	2946	3555	7
31667	2946	3556	7
31668	2946	3558	5
31669	2946	3560	7
31670	2946	3561	5
31671	2946	5718	7
31672	2946	5719	7
31673	2946	5720	7
31674	2946	5721	7
31675	2946	5722	7
31676	2946	6796	2
31677	2946	6797	2
31678	2946	6798	2
31679	2946	6799	2
31680	2946	6800	2
31681	2946	6801	2
31682	2946	6802	2
31683	2946	6803	2
31684	2946	6805	2
31685	2946	6806	2
31686	2946	6808	2
31687	2946	6809	2
31688	2946	6810	2
31689	2946	6815	2
31690	2946	6860	7
31691	2946	6864	2
31692	2947	1241	2
31693	2947	1242	2
31694	2947	1492	2
31695	2947	1495	2
31696	2947	2890	7
31697	2947	2892	7
31698	2947	2893	7
31699	2947	2895	7
31700	2947	2898	7
31701	2947	2900	7
31702	2947	2902	7
31703	2947	2932	7
31704	2947	2936	7
31705	2947	2937	7
31706	2947	2941	7
31707	2947	2942	7
31708	2947	2943	7
31709	2947	2945	7
31710	2947	2949	7
31711	2947	2950	7
31712	2947	3513	7
31713	2947	3514	7
31714	2947	3515	7
31715	2947	3523	7
31716	2947	3524	7
31717	2947	3525	7
31718	2947	3526	7
31719	2947	3527	7
31720	2947	3528	7
31721	2947	3529	7
31722	2947	3530	7
31723	2947	3531	5
31724	2947	3532	7
31725	2947	3557	7
31726	2947	5718	7
31727	2947	5719	7
31728	2947	5721	7
31729	2947	6328	7
31730	2947	6332	7
31731	2947	6333	7
31732	2947	6339	7
31733	2947	6532	5
31734	2947	6533	7
31735	2947	6795	7
31736	2947	6796	2
31737	2947	6797	2
31738	2947	6798	2
31739	2947	6799	2
31740	2947	6800	2
31741	2947	6801	2
31742	2947	6802	2
31743	2947	6803	2
31744	2947	6805	2
31745	2947	6806	2
31746	2947	6808	2
31747	2947	6809	2
31748	2947	6810	2
31749	2947	6811	2
31750	2947	6814	7
31751	2947	6815	2
31752	2947	6859	7
31753	2947	6862	7
31754	2947	6864	2
31755	2948	1242	2
31756	2948	1492	2
31757	2948	1493	7
31758	2948	1495	2
31759	2948	2891	7
31760	2948	2892	7
31761	2948	2893	7
31762	2948	2895	7
31763	2948	2898	7
31764	2948	2900	7
31765	2948	2932	7
31766	2948	2935	7
31767	2948	2941	7
31768	2948	2942	7
31769	2948	2945	7
31770	2948	2950	7
31771	2948	2951	7
31772	2948	2952	7
31773	2948	3514	7
31774	2948	3524	7
31775	2948	3525	7
31776	2948	3526	7
31777	2948	3527	7
31778	2948	3528	7
31779	2948	3529	7
31780	2948	3530	7
31781	2948	3531	5
31782	2948	3532	7
31783	2948	3543	7
31784	2948	3544	7
31785	2948	3545	7
31786	2948	3546	7
31787	2948	3557	7
31788	2948	5718	7
31789	2948	5719	7
31790	2948	5720	7
31791	2948	5721	7
31792	2948	6329	7
31793	2948	6330	7
31794	2948	6532	5
31795	2948	6796	2
31796	2948	6797	2
31797	2948	6798	2
31798	2948	6799	2
31799	2948	6800	2
31800	2948	6801	2
31801	2948	6802	2
31802	2948	6803	2
31803	2948	6805	2
31804	2948	6806	2
31805	2948	6808	2
31806	2948	6809	2
31807	2948	6810	2
31808	2948	6811	2
31809	2948	6814	7
31810	2948	6815	2
31811	2948	6857	2
31812	2948	6864	2
31813	2948	7333	7
31814	2949	1242	2
31815	2949	1492	2
31816	2949	1495	2
31817	2949	2895	7
31818	2949	2898	7
31819	2949	2900	7
31820	2949	2902	7
31821	2949	2904	7
31822	2949	2932	7
31823	2949	2935	7
31824	2949	2942	7
31825	2949	2945	7
31826	2949	2947	7
31827	2949	2951	7
31828	2949	3527	7
31829	2949	3528	7
31830	2949	3529	7
31831	2949	3532	7
31832	2949	3543	7
31833	2949	3544	7
31834	2949	3545	7
31835	2949	3546	7
31836	2949	3547	7
31837	2949	5718	7
31838	2949	5719	7
31839	2949	5720	7
31840	2949	6332	7
31841	2949	6333	7
31842	2949	6532	5
31843	2949	6796	2
31844	2949	6797	2
31845	2949	6798	2
31846	2949	6799	2
31847	2949	6800	2
31848	2949	6801	2
31849	2949	6802	2
31850	2949	6803	2
31851	2949	6805	2
31852	2949	6806	2
31853	2949	6808	2
31854	2949	6809	2
31855	2949	6810	2
31856	2949	6815	2
31857	2949	6857	2
31858	2949	6858	2
31859	2949	6864	2
31860	2950	1241	2
31861	2950	1242	2
31862	2950	1479	2
31863	2950	1492	2
31864	2950	1495	2
31865	2950	2890	7
31866	2950	2892	7
31867	2950	2893	7
31868	2950	2895	7
31869	2950	2898	7
31870	2950	2899	7
31871	2950	2900	7
31872	2950	2904	7
31873	2950	2941	7
31874	2950	2943	7
31875	2950	2945	7
31876	2950	2946	7
31877	2950	2947	7
31878	2950	2948	7
31879	2950	2952	7
31880	2950	2953	7
31881	2950	3512	5
31882	2950	3513	7
31883	2950	3514	7
31884	2950	3515	7
31885	2950	3516	7
31886	2950	3517	7
31887	2950	3519	7
31888	2950	3521	7
31889	2950	3523	7
31890	2950	3524	7
31891	2950	3525	7
31892	2950	3526	7
31893	2950	3527	7
31894	2950	3528	7
31895	2950	3529	7
31896	2950	3530	7
31897	2950	3531	5
31898	2950	3532	7
31899	2950	3543	7
31900	2950	3544	7
31901	2950	3545	7
31902	2950	3546	7
31903	2950	3547	7
31904	2950	3548	7
31905	2950	3549	5
31906	2950	3550	7
31907	2950	3551	7
31908	2950	3552	7
31909	2950	3554	7
31910	2950	3557	7
31911	2950	3560	7
31912	2950	5718	7
31913	2950	5719	7
31914	2950	5720	7
31915	2950	5721	7
31916	2950	6328	7
31917	2950	6330	7
31918	2950	6332	7
31919	2950	6532	5
31920	2950	6533	7
31921	2950	6794	2
31922	2950	6796	2
31923	2950	6799	2
31924	2950	6800	2
31925	2950	6801	2
31926	2950	6802	2
31927	2950	6803	2
31928	2950	6805	2
31929	2950	6806	2
31930	2950	6808	2
31931	2950	6809	2
31932	2950	6810	2
31933	2950	6811	2
31934	2950	6814	7
31935	2950	6815	2
31936	2950	6860	7
31937	2950	6862	7
31938	2950	6864	2
31939	2951	1241	2
31940	2951	1242	2
31941	2951	1479	2
31942	2951	1492	2
31943	2951	1493	7
31944	2951	1495	2
31945	2951	2894	7
31946	2951	2902	7
31947	2951	2903	7
31948	2951	2908	5
31949	2951	2932	7
31950	2951	2933	7
31951	2951	2934	7
31952	2951	2936	7
31953	2951	2937	7
31954	2951	2948	7
31955	2951	2949	7
31956	2951	2952	7
31957	2951	5711	7
31958	2951	6213	7
31959	2951	6330	7
31960	2951	6332	7
31961	2951	6339	7
31962	2951	6794	2
31963	2951	6795	7
31964	2951	6796	2
31965	2951	6799	2
31966	2951	6800	2
31967	2951	6801	2
31968	2951	6802	2
31969	2951	6803	2
31970	2951	6804	7
31971	2951	6805	2
31972	2951	6806	2
31973	2951	6808	2
31974	2951	6809	2
31975	2951	6810	2
31976	2951	6811	2
31977	2951	6864	2
31978	2951	7333	7
31979	2952	1241	2
31980	2952	1242	2
31981	2952	1479	2
31982	2952	1492	2
31983	2952	1494	2
31984	2952	1495	2
31985	2952	1523	2
31986	2952	2890	7
31987	2952	2898	7
31988	2952	2899	7
31989	2952	2902	7
31990	2952	2935	7
31991	2952	2948	7
31992	2952	2950	7
31993	2952	2951	7
31994	2952	3531	5
31995	2952	3549	5
31996	2952	3557	7
31997	2952	6332	7
31998	2952	6787	2
31999	2952	6788	2
32000	2952	6790	2
32001	2952	6792	2
32002	2952	6793	2
32003	2952	6794	2
32004	2952	6796	2
32005	2952	6799	2
32006	2952	6800	2
32007	2952	6802	2
32008	2952	6803	2
32009	2952	6805	2
32010	2952	6806	2
32011	2952	6808	2
32012	2952	6809	2
32013	2952	6810	2
32014	2952	6811	2
32015	2952	6813	2
32016	2952	6814	7
32017	2952	6864	2
32018	2952	6865	2
32019	2953	1241	2
32020	2953	1242	2
32021	2953	1479	2
32022	2953	1492	2
32023	2953	1494	2
32024	2953	1495	2
32025	2953	1523	2
32026	2953	2890	7
32027	2953	2892	7
32028	2953	2893	7
32029	2953	2898	7
32030	2953	2899	7
32031	2953	2900	7
32032	2953	2904	7
32033	2953	2941	7
32034	2953	2942	7
32035	2953	2943	7
32036	2953	2945	7
32037	2953	2946	7
32038	2953	2950	7
32039	2953	3544	7
32040	2953	3545	7
32041	2953	3546	7
32042	2953	3547	7
32043	2953	3548	7
32044	2953	3549	5
32045	2953	3551	7
32046	2953	3554	7
32047	2953	5720	7
32048	2953	6787	2
32049	2953	6788	2
32050	2953	6790	2
32051	2953	6792	2
32052	2953	6793	2
32053	2953	6794	2
32054	2953	6796	2
32055	2953	6799	2
32056	2953	6800	2
32057	2953	6802	2
32058	2953	6806	2
32059	2953	6808	2
32060	2953	6809	2
32061	2953	6810	2
32062	2953	6811	2
32063	2953	6813	2
32064	2953	6864	2
32065	2953	6865	2
32066	2956	2958	5
32067	2958	2956	5
32068	2980	1453	2
32069	2998	5736	5
32070	2999	5781	5
32071	3001	5780	5
32072	3014	1212	5
32073	3015	1211	5
32074	3015	3018	5
32075	3018	3015	5
32076	3023	3025	5
32077	3024	6556	5
32078	3025	3023	5
32079	3027	3395	5
32080	3028	3396	5
32081	3028	5812	5
32082	3038	6550	5
32083	3038	6551	5
32084	3047	3214	5
32085	3047	3215	5
32086	3051	5804	5
32087	3054	3101	5
32088	3054	3102	5
32089	3065	1214	5
32090	3065	5776	5
32091	3066	1214	5
32092	3070	6275	5
32093	3072	3080	5
32094	3076	3080	5
32095	3076	3081	5
32096	3077	3083	5
32097	3077	3086	5
32098	3077	6276	7
32099	3078	6277	5
32100	3079	6275	5
32101	3080	3072	5
32102	3080	3076	5
32103	3080	3082	5
32104	3080	6276	5
32105	3081	3076	5
32106	3082	3080	5
32107	3082	3083	5
32108	3082	6276	5
32109	3083	3077	5
32110	3083	3082	5
32111	3083	3085	5
32112	3083	3086	5
32113	3083	6276	5
32114	3085	3083	5
32115	3085	3086	5
32116	3086	3077	5
32117	3086	3083	5
32118	3086	3085	5
32119	3098	3101	5
32120	3099	3102	5
32121	3101	3054	5
32122	3101	3098	5
32123	3102	3054	5
32124	3102	3099	5
32125	3117	6822	5
32126	3117	6823	5
32127	3121	3125	5
32128	3125	3121	5
32129	3126	6821	5
32130	3127	3137	5
32131	3127	6821	5
32132	3128	3996	5
32133	3129	3995	5
32134	3129	4000	5
32135	3130	3138	5
32136	3131	6564	5
32137	3133	3134	5
32138	3133	3135	5
32139	3133	3137	5
32140	3134	3133	5
32141	3134	3136	5
32142	3134	5797	5
32143	3135	3133	5
32144	3135	3137	5
32145	3135	3160	5
32146	3135	3180	5
32147	3135	3181	5
32148	3135	5798	5
32149	3136	3134	5
32150	3136	3162	5
32151	3136	3180	5
32152	3136	3181	5
32153	3137	3127	5
32154	3137	3133	5
32155	3137	3135	5
32156	3137	3160	5
32157	3137	3162	5
32158	3138	1856	2
32159	3138	3130	5
32160	3138	3140	5
32161	3138	3141	5
32162	3138	7269	5
32163	3138	7270	2
32164	3138	7271	2
32165	3138	7272	2
32166	3138	7273	2
32167	3138	7274	2
32168	3139	1856	2
32169	3139	7260	2
32170	3139	7261	5
32171	3139	7263	2
32172	3139	7264	2
32173	3139	7265	2
32174	3139	7266	2
32175	3139	7268	2
32176	3139	7269	5
32177	3139	7270	2
32178	3139	7271	2
32179	3139	7272	2
32180	3139	7273	2
32181	3140	3138	5
32182	3140	3141	5
32183	3141	3138	5
32184	3141	3140	5
32185	3142	1856	2
32186	3142	3145	5
32187	3142	3146	5
32188	3142	3158	5
32189	3142	7260	2
32190	3142	7263	2
32191	3142	7264	2
32192	3142	7265	2
32193	3142	7266	2
32194	3142	7267	5
32195	3142	7268	2
32196	3142	7270	2
32197	3142	7271	2
32198	3142	7272	2
32199	3142	7273	2
32200	3142	7274	2
32201	3143	1856	2
32202	3143	7260	2
32203	3143	7262	5
32204	3143	7263	2
32205	3143	7264	2
32206	3143	7265	2
32207	3143	7266	2
32208	3143	7268	2
32209	3143	7270	2
32210	3143	7271	2
32211	3143	7272	2
32212	3143	7274	2
32213	3144	3146	5
32214	3144	7260	2
32215	3144	7263	2
32216	3144	7264	2
32217	3144	7265	2
32218	3144	7267	5
32219	3144	7270	2
32220	3144	7271	2
32221	3144	7272	2
32222	3144	7273	2
32223	3145	3142	5
32224	3145	7260	2
32225	3145	7263	2
32226	3145	7264	2
32227	3145	7265	2
32228	3145	7266	2
32229	3145	7267	5
32230	3145	7268	2
32231	3145	7270	2
32232	3145	7272	2
32233	3146	3142	5
32234	3146	3144	5
32235	3146	7260	2
32236	3146	7263	2
32237	3146	7264	2
32238	3146	7265	2
32239	3146	7266	2
32240	3146	7268	2
32241	3146	7270	2
32242	3146	7272	2
32243	3147	3149	5
32244	3148	7258	2
32245	3149	3147	5
32246	3149	3152	5
32247	3149	3153	5
32248	3149	6563	5
32249	3152	3149	5
32250	3152	3154	5
32251	3153	3149	5
32252	3153	3155	5
32253	3154	3152	5
32254	3154	3155	5
32255	3154	3185	5
32256	3154	6563	5
32257	3155	3153	5
32258	3155	3154	5
32259	3155	3185	5
32260	3156	3177	5
32261	3156	5807	5
32262	3156	7178	2
32263	3156	7180	2
32264	3156	7181	2
32265	3157	7180	2
32266	3157	7181	2
32267	3158	1856	2
32268	3158	3142	5
32269	3158	7274	2
32270	3159	1831	2
32271	3159	1833	2
32272	3159	1855	2
32273	3159	1858	2
32274	3160	3135	5
32275	3160	3137	5
32276	3160	3162	5
32277	3160	3181	5
32278	3160	5798	5
32279	3160	7335	5
32280	3161	3163	5
32281	3161	3181	5
32282	3161	7336	5
32283	3162	3136	5
32284	3162	3137	5
32285	3162	3160	5
32286	3163	3161	5
32287	3163	7336	5
32288	3164	1831	2
32289	3164	1832	5
32290	3164	1833	2
32291	3164	1834	5
32292	3164	1855	2
32293	3164	1858	2
32294	3164	1859	5
32295	3164	1860	2
32296	3164	5801	5
32297	3164	5802	5
32298	3164	6433	5
32299	3164	6687	2
32300	3165	1450	2
32301	3165	1831	2
32302	3165	1833	2
32303	3165	1834	5
32304	3165	1855	2
32305	3165	1858	2
32306	3165	1860	2
32307	3165	5801	5
32308	3165	6325	5
32309	3165	6433	5
32310	3165	6687	2
32311	3166	1831	2
32312	3166	1833	2
32313	3166	1860	2
32314	3167	3171	5
32315	3167	3172	5
32316	3167	3174	5
32317	3167	5800	7
32318	3168	3172	5
32319	3168	5800	5
32320	3169	5801	5
32321	3170	3177	5
32322	3170	3178	5
32323	3170	5802	5
32324	3170	7178	2
32325	3170	7179	2
32326	3171	3167	5
32327	3171	3174	5
32328	3171	5800	5
32329	3172	3167	5
32330	3172	3168	5
32331	3172	3173	5
32332	3172	3174	5
32333	3173	3172	5
32334	3173	5800	5
32335	3174	3167	5
32336	3174	3171	5
32337	3174	3172	5
32338	3175	5793	5
32339	3176	3182	5
32340	3176	5807	5
32341	3176	7178	2
32342	3176	7179	2
32343	3176	7180	2
32344	3176	7181	2
32345	3177	3156	5
32346	3177	3170	5
32347	3177	7178	2
32348	3177	7179	2
32349	3177	7180	2
32350	3177	7181	2
32351	3178	3170	5
32352	3178	5807	5
32353	3178	7178	2
32354	3178	7179	2
32355	3178	7180	2
32356	3179	2691	5
32357	3179	5809	5
32358	3179	6686	5
32359	3180	1855	2
32360	3180	1858	2
32361	3180	3135	5
32362	3180	3136	5
32363	3180	3181	5
32364	3181	1855	2
32365	3181	3135	5
32366	3181	3136	5
32367	3181	3160	5
32368	3181	3161	5
32369	3181	3180	5
32370	3181	6687	2
32371	3181	7336	5
32372	3182	3176	5
32373	3182	7180	2
32374	3182	7181	2
32375	3183	2688	5
32376	3183	5809	5
32377	3183	6561	5
32378	3184	2689	2
32379	3184	2690	2
32380	3184	3220	5
32381	3184	6686	5
32382	3185	3154	5
32383	3185	3155	5
32384	3185	6563	5
32385	3186	6563	5
32386	3187	7198	2
32387	3187	7201	2
32388	3187	7202	2
32389	3188	3189	5
32390	3189	3188	5
32391	3191	7196	2
32392	3191	7198	2
32393	3191	7199	2
32394	3191	7201	2
32395	3191	7202	2
32396	3191	7205	2
32397	3191	7206	2
32398	3193	7209	2
32399	3193	7210	5
32400	3193	7211	2
32401	3193	7213	2
32402	3193	7214	2
32403	3194	3196	5
32404	3195	7203	2
32405	3195	7204	5
32406	3195	7205	2
32407	3195	7206	2
32408	3195	7208	2
32409	3196	3194	5
32410	3196	3197	5
32411	3196	7203	2
32412	3196	7205	2
32413	3196	7206	2
32414	3196	7208	2
32415	3197	3196	5
32416	3198	3220	5
32417	3200	5806	5
32418	3205	3207	5
32419	3207	3205	5
32420	3214	3047	5
32421	3214	3216	5
32422	3215	3047	5
32423	3216	3214	5
32424	3218	6703	5
32425	3219	3226	5
32426	3220	3184	5
32427	3220	3198	5
32428	3226	3219	5
32429	3232	5803	5
32430	3235	7208	2
32431	3235	7209	2
32432	3235	7213	2
32433	3236	5816	5
32434	3236	7209	2
32435	3236	7211	2
32436	3236	7212	5
32437	3236	7213	2
32438	3236	7214	2
32439	3238	3247	5
32440	3240	7211	2
32441	3240	7214	2
32442	3244	6581	5
32443	3247	3238	5
32444	3248	7215	2
32445	3248	7218	2
32446	3249	3250	5
32447	3249	6326	5
32448	3249	6327	5
32449	3249	7215	2
32450	3249	7217	2
32451	3249	7218	2
32452	3249	7219	5
32453	3249	7220	2
32454	3250	2233	2
32455	3250	2235	2
32456	3250	3249	5
32457	3250	6326	5
32458	3250	7216	5
32459	3250	7217	2
32460	3250	7218	2
32461	3250	7220	2
32462	3251	7218	2
32463	3251	7220	2
32464	3257	5818	5
32465	3258	3267	5
32466	3258	3268	5
32467	3259	3265	5
32468	3259	5813	5
32469	3259	5818	5
32470	3260	3267	5
32471	3260	5818	5
32472	3263	3266	5
32473	3263	3283	5
32474	3265	3259	5
32475	3265	5813	5
32476	3266	3263	5
32477	3267	3258	5
32478	3267	3260	5
32479	3268	3258	5
32480	3268	5818	5
32481	3269	3291	5
32482	3272	2234	2
32483	3273	5821	5
32484	3274	2233	2
32485	3274	2234	2
32486	3274	2235	2
32487	3274	5819	5
32488	3275	2232	2
32489	3275	2234	2
32490	3276	2232	2
32491	3276	2234	2
32492	3276	2236	2
32493	3276	2237	2
32494	3276	2240	2
32495	3276	2253	2
32496	3277	2240	2
32497	3277	2241	2
32498	3277	2243	2
32499	3277	2247	2
32500	3277	2248	2
32501	3277	2253	2
32502	3277	2266	5
32503	3277	5822	5
32504	3278	2237	2
32505	3278	2240	2
32506	3278	2241	2
32507	3278	2242	2
32508	3278	2243	2
32509	3278	2246	2
32510	3278	2247	2
32511	3278	2248	2
32512	3278	2252	5
32513	3278	2253	2
32514	3279	3280	5
32515	3279	3282	5
32516	3280	3279	5
32517	3280	3282	5
32518	3281	3292	5
32519	3282	3279	5
32520	3282	3280	5
32521	3282	3290	5
32522	3283	3263	5
32523	3289	1397	2
32524	3290	3282	5
32525	3290	3292	5
32526	3291	3269	5
32527	3292	3281	5
32528	3292	3290	5
32529	3293	3295	5
32530	3295	3293	5
32531	3298	5858	5
32532	3299	1222	5
32533	3300	5858	5
32534	3300	5859	5
32535	3302	1458	2
32536	3302	7229	2
32537	3302	7230	5
32538	3302	7231	2
32539	3302	7232	5
32540	3302	7233	2
32541	3302	7235	2
32542	3304	3319	5
32543	3305	3318	5
32544	3305	5868	5
32545	3305	6587	5
32546	3306	3310	5
32547	3306	5858	5
32548	3306	5865	5
32549	3306	5866	5
32550	3307	1221	5
32551	3307	5865	5
32552	3307	5866	5
32553	3308	2271	5
32554	3308	2272	5
32555	3308	2275	5
32556	3308	2276	5
32557	3308	2277	2
32558	3308	2278	2
32559	3308	3341	5
32560	3308	5828	5
32561	3309	2271	5
32562	3309	2274	5
32563	3309	2275	5
32564	3309	2276	5
32565	3309	2277	2
32566	3309	2278	2
32567	3309	3311	5
32568	3309	5827	5
32569	3309	5866	5
32570	3309	6585	5
32571	3310	3306	5
32572	3310	5866	5
32573	3311	2272	5
32574	3311	3309	5
32575	3311	3315	5
32576	3311	5865	7
32577	3312	3342	5
32578	3312	6585	5
32579	3313	3335	5
32580	3313	5855	5
32581	3314	3334	5
32582	3314	3336	5
32583	3315	3311	5
32584	3315	5865	5
32585	3316	3333	5
32586	3316	3336	5
32587	3317	3323	5
32588	3317	3336	5
32589	3318	3305	5
32590	3318	3320	5
32591	3318	3321	5
32592	3318	3322	5
32593	3319	3304	5
32594	3319	3320	5
32595	3319	5868	5
32596	3319	6587	5
32597	3320	3318	5
32598	3320	3319	5
32599	3320	3322	5
32600	3320	5868	5
32601	3321	3318	5
32602	3321	3325	5
32603	3321	6587	5
32604	3322	3318	5
32605	3322	3320	5
32606	3322	3324	5
32607	3322	3326	5
32608	3322	5868	7
32609	3323	3317	5
32610	3323	3333	5
32611	3323	6834	5
32612	3324	3322	5
32613	3324	3333	5
32614	3324	6834	5
32615	3325	3321	5
32616	3325	3577	5
32617	3325	6193	5
32618	3325	6587	5
32619	3326	2699	2
32620	3326	2704	2
32621	3326	2705	2
32622	3326	3322	5
32623	3326	3328	5
32624	3326	3331	5
32625	3326	6194	5
32626	3326	6834	5
32627	3327	2699	2
32628	3327	2700	2
32629	3327	2704	2
32630	3327	3329	5
32631	3327	3332	5
32632	3327	6191	5
32633	3327	6779	2
32634	3327	6784	2
32635	3327	6786	2
32636	3328	3326	5
32637	3328	3331	5
32638	3328	3332	5
32639	3328	6191	5
32640	3328	6192	5
32641	3328	6194	5
32642	3328	6779	2
32643	3328	6784	2
32644	3328	6786	2
32645	3329	3327	5
32646	3329	3331	5
32647	3329	3332	5
32648	3329	3511	5
32649	3329	3512	5
32650	3329	3513	5
32651	3329	3530	5
32652	3329	3531	5
32653	3329	3543	5
32654	3329	3550	5
32655	3329	3558	5
32656	3329	6193	5
32657	3330	5351	7
32658	3330	7054	5
32659	3330	7061	5
32660	3330	7064	5
32661	3330	7065	2
32662	3330	7066	2
32663	3330	7067	5
32664	3330	7075	2
32665	3331	2699	2
32666	3331	2700	2
32667	3331	2704	2
32668	3331	3326	5
32669	3331	3328	5
32670	3331	3329	5
32671	3331	6191	5
32672	3331	6194	5
32673	3331	6779	2
32674	3331	6782	2
32675	3331	6784	2
32676	3331	6786	2
32677	3332	3327	5
32678	3332	3328	5
32679	3332	3329	5
32680	3332	3511	5
32681	3332	3512	5
32682	3332	3513	5
32683	3332	6192	5
32684	3332	6779	2
32685	3332	6781	2
32686	3332	6782	2
32687	3332	6784	2
32688	3332	6786	2
32689	3333	2708	2
32690	3333	2710	2
32691	3333	3316	5
32692	3333	3323	5
32693	3333	3324	5
32694	3333	6834	5
32695	3334	2712	2
32696	3334	2713	2
32697	3334	2714	5
32698	3334	2717	2
32699	3334	2718	2
32700	3334	3314	5
32701	3334	5855	5
32702	3335	2708	2
32703	3335	2712	2
32704	3335	2713	2
32705	3335	2717	2
32706	3335	2718	2
32707	3335	2719	5
32708	3335	3313	5
32709	3336	2708	2
32710	3336	2710	2
32711	3336	2712	2
32712	3336	2713	2
32713	3336	2714	5
32714	3336	3314	5
32715	3336	3316	5
32716	3336	3317	5
32717	3337	5851	5
32718	3338	2706	5
32719	3338	5853	5
32720	3339	2706	5
32721	3339	2707	2
32722	3339	2711	2
32723	3340	3347	5
32724	3341	2286	2
32725	3341	2290	2
32726	3341	2292	2
32727	3341	2693	2
32728	3341	2694	2
32729	3341	2695	2
32730	3341	2696	2
32731	3341	3308	5
32732	3341	5827	5
32733	3341	6681	2
32734	3342	2695	2
32735	3342	2696	2
32736	3342	2717	2
32737	3342	2718	2
32738	3342	2719	5
32739	3342	3312	5
32740	3342	6585	5
32741	3343	2286	2
32742	3343	2294	2
32743	3343	2295	2
32744	3343	2296	2
32745	3343	2297	2
32746	3343	2298	2
32747	3343	2302	2
32748	3343	2303	2
32749	3343	6681	2
32750	3343	7283	2
32751	3343	7285	2
32752	3343	7287	2
32753	3343	7288	2
32754	3344	2280	5
32755	3344	2281	5
32756	3344	2282	2
32757	3344	2283	2
32758	3344	2285	2
32759	3344	2286	2
32760	3344	2287	2
32761	3344	2288	2
32762	3344	5829	5
32763	3344	6681	2
32764	3345	3348	5
32765	3345	5831	5
32766	3345	5850	5
32767	3345	6680	5
32768	3346	3347	5
32769	3346	5830	5
32770	3347	3340	5
32771	3347	3346	5
32772	3347	6680	5
32773	3348	3345	5
32774	3348	5849	5
32775	3348	5850	5
32776	3349	2310	5
32777	3349	2311	5
32778	3349	5836	5
32779	3349	5840	5
32780	3349	5842	5
32781	3349	5847	5
32782	3350	2302	2
32783	3350	2303	2
32784	3350	7283	2
32785	3350	7285	2
32786	3350	7287	2
32787	3350	7288	2
32788	3351	3354	5
32789	3352	3355	5
32790	3352	7289	5
32791	3352	7290	2
32792	3352	7291	2
32793	3353	7286	5
32794	3353	7287	2
32795	3353	7288	2
32796	3354	3351	5
32797	3354	7290	2
32798	3354	7291	2
32799	3355	3352	5
32800	3355	5835	5
32801	3355	7289	5
32802	3356	5834	5
32803	3358	3363	5
32804	3359	2304	5
32805	3359	3361	5
32806	3359	3363	5
32807	3360	5845	5
32808	3361	3359	5
32809	3363	3358	5
32810	3363	3359	5
32811	3363	3365	5
32812	3364	1223	5
32813	3365	3363	5
32814	3366	6286	5
32815	3367	1224	5
32816	3368	1225	5
32817	3368	3441	5
32818	3369	1225	5
32819	3369	2314	5
32820	3369	2317	2
32821	3369	2318	2
32822	3369	2321	2
32823	3369	2322	2
32824	3369	2323	5
32825	3369	2324	2
32826	3369	2326	2
32827	3369	2328	2
32828	3369	2329	2
32829	3369	2330	2
32830	3369	2333	5
32831	3370	3379	5
32832	3372	5846	5
32833	3373	6558	5
32834	3374	6284	5
32835	3375	3377	5
32836	3377	3375	5
32837	3379	3370	5
32838	3380	1229	5
32839	3386	3388	5
32840	3388	3386	5
32841	3395	3027	5
32842	3396	3028	5
32843	3396	5812	5
32844	3421	6583	5
32845	3423	3425	5
32846	3424	6280	5
32847	3425	3423	5
32848	3441	1224	5
32849	3441	3368	5
32850	3445	2315	2
32851	3445	2316	5
32852	3445	2322	2
32853	3445	2324	2
32854	3445	2326	2
32855	3445	2327	5
32856	3445	6288	5
32857	3445	6841	5
32858	3445	6842	2
32859	3445	6843	2
32860	3446	2315	2
32861	3446	2316	5
32862	3446	2322	2
32863	3446	2323	5
32864	3446	2324	2
32865	3446	2326	2
32866	3446	2327	5
32867	3446	2328	2
32868	3446	2330	2
32869	3446	2332	5
32870	3446	6842	2
32871	3446	6843	2
32872	3446	6844	5
32873	3448	7171	2
32874	3452	2335	2
32875	3452	2336	2
32876	3452	2337	2
32877	3452	2338	5
32878	3452	2339	2
32879	3452	6289	5
32880	3455	3462	5
32881	3455	7383	2
32882	3455	7385	2
32883	3456	3459	5
32884	3456	6198	5
32885	3457	3458	7
32886	3458	2335	2
32887	3458	2339	2
32888	3458	3457	7
32889	3459	2846	5
32890	3459	2847	5
32891	3459	3456	5
32892	3460	2846	5
32893	3460	6197	5
32894	3460	6198	5
32895	3461	3463	5
32896	3462	3455	5
32897	3462	7383	2
32898	3462	7385	2
32899	3463	3461	5
32900	3464	7383	2
32901	3464	7385	2
32902	3466	6289	5
32903	3467	3473	5
32904	3468	3474	5
32905	3472	3474	5
32906	3472	3475	5
32907	3472	3476	5
32908	3472	3477	5
32909	3473	3467	5
32910	3473	3477	5
32911	3473	6345	2
32912	3473	6586	5
32913	3473	7162	2
32914	3474	3468	5
32915	3474	3472	5
32916	3474	3476	5
32917	3474	6200	5
32918	3475	3472	5
32919	3475	3477	5
32920	3475	3478	5
32921	3475	6199	5
32922	3475	6200	5
32923	3475	6201	5
32924	3476	3472	5
32925	3476	3474	5
32926	3476	3477	5
32927	3476	3484	5
32928	3476	6200	5
32929	3477	3472	5
32930	3477	3473	5
32931	3477	3475	5
32932	3477	3476	5
32933	3478	3475	5
32934	3478	3485	5
32935	3478	5717	5
32936	3478	6201	5
32937	3478	6202	5
32938	3478	6342	5
32939	3479	1508	5
32940	3479	1509	2
32941	3479	1513	2
32942	3479	1514	5
32943	3479	1515	2
32944	3479	1516	2
32945	3479	1518	2
32946	3479	1519	2
32947	3479	3481	5
32948	3479	3483	5
32949	3479	4851	5
32950	3479	4995	5
32951	3479	6205	5
32952	3479	6206	5
32953	3479	6208	5
32954	3479	6341	5
32955	3479	7156	5
32956	3480	1508	5
32957	3480	1509	2
32958	3480	1510	2
32959	3480	1511	2
32960	3480	1513	2
32961	3480	1514	5
32962	3480	1515	2
32963	3480	1516	2
32964	3480	3482	5
32965	3480	4850	5
32966	3480	4851	5
32967	3480	4996	5
32968	3480	6207	5
32969	3480	6208	5
32970	3480	6341	5
32971	3480	7156	5
32972	3481	1506	2
32973	3481	1508	5
32974	3481	1509	2
32975	3481	1510	2
32976	3481	1511	2
32977	3481	1513	2
32978	3481	1514	5
32979	3481	1515	2
32980	3481	1516	2
32981	3481	3479	5
32982	3481	4850	5
32983	3481	4995	5
32984	3481	6207	5
32985	3481	6341	5
32986	3481	7156	5
32987	3482	1508	5
32988	3482	1509	2
32989	3482	1516	2
32990	3482	1518	2
32991	3482	1519	2
32992	3482	3480	5
32993	3482	4996	5
32994	3482	4998	5
32995	3482	6205	5
32996	3482	6206	5
32997	3482	6207	5
32998	3482	6346	5
32999	3482	7156	5
33000	3482	7157	2
33001	3483	1508	5
33002	3483	1518	2
33003	3483	1519	2
33004	3483	3479	5
33005	3483	6204	5
33006	3483	6206	5
33007	3483	6207	5
33008	3483	6346	5
33009	3483	7156	5
33010	3483	7157	2
33011	3483	7158	5
33012	3483	7159	2
33013	3484	1510	2
33014	3484	1511	2
33015	3484	1512	5
33016	3484	1513	2
33017	3484	1515	2
33018	3484	3476	5
33019	3484	5716	5
33020	3484	6202	5
33021	3484	6342	5
33022	3485	1504	2
33023	3485	1506	2
33024	3485	1510	2
33025	3485	1511	2
33026	3485	1512	5
33027	3485	1513	2
33028	3485	1515	2
33029	3485	3478	5
33030	3485	3487	5
33031	3485	3488	5
33032	3485	5716	5
33033	3485	5717	5
33034	3485	6202	5
33035	3485	6342	5
33036	3485	6879	5
33037	3486	1237	5
33038	3486	1238	2
33039	3486	1239	5
33040	3486	1240	2
33041	3486	1504	2
33042	3486	1506	2
33043	3486	1507	5
33044	3486	3488	5
33045	3486	3490	5
33046	3486	6879	5
33047	3487	1238	2
33048	3487	1239	5
33049	3487	1240	2
33050	3487	1504	2
33051	3487	1506	2
33052	3487	1507	5
33053	3487	3485	5
33054	3487	3490	5
33055	3487	5716	5
33056	3488	1237	5
33057	3488	1238	2
33058	3488	1239	5
33059	3488	1240	2
33060	3488	1504	2
33061	3488	1506	2
33062	3488	1507	5
33063	3488	3485	5
33064	3488	3486	5
33065	3488	3490	5
33066	3488	5716	5
33067	3488	6879	5
33068	3489	1235	5
33069	3489	1395	5
33070	3489	1504	2
33071	3489	1506	2
33072	3489	1510	2
33073	3489	1511	2
33074	3489	3493	5
33075	3489	4846	5
33076	3489	4849	5
33077	3489	4851	5
33078	3489	6208	5
33079	3489	6341	5
33080	3489	6679	5
33081	3489	6878	5
33082	3490	1237	5
33083	3490	1238	2
33084	3490	1239	5
33085	3490	1240	2
33086	3490	1504	2
33087	3490	1507	5
33088	3490	3486	5
33089	3490	3487	5
33090	3490	3488	5
33091	3490	3492	5
33092	3491	1238	2
33093	3491	1240	2
33094	3491	1500	2
33095	3491	1502	2
33096	3491	3492	5
33097	3492	3490	5
33098	3492	3491	5
33099	3492	6340	5
33100	3493	1235	5
33101	3493	1236	5
33102	3493	1238	2
33103	3493	1240	2
33104	3493	1395	5
33105	3493	1504	2
33106	3493	1506	2
33107	3493	3489	5
33108	3493	3495	5
33109	3493	3498	5
33110	3493	4847	5
33111	3493	4848	5
33112	3493	6679	5
33113	3494	1235	5
33114	3494	1236	5
33115	3494	1238	2
33116	3494	1240	2
33117	3494	1395	5
33118	3494	3496	5
33119	3494	3498	5
33120	3494	3499	5
33121	3494	4846	5
33122	3494	4847	5
33123	3494	4848	5
33124	3494	6679	5
33125	3494	6878	5
33126	3495	1238	2
33127	3495	1240	2
33128	3495	3493	5
33129	3495	3499	5
33130	3495	3500	5
33131	3495	4843	5
33132	3495	4846	5
33133	3495	4848	5
33134	3495	6209	5
33135	3496	1500	2
33136	3496	1501	5
33137	3496	1502	2
33138	3496	1503	5
33139	3496	3494	5
33140	3496	3498	5
33141	3496	3499	5
33142	3496	3500	5
33143	3496	3501	5
33144	3496	3502	5
33145	3496	4839	5
33146	3496	4840	5
33147	3496	4843	5
33148	3496	6209	5
33149	3497	1497	2
33150	3497	1498	5
33151	3497	1499	2
33152	3497	1500	2
33153	3497	1502	2
33154	3497	1503	5
33155	3497	3503	5
33156	3497	3504	5
33157	3497	6787	2
33158	3497	6788	2
33159	3497	6790	2
33160	3497	6792	2
33161	3497	6793	2
33162	3497	6813	2
33163	3497	6868	2
33164	3497	6869	2
33165	3498	3493	5
33166	3498	3494	5
33167	3498	3496	5
33168	3498	3500	5
33169	3498	3501	5
33170	3498	4839	5
33171	3498	4840	5
33172	3498	4843	5
33173	3498	4844	5
33174	3498	4846	5
33175	3498	4847	5
33176	3498	4848	5
33177	3498	6209	5
33178	3499	3494	5
33179	3499	3495	5
33180	3499	3496	5
33181	3499	3501	5
33182	3499	4839	5
33183	3499	4840	5
33184	3499	4843	5
33185	3499	4846	5
33186	3499	4847	5
33187	3499	4854	5
33188	3499	6209	5
33189	3500	3495	5
33190	3500	3496	5
33191	3500	3498	5
33192	3500	3502	5
33193	3500	4831	5
33194	3500	4832	5
33195	3500	4839	5
33196	3500	4844	5
33197	3500	5723	5
33198	3500	5724	5
33199	3500	6209	5
33200	3501	3496	5
33201	3501	3498	5
33202	3501	3499	5
33203	3501	3504	5
33204	3501	4831	5
33205	3501	4832	5
33206	3501	4839	5
33207	3501	4843	5
33208	3501	4844	5
33209	3501	5723	5
33210	3501	5724	5
33211	3502	1497	2
33212	3502	1499	2
33213	3502	1500	2
33214	3502	1502	2
33215	3502	3496	5
33216	3502	3500	5
33217	3502	3504	5
33218	3502	4831	5
33219	3502	4839	5
33220	3502	4840	5
33221	3502	5723	5
33222	3502	5724	5
33223	3502	6209	5
33224	3502	6813	2
33225	3502	6868	2
33226	3502	6869	2
33227	3503	1496	5
33228	3503	1497	2
33229	3503	1499	2
33230	3503	1500	2
33231	3503	1501	5
33232	3503	1502	2
33233	3503	1503	5
33234	3503	3497	5
33235	3503	3504	5
33236	3503	4831	5
33237	3503	5724	5
33238	3503	6787	2
33239	3503	6788	2
33240	3503	6790	2
33241	3503	6792	2
33242	3503	6793	2
33243	3503	6794	2
33244	3503	6813	2
33245	3503	6868	2
33246	3503	6869	2
33247	3504	1496	5
33248	3504	1497	2
33249	3504	1498	5
33250	3504	1499	2
33251	3504	3497	5
33252	3504	3501	5
33253	3504	3502	5
33254	3504	3503	5
33255	3504	4840	5
33256	3504	5723	7
33257	3504	5724	5
33258	3504	6209	7
33259	3504	6787	2
33260	3504	6788	2
33261	3504	6790	2
33262	3504	6792	2
33263	3504	6793	2
33264	3504	6813	2
33265	3504	6868	2
33266	3504	6869	2
33267	3505	1479	2
33268	3505	1494	2
33269	3505	1497	2
33270	3505	1499	2
33271	3505	1520	2
33272	3505	1523	2
33273	3505	1524	2
33274	3505	3508	5
33275	3505	3509	5
33276	3505	3534	7
33277	3505	6627	5
33278	3505	6787	2
33279	3505	6788	2
33280	3505	6789	5
33281	3505	6790	2
33282	3505	6792	2
33283	3505	6793	2
33284	3505	6794	2
33285	3505	6811	2
33286	3505	6813	2
33287	3505	6865	2
33288	3505	6867	5
33289	3505	6868	2
33290	3505	6869	2
33291	3506	1241	2
33292	3506	1242	2
33293	3506	1479	2
33294	3506	1492	2
33295	3506	1494	2
33296	3506	1495	2
33297	3506	1497	2
33298	3506	1499	2
33299	3506	1520	2
33300	3506	1523	2
33301	3506	1524	2
33302	3506	3508	5
33303	3506	3509	5
33304	3506	6787	2
33305	3506	6788	2
33306	3506	6789	5
33307	3506	6790	2
33308	3506	6792	2
33309	3506	6793	2
33310	3506	6794	2
33311	3506	6796	2
33312	3506	6808	2
33313	3506	6809	2
33314	3506	6811	2
33315	3506	6813	2
33316	3506	6864	2
33317	3506	6865	2
33318	3506	6866	5
33319	3506	6867	5
33320	3506	6868	2
33321	3506	6869	2
33322	3507	1241	2
33323	3507	1496	5
33324	3507	1497	2
33325	3507	1498	5
33326	3507	1499	2
33327	3507	6787	2
33328	3507	6788	2
33329	3507	6790	2
33330	3507	6792	2
33331	3507	6793	2
33332	3507	6794	2
33333	3507	6808	2
33334	3507	6811	2
33335	3507	6813	2
33336	3507	6868	2
33337	3507	6869	2
33338	3508	1241	2
33339	3508	1242	2
33340	3508	1479	2
33341	3508	1492	2
33342	3508	1494	2
33343	3508	1495	2
33344	3508	1497	2
33345	3508	1499	2
33346	3508	1523	2
33347	3508	3505	5
33348	3508	3506	5
33349	3508	3534	5
33350	3508	6337	5
33351	3508	6627	5
33352	3508	6787	2
33353	3508	6792	2
33354	3508	6793	2
33355	3508	6794	2
33356	3508	6796	2
33357	3508	6808	2
33358	3508	6809	2
33359	3508	6810	2
33360	3508	6811	2
33361	3508	6813	2
33362	3508	6864	2
33363	3508	6865	2
33364	3508	6868	2
33365	3508	6869	2
33366	3509	1241	2
33367	3509	1242	2
33368	3509	1479	2
33369	3509	1492	2
33370	3509	1494	2
33371	3509	1495	2
33372	3509	1497	2
33373	3509	1499	2
33374	3509	1523	2
33375	3509	3505	5
33376	3509	3506	5
33377	3509	3534	5
33378	3509	6337	5
33379	3509	6627	5
33380	3509	6787	2
33381	3509	6789	5
33382	3509	6792	2
33383	3509	6793	2
33384	3509	6794	2
33385	3509	6796	2
33386	3509	6808	2
33387	3509	6809	2
33388	3509	6810	2
33389	3509	6811	2
33390	3509	6813	2
33391	3509	6864	2
33392	3509	6865	2
33393	3509	6868	2
33394	3509	6869	2
33395	3510	1241	2
33396	3510	1242	2
33397	3510	1479	2
33398	3510	1492	2
33399	3510	1495	2
33400	3510	1497	2
33401	3510	1499	2
33402	3510	1523	2
33403	3510	2895	5
33404	3510	2898	5
33405	3510	2899	5
33406	3510	2900	5
33407	3510	2901	5
33408	3510	2904	5
33409	3510	2940	5
33410	3510	2945	5
33411	3510	2946	5
33412	3510	3511	5
33413	3510	3512	5
33414	3510	3513	5
33415	3510	3514	5
33416	3510	3515	5
33417	3510	3516	5
33418	3510	3517	5
33419	3510	3518	5
33420	3510	3519	5
33421	3510	3520	5
33422	3510	3521	5
33423	3510	3523	5
33424	3510	3524	5
33425	3510	3525	5
33426	3510	3526	5
33427	3510	3527	5
33428	3510	3528	5
33429	3510	3529	5
33430	3510	3530	5
33431	3510	3531	5
33432	3510	3532	5
33433	3510	3543	5
33434	3510	3544	5
33435	3510	3545	5
33436	3510	3546	5
33437	3510	3547	5
33438	3510	3548	5
33439	3510	3549	5
33440	3510	3551	5
33441	3510	3554	5
33442	3510	5718	5
33443	3510	5719	5
33444	3510	5720	5
33445	3510	5721	5
33446	3510	5722	5
33447	3510	6331	5
33448	3510	6787	2
33449	3510	6788	2
33450	3510	6790	2
33451	3510	6791	5
33452	3510	6792	2
33453	3510	6793	2
33454	3510	6794	2
33455	3510	6796	2
33456	3510	6800	2
33457	3510	6808	2
33458	3510	6809	2
33459	3510	6810	2
33460	3510	6811	2
33461	3510	6813	2
33462	3510	6864	2
33463	3510	6865	2
33464	3511	1241	2
33465	3511	2890	5
33466	3511	2892	5
33467	3511	2893	5
33468	3511	2895	5
33469	3511	2898	5
33470	3511	2900	5
33471	3511	2901	5
33472	3511	2904	5
33473	3511	2940	5
33474	3511	2941	5
33475	3511	2942	5
33476	3511	2945	5
33477	3511	2946	5
33478	3511	3329	5
33479	3511	3332	5
33480	3511	3510	5
33481	3511	3513	5
33482	3511	3514	5
33483	3511	3516	5
33484	3511	3517	5
33485	3511	3518	5
33486	3511	3519	5
33487	3511	3520	5
33488	3511	3521	5
33489	3511	3522	5
33490	3511	3523	5
33491	3511	3524	5
33492	3511	3525	5
33493	3511	3526	5
33494	3511	3527	5
33495	3511	3528	5
33496	3511	3529	5
33497	3511	3530	5
33498	3511	3531	5
33499	3511	3532	5
33500	3511	3533	5
33501	3511	3543	5
33502	3511	3544	5
33503	3511	3545	5
33504	3511	3546	5
33505	3511	3547	5
33506	3511	3548	5
33507	3511	3549	5
33508	3511	3550	5
33509	3511	3551	5
33510	3511	3554	5
33511	3511	5718	5
33512	3511	5719	5
33513	3511	5720	5
33514	3511	5721	5
33515	3511	5722	5
33516	3511	6191	5
33517	3511	6331	5
33518	3511	6781	2
33519	3511	6782	2
33520	3511	6787	2
33521	3511	6788	2
33522	3511	6790	2
33523	3511	6791	5
33524	3511	6792	2
33525	3511	6793	2
33526	3511	6794	2
33527	3511	6808	2
33528	3511	6811	2
33529	3511	6813	2
33530	3512	1241	2
33531	3512	2890	5
33532	3512	2892	5
33533	3512	2893	5
33534	3512	2895	5
33535	3512	2898	5
33536	3512	2899	5
33537	3512	2900	5
33538	3512	2901	5
33539	3512	2904	5
33540	3512	2940	5
33541	3512	2941	5
33542	3512	2942	5
33543	3512	2945	5
33544	3512	2946	5
33545	3512	2950	5
33546	3512	3329	5
33547	3512	3332	5
33548	3512	3510	5
33549	3512	3513	5
33550	3512	3514	5
33551	3512	3515	5
33552	3512	3516	5
33553	3512	3517	5
33554	3512	3518	5
33555	3512	3519	5
33556	3512	3520	5
33557	3512	3521	5
33558	3512	3522	5
33559	3512	3523	5
33560	3512	3524	5
33561	3512	3525	5
33562	3512	3526	5
33563	3512	3527	5
33564	3512	3528	5
33565	3512	3529	5
33566	3512	3530	5
33567	3512	3531	5
33568	3512	3532	5
33569	3512	3533	5
33570	3512	3543	5
33571	3512	3544	5
33572	3512	3545	5
33573	3512	3546	5
33574	3512	3547	5
33575	3512	3548	5
33576	3512	3549	5
33577	3512	3550	5
33578	3512	3551	5
33579	3512	3552	5
33580	3512	3554	5
33581	3512	5718	5
33582	3512	5719	5
33583	3512	5720	5
33584	3512	5721	5
33585	3512	5722	5
33586	3512	6191	5
33587	3512	6331	5
33588	3512	6781	2
33589	3512	6782	2
33590	3512	6787	2
33591	3512	6788	2
33592	3512	6790	2
33593	3512	6791	5
33594	3512	6792	2
33595	3512	6793	2
33596	3512	6794	2
33597	3512	6808	2
33598	3512	6811	2
33599	3512	6813	2
33600	3512	6860	5
33601	3513	1241	2
33602	3513	1492	2
33603	3513	1495	2
33604	3513	2890	7
33605	3513	2892	7
33606	3513	2893	7
33607	3513	2895	7
33608	3513	2898	7
33609	3513	2899	7
33610	3513	2900	7
33611	3513	2901	7
33612	3513	2904	7
33613	3513	2941	7
33614	3513	2942	7
33615	3513	2945	7
33616	3513	2946	7
33617	3513	2947	7
33618	3513	2950	7
33619	3513	3329	5
33620	3513	3332	5
33621	3513	3510	5
33622	3513	3511	5
33623	3513	3514	7
33624	3513	3515	7
33625	3513	3516	7
33626	3513	3517	7
33627	3513	3518	7
33628	3513	3520	7
33629	3513	3521	7
33630	3513	3522	7
33631	3513	3523	7
33632	3513	3524	7
33633	3513	3525	7
33634	3513	3526	7
33635	3513	3527	7
33636	3513	3528	7
33637	3513	3529	7
33638	3513	3530	7
33639	3513	3531	5
33640	3513	3532	7
33641	3513	3533	7
33642	3513	3543	7
33643	3513	3544	7
33644	3513	3545	7
33645	3513	3546	7
33646	3513	3547	7
33647	3513	3548	7
33648	3513	3549	5
33649	3513	3550	7
33650	3513	3551	7
33651	3513	3552	7
33652	3513	3554	7
33653	3513	5718	7
33654	3513	5719	7
33655	3513	5720	7
33656	3513	5721	7
33657	3513	5722	7
33658	3513	6191	5
33659	3513	6331	5
33660	3513	6781	2
33661	3513	6782	2
33662	3513	6787	2
33663	3513	6788	2
33664	3513	6790	2
33665	3513	6791	7
33666	3513	6792	2
33667	3513	6793	2
33668	3513	6794	2
33669	3513	6808	2
33670	3513	6811	2
33671	3513	6813	2
33672	3513	6860	7
33673	3514	1241	2
33674	3514	1242	2
33675	3514	1492	2
33676	3514	1495	2
33677	3514	2890	7
33678	3514	2892	7
33679	3514	2893	7
33680	3514	2895	7
33681	3514	2898	7
33682	3514	2899	7
33683	3514	2900	7
33684	3514	2901	7
33685	3514	2902	7
33686	3514	2904	7
33687	3514	2941	7
33688	3514	2942	7
33689	3514	2945	7
33690	3514	2946	7
33691	3514	2947	7
33692	3514	2948	7
33693	3514	2950	7
33694	3514	3510	5
33695	3514	3511	5
33696	3514	3512	5
33697	3514	3516	7
33698	3514	3517	7
33699	3514	3518	7
33700	3514	3519	7
33701	3514	3520	7
33702	3514	3521	7
33703	3514	3522	7
33704	3514	3523	7
33705	3514	3524	7
33706	3514	3525	7
33707	3514	3526	7
33708	3514	3527	7
33709	3514	3528	7
33710	3514	3529	7
33711	3514	3531	5
33712	3514	3532	7
33713	3514	3533	7
33714	3514	3543	7
33715	3514	3544	7
33716	3514	3545	7
33717	3514	3546	7
33718	3514	3547	7
33719	3514	3548	7
33720	3514	3549	5
33721	3514	3550	7
33722	3514	3551	7
33723	3514	3552	7
33724	3514	3554	7
33725	3514	3555	7
33726	3514	3556	7
33727	3514	5718	7
33728	3514	5719	7
33729	3514	5720	7
33730	3514	5721	7
33731	3514	5722	7
33732	3514	6331	5
33733	3514	6781	2
33734	3514	6787	2
33735	3514	6788	2
33736	3514	6790	2
33737	3514	6791	7
33738	3514	6792	2
33739	3514	6793	2
33740	3514	6794	2
33741	3514	6796	2
33742	3514	6800	2
33743	3514	6808	2
33744	3514	6809	2
33745	3514	6810	2
33746	3514	6811	2
33747	3514	6813	2
33748	3514	6860	7
33749	3514	6864	2
33750	3515	1241	2
33751	3515	1242	2
33752	3515	1492	2
33753	3515	1495	2
33754	3515	2890	7
33755	3515	2892	7
33756	3515	2893	7
33757	3515	2895	7
33758	3515	2898	7
33759	3515	2899	7
33760	3515	2900	7
33761	3515	2901	7
33762	3515	2904	7
33763	3515	2941	7
33764	3515	2942	7
33765	3515	2945	7
33766	3515	2946	7
33767	3515	2947	7
33768	3515	2950	7
33769	3515	3510	5
33770	3515	3511	5
33771	3515	3512	5
33772	3515	3513	7
33773	3515	3517	7
33774	3515	3518	7
33775	3515	3520	7
33776	3515	3521	7
33777	3515	3522	7
33778	3515	3523	7
33779	3515	3524	7
33780	3515	3525	7
33781	3515	3526	7
33782	3515	3527	7
33783	3515	3528	7
33784	3515	3529	7
33785	3515	3530	7
33786	3515	3531	5
33787	3515	3532	7
33788	3515	3533	7
33789	3515	3543	7
33790	3515	3544	7
33791	3515	3545	7
33792	3515	3546	7
33793	3515	3547	7
33794	3515	3548	7
33795	3515	3549	5
33796	3515	3550	7
33797	3515	3551	7
33798	3515	3552	7
33799	3515	3554	7
33800	3515	5719	7
33801	3515	5720	7
33802	3515	5721	7
33803	3515	5722	7
33804	3515	6331	5
33805	3515	6781	2
33806	3515	6782	2
33807	3515	6787	2
33808	3515	6788	2
33809	3515	6790	2
33810	3515	6791	7
33811	3515	6792	2
33812	3515	6793	2
33813	3515	6794	2
33814	3515	6796	2
33815	3515	6808	2
33816	3515	6809	2
33817	3515	6810	2
33818	3515	6811	2
33819	3515	6813	2
33820	3515	6860	7
33821	3515	6864	2
33822	3516	1241	2
33823	3516	1242	2
33824	3516	1492	2
33825	3516	1495	2
33826	3516	2892	7
33827	3516	2893	7
33828	3516	2895	7
33829	3516	2898	7
33830	3516	2900	7
33831	3516	2901	7
33832	3516	2904	7
33833	3516	2940	7
33834	3516	2941	7
33835	3516	2942	7
33836	3516	2945	7
33837	3516	2946	7
33838	3516	2950	7
33839	3516	3510	5
33840	3516	3511	5
33841	3516	3512	5
33842	3516	3513	7
33843	3516	3514	7
33844	3516	3518	7
33845	3516	3522	7
33846	3516	3524	7
33847	3516	3525	7
33848	3516	3526	7
33849	3516	3527	7
33850	3516	3528	7
33851	3516	3529	7
33852	3516	3530	7
33853	3516	3531	5
33854	3516	3532	7
33855	3516	3533	7
33856	3516	3543	7
33857	3516	3544	7
33858	3516	3545	7
33859	3516	3546	7
33860	3516	3547	7
33861	3516	3548	7
33862	3516	3549	5
33863	3516	3550	7
33864	3516	3551	7
33865	3516	3554	7
33866	3516	5718	7
33867	3516	5719	7
33868	3516	5720	7
33869	3516	5721	7
33870	3516	5722	7
33871	3516	6331	5
33872	3516	6781	2
33873	3516	6782	2
33874	3516	6787	2
33875	3516	6788	2
33876	3516	6790	2
33877	3516	6792	2
33878	3516	6793	2
33879	3516	6794	2
33880	3516	6796	2
33881	3516	6808	2
33882	3516	6809	2
33883	3516	6810	2
33884	3516	6811	2
33885	3516	6813	2
33886	3516	6864	2
33887	3517	1241	2
33888	3517	1242	2
33889	3517	1492	2
33890	3517	1495	2
33891	3517	1497	2
33892	3517	1499	2
33893	3517	2893	7
33894	3517	2895	7
33895	3517	2900	7
33896	3517	2901	7
33897	3517	2904	7
33898	3517	2941	7
33899	3517	2942	7
33900	3517	2945	7
33901	3517	2950	7
33902	3517	3510	5
33903	3517	3511	5
33904	3517	3512	5
33905	3517	3513	7
33906	3517	3514	7
33907	3517	3515	7
33908	3517	3523	7
33909	3517	3525	7
33910	3517	3526	7
33911	3517	3527	7
33912	3517	3528	7
33913	3517	3529	7
33914	3517	3530	7
33915	3517	3531	5
33916	3517	3532	7
33917	3517	3543	7
33918	3517	3544	7
33919	3517	3545	7
33920	3517	3546	7
33921	3517	3547	7
33922	3517	3548	7
33923	3517	3549	5
33924	3517	3550	7
33925	3517	3551	7
33926	3517	3554	7
33927	3517	5718	7
33928	3517	5719	7
33929	3517	5720	7
33930	3517	5721	7
33931	3517	5722	7
33932	3517	6331	5
33933	3517	6781	2
33934	3517	6782	2
33935	3517	6787	2
33936	3517	6788	2
33937	3517	6790	2
33938	3517	6792	2
33939	3517	6793	2
33940	3517	6794	2
33941	3517	6796	2
33942	3517	6808	2
33943	3517	6809	2
33944	3517	6811	2
33945	3517	6813	2
33946	3517	6864	2
33947	3518	1241	2
33948	3518	1242	2
33949	3518	1492	2
33950	3518	1495	2
33951	3518	1497	2
33952	3518	1499	2
33953	3518	2893	7
33954	3518	2895	7
33955	3518	2900	7
33956	3518	2904	7
33957	3518	2941	7
33958	3518	2942	7
33959	3518	2945	7
33960	3518	3510	5
33961	3518	3511	5
33962	3518	3512	5
33963	3518	3513	7
33964	3518	3514	7
33965	3518	3515	7
33966	3518	3516	7
33967	3518	3526	7
33968	3518	3527	7
33969	3518	3528	7
33970	3518	3529	7
33971	3518	3530	7
33972	3518	3531	5
33973	3518	3532	7
33974	3518	3543	7
33975	3518	3544	7
33976	3518	3545	7
33977	3518	3546	7
33978	3518	3547	7
33979	3518	3548	7
33980	3518	3549	5
33981	3518	5718	7
33982	3518	5719	7
33983	3518	5720	7
33984	3518	5721	7
33985	3518	6781	2
33986	3518	6782	2
33987	3518	6787	2
33988	3518	6788	2
33989	3518	6790	2
33990	3518	6792	2
33991	3518	6793	2
33992	3518	6794	2
33993	3518	6796	2
33994	3518	6808	2
33995	3518	6809	2
33996	3518	6811	2
33997	3518	6813	2
33998	3518	6868	2
33999	3518	6869	2
34000	3519	1241	2
34001	3519	1242	2
34002	3519	1479	2
34003	3519	1492	2
34004	3519	1495	2
34005	3519	1497	2
34006	3519	1499	2
34007	3519	2893	7
34008	3519	2895	7
34009	3519	2898	7
34010	3519	2900	7
34011	3519	2901	7
34012	3519	2904	7
34013	3519	2940	7
34014	3519	2941	7
34015	3519	2942	7
34016	3519	2945	7
34017	3519	2950	7
34018	3519	3510	5
34019	3519	3511	5
34020	3519	3512	5
34021	3519	3514	7
34022	3519	3522	7
34023	3519	3523	7
34024	3519	3524	7
34025	3519	3525	7
34026	3519	3526	7
34027	3519	3527	7
34028	3519	3528	7
34029	3519	3529	7
34030	3519	3530	7
34031	3519	3531	5
34032	3519	3532	7
34033	3519	3533	7
34034	3519	3543	7
34035	3519	3544	7
34036	3519	3545	7
34037	3519	3546	7
34038	3519	3547	7
34039	3519	3548	7
34040	3519	3549	5
34041	3519	5718	7
34042	3519	5719	7
34043	3519	5720	7
34044	3519	5721	7
34045	3519	5722	7
34046	3519	6331	5
34047	3519	6787	2
34048	3519	6788	2
34049	3519	6790	2
34050	3519	6791	7
34051	3519	6792	2
34052	3519	6793	2
34053	3519	6794	2
34054	3519	6796	2
34055	3519	6808	2
34056	3519	6809	2
34057	3519	6810	2
34058	3519	6811	2
34059	3519	6813	2
34060	3519	6864	2
34061	3519	6868	2
34062	3519	6869	2
34063	3520	1241	2
34064	3520	1242	2
34065	3520	1479	2
34066	3520	1492	2
34067	3520	1495	2
34068	3520	1497	2
34069	3520	1499	2
34070	3520	1523	2
34071	3520	2893	7
34072	3520	2895	7
34073	3520	2898	7
34074	3520	2900	7
34075	3520	2901	7
34076	3520	2904	7
34077	3520	2940	7
34078	3520	2942	7
34079	3520	2945	7
34080	3520	3510	5
34081	3520	3511	5
34082	3520	3512	5
34083	3520	3513	7
34084	3520	3514	7
34085	3520	3515	7
34086	3520	3521	7
34087	3520	3523	7
34088	3520	3524	7
34089	3520	3525	7
34090	3520	3526	7
34091	3520	3527	7
34092	3520	3528	7
34093	3520	3529	7
34094	3520	3530	7
34095	3520	3531	5
34096	3520	3532	7
34097	3520	3533	7
34098	3520	3543	7
34099	3520	3544	7
34100	3520	3545	7
34101	3520	3546	7
34102	3520	3547	7
34103	3520	3548	7
34104	3520	3549	5
34105	3520	5718	7
34106	3520	5719	7
34107	3520	5720	7
34108	3520	5721	7
34109	3520	5722	7
34110	3520	6331	5
34111	3520	6787	2
34112	3520	6788	2
34113	3520	6790	2
34114	3520	6791	7
34115	3520	6793	2
34116	3520	6794	2
34117	3520	6796	2
34118	3520	6800	2
34119	3520	6808	2
34120	3520	6809	2
34121	3520	6810	2
34122	3520	6811	2
34123	3520	6813	2
34124	3520	6864	2
34125	3520	6868	2
34126	3520	6869	2
34127	3521	1241	2
34128	3521	1242	2
34129	3521	1479	2
34130	3521	1492	2
34131	3521	1495	2
34132	3521	1497	2
34133	3521	1499	2
34134	3521	2893	7
34135	3521	2895	7
34136	3521	2898	7
34137	3521	2900	7
34138	3521	2901	7
34139	3521	2904	7
34140	3521	2940	7
34141	3521	2941	7
34142	3521	2942	7
34143	3521	2945	7
34144	3521	2946	7
34145	3521	2950	7
34146	3521	3510	5
34147	3521	3511	5
34148	3521	3512	5
34149	3521	3513	7
34150	3521	3514	7
34151	3521	3515	7
34152	3521	3520	7
34153	3521	3524	7
34154	3521	3525	7
34155	3521	3526	7
34156	3521	3527	7
34157	3521	3528	7
34158	3521	3529	7
34159	3521	3530	7
34160	3521	3531	5
34161	3521	3532	7
34162	3521	3533	7
34163	3521	3543	7
34164	3521	3544	7
34165	3521	3545	7
34166	3521	3546	7
34167	3521	3547	7
34168	3521	3548	7
34169	3521	3549	5
34170	3521	3550	7
34171	3521	3551	7
34172	3521	3554	7
34173	3521	5718	7
34174	3521	5719	7
34175	3521	5720	7
34176	3521	5721	7
34177	3521	5722	7
34178	3521	6331	5
34179	3521	6787	2
34180	3521	6788	2
34181	3521	6790	2
34182	3521	6791	7
34183	3521	6792	2
34184	3521	6793	2
34185	3521	6794	2
34186	3521	6796	2
34187	3521	6800	2
34188	3521	6808	2
34189	3521	6809	2
34190	3521	6810	2
34191	3521	6811	2
34192	3521	6813	2
34193	3521	6864	2
34194	3522	1241	2
34195	3522	1242	2
34196	3522	1479	2
34197	3522	1492	2
34198	3522	1495	2
34199	3522	1497	2
34200	3522	1499	2
34201	3522	1523	2
34202	3522	2893	7
34203	3522	2895	7
34204	3522	2898	7
34205	3522	2899	7
34206	3522	2900	7
34207	3522	2901	7
34208	3522	2904	7
34209	3522	2940	7
34210	3522	2942	7
34211	3522	2945	7
34212	3522	2946	7
34213	3522	3511	5
34214	3522	3512	5
34215	3522	3513	7
34216	3522	3514	7
34217	3522	3515	7
34218	3522	3516	7
34219	3522	3519	7
34220	3522	3523	7
34221	3522	3525	7
34222	3522	3526	7
34223	3522	3527	7
34224	3522	3528	7
34225	3522	3529	7
34226	3522	3530	7
34227	3522	3531	5
34228	3522	3532	7
34229	3522	3533	7
34230	3522	3543	7
34231	3522	3544	7
34232	3522	3545	7
34233	3522	3546	7
34234	3522	3547	7
34235	3522	3548	7
34236	3522	3549	5
34237	3522	3550	7
34238	3522	3551	7
34239	3522	3554	7
34240	3522	5718	7
34241	3522	5719	7
34242	3522	5720	7
34243	3522	5721	7
34244	3522	5722	7
34245	3522	6331	5
34246	3522	6787	2
34247	3522	6788	2
34248	3522	6790	2
34249	3522	6791	7
34250	3522	6792	2
34251	3522	6793	2
34252	3522	6794	2
34253	3522	6796	2
34254	3522	6800	2
34255	3522	6808	2
34256	3522	6809	2
34257	3522	6810	2
34258	3522	6811	2
34259	3522	6813	2
34260	3522	6864	2
34261	3523	1241	2
34262	3523	1242	2
34263	3523	1479	2
34264	3523	1492	2
34265	3523	1495	2
34266	3523	1497	2
34267	3523	1499	2
34268	3523	2893	7
34269	3523	2895	7
34270	3523	2898	7
34271	3523	2899	7
34272	3523	2900	7
34273	3523	2901	7
34274	3523	2904	7
34275	3523	2940	7
34276	3523	2941	7
34277	3523	2942	7
34278	3523	2945	7
34279	3523	2946	7
34280	3523	2947	7
34281	3523	2950	7
34282	3523	3510	5
34283	3523	3511	5
34284	3523	3512	5
34285	3523	3513	7
34286	3523	3514	7
34287	3523	3515	7
34288	3523	3517	7
34289	3523	3519	7
34290	3523	3520	7
34291	3523	3522	7
34292	3523	3525	7
34293	3523	3526	7
34294	3523	3527	7
34295	3523	3528	7
34296	3523	3529	7
34297	3523	3530	7
34298	3523	3531	5
34299	3523	3532	7
34300	3523	3533	7
34301	3523	3543	7
34302	3523	3544	7
34303	3523	3545	7
34304	3523	3546	7
34305	3523	3547	7
34306	3523	3548	7
34307	3523	3549	5
34308	3523	3550	7
34309	3523	3551	7
34310	3523	3554	7
34311	3523	5719	7
34312	3523	5720	7
34313	3523	5721	7
34314	3523	5722	7
34315	3523	6331	5
34316	3523	6787	2
34317	3523	6788	2
34318	3523	6790	2
34319	3523	6791	7
34320	3523	6792	2
34321	3523	6793	2
34322	3523	6794	2
34323	3523	6796	2
34324	3523	6800	2
34325	3523	6808	2
34326	3523	6809	2
34327	3523	6810	2
34328	3523	6811	2
34329	3523	6813	2
34330	3523	6864	2
34331	3524	1241	2
34332	3524	1242	2
34333	3524	1479	2
34334	3524	1492	2
34335	3524	1495	2
34336	3524	1497	2
34337	3524	1499	2
34338	3524	2893	7
34339	3524	2895	7
34340	3524	2898	7
34341	3524	2899	7
34342	3524	2900	7
34343	3524	2901	7
34344	3524	2904	7
34345	3524	2940	7
34346	3524	2941	7
34347	3524	2942	7
34348	3524	2945	7
34349	3524	2946	7
34350	3524	2947	7
34351	3524	2948	7
34352	3524	2950	7
34353	3524	3510	5
34354	3524	3511	5
34355	3524	3512	5
34356	3524	3513	7
34357	3524	3514	7
34358	3524	3515	7
34359	3524	3516	7
34360	3524	3519	7
34361	3524	3520	7
34362	3524	3521	7
34363	3524	3526	7
34364	3524	3527	7
34365	3524	3528	7
34366	3524	3529	7
34367	3524	3530	7
34368	3524	3531	5
34369	3524	3532	7
34370	3524	3543	7
34371	3524	3544	7
34372	3524	3545	7
34373	3524	3546	7
34374	3524	3547	7
34375	3524	3548	7
34376	3524	3549	5
34377	3524	3550	7
34378	3524	3551	7
34379	3524	3554	7
34380	3524	5718	7
34381	3524	5719	7
34382	3524	5720	7
34383	3524	5721	7
34384	3524	5722	7
34385	3524	6331	5
34386	3524	6787	2
34387	3524	6788	2
34388	3524	6790	2
34389	3524	6791	7
34390	3524	6792	2
34391	3524	6793	2
34392	3524	6794	2
34393	3524	6796	2
34394	3524	6800	2
34395	3524	6808	2
34396	3524	6809	2
34397	3524	6810	2
34398	3524	6811	2
34399	3524	6813	2
34400	3524	6864	2
34401	3525	1241	2
34402	3525	1242	2
34403	3525	1479	2
34404	3525	1492	2
34405	3525	1495	2
34406	3525	2893	7
34407	3525	2895	7
34408	3525	2898	7
34409	3525	2899	7
34410	3525	2900	7
34411	3525	2901	7
34412	3525	2904	7
34413	3525	2941	7
34414	3525	2942	7
34415	3525	2945	7
34416	3525	2946	7
34417	3525	2947	7
34418	3525	2948	7
34419	3525	2950	7
34420	3525	3510	5
34421	3525	3511	5
34422	3525	3512	5
34423	3525	3513	7
34424	3525	3514	7
34425	3525	3515	7
34426	3525	3516	7
34427	3525	3517	7
34428	3525	3519	7
34429	3525	3520	7
34430	3525	3521	7
34431	3525	3522	7
34432	3525	3523	7
34433	3525	3527	7
34434	3525	3528	7
34435	3525	3529	7
34436	3525	3530	7
34437	3525	3531	5
34438	3525	3532	7
34439	3525	3533	7
34440	3525	3543	7
34441	3525	3544	7
34442	3525	3545	7
34443	3525	3546	7
34444	3525	3547	7
34445	3525	3548	7
34446	3525	3549	5
34447	3525	3550	7
34448	3525	3551	7
34449	3525	3552	7
34450	3525	3554	7
34451	3525	3555	7
34452	3525	3556	7
34453	3525	5718	7
34454	3525	5719	7
34455	3525	5720	7
34456	3525	6331	5
34457	3525	6332	7
34458	3525	6787	2
34459	3525	6788	2
34460	3525	6790	2
34461	3525	6791	7
34462	3525	6792	2
34463	3525	6793	2
34464	3525	6794	2
34465	3525	6796	2
34466	3525	6800	2
34467	3525	6802	2
34468	3525	6808	2
34469	3525	6809	2
34470	3525	6810	2
34471	3525	6811	2
34472	3525	6813	2
34473	3525	6860	7
34474	3525	6864	2
34475	3526	1241	2
34476	3526	1242	2
34477	3526	1479	2
34478	3526	1492	2
34479	3526	1495	2
34480	3526	2892	7
34481	3526	2893	7
34482	3526	2895	7
34483	3526	2898	7
34484	3526	2899	7
34485	3526	2900	7
34486	3526	2901	7
34487	3526	2904	7
34488	3526	2941	7
34489	3526	2942	7
34490	3526	2945	7
34491	3526	2946	7
34492	3526	2947	7
34493	3526	2948	7
34494	3526	2950	7
34495	3526	3510	5
34496	3526	3511	5
34497	3526	3512	5
34498	3526	3513	7
34499	3526	3514	7
34500	3526	3515	7
34501	3526	3516	7
34502	3526	3517	7
34503	3526	3518	7
34504	3526	3519	7
34505	3526	3520	7
34506	3526	3521	7
34507	3526	3522	7
34508	3526	3523	7
34509	3526	3524	7
34510	3526	3528	7
34511	3526	3529	7
34512	3526	3530	7
34513	3526	3531	5
34514	3526	3532	7
34515	3526	3533	7
34516	3526	3543	7
34517	3526	3544	7
34518	3526	3545	7
34519	3526	3546	7
34520	3526	3547	7
34521	3526	3548	7
34522	3526	3549	5
34523	3526	3550	7
34524	3526	3551	7
34525	3526	3552	7
34526	3526	3554	7
34527	3526	3555	7
34528	3526	3556	7
34529	3526	5718	7
34530	3526	5719	7
34531	3526	5720	7
34532	3526	5721	7
34533	3526	5722	7
34534	3526	6331	5
34535	3526	6332	7
34536	3526	6787	2
34537	3526	6788	2
34538	3526	6790	2
34539	3526	6791	7
34540	3526	6792	2
34541	3526	6793	2
34542	3526	6794	2
34543	3526	6796	2
34544	3526	6800	2
34545	3526	6802	2
34546	3526	6808	2
34547	3526	6809	2
34548	3526	6810	2
34549	3526	6811	2
34550	3526	6813	2
34551	3526	6860	7
34552	3526	6864	2
34553	3527	1241	2
34554	3527	1242	2
34555	3527	1479	2
34556	3527	1492	2
34557	3527	1495	2
34558	3527	2890	7
34559	3527	2892	7
34560	3527	2893	7
34561	3527	2894	7
34562	3527	2898	7
34563	3527	2899	7
34564	3527	2900	7
34565	3527	2901	7
34566	3527	2904	7
34567	3527	2938	7
34568	3527	2941	7
34569	3527	2942	7
34570	3527	2945	7
34571	3527	2946	7
34572	3527	2947	7
34573	3527	2948	7
34574	3527	2949	7
34575	3527	2950	7
34576	3527	3510	5
34577	3527	3511	5
34578	3527	3512	5
34579	3527	3513	7
34580	3527	3514	7
34581	3527	3515	7
34582	3527	3516	7
34583	3527	3517	7
34584	3527	3518	7
34585	3527	3519	7
34586	3527	3520	7
34587	3527	3521	7
34588	3527	3522	7
34589	3527	3523	7
34590	3527	3524	7
34591	3527	3525	7
34592	3527	3528	7
34593	3527	3530	7
34594	3527	3531	5
34595	3527	3532	7
34596	3527	3533	7
34597	3527	3543	7
34598	3527	3544	7
34599	3527	3545	7
34600	3527	3546	7
34601	3527	3547	7
34602	3527	3548	7
34603	3527	3549	5
34604	3527	3550	7
34605	3527	3551	7
34606	3527	3552	7
34607	3527	3554	7
34608	3527	3555	7
34609	3527	3556	7
34610	3527	5718	7
34611	3527	5719	7
34612	3527	5720	7
34613	3527	5721	7
34614	3527	5722	7
34615	3527	6331	5
34616	3527	6332	7
34617	3527	6787	2
34618	3527	6788	2
34619	3527	6790	2
34620	3527	6791	7
34621	3527	6792	2
34622	3527	6793	2
34623	3527	6794	2
34624	3527	6796	2
34625	3527	6799	2
34626	3527	6800	2
34627	3527	6802	2
34628	3527	6806	2
34629	3527	6808	2
34630	3527	6809	2
34631	3527	6810	2
34632	3527	6811	2
34633	3527	6813	2
34634	3527	6860	7
34635	3527	6864	2
34636	3528	1241	2
34637	3528	1242	2
34638	3528	1479	2
34639	3528	1492	2
34640	3528	1495	2
34641	3528	2890	7
34642	3528	2892	7
34643	3528	2893	7
34644	3528	2895	7
34645	3528	2898	7
34646	3528	2899	7
34647	3528	2900	7
34648	3528	2901	7
34649	3528	2902	7
34650	3528	2904	7
34651	3528	2936	7
34652	3528	2941	7
34653	3528	2942	7
34654	3528	2945	7
34655	3528	2946	7
34656	3528	2947	7
34657	3528	2948	7
34658	3528	2949	7
34659	3528	2950	7
34660	3528	3510	5
34661	3528	3511	5
34662	3528	3512	5
34663	3528	3513	7
34664	3528	3515	7
34665	3528	3516	7
34666	3528	3517	7
34667	3528	3518	7
34668	3528	3519	7
34669	3528	3520	7
34670	3528	3521	7
34671	3528	3522	7
34672	3528	3523	7
34673	3528	3524	7
34674	3528	3525	7
34675	3528	3526	7
34676	3528	3527	7
34677	3528	3530	7
34678	3528	3531	5
34679	3528	3533	7
34680	3528	3543	7
34681	3528	3544	7
34682	3528	3545	7
34683	3528	3546	7
34684	3528	3547	7
34685	3528	3548	7
34686	3528	3549	5
34687	3528	3550	7
34688	3528	3551	7
34689	3528	3552	7
34690	3528	3554	7
34691	3528	3555	7
34692	3528	3556	7
34693	3528	5718	7
34694	3528	5720	7
34695	3528	5721	7
34696	3528	5722	7
34697	3528	6331	5
34698	3528	6332	7
34699	3528	6787	2
34700	3528	6788	2
34701	3528	6790	2
34702	3528	6791	7
34703	3528	6792	2
34704	3528	6793	2
34705	3528	6794	2
34706	3528	6796	2
34707	3528	6800	2
34708	3528	6802	2
34709	3528	6808	2
34710	3528	6809	2
34711	3528	6810	2
34712	3528	6811	2
34713	3528	6813	2
34714	3528	6860	7
34715	3528	6864	2
34716	3529	1241	2
34717	3529	1242	2
34718	3529	1479	2
34719	3529	1492	2
34720	3529	1495	2
34721	3529	2890	7
34722	3529	2892	7
34723	3529	2893	7
34724	3529	2895	7
34725	3529	2898	7
34726	3529	2899	7
34727	3529	2900	7
34728	3529	2901	7
34729	3529	2902	7
34730	3529	2904	7
34731	3529	2936	7
34732	3529	2941	7
34733	3529	2942	7
34734	3529	2945	7
34735	3529	2946	7
34736	3529	2947	7
34737	3529	2948	7
34738	3529	2949	7
34739	3529	2950	7
34740	3529	3510	5
34741	3529	3511	5
34742	3529	3512	5
34743	3529	3513	7
34744	3529	3514	7
34745	3529	3515	7
34746	3529	3516	7
34747	3529	3517	7
34748	3529	3518	7
34749	3529	3519	7
34750	3529	3520	7
34751	3529	3521	7
34752	3529	3522	7
34753	3529	3523	7
34754	3529	3524	7
34755	3529	3525	7
34756	3529	3526	7
34757	3529	3530	7
34758	3529	3531	5
34759	3529	3532	7
34760	3529	3533	7
34761	3529	3543	7
34762	3529	3544	7
34763	3529	3545	7
34764	3529	3546	7
34765	3529	3547	7
34766	3529	3548	7
34767	3529	3549	5
34768	3529	3550	7
34769	3529	3551	7
34770	3529	3552	7
34771	3529	3554	7
34772	3529	3555	7
34773	3529	3556	7
34774	3529	5718	7
34775	3529	5719	7
34776	3529	5720	7
34777	3529	5721	7
34778	3529	5722	7
34779	3529	6331	5
34780	3529	6332	7
34781	3529	6787	2
34782	3529	6788	2
34783	3529	6790	2
34784	3529	6791	7
34785	3529	6792	2
34786	3529	6793	2
34787	3529	6794	2
34788	3529	6796	2
34789	3529	6800	2
34790	3529	6802	2
34791	3529	6808	2
34792	3529	6809	2
34793	3529	6810	2
34794	3529	6811	2
34795	3529	6813	2
34796	3529	6860	7
34797	3529	6864	2
34798	3530	1241	2
34799	3530	1242	2
34800	3530	1492	2
34801	3530	1495	2
34802	3530	2890	7
34803	3530	2892	7
34804	3530	2893	7
34805	3530	2895	7
34806	3530	2898	7
34807	3530	2899	7
34808	3530	2900	7
34809	3530	2901	7
34810	3530	2902	7
34811	3530	2904	7
34812	3530	2941	7
34813	3530	2942	7
34814	3530	2945	7
34815	3530	2946	7
34816	3530	2947	7
34817	3530	2948	7
34818	3530	2950	7
34819	3530	3329	5
34820	3530	3510	5
34821	3530	3511	5
34822	3530	3512	5
34823	3530	3513	7
34824	3530	3515	7
34825	3530	3516	7
34826	3530	3517	7
34827	3530	3518	7
34828	3530	3519	7
34829	3530	3520	7
34830	3530	3521	7
34831	3530	3522	7
34832	3530	3523	7
34833	3530	3524	7
34834	3530	3525	7
34835	3530	3526	7
34836	3530	3527	7
34837	3530	3528	7
34838	3530	3529	7
34839	3530	3532	7
34840	3530	3533	7
34841	3530	3543	7
34842	3530	3544	7
34843	3530	3545	7
34844	3530	3546	7
34845	3530	3547	7
34846	3530	3548	7
34847	3530	3549	5
34848	3530	3550	7
34849	3530	3551	7
34850	3530	3552	7
34851	3530	3554	7
34852	3530	3555	7
34853	3530	3556	7
34854	3530	5718	7
34855	3530	5719	7
34856	3530	5720	7
34857	3530	5721	7
34858	3530	5722	7
34859	3530	6191	5
34860	3530	6331	5
34861	3530	6781	2
34862	3530	6787	2
34863	3530	6788	2
34864	3530	6790	2
34865	3530	6791	7
34866	3530	6792	2
34867	3530	6793	2
34868	3530	6794	2
34869	3530	6800	2
34870	3530	6808	2
34871	3530	6809	2
34872	3530	6810	2
34873	3530	6811	2
34874	3530	6813	2
34875	3530	6860	7
34876	3531	1241	2
34877	3531	1242	2
34878	3531	1492	2
34879	3531	1495	2
34880	3531	2890	5
34881	3531	2892	5
34882	3531	2893	5
34883	3531	2895	5
34884	3531	2898	5
34885	3531	2899	5
34886	3531	2900	5
34887	3531	2901	5
34888	3531	2902	5
34889	3531	2904	5
34890	3531	2938	5
34891	3531	2940	5
34892	3531	2941	5
34893	3531	2942	5
34894	3531	2945	5
34895	3531	2946	5
34896	3531	2947	5
34897	3531	2948	5
34898	3531	2950	5
34899	3531	2952	5
34900	3531	3329	5
34901	3531	3510	5
34902	3531	3511	5
34903	3531	3512	5
34904	3531	3513	5
34905	3531	3514	5
34906	3531	3515	5
34907	3531	3516	5
34908	3531	3517	5
34909	3531	3518	5
34910	3531	3519	5
34911	3531	3520	5
34912	3531	3521	5
34913	3531	3522	5
34914	3531	3523	5
34915	3531	3524	5
34916	3531	3525	5
34917	3531	3526	5
34918	3531	3527	5
34919	3531	3528	5
34920	3531	3529	5
34921	3531	3533	5
34922	3531	3544	5
34923	3531	3545	5
34924	3531	3546	5
34925	3531	3547	5
34926	3531	3548	5
34927	3531	3549	5
34928	3531	3550	5
34929	3531	3551	5
34930	3531	3552	5
34931	3531	3554	5
34932	3531	3555	5
34933	3531	3556	5
34934	3531	3558	5
34935	3531	5718	5
34936	3531	5719	5
34937	3531	5720	5
34938	3531	5721	5
34939	3531	5722	5
34940	3531	6191	5
34941	3531	6331	5
34942	3531	6787	2
34943	3531	6788	2
34944	3531	6790	2
34945	3531	6791	5
34946	3531	6793	2
34947	3531	6794	2
34948	3531	6800	2
34949	3531	6808	2
34950	3531	6810	2
34951	3531	6811	2
34952	3531	6860	5
34953	3532	1241	2
34954	3532	1242	2
34955	3532	1492	2
34956	3532	1495	2
34957	3532	2890	7
34958	3532	2892	7
34959	3532	2893	7
34960	3532	2898	7
34961	3532	2899	7
34962	3532	2900	7
34963	3532	2901	7
34964	3532	2902	7
34965	3532	2904	7
34966	3532	2938	7
34967	3532	2941	7
34968	3532	2942	7
34969	3532	2943	7
34970	3532	2945	7
34971	3532	2946	7
34972	3532	2947	7
34973	3532	2948	7
34974	3532	2949	7
34975	3532	2950	7
34976	3532	3510	5
34977	3532	3511	5
34978	3532	3512	5
34979	3532	3513	7
34980	3532	3514	7
34981	3532	3515	7
34982	3532	3516	7
34983	3532	3517	7
34984	3532	3518	7
34985	3532	3519	7
34986	3532	3520	7
34987	3532	3521	7
34988	3532	3522	7
34989	3532	3523	7
34990	3532	3524	7
34991	3532	3525	7
34992	3532	3526	7
34993	3532	3527	7
34994	3532	3529	7
34995	3532	3530	7
34996	3532	3533	7
34997	3532	3543	7
34998	3532	3545	7
34999	3532	3546	7
35000	3532	3547	7
35001	3532	3548	7
35002	3532	3549	5
35003	3532	3550	7
35004	3532	3551	7
35005	3532	3552	7
35006	3532	3554	7
35007	3532	3555	7
35008	3532	3556	7
35009	3532	5718	7
35010	3532	5719	7
35011	3532	5720	7
35012	3532	5721	7
35013	3532	5722	7
35014	3532	6331	5
35015	3532	6332	7
35016	3532	6787	2
35017	3532	6788	2
35018	3532	6790	2
35019	3532	6791	7
35020	3532	6792	2
35021	3532	6793	2
35022	3532	6794	2
35023	3532	6796	2
35024	3532	6799	2
35025	3532	6800	2
35026	3532	6802	2
35027	3532	6806	2
35028	3532	6808	2
35029	3532	6809	2
35030	3532	6810	2
35031	3532	6811	2
35032	3532	6859	7
35033	3532	6860	7
35034	3532	6864	2
35035	3533	1241	2
35036	3533	1242	2
35037	3533	1479	2
35038	3533	1492	2
35039	3533	1495	2
35040	3533	1497	2
35041	3533	1499	2
35042	3533	1523	2
35043	3533	2893	7
35044	3533	2895	7
35045	3533	2898	7
35046	3533	2899	7
35047	3533	2900	7
35048	3533	2901	7
35049	3533	2904	7
35050	3533	2945	7
35051	3533	2946	7
35052	3533	3511	5
35053	3533	3512	5
35054	3533	3513	7
35055	3533	3514	7
35056	3533	3515	7
35057	3533	3516	7
35058	3533	3519	7
35059	3533	3520	7
35060	3533	3521	7
35061	3533	3522	7
35062	3533	3523	7
35063	3533	3525	7
35064	3533	3526	7
35065	3533	3527	7
35066	3533	3528	7
35067	3533	3529	7
35068	3533	3530	7
35069	3533	3531	5
35070	3533	3532	7
35071	3533	3543	7
35072	3533	3544	7
35073	3533	3545	7
35074	3533	3546	7
35075	3533	3547	7
35076	3533	3548	7
35077	3533	3549	5
35078	3533	3550	7
35079	3533	3551	7
35080	3533	3554	7
35081	3533	5718	7
35082	3533	5719	7
35083	3533	5720	7
35084	3533	5721	7
35085	3533	6331	5
35086	3533	6787	2
35087	3533	6788	2
35088	3533	6790	2
35089	3533	6791	7
35090	3533	6792	2
35091	3533	6793	2
35092	3533	6794	2
35093	3533	6796	2
35094	3533	6800	2
35095	3533	6802	2
35096	3533	6808	2
35097	3533	6809	2
35098	3533	6810	2
35099	3533	6811	2
35100	3533	6813	2
35101	3533	6864	2
35102	3533	6865	2
35103	3534	1241	2
35104	3534	1242	2
35105	3534	1479	2
35106	3534	1492	2
35107	3534	1494	2
35108	3534	1495	2
35109	3534	1497	2
35110	3534	1499	2
35111	3534	1520	2
35112	3534	1523	2
35113	3534	1524	2
35114	3534	3505	7
35115	3534	3508	5
35116	3534	3509	5
35117	3534	6627	5
35118	3534	6787	2
35119	3534	6788	2
35120	3534	6789	5
35121	3534	6790	2
35122	3534	6792	2
35123	3534	6793	2
35124	3534	6794	2
35125	3534	6796	2
35126	3534	6808	2
35127	3534	6809	2
35128	3534	6810	2
35129	3534	6811	2
35130	3534	6813	2
35131	3534	6864	2
35132	3534	6865	2
35133	3534	6867	5
35134	3534	6869	2
35135	3535	1241	2
35136	3535	1242	2
35137	3535	1479	2
35138	3535	1492	2
35139	3535	1494	2
35140	3535	1495	2
35141	3535	1520	2
35142	3535	1522	5
35143	3535	1523	2
35144	3535	1524	2
35145	3535	6787	2
35146	3535	6788	2
35147	3535	6790	2
35148	3535	6792	2
35149	3535	6793	2
35150	3535	6794	2
35151	3535	6796	2
35152	3535	6800	2
35153	3535	6808	2
35154	3535	6809	2
35155	3535	6810	2
35156	3535	6811	2
35157	3535	6813	2
35158	3535	6864	2
35159	3535	6865	2
35160	3536	1242	2
35161	3536	1479	2
35162	3536	1492	2
35163	3536	1494	2
35164	3536	1495	2
35165	3536	1520	2
35166	3536	1523	2
35167	3536	1524	2
35168	3536	2905	5
35169	3536	2907	5
35170	3536	3535	5
35171	3536	6796	2
35172	3536	6808	2
35173	3536	6809	2
35174	3536	6811	2
35175	3536	6864	2
35176	3536	6865	2
35177	3537	1481	2
35178	3537	1488	2
35179	3537	1490	5
35180	3537	1495	2
35181	3537	2888	5
35182	3537	2889	5
35183	3537	2896	5
35184	3537	2906	5
35185	3537	2909	5
35186	3537	2930	5
35187	3537	2931	5
35188	3537	2932	5
35189	3537	2933	5
35190	3537	2934	5
35191	3537	3539	5
35192	3537	3540	5
35193	3537	3564	5
35194	3537	3569	5
35195	3537	3570	5
35196	3537	4730	5
35197	3537	4732	5
35198	3537	4734	5
35199	3537	4735	5
35200	3537	4736	5
35201	3537	6799	2
35202	3537	6800	2
35203	3537	6801	2
35204	3537	6802	2
35205	3537	6803	2
35206	3537	6805	2
35207	3537	6806	2
35208	3537	6807	5
35209	3537	6810	2
35210	3537	6815	2
35211	3537	6857	2
35212	3537	6858	2
35213	3537	7302	5
35214	3538	1481	2
35215	3538	1488	2
35216	3538	3553	5
35217	3538	6532	5
35218	3538	6797	2
35219	3538	6798	2
35220	3538	6799	2
35221	3538	6800	2
35222	3538	6801	2
35223	3538	6802	2
35224	3538	6803	2
35225	3538	6805	2
35226	3538	6806	2
35227	3538	6815	2
35228	3538	6857	2
35229	3538	6858	2
35230	3538	7325	7
35231	3539	1481	2
35232	3539	1488	2
35233	3539	1490	5
35234	3539	2888	5
35235	3539	2889	5
35236	3539	2896	5
35237	3539	2897	5
35238	3539	2906	5
35239	3539	2909	5
35240	3539	2910	5
35241	3539	2930	5
35242	3539	2931	5
35243	3539	3537	5
35244	3539	3564	5
35245	3539	3569	5
35246	3539	3570	5
35247	3539	4730	5
35248	3539	4732	5
35249	3539	4733	5
35250	3539	4734	5
35251	3539	4736	5
35252	3539	6799	2
35253	3539	6800	2
35254	3539	6801	2
35255	3539	6802	2
35256	3539	6803	2
35257	3539	6805	2
35258	3539	6806	2
35259	3539	6807	5
35260	3539	6815	2
35261	3539	6857	2
35262	3539	6858	2
35263	3539	7302	5
35264	3540	1481	2
35265	3540	1486	2
35266	3540	1488	2
35267	3540	2896	5
35268	3540	2897	5
35269	3540	2909	5
35270	3540	2910	5
35271	3540	2930	5
35272	3540	3537	5
35273	3540	3541	5
35274	3540	3564	5
35275	3540	3569	5
35276	3540	3570	5
35277	3540	4733	5
35278	3540	6797	2
35279	3540	6798	2
35280	3540	6799	2
35281	3540	6800	2
35282	3540	6801	2
35283	3540	6802	2
35284	3540	6803	2
35285	3540	6805	2
35286	3540	6806	2
35287	3540	6807	5
35288	3540	6815	2
35289	3540	6857	2
35290	3540	6858	2
35291	3540	7302	5
35292	3541	1481	2
35293	3541	1488	2
35294	3541	1490	5
35295	3541	2888	5
35296	3541	2889	5
35297	3541	2896	5
35298	3541	2897	5
35299	3541	2906	5
35300	3541	2909	5
35301	3541	2910	5
35302	3541	2930	5
35303	3541	2931	5
35304	3541	3540	5
35305	3541	3564	5
35306	3541	3569	5
35307	3541	3570	5
35308	3541	4730	5
35309	3541	4731	5
35310	3541	4733	5
35311	3541	4734	5
35312	3541	4736	5
35313	3541	6801	2
35314	3541	6802	2
35315	3541	6803	2
35316	3541	6805	2
35317	3541	6806	2
35318	3541	6807	5
35319	3541	6815	2
35320	3541	6857	2
35321	3541	6858	2
35322	3542	1480	7
35323	3542	1481	2
35324	3542	1486	2
35325	3542	1488	2
35326	3542	2944	7
35327	3542	6215	7
35328	3542	6797	2
35329	3542	6798	2
35330	3542	6799	2
35331	3542	6800	2
35332	3542	6802	2
35333	3542	6803	2
35334	3542	6805	2
35335	3542	6806	2
35336	3542	6815	2
35337	3542	6857	2
35338	3542	6858	2
35339	3542	7324	7
35340	3543	1241	2
35341	3543	1495	2
35342	3543	2890	7
35343	3543	2892	7
35344	3543	2893	7
35345	3543	2895	7
35346	3543	2898	7
35347	3543	2899	7
35348	3543	2900	7
35349	3543	2901	7
35350	3543	2902	7
35351	3543	2904	7
35352	3543	2938	7
35353	3543	2941	7
35354	3543	2942	7
35355	3543	2943	7
35356	3543	2945	7
35357	3543	2946	7
35358	3543	2948	7
35359	3543	2949	7
35360	3543	2950	7
35361	3543	3329	5
35362	3543	3510	5
35363	3543	3511	5
35364	3543	3512	5
35365	3543	3513	7
35366	3543	3514	7
35367	3543	3515	7
35368	3543	3516	7
35369	3543	3517	7
35370	3543	3518	7
35371	3543	3519	7
35372	3543	3520	7
35373	3543	3521	7
35374	3543	3522	7
35375	3543	3523	7
35376	3543	3524	7
35377	3543	3525	7
35378	3543	3526	7
35379	3543	3527	7
35380	3543	3528	7
35381	3543	3529	7
35382	3543	3530	7
35383	3543	3532	7
35384	3543	3533	7
35385	3543	3545	7
35386	3543	3546	7
35387	3543	3547	7
35388	3543	3548	7
35389	3543	3550	7
35390	3543	3551	7
35391	3543	3552	7
35392	3543	3554	7
35393	3543	3555	7
35394	3543	3556	7
35395	3543	3558	5
35396	3543	3560	7
35397	3543	5718	7
35398	3543	5719	7
35399	3543	5720	7
35400	3543	5721	7
35401	3543	5722	7
35402	3543	6191	5
35403	3543	6192	5
35404	3543	6331	5
35405	3543	6794	2
35406	3543	6799	2
35407	3543	6800	2
35408	3543	6810	2
35409	3543	6860	7
35410	3544	1241	2
35411	3544	1242	2
35412	3544	1492	2
35413	3544	1495	2
35414	3544	2890	7
35415	3544	2892	7
35416	3544	2893	7
35417	3544	2895	7
35418	3544	2898	7
35419	3544	2899	7
35420	3544	2900	7
35421	3544	2901	7
35422	3544	2902	7
35423	3544	2904	7
35424	3544	2938	7
35425	3544	2941	7
35426	3544	2942	7
35427	3544	2943	7
35428	3544	2945	7
35429	3544	2946	7
35430	3544	2948	7
35431	3544	2949	7
35432	3544	2950	7
35433	3544	2953	7
35434	3544	3510	5
35435	3544	3511	5
35436	3544	3512	5
35437	3544	3513	7
35438	3544	3514	7
35439	3544	3515	7
35440	3544	3516	7
35441	3544	3517	7
35442	3544	3518	7
35443	3544	3519	7
35444	3544	3520	7
35445	3544	3521	7
35446	3544	3522	7
35447	3544	3523	7
35448	3544	3524	7
35449	3544	3525	7
35450	3544	3526	7
35451	3544	3527	7
35452	3544	3528	7
35453	3544	3529	7
35454	3544	3530	7
35455	3544	3531	5
35456	3544	3533	7
35457	3544	3546	7
35458	3544	3547	7
35459	3544	3548	7
35460	3544	3549	5
35461	3544	3550	7
35462	3544	3551	7
35463	3544	3552	7
35464	3544	3554	7
35465	3544	3555	7
35466	3544	3556	7
35467	3544	3558	5
35468	3544	3560	7
35469	3544	3561	5
35470	3544	5718	7
35471	3544	5719	7
35472	3544	5721	7
35473	3544	5722	7
35474	3544	6331	5
35475	3544	6791	7
35476	3544	6794	2
35477	3544	6796	2
35478	3544	6799	2
35479	3544	6800	2
35480	3544	6802	2
35481	3544	6806	2
35482	3544	6808	2
35483	3544	6809	2
35484	3544	6810	2
35485	3544	6811	2
35486	3544	6860	7
35487	3544	6864	2
35488	3545	1241	2
35489	3545	1242	2
35490	3545	1492	2
35491	3545	1495	2
35492	3545	2890	7
35493	3545	2892	7
35494	3545	2893	7
35495	3545	2895	7
35496	3545	2898	7
35497	3545	2899	7
35498	3545	2900	7
35499	3545	2901	7
35500	3545	2902	7
35501	3545	2904	7
35502	3545	2941	7
35503	3545	2942	7
35504	3545	2943	7
35505	3545	2946	7
35506	3545	2948	7
35507	3545	2949	7
35508	3545	2950	7
35509	3545	2953	7
35510	3545	3510	5
35511	3545	3511	5
35512	3545	3512	5
35513	3545	3513	7
35514	3545	3514	7
35515	3545	3515	7
35516	3545	3516	7
35517	3545	3517	7
35518	3545	3518	7
35519	3545	3519	7
35520	3545	3520	7
35521	3545	3521	7
35522	3545	3522	7
35523	3545	3523	7
35524	3545	3524	7
35525	3545	3525	7
35526	3545	3526	7
35527	3545	3527	7
35528	3545	3528	7
35529	3545	3529	7
35530	3545	3530	7
35531	3545	3531	5
35532	3545	3532	7
35533	3545	3533	7
35534	3545	3543	7
35535	3545	3546	7
35536	3545	3547	7
35537	3545	3548	7
35538	3545	3549	5
35539	3545	3550	7
35540	3545	3551	7
35541	3545	3552	7
35542	3545	3554	7
35543	3545	3555	7
35544	3545	3556	7
35545	3545	3558	5
35546	3545	3560	7
35547	3545	3561	5
35548	3545	5718	7
35549	3545	5719	7
35550	3545	5720	7
35551	3545	5721	7
35552	3545	5722	7
35553	3545	6331	5
35554	3545	6791	7
35555	3545	6794	2
35556	3545	6796	2
35557	3545	6799	2
35558	3545	6800	2
35559	3545	6802	2
35560	3545	6803	2
35561	3545	6806	2
35562	3545	6808	2
35563	3545	6809	2
35564	3545	6810	2
35565	3545	6811	2
35566	3545	6860	7
35567	3545	6864	2
35568	3546	1241	2
35569	3546	1242	2
35570	3546	1492	2
35571	3546	1495	2
35572	3546	2890	7
35573	3546	2892	7
35574	3546	2893	7
35575	3546	2895	7
35576	3546	2898	7
35577	3546	2899	7
35578	3546	2900	7
35579	3546	2901	7
35580	3546	2902	7
35581	3546	2941	7
35582	3546	2942	7
35583	3546	2943	7
35584	3546	2946	7
35585	3546	2948	7
35586	3546	2949	7
35587	3546	2950	7
35588	3546	2953	7
35589	3546	3510	5
35590	3546	3511	5
35591	3546	3512	5
35592	3546	3513	7
35593	3546	3514	7
35594	3546	3515	7
35595	3546	3516	7
35596	3546	3517	7
35597	3546	3518	7
35598	3546	3519	7
35599	3546	3520	7
35600	3546	3521	7
35601	3546	3522	7
35602	3546	3523	7
35603	3546	3524	7
35604	3546	3525	7
35605	3546	3526	7
35606	3546	3527	7
35607	3546	3528	7
35608	3546	3529	7
35609	3546	3530	7
35610	3546	3531	5
35611	3546	3532	7
35612	3546	3533	7
35613	3546	3543	7
35614	3546	3544	7
35615	3546	3545	7
35616	3546	3547	7
35617	3546	3548	7
35618	3546	3549	5
35619	3546	3550	7
35620	3546	3551	7
35621	3546	3552	7
35622	3546	3554	7
35623	3546	3555	7
35624	3546	3556	7
35625	3546	3558	5
35626	3546	3560	7
35627	3546	3561	5
35628	3546	5718	7
35629	3546	5719	7
35630	3546	5720	7
35631	3546	5721	7
35632	3546	5722	7
35633	3546	6791	7
35634	3546	6794	2
35635	3546	6796	2
35636	3546	6799	2
35637	3546	6800	2
35638	3546	6801	2
35639	3546	6802	2
35640	3546	6803	2
35641	3546	6805	2
35642	3546	6806	2
35643	3546	6808	2
35644	3546	6809	2
35645	3546	6810	2
35646	3546	6811	2
35647	3546	6860	7
35648	3546	6864	2
35649	3547	1241	2
35650	3547	1242	2
35651	3547	1492	2
35652	3547	1495	2
35653	3547	2890	7
35654	3547	2892	7
35655	3547	2893	7
35656	3547	2895	7
35657	3547	2898	7
35658	3547	2899	7
35659	3547	2900	7
35660	3547	2901	7
35661	3547	2902	7
35662	3547	2941	7
35663	3547	2942	7
35664	3547	2943	7
35665	3547	2945	7
35666	3547	2946	7
35667	3547	2949	7
35668	3547	2950	7
35669	3547	2953	7
35670	3547	3510	5
35671	3547	3511	5
35672	3547	3512	5
35673	3547	3513	7
35674	3547	3514	7
35675	3547	3515	7
35676	3547	3516	7
35677	3547	3517	7
35678	3547	3518	7
35679	3547	3519	7
35680	3547	3520	7
35681	3547	3521	7
35682	3547	3522	7
35683	3547	3523	7
35684	3547	3524	7
35685	3547	3525	7
35686	3547	3526	7
35687	3547	3527	7
35688	3547	3528	7
35689	3547	3529	7
35690	3547	3530	7
35691	3547	3531	5
35692	3547	3532	7
35693	3547	3533	7
35694	3547	3543	7
35695	3547	3544	7
35696	3547	3545	7
35697	3547	3546	7
35698	3547	3549	5
35699	3547	3550	7
35700	3547	3551	7
35701	3547	3552	7
35702	3547	3554	7
35703	3547	3555	7
35704	3547	3556	7
35705	3547	3558	5
35706	3547	3560	7
35707	3547	3561	5
35708	3547	5718	7
35709	3547	5719	7
35710	3547	5720	7
35711	3547	5721	7
35712	3547	5722	7
35713	3547	6799	2
35714	3547	6800	2
35715	3547	6802	2
35716	3547	6803	2
35717	3547	6805	2
35718	3547	6806	2
35719	3547	6808	2
35720	3547	6809	2
35721	3547	6810	2
35722	3547	6811	2
35723	3547	6860	7
35724	3547	6864	2
35725	3548	1241	2
35726	3548	1492	2
35727	3548	1495	2
35728	3548	2890	7
35729	3548	2892	7
35730	3548	2893	7
35731	3548	2895	7
35732	3548	2898	7
35733	3548	2899	7
35734	3548	2900	7
35735	3548	2901	7
35736	3548	2902	7
35737	3548	2904	7
35738	3548	2941	7
35739	3548	2942	7
35740	3548	2943	7
35741	3548	2945	7
35742	3548	2946	7
35743	3548	2950	7
35744	3548	2953	7
35745	3548	3510	5
35746	3548	3511	5
35747	3548	3512	5
35748	3548	3513	7
35749	3548	3514	7
35750	3548	3515	7
35751	3548	3516	7
35752	3548	3517	7
35753	3548	3518	7
35754	3548	3519	7
35755	3548	3520	7
35756	3548	3521	7
35757	3548	3522	7
35758	3548	3523	7
35759	3548	3524	7
35760	3548	3525	7
35761	3548	3526	7
35762	3548	3527	7
35763	3548	3528	7
35764	3548	3529	7
35765	3548	3530	7
35766	3548	3531	5
35767	3548	3532	7
35768	3548	3533	7
35769	3548	3543	7
35770	3548	3544	7
35771	3548	3545	7
35772	3548	3546	7
35773	3548	3550	7
35774	3548	3551	7
35775	3548	3552	7
35776	3548	3555	7
35777	3548	3556	7
35778	3548	3558	5
35779	3548	3560	7
35780	3548	3561	5
35781	3548	5718	7
35782	3548	5719	7
35783	3548	5721	7
35784	3548	5722	7
35785	3548	6799	2
35786	3548	6800	2
35787	3548	6802	2
35788	3548	6803	2
35789	3548	6806	2
35790	3548	6808	2
35791	3548	6810	2
35792	3548	6860	7
35793	3548	6864	2
35794	3549	2890	5
35795	3549	2892	5
35796	3549	2893	5
35797	3549	2895	5
35798	3549	2898	5
35799	3549	2899	5
35800	3549	2900	5
35801	3549	2901	5
35802	3549	2902	5
35803	3549	2904	5
35804	3549	2938	5
35805	3549	2940	5
35806	3549	2941	5
35807	3549	2942	5
35808	3549	2943	5
35809	3549	2945	5
35810	3549	2946	5
35811	3549	2950	5
35812	3549	2952	5
35813	3549	2953	5
35814	3549	3510	5
35815	3549	3511	5
35816	3549	3512	5
35817	3549	3513	5
35818	3549	3514	5
35819	3549	3515	5
35820	3549	3516	5
35821	3549	3517	5
35822	3549	3518	5
35823	3549	3519	5
35824	3549	3520	5
35825	3549	3521	5
35826	3549	3522	5
35827	3549	3523	5
35828	3549	3524	5
35829	3549	3525	5
35830	3549	3526	5
35831	3549	3527	5
35832	3549	3528	5
35833	3549	3529	5
35834	3549	3530	5
35835	3549	3531	5
35836	3549	3532	5
35837	3549	3533	5
35838	3549	3544	5
35839	3549	3545	5
35840	3549	3546	5
35841	3549	3547	5
35842	3549	3551	5
35843	3549	3552	5
35844	3549	3554	5
35845	3549	3555	5
35846	3549	3556	5
35847	3549	3558	5
35848	3549	3560	5
35849	3549	3561	5
35850	3549	5718	5
35851	3549	5719	5
35852	3549	5720	5
35853	3549	5721	5
35854	3549	5722	5
35855	3549	6191	5
35856	3549	6192	5
35857	3549	6799	2
35858	3549	6800	2
35859	3549	6802	2
35860	3549	6806	2
35861	3549	6860	5
35862	3550	2890	7
35863	3550	2892	7
35864	3550	2893	7
35865	3550	2895	7
35866	3550	2898	7
35867	3550	2899	7
35868	3550	2900	7
35869	3550	2901	7
35870	3550	2902	7
35871	3550	2904	7
35872	3550	2938	7
35873	3550	2941	7
35874	3550	2942	7
35875	3550	2943	7
35876	3550	2945	7
35877	3550	2946	7
35878	3550	2950	7
35879	3550	3329	5
35880	3550	3511	5
35881	3550	3512	5
35882	3550	3513	7
35883	3550	3514	7
35884	3550	3515	7
35885	3550	3516	7
35886	3550	3517	7
35887	3550	3521	7
35888	3550	3522	7
35889	3550	3523	7
35890	3550	3524	7
35891	3550	3525	7
35892	3550	3526	7
35893	3550	3527	7
35894	3550	3528	7
35895	3550	3529	7
35896	3550	3530	7
35897	3550	3531	5
35898	3550	3532	7
35899	3550	3533	7
35900	3550	3543	7
35901	3550	3544	7
35902	3550	3545	7
35903	3550	3546	7
35904	3550	3547	7
35905	3550	3548	7
35906	3550	3551	7
35907	3550	3555	7
35908	3550	3556	7
35909	3550	3558	5
35910	3550	3559	5
35911	3550	3560	7
35912	3550	3561	5
35913	3550	5718	7
35914	3550	5719	7
35915	3550	5720	7
35916	3550	5721	7
35917	3550	5722	7
35918	3550	6191	5
35919	3550	6192	5
35920	3550	6799	2
35921	3550	6800	2
35922	3550	6802	2
35923	3550	6806	2
35924	3550	6860	7
35925	3551	1492	2
35926	3551	1495	2
35927	3551	2890	7
35928	3551	2892	7
35929	3551	2893	7
35930	3551	2895	7
35931	3551	2898	7
35932	3551	2899	7
35933	3551	2900	7
35934	3551	2902	7
35935	3551	2941	7
35936	3551	2942	7
35937	3551	2943	7
35938	3551	2945	7
35939	3551	2950	7
35940	3551	2953	7
35941	3551	3510	5
35942	3551	3511	5
35943	3551	3512	5
35944	3551	3513	7
35945	3551	3514	7
35946	3551	3515	7
35947	3551	3516	7
35948	3551	3517	7
35949	3551	3521	7
35950	3551	3522	7
35951	3551	3523	7
35952	3551	3524	7
35953	3551	3525	7
35954	3551	3526	7
35955	3551	3527	7
35956	3551	3528	7
35957	3551	3529	7
35958	3551	3530	7
35959	3551	3531	5
35960	3551	3532	7
35961	3551	3533	7
35962	3551	3543	7
35963	3551	3544	7
35964	3551	3545	7
35965	3551	3546	7
35966	3551	3547	7
35967	3551	3548	7
35968	3551	3549	5
35969	3551	3550	7
35970	3551	3552	7
35971	3551	3555	7
35972	3551	3558	5
35973	3551	3560	7
35974	3551	3561	5
35975	3551	5718	7
35976	3551	5719	7
35977	3551	5720	7
35978	3551	5721	7
35979	3551	5722	7
35980	3551	6797	2
35981	3551	6798	2
35982	3551	6799	2
35983	3551	6800	2
35984	3551	6801	2
35985	3551	6802	2
35986	3551	6803	2
35987	3551	6805	2
35988	3551	6806	2
35989	3551	6808	2
35990	3551	6810	2
35991	3551	6860	7
35992	3551	6864	2
35993	3552	2890	7
35994	3552	2892	7
35995	3552	2893	7
35996	3552	2895	7
35997	3552	2898	7
35998	3552	2899	7
35999	3552	2900	7
36000	3552	2901	7
36001	3552	2904	7
36002	3552	2941	7
36003	3552	2942	7
36004	3552	2943	7
36005	3552	2945	7
36006	3552	2946	7
36007	3552	2950	7
36008	3552	3512	5
36009	3552	3513	7
36010	3552	3514	7
36011	3552	3515	7
36012	3552	3525	7
36013	3552	3526	7
36014	3552	3527	7
36015	3552	3528	7
36016	3552	3529	7
36017	3552	3530	7
36018	3552	3531	5
36019	3552	3532	7
36020	3552	3543	7
36021	3552	3544	7
36022	3552	3545	7
36023	3552	3546	7
36024	3552	3547	7
36025	3552	3548	7
36026	3552	3549	5
36027	3552	3551	7
36028	3552	3554	7
36029	3552	3555	7
36030	3552	3556	7
36031	3552	3558	5
36032	3552	3559	5
36033	3552	3560	7
36034	3552	3561	5
36035	3552	3562	5
36036	3552	5718	7
36037	3552	5719	7
36038	3552	5720	7
36039	3552	5721	7
36040	3552	6192	5
36041	3552	6328	7
36042	3552	6532	5
36043	3552	6797	2
36044	3552	6798	2
36045	3552	6799	2
36046	3552	6800	2
36047	3552	6802	2
36048	3552	6803	2
36049	3552	6806	2
36050	3552	6860	7
36051	3553	1471	5
36052	3553	1473	5
36053	3553	1476	5
36054	3553	1477	5
36055	3553	2892	5
36056	3553	2893	5
36057	3553	2898	5
36058	3553	2899	5
36059	3553	2900	5
36060	3553	2941	5
36061	3553	2942	5
36062	3553	3538	5
36063	3553	3555	5
36064	3553	3556	5
36065	3553	3563	5
36066	3553	6219	5
36067	3553	6329	5
36068	3553	6330	5
36069	3553	6333	5
36070	3553	6532	5
36071	3553	6533	5
36072	3553	6797	2
36073	3553	6798	2
36074	3553	6799	2
36075	3553	6800	2
36076	3553	6801	2
36077	3553	6802	2
36078	3553	6803	2
36079	3553	6805	2
36080	3553	6806	2
36081	3553	6815	2
36082	3553	6859	5
36083	3553	6862	5
36084	3553	7323	5
36085	3553	7325	5
36086	3554	1495	2
36087	3554	2890	7
36088	3554	2892	7
36089	3554	2893	7
36090	3554	2895	7
36091	3554	2898	7
36092	3554	2899	7
36093	3554	2900	7
36094	3554	2901	7
36095	3554	2902	7
36096	3554	2904	7
36097	3554	2941	7
36098	3554	2942	7
36099	3554	2943	7
36100	3554	2945	7
36101	3554	2946	7
36102	3554	2950	7
36103	3554	2953	7
36104	3554	3510	5
36105	3554	3511	5
36106	3554	3512	5
36107	3554	3513	7
36108	3554	3514	7
36109	3554	3515	7
36110	3554	3516	7
36111	3554	3517	7
36112	3554	3521	7
36113	3554	3522	7
36114	3554	3523	7
36115	3554	3524	7
36116	3554	3525	7
36117	3554	3526	7
36118	3554	3527	7
36119	3554	3528	7
36120	3554	3529	7
36121	3554	3530	7
36122	3554	3531	5
36123	3554	3532	7
36124	3554	3533	7
36125	3554	3543	7
36126	3554	3544	7
36127	3554	3545	7
36128	3554	3546	7
36129	3554	3547	7
36130	3554	3549	5
36131	3554	3552	7
36132	3554	3555	7
36133	3554	3556	7
36134	3554	3558	5
36135	3554	3560	7
36136	3554	3561	5
36137	3554	5718	7
36138	3554	5719	7
36139	3554	5720	7
36140	3554	5721	7
36141	3554	5722	7
36142	3554	6797	2
36143	3554	6798	2
36144	3554	6799	2
36145	3554	6800	2
36146	3554	6802	2
36147	3554	6803	2
36148	3554	6806	2
36149	3554	6810	2
36150	3555	1495	2
36151	3555	2892	7
36152	3555	2893	7
36153	3555	2895	7
36154	3555	2898	7
36155	3555	2900	7
36156	3555	2904	7
36157	3555	2941	7
36158	3555	2942	7
36159	3555	2943	7
36160	3555	2945	7
36161	3555	2946	7
36162	3555	3514	7
36163	3555	3525	7
36164	3555	3526	7
36165	3555	3527	7
36166	3555	3528	7
36167	3555	3529	7
36168	3555	3530	7
36169	3555	3531	5
36170	3555	3532	7
36171	3555	3543	7
36172	3555	3544	7
36173	3555	3545	7
36174	3555	3546	7
36175	3555	3547	7
36176	3555	3548	7
36177	3555	3549	5
36178	3555	3550	7
36179	3555	3551	7
36180	3555	3552	7
36181	3555	3553	5
36182	3555	3554	7
36183	3555	3558	5
36184	3555	3560	7
36185	3555	3561	5
36186	3555	3562	5
36187	3555	5718	7
36188	3555	5719	7
36189	3555	5720	7
36190	3555	5721	7
36191	3555	5722	7
36192	3555	6797	2
36193	3555	6798	2
36194	3555	6799	2
36195	3555	6800	2
36196	3555	6801	2
36197	3555	6802	2
36198	3555	6803	2
36199	3555	6805	2
36200	3555	6806	2
36201	3555	6810	2
36202	3555	6815	2
36203	3555	6860	7
36204	3556	1495	2
36205	3556	2892	7
36206	3556	2893	7
36207	3556	2895	7
36208	3556	2898	7
36209	3556	2899	7
36210	3556	2900	7
36211	3556	2904	7
36212	3556	2941	7
36213	3556	2942	7
36214	3556	2943	7
36215	3556	2945	7
36216	3556	2946	7
36217	3556	3514	7
36218	3556	3525	7
36219	3556	3526	7
36220	3556	3527	7
36221	3556	3528	7
36222	3556	3529	7
36223	3556	3530	7
36224	3556	3531	5
36225	3556	3532	7
36226	3556	3543	7
36227	3556	3544	7
36228	3556	3545	7
36229	3556	3546	7
36230	3556	3547	7
36231	3556	3548	7
36232	3556	3549	5
36233	3556	3550	7
36234	3556	3552	7
36235	3556	3553	5
36236	3556	3554	7
36237	3556	3558	5
36238	3556	3560	7
36239	3556	3561	5
36240	3556	5719	7
36241	3556	5720	7
36242	3556	5721	7
36243	3556	5722	7
36244	3556	6797	2
36245	3556	6798	2
36246	3556	6799	2
36247	3556	6800	2
36248	3556	6801	2
36249	3556	6802	2
36250	3556	6803	2
36251	3556	6805	2
36252	3556	6806	2
36253	3556	6810	2
36254	3556	6815	2
36255	3556	6860	7
36256	3557	2890	7
36257	3557	2894	7
36258	3557	2902	7
36259	3557	2932	7
36260	3557	2947	7
36261	3557	2948	7
36262	3557	2950	7
36263	3557	2952	7
36264	3557	6329	7
36265	3557	6330	7
36266	3557	6532	5
36267	3557	6533	7
36268	3557	6797	2
36269	3557	6798	2
36270	3557	6799	2
36271	3557	6800	2
36272	3557	6801	2
36273	3557	6802	2
36274	3557	6803	2
36275	3557	6805	2
36276	3557	6806	2
36277	3557	6810	2
36278	3557	6815	2
36279	3557	6857	2
36280	3558	2898	5
36281	3558	2899	5
36282	3558	2904	5
36283	3558	2945	5
36284	3558	2946	5
36285	3558	3329	5
36286	3558	3531	5
36287	3558	3543	5
36288	3558	3544	5
36289	3558	3545	5
36290	3558	3546	5
36291	3558	3547	5
36292	3558	3548	5
36293	3558	3549	5
36294	3558	3550	5
36295	3558	3551	5
36296	3558	3552	5
36297	3558	3554	5
36298	3558	3555	5
36299	3558	3556	5
36300	3558	3561	5
36301	3558	3562	5
36302	3558	5720	5
36303	3558	6192	5
36304	3558	6193	5
36305	3558	6219	5
36306	3558	6797	2
36307	3558	6798	2
36308	3558	6799	2
36309	3558	6860	5
36310	3558	6881	5
36311	3559	3550	5
36312	3559	3552	5
36313	3559	3560	5
36314	3559	3561	5
36315	3559	3562	5
36316	3559	6192	5
36317	3559	6193	5
36318	3559	6219	5
36319	3559	6797	2
36320	3559	6798	2
36321	3559	6860	5
36322	3559	6881	5
36323	3559	6994	5
36324	3560	2898	7
36325	3560	2899	7
36326	3560	2900	7
36327	3560	2904	7
36328	3560	2942	7
36329	3560	2945	7
36330	3560	2946	7
36331	3560	2950	7
36332	3560	3543	7
36333	3560	3544	7
36334	3560	3545	7
36335	3560	3546	7
36336	3560	3547	7
36337	3560	3548	7
36338	3560	3549	5
36339	3560	3550	7
36340	3560	3551	7
36341	3560	3552	7
36342	3560	3554	7
36343	3560	3555	7
36344	3560	3556	7
36345	3560	3559	5
36346	3560	3562	5
36347	3560	3563	5
36348	3560	3575	5
36349	3560	5720	7
36350	3560	6192	5
36351	3560	6797	2
36352	3560	6798	2
36353	3560	6799	2
36354	3560	6806	2
36355	3560	6860	7
36356	3560	6881	5
36357	3561	2898	5
36358	3561	2899	5
36359	3561	2900	5
36360	3561	2904	5
36361	3561	2942	5
36362	3561	2945	5
36363	3561	2946	5
36364	3561	3544	5
36365	3561	3545	5
36366	3561	3546	5
36367	3561	3547	5
36368	3561	3548	5
36369	3561	3549	5
36370	3561	3550	5
36371	3561	3551	5
36372	3561	3552	5
36373	3561	3554	5
36374	3561	3555	5
36375	3561	3556	5
36376	3561	3558	5
36377	3561	3559	5
36378	3561	3563	5
36379	3561	5720	5
36380	3561	6797	2
36381	3561	6798	2
36382	3561	6799	2
36383	3561	6801	2
36384	3561	6802	2
36385	3561	6803	2
36386	3561	6805	2
36387	3561	6806	2
36388	3561	6815	2
36389	3561	6860	5
36390	3561	6881	5
36391	3562	1472	2
36392	3562	1474	2
36393	3562	3552	5
36394	3562	3555	5
36395	3562	3558	5
36396	3562	3559	5
36397	3562	3560	5
36398	3562	3575	5
36399	3562	6797	2
36400	3562	6798	2
36401	3562	6799	2
36402	3562	6806	2
36403	3562	6860	5
36404	3563	1471	5
36405	3563	1472	2
36406	3563	1473	5
36407	3563	1474	2
36408	3563	1475	5
36409	3563	1476	5
36410	3563	1477	5
36411	3563	1478	5
36412	3563	3553	5
36413	3563	3560	5
36414	3563	3561	5
36415	3563	3568	5
36416	3563	3576	5
36417	3563	6219	5
36418	3563	6328	5
36419	3563	6329	5
36420	3563	6330	5
36421	3563	6532	5
36422	3563	6797	2
36423	3563	6798	2
36424	3563	6862	5
36425	3563	7323	5
36426	3563	7325	5
36427	3564	1481	2
36428	3564	1482	7
36429	3564	1484	2
36430	3564	1486	2
36431	3564	1488	2
36432	3564	3537	5
36433	3564	3539	5
36434	3564	3540	5
36435	3564	3541	5
36436	3564	3566	5
36437	3564	3570	5
36438	3564	4730	7
36439	3564	6801	2
36440	3564	6803	2
36441	3564	6805	2
36442	3564	6815	2
36443	3564	6857	2
36444	3564	6858	2
36445	3564	7302	5
36446	3564	7308	5
36447	3564	7309	5
36448	3564	7311	5
36449	3565	1481	2
36450	3565	1483	2
36451	3565	1484	2
36452	3565	1486	2
36453	3565	1488	2
36454	3565	1489	2
36455	3565	1873	5
36456	3565	2944	5
36457	3565	3571	5
36458	3565	3573	5
36459	3565	6215	5
36460	3565	6434	5
36461	3565	7324	5
36462	3565	7326	5
36463	3566	1481	2
36464	3566	1483	2
36465	3566	1484	2
36466	3566	1486	2
36467	3566	1487	5
36468	3566	1488	2
36469	3566	1489	2
36470	3566	3564	5
36471	3566	3569	5
36472	3566	3570	5
36473	3566	6435	5
36474	3566	6436	5
36475	3566	6437	5
36476	3566	7309	5
36477	3566	7310	5
36478	3566	7311	5
36479	3566	7312	5
36480	3567	1468	2
36481	3567	1472	2
36482	3567	1474	2
36483	3567	6214	5
36484	3567	6218	5
36485	3567	6870	2
36486	3568	1468	2
36487	3568	1471	5
36488	3568	1472	2
36489	3568	1473	5
36490	3568	1474	2
36491	3568	1475	5
36492	3568	1476	5
36493	3568	1477	5
36494	3568	1481	2
36495	3568	1488	2
36496	3568	3563	5
36497	3568	3575	5
36498	3568	6219	5
36499	3568	6797	2
36500	3568	6798	2
36501	3568	6870	2
36502	3568	7323	5
36503	3568	7325	5
36504	3569	1481	2
36505	3569	1482	7
36506	3569	1484	2
36507	3569	1486	2
36508	3569	1487	7
36509	3569	1488	2
36510	3569	2909	7
36511	3569	2910	7
36512	3569	3537	5
36513	3569	3539	5
36514	3569	3540	5
36515	3569	3541	5
36516	3569	3566	5
36517	3569	4730	7
36518	3569	4732	5
36519	3569	6801	2
36520	3569	6805	2
36521	3569	6807	7
36522	3569	6815	2
36523	3569	6857	2
36524	3569	6858	2
36525	3569	7302	5
36526	3569	7308	5
36527	3569	7309	5
36528	3569	7311	5
36529	3570	1481	2
36530	3570	1484	2
36531	3570	1486	2
36532	3570	1487	5
36533	3570	1488	2
36534	3570	1490	5
36535	3570	2910	5
36536	3570	3537	5
36537	3570	3539	5
36538	3570	3540	5
36539	3570	3541	5
36540	3570	3564	5
36541	3570	3566	5
36542	3570	4728	5
36543	3570	4729	5
36544	3570	4731	5
36545	3570	4732	5
36546	3570	4733	5
36547	3570	4734	5
36548	3570	6807	5
36549	3570	6815	2
36550	3570	6857	2
36551	3570	6858	2
36552	3570	7308	5
36553	3570	7309	5
36554	3570	7312	5
36555	3571	1483	2
36556	3571	1485	7
36557	3571	1489	2
36558	3571	1861	2
36559	3571	1863	2
36560	3571	1865	7
36561	3571	1873	7
36562	3571	3565	5
36563	3571	3574	5
36564	3571	3600	5
36565	3571	6214	5
36566	3571	6218	5
36567	3571	6439	5
36568	3571	7321	5
36569	3571	7322	5
36570	3571	7326	5
36571	3572	1861	2
36572	3572	1863	2
36573	3572	1864	5
36574	3572	1865	5
36575	3572	1866	2
36576	3572	1868	2
36577	3572	1874	2
36578	3572	3573	5
36579	3572	3587	5
36580	3572	3588	5
36581	3572	3604	5
36582	3572	6334	5
36583	3572	6434	5
36584	3572	6439	5
36585	3572	6441	5
36586	3572	6535	5
36587	3572	6536	5
36588	3572	6537	5
36589	3572	7320	5
36590	3572	7322	5
36591	3573	1483	2
36592	3573	1489	2
36593	3573	1861	2
36594	3573	1863	2
36595	3573	1873	7
36596	3573	3565	5
36597	3573	3572	5
36598	3573	3574	5
36599	3573	6218	5
36600	3573	6434	7
36601	3573	6439	5
36602	3573	7321	5
36603	3573	7322	5
36604	3573	7326	5
36605	3574	3571	5
36606	3574	3573	5
36607	3574	3587	5
36608	3574	3589	5
36609	3574	3590	5
36610	3574	6218	5
36611	3574	7322	5
36612	3574	7326	5
36613	3575	1468	2
36614	3575	1471	5
36615	3575	1472	2
36616	3575	1473	5
36617	3575	1474	2
36618	3575	1475	5
36619	3575	1476	5
36620	3575	1477	5
36621	3575	1478	5
36622	3575	3560	5
36623	3575	3562	5
36624	3575	3568	5
36625	3575	3581	5
36626	3575	6219	5
36627	3575	6220	5
36628	3575	6797	2
36629	3575	6798	2
36630	3575	6870	2
36631	3576	1468	2
36632	3576	1471	5
36633	3576	1472	2
36634	3576	1474	2
36635	3576	1476	5
36636	3576	3563	5
36637	3576	3577	5
36638	3576	3578	5
36639	3576	3580	5
36640	3576	6870	2
36641	3577	3325	5
36642	3577	3576	5
36643	3577	3580	5
36644	3577	3581	5
36645	3577	6881	5
36646	3577	6994	5
36647	3578	1469	5
36648	3578	3576	5
36649	3578	3580	5
36650	3578	3581	5
36651	3579	1461	2
36652	3579	1463	2
36653	3579	3581	5
36654	3579	3583	5
36655	3579	6221	5
36656	3580	1461	2
36657	3580	1463	2
36658	3580	1468	2
36659	3580	1469	5
36660	3580	1470	5
36661	3580	3576	5
36662	3580	3577	5
36663	3580	3578	5
36664	3580	6870	2
36665	3581	1468	2
36666	3581	1472	2
36667	3581	1474	2
36668	3581	3575	5
36669	3581	3577	5
36670	3581	3578	5
36671	3581	3579	5
36672	3581	6870	2
36673	3581	6881	5
36674	3582	3584	5
36675	3582	6221	5
36676	3582	7241	2
36677	3582	7242	2
36678	3582	7243	2
36679	3582	7244	5
36680	3583	1461	2
36681	3583	1463	2
36682	3583	3579	5
36683	3583	6221	5
36684	3583	7242	2
36685	3583	7243	2
36686	3583	7244	5
36687	3583	7246	2
36688	3583	7247	2
36689	3584	1461	2
36690	3584	1463	2
36691	3584	3582	5
36692	3584	6221	5
36693	3584	7242	2
36694	3584	7243	2
36695	3584	7246	2
36696	3584	7247	2
36697	3585	1460	5
36698	3585	1461	2
36699	3585	1463	2
36700	3585	1468	2
36701	3585	1469	7
36702	3585	1470	7
36703	3585	7246	2
36704	3585	7247	2
36705	3586	3588	5
36706	3586	3594	5
36707	3586	3599	5
36708	3586	3615	5
36709	3586	6610	5
36710	3586	7245	5
36711	3586	7246	2
36712	3586	7247	2
36713	3587	3572	5
36714	3587	3574	5
36715	3587	3592	5
36716	3587	3593	5
36717	3587	3597	5
36718	3587	3598	5
36719	3587	3600	5
36720	3587	6535	5
36721	3587	6536	5
36722	3587	6537	5
36723	3587	7322	5
36724	3588	3572	5
36725	3588	3586	5
36726	3588	3593	5
36727	3588	3594	5
36728	3588	3597	5
36729	3588	3598	5
36730	3588	3600	5
36731	3588	6218	5
36732	3588	6535	5
36733	3588	6536	5
36734	3588	6537	5
36735	3588	7319	5
36736	3588	7321	5
36737	3589	1460	5
36738	3589	1461	2
36739	3589	1463	2
36740	3589	3574	5
36741	3589	6218	5
36742	3589	7244	5
36743	3589	7246	2
36744	3589	7247	2
36745	3590	1461	2
36746	3590	1463	2
36747	3590	1468	2
36748	3590	1469	7
36749	3590	3574	5
36750	3590	6218	5
36751	3590	7246	2
36752	3590	7247	2
36753	3591	1551	7
36754	3591	2562	2
36755	3591	2564	2
36756	3591	2565	2
36757	3591	2571	2
36758	3591	6489	7
36759	3591	7020	2
36760	3591	7021	2
36761	3591	7024	7
36762	3591	7028	2
36763	3591	7029	2
36764	3591	7030	2
36765	3591	7031	2
36766	3591	7032	2
36767	3591	7034	2
36768	3591	7035	2
36769	3591	7039	2
36770	3591	7041	2
36771	3591	7042	2
36772	3591	7045	2
36773	3591	7047	2
36774	3592	3587	5
36775	3592	3593	5
36776	3592	3594	5
36777	3592	3598	5
36778	3592	3599	5
36779	3592	3604	5
36780	3592	3605	5
36781	3592	3608	5
36782	3592	3610	5
36783	3592	6217	5
36784	3592	6334	5
36785	3592	6534	5
36786	3592	6536	5
36787	3592	6537	5
36788	3592	7319	5
36789	3592	7320	5
36790	3592	7322	5
36791	3592	7327	5
36792	3593	3587	5
36793	3593	3588	5
36794	3593	3592	5
36795	3593	3595	5
36796	3593	3597	5
36797	3593	3598	5
36798	3593	3613	5
36799	3593	3615	5
36800	3593	6217	5
36801	3593	6537	5
36802	3593	6610	5
36803	3593	7245	5
36804	3593	7246	2
36805	3593	7247	2
36806	3593	7327	5
36807	3594	3586	5
36808	3594	3588	5
36809	3594	3592	5
36810	3594	3598	5
36811	3594	3599	5
36812	3594	3600	5
36813	3594	6217	5
36814	3594	6334	5
36815	3594	6535	5
36816	3594	6536	5
36817	3594	7319	5
36818	3594	7322	5
36819	3595	3593	5
36820	3595	3599	5
36821	3595	3613	5
36822	3595	6610	5
36823	3595	7242	2
36824	3595	7243	2
36825	3595	7245	5
36826	3595	7246	2
36827	3595	7247	2
36828	3596	1244	5
36829	3596	1862	5
36830	3596	1866	2
36831	3596	1867	5
36832	3596	1868	2
36833	3596	1869	2
36834	3596	1874	2
36835	3596	1875	2
36836	3596	1878	5
36837	3596	3601	5
36838	3596	3602	5
36839	3596	3603	5
36840	3596	4660	5
36841	3596	6216	5
36842	3596	6438	5
36843	3596	6440	5
36844	3596	6611	5
36845	3596	6699	5
36846	3597	3587	5
36847	3597	3588	5
36848	3597	3593	5
36849	3597	3599	5
36850	3597	3604	5
36851	3597	3607	5
36852	3597	3608	5
36853	3597	3610	5
36854	3597	6334	5
36855	3597	6534	5
36856	3597	6535	5
36857	3597	6536	5
36858	3597	6537	5
36859	3597	7322	5
36860	3597	7327	5
36861	3598	3587	5
36862	3598	3588	5
36863	3598	3592	5
36864	3598	3593	5
36865	3598	3594	5
36866	3598	3607	5
36867	3598	3608	5
36868	3598	3609	5
36869	3598	3610	5
36870	3598	6217	5
36871	3598	6334	5
36872	3598	6534	5
36873	3598	6535	5
36874	3598	6536	5
36875	3598	6537	5
36876	3598	6610	5
36877	3598	7327	5
36878	3599	3586	5
36879	3599	3592	5
36880	3599	3594	5
36881	3599	3595	5
36882	3599	3597	5
36883	3599	3608	5
36884	3599	3609	5
36885	3599	3612	5
36886	3599	3613	5
36887	3599	6217	5
36888	3599	6537	5
36889	3600	1861	2
36890	3600	1863	2
36891	3600	1864	5
36892	3600	1865	5
36893	3600	1866	2
36894	3600	1868	2
36895	3600	1874	2
36896	3600	3571	5
36897	3600	3587	5
36898	3600	3588	5
36899	3600	3594	5
36900	3600	3604	5
36901	3600	6434	5
36902	3600	6439	5
36903	3600	6441	5
36904	3600	6535	5
36905	3600	6536	5
36906	3600	6537	5
36907	3600	7319	5
36908	3600	7320	5
36909	3600	7321	5
36910	3601	1866	2
36911	3601	1869	2
36912	3601	1874	2
36913	3601	1875	2
36914	3601	1878	5
36915	3601	1879	2
36916	3601	1880	2
36917	3601	3596	5
36918	3601	3603	5
36919	3601	4660	5
36920	3601	4661	5
36921	3601	6336	5
36922	3601	6440	5
36923	3601	6611	5
36924	3601	6699	5
36925	3601	7304	5
36926	3601	7305	5
36927	3601	7306	5
36928	3601	7315	5
36929	3602	1245	5
36930	3602	1869	2
36931	3602	1875	2
36932	3602	1878	5
36933	3602	1879	2
36934	3602	1880	2
36935	3602	3596	5
36936	3602	4660	5
36937	3602	6216	5
36938	3602	6336	5
36939	3602	6440	5
36940	3602	6611	5
36941	3602	6699	5
36942	3602	7304	5
36943	3602	7305	5
36944	3602	7306	5
36945	3602	7315	5
36946	3603	1245	5
36947	3603	1869	2
36948	3603	1875	2
36949	3603	1878	5
36950	3603	1879	2
36951	3603	1880	2
36952	3603	3596	5
36953	3603	3601	5
36954	3603	4660	5
36955	3603	6216	5
36956	3603	6336	5
36957	3603	6440	5
36958	3603	6699	5
36959	3603	7304	5
36960	3603	7306	5
36961	3603	7313	5
36962	3603	7314	5
36963	3604	1864	5
36964	3604	1865	5
36965	3604	1866	2
36966	3604	1868	2
36967	3604	1869	2
36968	3604	1870	5
36969	3604	1874	2
36970	3604	1875	2
36971	3604	1876	5
36972	3604	1877	5
36973	3604	3572	5
36974	3604	3592	5
36975	3604	3597	5
36976	3604	3600	5
36977	3604	3606	5
36978	3604	6217	5
36979	3604	6335	5
36980	3604	6439	5
36981	3604	6441	5
36982	3604	6534	5
36983	3604	6535	5
36984	3604	6536	5
36985	3604	6537	5
36986	3604	7321	5
36987	3604	7322	5
36988	3605	1866	2
36989	3605	1869	2
36990	3605	1870	5
36991	3605	1874	2
36992	3605	1875	2
36993	3605	1876	5
36994	3605	1879	2
36995	3605	1880	2
36996	3605	3592	5
36997	3605	3606	5
36998	3605	3607	5
36999	3605	3655	5
37000	3605	6217	5
37001	3605	6334	5
37002	3605	6441	5
37003	3605	6534	5
37004	3605	6535	5
37005	3605	6536	5
37006	3605	6537	5
37007	3605	7319	5
37008	3605	7320	5
37009	3606	1869	2
37010	3606	1870	5
37011	3606	1875	2
37012	3606	1876	5
37013	3606	1879	2
37014	3606	1880	2
37015	3606	3604	5
37016	3606	3605	5
37017	3606	3608	5
37018	3606	3610	5
37019	3606	3654	5
37020	3606	3655	5
37021	3606	3656	5
37022	3606	6217	5
37023	3606	6225	5
37024	3606	6334	5
37025	3606	6335	5
37026	3606	6441	5
37027	3606	6535	5
37028	3606	6611	5
37029	3606	7316	5
37030	3606	7320	5
37031	3607	1877	5
37032	3607	3597	5
37033	3607	3598	5
37034	3607	3605	5
37035	3607	3608	5
37036	3607	3609	5
37037	3607	3650	5
37038	3607	3651	5
37039	3607	3652	5
37040	3607	3653	5
37041	3607	3655	5
37042	3607	6217	5
37043	3607	6225	5
37044	3607	6334	5
37045	3607	6534	5
37046	3607	6535	5
37047	3607	6536	5
37048	3607	7316	5
37049	3607	7327	5
37050	3608	3592	5
37051	3608	3597	5
37052	3608	3598	5
37053	3608	3599	5
37054	3608	3606	5
37055	3608	3607	5
37056	3608	3612	5
37057	3608	3648	5
37058	3608	3650	5
37059	3608	3651	5
37060	3608	3652	5
37061	3608	3653	5
37062	3608	3654	5
37063	3608	6217	5
37064	3608	6225	5
37065	3608	7327	5
37066	3609	3598	5
37067	3609	3599	5
37068	3609	3607	5
37069	3609	3610	5
37070	3609	3611	5
37071	3609	3643	5
37072	3609	3648	5
37073	3609	3649	5
37074	3609	3651	5
37075	3609	3654	5
37076	3609	6217	5
37077	3609	6225	5
37078	3609	6610	5
37079	3610	1877	5
37080	3610	3592	5
37081	3610	3597	5
37082	3610	3598	5
37083	3610	3606	5
37084	3610	3609	5
37085	3610	3650	5
37086	3610	3651	5
37087	3610	3652	5
37088	3610	3653	5
37089	3610	3654	5
37090	3610	6534	5
37091	3610	6535	5
37092	3610	7327	5
37093	3611	3609	5
37094	3611	3641	5
37095	3611	3642	5
37096	3611	3649	5
37097	3611	3650	5
37098	3611	6610	5
37099	3611	7327	5
37100	3612	3599	5
37101	3612	3608	5
37102	3612	3613	5
37103	3612	3617	5
37104	3612	3642	5
37105	3612	3643	5
37106	3612	3648	5
37107	3612	3649	5
37108	3612	3650	5
37109	3612	6610	5
37110	3612	7327	5
37111	3613	3593	5
37112	3613	3595	5
37113	3613	3599	5
37114	3613	3612	5
37115	3613	3617	5
37116	3613	7245	5
37117	3613	7327	5
37118	3614	6486	7
37119	3614	6487	7
37120	3614	7003	7
37121	3614	7042	2
37122	3614	7049	2
37123	3614	7050	2
37124	3614	7052	2
37125	3614	7053	5
37126	3614	7055	7
37127	3614	7057	5
37128	3614	7058	2
37129	3615	3586	5
37130	3615	3593	5
37131	3615	6610	5
37132	3615	7242	2
37133	3615	7243	2
37134	3615	7246	2
37135	3615	7247	2
37136	3616	3618	5
37137	3616	3619	5
37138	3616	3620	5
37139	3616	3624	5
37140	3616	5713	7
37141	3616	6222	5
37142	3616	7237	2
37143	3616	7238	5
37144	3616	7387	5
37145	3617	3612	5
37146	3617	3613	5
37147	3617	3630	5
37148	3617	3633	5
37149	3617	3641	5
37150	3617	3642	5
37151	3617	3643	5
37152	3618	3616	5
37153	3618	3630	5
37154	3618	3641	5
37155	3618	5715	5
37156	3619	1454	2
37157	3619	1456	2
37158	3619	1457	5
37159	3619	3616	5
37160	3619	3622	5
37161	3619	5714	5
37162	3619	6222	5
37163	3619	7236	2
37164	3619	7237	2
37165	3619	7239	5
37166	3619	7240	2
37167	3619	7241	2
37168	3620	1454	2
37169	3620	1456	2
37170	3620	1457	5
37171	3620	3616	5
37172	3620	3622	5
37173	3620	5713	5
37174	3620	5714	5
37175	3620	6222	5
37176	3620	7236	2
37177	3620	7237	2
37178	3620	7238	5
37179	3620	7239	5
37180	3620	7240	2
37181	3620	7241	2
37182	3620	7387	5
37183	3621	2626	5
37184	3621	3622	5
37185	3621	3624	5
37186	3621	3625	5
37187	3621	6223	5
37188	3622	3619	5
37189	3622	3620	5
37190	3622	3621	5
37191	3622	5713	5
37192	3622	5714	5
37193	3622	6222	5
37194	3622	7238	5
37195	3623	2625	5
37196	3623	2626	5
37197	3623	3625	5
37198	3623	3626	5
37199	3623	3629	5
37200	3623	5715	5
37201	3624	2625	5
37202	3624	3616	5
37203	3624	3621	5
37204	3624	3629	5
37205	3624	3633	5
37206	3625	1602	5
37207	3625	1611	5
37208	3625	2622	5
37209	3625	2624	5
37210	3625	2626	5
37211	3625	3621	5
37212	3625	3623	5
37213	3625	3631	5
37214	3625	5715	5
37215	3625	6223	5
37216	3625	6501	5
37217	3625	6502	5
37218	3625	6600	5
37219	3626	1602	5
37220	3626	2622	5
37221	3626	2623	5
37222	3626	2624	5
37223	3626	2625	5
37224	3626	2626	5
37225	3626	2627	5
37226	3626	3623	5
37227	3626	6499	5
37228	3626	6500	5
37229	3626	6501	5
37230	3626	6502	5
37231	3626	6600	5
37232	3627	1254	2
37233	3627	1256	2
37234	3627	1602	5
37235	3627	1611	5
37236	3627	2622	5
37237	3627	2623	5
37238	3627	2624	5
37239	3627	2627	5
37240	3627	6501	5
37241	3627	6502	5
37242	3627	6600	5
37243	3627	7279	2
37244	3628	3631	5
37245	3629	3623	5
37246	3629	3624	5
37247	3629	3631	5
37248	3629	3633	5
37249	3630	3617	5
37250	3630	3618	5
37251	3630	3632	5
37252	3630	3639	5
37253	3630	5715	5
37254	3631	1602	5
37255	3631	1611	5
37256	3631	3625	5
37257	3631	3628	5
37258	3631	3629	5
37259	3631	5715	5
37260	3631	6501	5
37261	3631	6502	5
37262	3631	6600	5
37263	3632	3630	5
37264	3632	3634	5
37265	3632	3635	5
37266	3632	3639	5
37267	3632	3641	5
37268	3632	7328	5
37269	3633	3617	5
37270	3633	3624	5
37271	3633	3629	5
37272	3633	3641	5
37273	3633	5715	5
37274	3634	3632	5
37275	3634	3638	5
37276	3634	3849	5
37277	3634	3850	5
37278	3634	3851	5
37279	3635	3632	5
37280	3635	3639	5
37281	3635	6771	5
37282	3635	7329	5
37283	3636	3639	5
37284	3636	3644	5
37285	3636	3646	5
37286	3636	3647	5
37287	3636	3784	5
37288	3636	7329	5
37289	3636	7331	5
37290	3637	3639	5
37291	3637	3640	5
37292	3637	3645	5
37293	3637	3647	5
37294	3637	3784	5
37295	3637	3785	5
37296	3637	3849	5
37297	3637	7328	5
37298	3638	3634	5
37299	3638	3641	5
37300	3638	7328	5
37301	3639	3630	5
37302	3639	3632	5
37303	3639	3635	5
37304	3639	3636	5
37305	3639	3637	5
37306	3639	3641	5
37307	3639	3642	5
37308	3639	3647	5
37309	3639	7328	5
37310	3639	7329	5
37311	3639	7331	5
37312	3640	3637	5
37313	3640	3641	5
37314	3640	3642	5
37315	3640	3645	5
37316	3640	3646	5
37317	3640	3649	5
37318	3640	7328	5
37319	3640	7329	5
37320	3641	3611	5
37321	3641	3617	5
37322	3641	3618	5
37323	3641	3632	5
37324	3641	3633	5
37325	3641	3638	5
37326	3641	3639	5
37327	3641	3640	5
37328	3641	3643	5
37329	3641	3649	5
37330	3641	7331	5
37331	3642	3611	5
37332	3642	3612	5
37333	3642	3617	5
37334	3642	3639	5
37335	3642	3640	5
37336	3642	3647	5
37337	3642	3648	5
37338	3642	3650	5
37339	3643	3609	5
37340	3643	3612	5
37341	3643	3617	5
37342	3643	3641	5
37343	3643	3648	5
37344	3643	3649	5
37345	3643	3650	5
37346	3643	7331	5
37347	3644	3636	5
37348	3644	3646	5
37349	3644	3647	5
37350	3644	3661	5
37351	3644	3662	5
37352	3644	3784	5
37353	3644	3785	5
37354	3644	5692	5
37355	3644	5899	5
37356	3644	7330	5
37357	3645	3637	5
37358	3645	3640	5
37359	3645	3647	5
37360	3645	3657	5
37361	3645	3658	5
37362	3645	3659	5
37363	3645	3660	5
37364	3645	3662	5
37365	3645	3785	5
37366	3645	6224	5
37367	3645	7330	5
37368	3646	3636	5
37369	3646	3640	5
37370	3646	3644	5
37371	3646	3649	5
37372	3646	3651	5
37373	3646	3658	5
37374	3646	3659	5
37375	3646	3661	5
37376	3646	3662	5
37377	3646	6224	5
37378	3646	7317	5
37379	3646	7331	5
37380	3647	3636	5
37381	3647	3637	5
37382	3647	3639	5
37383	3647	3642	5
37384	3647	3644	5
37385	3647	3645	5
37386	3647	3648	5
37387	3647	3649	5
37388	3647	3657	5
37389	3647	7328	5
37390	3647	7329	5
37391	3647	7331	5
37392	3648	3608	5
37393	3648	3609	5
37394	3648	3612	5
37395	3648	3642	5
37396	3648	3643	5
37397	3648	3647	5
37398	3648	3652	5
37399	3648	3653	5
37400	3648	3654	5
37401	3648	3657	5
37402	3648	6224	5
37403	3648	6225	5
37404	3648	7317	5
37405	3648	7331	5
37406	3649	3609	5
37407	3649	3611	5
37408	3649	3612	5
37409	3649	3640	5
37410	3649	3641	5
37411	3649	3643	5
37412	3649	3646	5
37413	3649	3647	5
37414	3649	3650	5
37415	3649	3651	5
37416	3649	7331	5
37417	3650	3607	5
37418	3650	3608	5
37419	3650	3610	5
37420	3650	3611	5
37421	3650	3612	5
37422	3650	3642	5
37423	3650	3643	5
37424	3650	3649	5
37425	3650	3651	5
37426	3650	3652	5
37427	3650	3653	5
37428	3650	3654	5
37429	3650	6225	5
37430	3650	7327	7
37431	3651	3607	5
37432	3651	3608	5
37433	3651	3609	5
37434	3651	3610	5
37435	3651	3646	5
37436	3651	3649	5
37437	3651	3650	5
37438	3651	3653	5
37439	3651	3654	5
37440	3651	3657	5
37441	3651	3658	5
37442	3651	3659	5
37443	3651	6224	5
37444	3651	6225	5
37445	3651	7316	5
37446	3651	7317	5
37447	3652	3607	5
37448	3652	3608	5
37449	3652	3610	5
37450	3652	3648	5
37451	3652	3650	5
37452	3652	3654	5
37453	3652	3656	5
37454	3652	3657	5
37455	3652	3658	5
37456	3652	3659	5
37457	3652	7316	5
37458	3652	7317	5
37459	3652	7318	5
37460	3653	3607	5
37461	3653	3608	5
37462	3653	3610	5
37463	3653	3648	5
37464	3653	3650	5
37465	3653	3651	5
37466	3653	3655	5
37467	3653	3656	5
37468	3653	3657	5
37469	3653	3658	5
37470	3653	3659	5
37471	3653	3666	5
37472	3653	6224	5
37473	3653	6225	5
37474	3653	7318	5
37475	3654	1877	5
37476	3654	3606	5
37477	3654	3608	5
37478	3654	3609	5
37479	3654	3610	5
37480	3654	3648	5
37481	3654	3650	5
37482	3654	3651	5
37483	3654	3652	5
37484	3654	3655	5
37485	3654	3656	5
37486	3654	6225	5
37487	3654	6534	5
37488	3654	7316	5
37489	3654	7317	5
37490	3655	1869	2
37491	3655	1875	2
37492	3655	1879	2
37493	3655	1880	2
37494	3655	3605	5
37495	3655	3606	5
37496	3655	3607	5
37497	3655	3653	5
37498	3655	3654	5
37499	3655	3666	5
37500	3655	6225	5
37501	3655	6534	5
37502	3655	7316	5
37503	3656	1877	5
37504	3656	1879	2
37505	3656	1880	2
37506	3656	3606	5
37507	3656	3652	5
37508	3656	3653	5
37509	3656	3654	5
37510	3656	3665	5
37511	3656	7317	5
37512	3656	7318	5
37513	3657	3645	5
37514	3657	3647	5
37515	3657	3648	5
37516	3657	3651	5
37517	3657	3652	5
37518	3657	3653	5
37519	3657	3659	5
37520	3657	3660	5
37521	3657	3661	5
37522	3657	3662	5
37523	3657	6224	5
37524	3657	7317	5
37525	3657	7318	5
37526	3657	7330	5
37527	3658	3645	5
37528	3658	3646	5
37529	3658	3651	5
37530	3658	3652	5
37531	3658	3653	5
37532	3658	3660	5
37533	3658	3662	5
37534	3658	3665	5
37535	3658	7317	5
37536	3658	7318	5
37537	3658	7330	5
37538	3659	3645	5
37539	3659	3646	5
37540	3659	3651	5
37541	3659	3652	5
37542	3659	3653	5
37543	3659	3657	5
37544	3659	3660	5
37545	3659	3661	5
37546	3659	3663	5
37547	3659	3665	5
37548	3659	3666	5
37549	3659	6224	5
37550	3659	7316	5
37551	3659	7330	5
37552	3660	3645	5
37553	3660	3657	5
37554	3660	3658	5
37555	3660	3659	5
37556	3660	3661	5
37557	3660	3662	5
37558	3660	3663	5
37559	3660	3785	5
37560	3660	5899	5
37561	3660	6770	5
37562	3660	7318	5
37563	3661	3644	5
37564	3661	3646	5
37565	3661	3657	5
37566	3661	3659	5
37567	3661	3660	5
37568	3661	3663	5
37569	3661	5899	5
37570	3661	6224	5
37571	3661	7317	5
37572	3661	7318	5
37573	3661	7330	5
37574	3662	3644	5
37575	3662	3645	5
37576	3662	3646	5
37577	3662	3657	5
37578	3662	3658	5
37579	3662	3660	5
37580	3662	3664	5
37581	3662	3665	5
37582	3662	5899	5
37583	3662	6224	5
37584	3662	7317	5
37585	3662	7318	5
37586	3663	1881	2
37587	3663	1882	2
37588	3663	3659	5
37589	3663	3660	5
37590	3663	3661	5
37591	3663	3666	5
37592	3663	6444	5
37593	3663	6613	5
37594	3663	6770	5
37595	3663	7318	5
37596	3663	7330	5
37597	3664	3662	5
37598	3664	3665	5
37599	3664	3676	5
37600	3664	3677	5
37601	3664	5899	5
37602	3664	6613	5
37603	3664	6856	5
37604	3664	7330	5
37605	3665	1881	2
37606	3665	1882	2
37607	3665	3656	5
37608	3665	3658	5
37609	3665	3659	5
37610	3665	3662	5
37611	3665	3664	5
37612	3665	6224	5
37613	3665	7316	5
37614	3665	7317	5
37615	3666	1880	2
37616	3666	1881	2
37617	3666	1882	2
37618	3666	3653	5
37619	3666	3655	5
37620	3666	3659	5
37621	3666	3663	5
37622	3666	6224	5
37623	3666	7316	5
37624	3666	7317	5
37625	3666	7318	5
37626	3667	1246	2
37627	3667	1881	2
37628	3667	1882	2
37629	3667	1884	2
37630	3667	1886	2
37631	3667	1888	2
37632	3667	3669	5
37633	3667	3672	5
37634	3667	3673	5
37635	3667	4657	5
37636	3667	5728	5
37637	3667	6228	5
37638	3667	7314	5
37639	3668	1878	5
37640	3668	1879	2
37641	3668	1880	2
37642	3668	1881	2
37643	3668	1882	2
37644	3668	6611	5
37645	3669	1879	2
37646	3669	1880	2
37647	3669	1881	2
37648	3669	1882	2
37649	3669	3667	5
37650	3669	3671	5
37651	3669	4657	5
37652	3669	5728	5
37653	3669	7313	5
37654	3669	7314	5
37655	3669	7315	5
37656	3670	1881	2
37657	3670	1882	2
37658	3670	3671	5
37659	3670	4657	5
37660	3670	7313	5
37661	3670	7314	5
37662	3670	7315	5
37663	3671	1246	2
37664	3671	1881	2
37665	3671	1882	2
37666	3671	1884	2
37667	3671	1886	2
37668	3671	1887	2
37669	3671	1888	2
37670	3671	1893	5
37671	3671	3669	5
37672	3671	3670	5
37673	3671	3673	5
37674	3671	3674	5
37675	3671	4648	5
37676	3671	4654	5
37677	3671	5728	5
37678	3671	6442	5
37679	3671	6443	5
37680	3672	1246	2
37681	3672	1247	2
37682	3672	1249	2
37683	3672	1250	5
37684	3672	1394	5
37685	3672	1871	5
37686	3672	1872	2
37687	3672	1881	2
37688	3672	1882	2
37689	3672	1884	2
37690	3672	1886	2
37691	3672	1887	2
37692	3672	1888	2
37693	3672	1891	5
37694	3672	1892	5
37695	3672	1893	5
37696	3672	1894	2
37697	3672	1898	5
37698	3672	3667	5
37699	3672	3674	5
37700	3672	3675	5
37701	3672	4648	5
37702	3672	4649	5
37703	3672	4654	5
37704	3672	5728	5
37705	3672	6228	5
37706	3672	6442	5
37707	3672	6443	5
37708	3673	1246	2
37709	3673	1247	2
37710	3673	1249	2
37711	3673	1250	5
37712	3673	1394	5
37713	3673	1871	5
37714	3673	1872	2
37715	3673	1884	2
37716	3673	1886	2
37717	3673	1887	2
37718	3673	1888	2
37719	3673	1889	2
37720	3673	1890	2
37721	3673	1891	5
37722	3673	1892	5
37723	3673	1893	5
37724	3673	1894	2
37725	3673	1897	2
37726	3673	1898	5
37727	3673	3667	5
37728	3673	3671	5
37729	3673	3675	5
37730	3673	4649	5
37731	3673	6228	5
37732	3673	6442	5
37733	3673	6443	5
37734	3673	6855	2
37735	3674	1246	2
37736	3674	1247	2
37737	3674	1249	2
37738	3674	1394	5
37739	3674	1871	5
37740	3674	1872	2
37741	3674	1884	2
37742	3674	1886	2
37743	3674	1887	2
37744	3674	1888	2
37745	3674	1889	2
37746	3674	1890	2
37747	3674	1891	5
37748	3674	1892	5
37749	3674	1893	5
37750	3674	1894	2
37751	3674	1897	2
37752	3674	1898	5
37753	3674	3671	5
37754	3674	3672	5
37755	3674	3675	5
37756	3674	4648	5
37757	3674	4649	5
37758	3674	6228	5
37759	3674	6442	5
37760	3674	6855	2
37761	3675	1246	2
37762	3675	1247	2
37763	3675	1249	2
37764	3675	1871	5
37765	3675	1872	2
37766	3675	1884	2
37767	3675	1886	2
37768	3675	1887	2
37769	3675	1888	2
37770	3675	1889	2
37771	3675	1890	2
37772	3675	1891	5
37773	3675	1892	5
37774	3675	1893	5
37775	3675	1894	2
37776	3675	1897	2
37777	3675	1898	5
37778	3675	3672	5
37779	3675	3673	5
37780	3675	3674	5
37781	3675	4648	5
37782	3675	4649	5
37783	3675	6228	5
37784	3675	6442	5
37785	3675	6855	2
37786	3676	3664	5
37787	3676	3678	5
37788	3676	6444	5
37789	3676	6613	5
37790	3676	6856	5
37791	3677	3664	5
37792	3677	3778	5
37793	3677	5899	5
37794	3677	5900	5
37795	3677	6444	5
37796	3677	6614	5
37797	3677	6770	5
37798	3678	3676	5
37799	3678	3776	5
37800	3678	5900	5
37801	3679	1902	2
37802	3679	1904	2
37803	3679	1905	2
37804	3679	1906	2
37805	3679	1907	2
37806	3679	1909	2
37807	3679	3681	5
37808	3679	3765	5
37809	3679	5902	5
37810	3679	5903	5
37811	3680	1902	2
37812	3680	1904	2
37813	3680	1905	2
37814	3680	1906	2
37815	3680	1907	2
37816	3680	1909	2
37817	3680	3765	5
37818	3680	5901	5
37819	3680	5903	5
37820	3681	1902	2
37821	3681	1904	2
37822	3681	1905	2
37823	3681	1906	2
37824	3681	1907	2
37825	3681	1909	2
37826	3681	3679	5
37827	3681	3775	5
37828	3681	5901	5
37829	3681	5902	5
37830	3681	5903	5
37831	3682	1904	2
37832	3682	1905	2
37833	3682	1906	2
37834	3682	1907	2
37835	3682	1908	5
37836	3682	2871	5
37837	3682	3685	5
37838	3682	5901	5
37839	3682	5903	5
37840	3682	5905	5
37841	3682	5906	5
37842	3682	6450	5
37843	3682	6451	5
37844	3683	1904	2
37845	3683	1905	2
37846	3683	1906	2
37847	3683	1907	2
37848	3683	1908	5
37849	3683	1909	2
37850	3683	2871	5
37851	3683	3684	5
37852	3683	3685	5
37853	3683	5901	5
37854	3683	5903	5
37855	3683	5905	5
37856	3683	5906	5
37857	3683	6450	5
37858	3683	6451	5
37859	3684	1904	2
37860	3684	1905	2
37861	3684	1906	2
37862	3684	1907	2
37863	3684	1908	5
37864	3684	2870	5
37865	3684	2872	5
37866	3684	3683	5
37867	3684	3686	5
37868	3684	3690	5
37869	3684	5905	5
37870	3684	5906	5
37871	3684	6450	5
37872	3684	6451	5
37873	3685	1908	5
37874	3685	2866	5
37875	3685	2867	5
37876	3685	2868	5
37877	3685	2869	5
37878	3685	2870	5
37879	3685	2872	5
37880	3685	3682	5
37881	3685	3683	5
37882	3685	3687	5
37883	3685	3688	5
37884	3685	3689	5
37885	3685	3690	5
37886	3685	4629	5
37887	3685	4630	5
37888	3685	5905	5
37889	3685	5906	5
37890	3685	5964	5
37891	3685	6450	5
37892	3685	6451	5
37893	3685	6531	5
37894	3686	2866	5
37895	3686	2867	5
37896	3686	2868	5
37897	3686	2869	5
37898	3686	2870	5
37899	3686	2871	5
37900	3686	2872	5
37901	3686	3684	5
37902	3686	3685	5
37903	3686	3688	5
37904	3686	3689	5
37905	3686	3690	5
37906	3686	3696	5
37907	3686	4629	5
37908	3686	4630	5
37909	3686	4631	5
37910	3686	4632	5
37911	3686	5905	5
37912	3686	5906	5
37913	3686	5964	5
37914	3686	6450	5
37915	3686	6531	5
37916	3687	1614	2
37917	3687	1615	2
37918	3687	1618	2
37919	3687	1621	2
37920	3687	2866	5
37921	3687	2867	5
37922	3687	2868	5
37923	3687	2869	5
37924	3687	2870	5
37925	3687	2871	5
37926	3687	2872	5
37927	3687	3685	5
37928	3687	3686	5
37929	3687	3689	5
37930	3687	3690	5
37931	3687	4628	5
37932	3687	4630	5
37933	3687	4631	5
37934	3687	4632	5
37935	3687	4633	5
37936	3687	5964	5
37937	3687	6365	5
37938	3687	6368	5
37939	3687	6531	5
37940	3688	1614	2
37941	3688	1615	2
37942	3688	1618	2
37943	3688	1621	2
37944	3688	2866	5
37945	3688	2867	5
37946	3688	2869	5
37947	3688	2870	5
37948	3688	2871	5
37949	3688	2872	5
37950	3688	3685	5
37951	3688	3686	5
37952	3688	3689	5
37953	3688	3696	5
37954	3688	4628	5
37955	3688	4629	5
37956	3688	4630	5
37957	3688	4631	5
37958	3688	4632	5
37959	3688	5964	5
37960	3688	6531	5
37961	3689	1614	2
37962	3689	1615	2
37963	3689	1618	2
37964	3689	1621	2
37965	3689	1622	2
37966	3689	2866	5
37967	3689	2867	5
37968	3689	2868	5
37969	3689	2869	5
37970	3689	2870	5
37971	3689	2872	5
37972	3689	3685	5
37973	3689	3686	5
37974	3689	3687	5
37975	3689	3690	5
37976	3689	3696	5
37977	3689	4628	5
37978	3689	4629	5
37979	3689	4630	5
37980	3689	4631	5
37981	3689	4632	5
37982	3689	5964	5
37983	3689	6365	5
37984	3690	2866	5
37985	3690	2867	5
37986	3690	2868	5
37987	3690	2869	5
37988	3690	2870	5
37989	3690	2871	5
37990	3690	2872	5
37991	3690	3684	5
37992	3690	3686	5
37993	3690	3687	5
37994	3690	3688	5
37995	3690	3689	5
37996	3690	3696	5
37997	3690	4629	5
37998	3690	4630	5
37999	3690	4631	5
38000	3690	4632	5
38001	3690	5905	5
38002	3690	5906	5
38003	3690	5964	5
38004	3690	6531	5
38005	3691	1622	2
38006	3691	1624	2
38007	3691	1628	2
38008	3691	1630	2
38009	3691	1631	5
38010	3691	1632	2
38011	3691	1640	5
38012	3691	1645	5
38013	3691	1654	2
38014	3691	1717	2
38015	3691	1912	2
38016	3691	1913	2
38017	3691	2866	5
38018	3691	2867	7
38019	3691	2868	7
38020	3691	2869	5
38021	3691	2870	5
38022	3691	2872	5
38023	3691	3693	7
38024	3691	3694	7
38025	3691	3695	5
38026	3691	5905	7
38027	3691	5908	5
38028	3691	5909	5
38029	3691	5910	5
38030	3691	5911	5
38031	3691	5912	5
38032	3691	6370	7
38033	3691	6531	7
38034	3691	6616	7
38035	3692	1622	2
38036	3692	1624	2
38037	3692	1628	2
38038	3692	1630	2
38039	3692	1631	5
38040	3692	1632	2
38041	3692	1640	5
38042	3692	1645	5
38043	3692	1653	2
38044	3692	1654	2
38045	3692	1717	2
38046	3692	1912	2
38047	3692	1913	2
38048	3692	2866	5
38049	3692	2867	7
38050	3692	2868	7
38051	3692	2869	5
38052	3692	2870	5
38053	3692	2872	5
38054	3692	3694	7
38055	3692	3695	5
38056	3692	5907	7
38057	3692	5908	5
38058	3692	5909	5
38059	3692	5910	5
38060	3692	5911	5
38061	3692	5912	5
38062	3692	6370	7
38063	3692	6531	7
38064	3692	6616	7
38065	3693	1622	2
38066	3693	1624	2
38067	3693	1628	2
38068	3693	1630	2
38069	3693	1631	5
38070	3693	1632	2
38071	3693	1640	5
38072	3693	1645	5
38073	3693	1653	2
38074	3693	1654	2
38075	3693	1717	2
38076	3693	1912	2
38077	3693	1913	2
38078	3693	2866	5
38079	3693	2867	7
38080	3693	2868	7
38081	3693	2869	5
38082	3693	2870	5
38083	3693	2872	5
38084	3693	3691	7
38085	3693	3695	5
38086	3693	5907	7
38087	3693	5908	5
38088	3693	5910	5
38089	3693	5911	5
38090	3693	5912	5
38091	3693	6370	7
38092	3693	6531	7
38093	3693	6616	7
38094	3694	1622	2
38095	3694	1624	2
38096	3694	1628	2
38097	3694	1630	2
38098	3694	1631	5
38099	3694	1632	2
38100	3694	1640	5
38101	3694	1645	5
38102	3694	1653	2
38103	3694	1654	2
38104	3694	1717	2
38105	3694	1912	2
38106	3694	1913	2
38107	3694	2866	5
38108	3694	2867	7
38109	3694	2868	7
38110	3694	2869	5
38111	3694	2870	5
38112	3694	3691	7
38113	3694	3692	7
38114	3694	5907	7
38115	3694	5908	5
38116	3694	5909	5
38117	3694	5911	5
38118	3694	5912	5
38119	3694	6531	7
38120	3694	6616	7
38121	3695	1622	2
38122	3695	1624	2
38123	3695	1628	2
38124	3695	1630	2
38125	3695	1631	5
38126	3695	1632	2
38127	3695	1640	5
38128	3695	1645	5
38129	3695	1646	2
38130	3695	1653	2
38131	3695	1654	2
38132	3695	1715	2
38133	3695	1717	2
38134	3695	1912	2
38135	3695	1913	2
38136	3695	2866	5
38137	3695	2867	5
38138	3695	2869	5
38139	3695	3691	5
38140	3695	3692	5
38141	3695	3693	5
38142	3695	5907	5
38143	3695	5908	5
38144	3695	5909	5
38145	3695	5912	5
38146	3695	6370	5
38147	3695	6531	5
38148	3695	6616	5
38149	3695	7382	2
38150	3696	1612	2
38151	3696	1614	2
38152	3696	1615	2
38153	3696	1618	2
38154	3696	1621	2
38155	3696	1622	2
38156	3696	2866	5
38157	3696	2868	5
38158	3696	2869	5
38159	3696	2870	5
38160	3696	2872	5
38161	3696	3686	5
38162	3696	3687	5
38163	3696	3688	5
38164	3696	3689	5
38165	3696	3690	5
38166	3696	4629	5
38167	3696	4630	5
38168	3696	4631	5
38169	3696	4632	5
38170	3696	4633	5
38171	3696	5964	5
38172	3696	6365	5
38173	3696	6531	5
38174	3697	1612	2
38175	3697	1614	2
38176	3697	1615	2
38177	3697	1617	5
38178	3697	1618	2
38179	3697	1619	5
38180	3697	1620	5
38181	3697	1621	2
38182	3697	1622	2
38183	3697	4628	5
38184	3697	4631	5
38185	3697	5907	5
38186	3697	6365	5
38187	3697	6368	5
38188	3698	1614	2
38189	3698	1615	2
38190	3698	1616	5
38191	3698	1617	5
38192	3698	1618	2
38193	3698	1619	5
38194	3698	1620	5
38195	3698	1621	2
38196	3698	1622	2
38197	3698	1632	2
38198	3698	4627	5
38199	3698	4628	5
38200	3698	6365	5
38201	3698	6368	5
38202	3699	1618	2
38203	3699	1621	2
38204	3699	1622	2
38205	3699	1623	5
38206	3699	1624	2
38207	3699	1625	5
38208	3699	1626	5
38209	3699	1627	5
38210	3699	1628	2
38211	3699	1630	2
38212	3699	1632	2
38213	3699	1633	5
38214	3699	1634	5
38215	3699	1635	5
38216	3699	1636	5
38217	3699	1637	5
38218	3699	1638	5
38219	3699	1639	5
38220	3699	1641	5
38221	3699	1642	5
38222	3699	1643	5
38223	3699	1644	5
38224	3699	1652	5
38225	3699	1653	2
38226	3699	1654	2
38227	3699	1655	5
38228	3699	1657	5
38229	3699	1658	5
38230	3699	1659	5
38231	3699	1717	2
38232	3699	3701	5
38233	3699	3702	5
38234	3699	3703	5
38235	3699	3704	5
38236	3699	3705	5
38237	3699	3708	5
38238	3699	3711	5
38239	3699	4707	5
38240	3699	5910	5
38241	3699	6371	5
38242	3699	7361	5
38243	3700	1618	2
38244	3700	1621	2
38245	3700	1622	2
38246	3700	1623	5
38247	3700	1624	2
38248	3700	1625	5
38249	3700	1626	5
38250	3700	1627	5
38251	3700	1628	2
38252	3700	1630	2
38253	3700	1632	2
38254	3700	1634	5
38255	3700	1635	5
38256	3700	1636	5
38257	3700	1637	5
38258	3700	1638	5
38259	3700	1639	5
38260	3700	1641	5
38261	3700	1642	5
38262	3700	1644	5
38263	3700	1652	5
38264	3700	1653	2
38265	3700	1654	2
38266	3700	1655	5
38267	3700	1657	5
38268	3700	1658	5
38269	3700	1659	5
38270	3700	1717	2
38271	3700	2919	5
38272	3700	3701	5
38273	3700	3702	5
38274	3700	3703	5
38275	3700	3704	5
38276	3700	3705	5
38277	3700	3708	5
38278	3700	3711	5
38279	3700	3712	5
38280	3700	3743	5
38281	3700	3744	5
38282	3700	4707	5
38283	3700	6369	5
38284	3700	6371	5
38285	3700	7361	5
38286	3701	1622	2
38287	3701	1623	5
38288	3701	1624	2
38289	3701	1625	5
38290	3701	1626	5
38291	3701	1627	5
38292	3701	1628	2
38293	3701	1630	2
38294	3701	1632	2
38295	3701	1633	5
38296	3701	1634	5
38297	3701	1635	5
38298	3701	1636	5
38299	3701	1637	5
38300	3701	1638	5
38301	3701	1639	5
38302	3701	1641	5
38303	3701	1642	5
38304	3701	1643	5
38305	3701	1644	5
38306	3701	1646	2
38307	3701	1652	5
38308	3701	1653	2
38309	3701	1654	2
38310	3701	1655	5
38311	3701	1657	5
38312	3701	1658	5
38313	3701	1659	5
38314	3701	1715	2
38315	3701	1717	2
38316	3701	1913	2
38317	3701	2919	5
38318	3701	3699	5
38319	3701	3700	5
38320	3701	3702	5
38321	3701	3703	5
38322	3701	3704	5
38323	3701	3705	5
38324	3701	3708	5
38325	3701	3711	5
38326	3701	3712	5
38327	3701	3743	5
38328	3701	3744	5
38329	3701	4707	5
38330	3701	6369	5
38331	3701	6376	5
38332	3701	7361	5
38333	3701	7382	2
38334	3702	1252	7
38335	3702	1622	2
38336	3702	1623	5
38337	3702	1624	2
38338	3702	1627	5
38339	3702	1632	2
38340	3702	1633	5
38341	3702	1635	5
38342	3702	1637	5
38343	3702	1638	5
38344	3702	1639	5
38345	3702	1643	5
38346	3702	1644	5
38347	3702	1646	2
38348	3702	1647	2
38349	3702	1649	2
38350	3702	1653	2
38351	3702	1657	5
38352	3702	1659	5
38353	3702	1715	2
38354	3702	1716	2
38355	3702	1717	2
38356	3702	1720	2
38357	3702	2914	5
38358	3702	2919	5
38359	3702	3699	5
38360	3702	3700	5
38361	3702	3701	5
38362	3702	3708	7
38363	3702	3713	7
38364	3702	3716	7
38365	3702	3717	7
38366	3702	3720	7
38367	3702	3732	7
38368	3702	6371	5
38369	3702	6375	5
38370	3702	6376	5
38371	3702	6377	5
38372	3702	6623	7
38373	3702	6911	7
38374	3702	7382	2
38375	3703	1252	7
38376	3703	1622	2
38377	3703	1623	5
38378	3703	1624	2
38379	3703	1627	5
38380	3703	1632	2
38381	3703	1633	5
38382	3703	1635	5
38383	3703	1637	5
38384	3703	1638	5
38385	3703	1639	5
38386	3703	1643	5
38387	3703	1644	5
38388	3703	1646	2
38389	3703	1647	2
38390	3703	1649	2
38391	3703	1653	2
38392	3703	1657	5
38393	3703	1659	5
38394	3703	1715	2
38395	3703	1716	2
38396	3703	1717	2
38397	3703	1720	2
38398	3703	2913	5
38399	3703	2914	5
38400	3703	2919	5
38401	3703	3699	5
38402	3703	3700	5
38403	3703	3701	5
38404	3703	3704	5
38405	3703	3708	7
38406	3703	3713	7
38407	3703	3716	7
38408	3703	3717	7
38409	3703	3731	7
38410	3703	3732	7
38411	3703	6371	5
38412	3703	6375	5
38413	3703	6376	5
38414	3703	6377	5
38415	3703	6911	7
38416	3703	7382	2
38417	3704	1622	2
38418	3704	1623	5
38419	3704	1624	2
38420	3704	1625	5
38421	3704	1626	5
38422	3704	1627	5
38423	3704	1632	2
38424	3704	1633	5
38425	3704	1634	5
38426	3704	1636	5
38427	3704	1637	5
38428	3704	1638	5
38429	3704	1639	5
38430	3704	1641	5
38431	3704	1642	5
38432	3704	1643	5
38433	3704	1644	5
38434	3704	1646	2
38435	3704	1647	2
38436	3704	1649	2
38437	3704	1652	5
38438	3704	1653	2
38439	3704	1655	5
38440	3704	1657	5
38441	3704	1658	5
38442	3704	1659	5
38443	3704	1715	2
38444	3704	1716	2
38445	3704	1717	2
38446	3704	1720	2
38447	3704	2915	5
38448	3704	2919	5
38449	3704	2920	5
38450	3704	2921	5
38451	3704	3699	5
38452	3704	3700	5
38453	3704	3701	5
38454	3704	3703	5
38455	3704	3711	5
38456	3704	3712	5
38457	3704	3713	5
38458	3704	3717	5
38459	3704	3720	5
38460	3704	3732	5
38461	3704	3743	5
38462	3704	3744	5
38463	3704	3745	5
38464	3704	3746	5
38465	3704	4707	5
38466	3704	6369	5
38467	3704	6371	5
38468	3704	6376	5
38469	3704	6377	5
38470	3704	6382	5
38471	3704	6623	5
38472	3704	7361	5
38473	3704	7382	2
38474	3705	1618	2
38475	3705	1622	2
38476	3705	1624	2
38477	3705	1627	5
38478	3705	1632	2
38479	3705	1633	5
38480	3705	1635	5
38481	3705	1637	5
38482	3705	1638	5
38483	3705	1639	5
38484	3705	1643	5
38485	3705	1644	5
38486	3705	1653	2
38487	3705	1657	5
38488	3705	1659	5
38489	3705	2919	5
38490	3705	3699	5
38491	3705	3700	5
38492	3705	3701	5
38493	3705	6371	5
38494	3706	1252	7
38495	3706	1622	2
38496	3706	1624	2
38497	3706	1632	2
38498	3706	1653	2
38499	3706	3709	7
38500	3706	3710	7
38501	3706	3713	7
38502	3706	3714	7
38503	3706	3715	7
38504	3706	3716	7
38505	3706	3717	7
38506	3706	3718	7
38507	3706	3719	7
38508	3706	3720	7
38509	3706	3722	7
38510	3706	3723	7
38511	3706	3724	7
38512	3706	3725	7
38513	3706	3726	7
38514	3706	3727	7
38515	3706	3728	7
38516	3706	3729	7
38517	3706	3730	7
38518	3706	3731	7
38519	3706	3732	7
38520	3706	3733	7
38521	3706	3735	7
38522	3706	3745	7
38523	3706	3746	7
38524	3706	4512	5
38525	3706	6623	7
38526	3706	6894	7
38527	3706	6895	7
38528	3706	6910	7
38529	3706	6911	7
38530	3707	1252	7
38531	3707	1622	2
38532	3707	1624	2
38533	3707	1632	2
38534	3707	1653	2
38535	3707	2873	7
38536	3707	2914	5
38537	3707	2915	7
38538	3707	2920	7
38539	3707	2921	7
38540	3707	3710	7
38541	3707	3713	7
38542	3707	3715	7
38543	3707	3716	7
38544	3707	3717	7
38545	3707	3718	7
38546	3707	3719	7
38547	3707	3720	7
38548	3707	3721	7
38549	3707	3722	7
38550	3707	3723	7
38551	3707	3724	7
38552	3707	3725	7
38553	3707	3726	7
38554	3707	3727	7
38555	3707	3728	7
38556	3707	3729	7
38557	3707	3730	7
38558	3707	3731	7
38559	3707	3732	7
38560	3707	3733	7
38561	3707	3735	7
38562	3707	3743	7
38563	3707	3745	7
38564	3707	3746	7
38565	3707	4512	5
38566	3707	6377	5
38567	3707	6382	7
38568	3707	6623	7
38569	3707	6894	7
38570	3707	6895	7
38571	3707	6909	7
38572	3707	6910	7
38573	3707	6911	7
38574	3708	1622	2
38575	3708	1623	5
38576	3708	1624	2
38577	3708	1627	5
38578	3708	1632	2
38579	3708	1633	5
38580	3708	1635	5
38581	3708	1637	5
38582	3708	1638	5
38583	3708	1639	5
38584	3708	1643	5
38585	3708	1644	5
38586	3708	1649	2
38587	3708	1653	2
38588	3708	1657	5
38589	3708	1659	5
38590	3708	1715	2
38591	3708	2915	7
38592	3708	2919	5
38593	3708	2921	7
38594	3708	3699	5
38595	3708	3700	5
38596	3708	3701	5
38597	3708	3702	7
38598	3708	3703	7
38599	3708	3704	5
38600	3708	3720	7
38601	3708	3743	7
38602	3708	3745	7
38603	3708	6371	5
38604	3708	6376	5
38605	3708	6377	5
38606	3708	6382	7
38607	3709	1252	7
38608	3709	1622	2
38609	3709	1624	2
38610	3709	1632	2
38611	3709	1649	2
38612	3709	1653	2
38613	3709	1715	2
38614	3709	1716	2
38615	3709	1720	2
38616	3709	2873	7
38617	3709	2913	5
38618	3709	2914	5
38619	3709	2915	7
38620	3709	2919	5
38621	3709	2920	7
38622	3709	2921	7
38623	3709	3706	7
38624	3709	3713	7
38625	3709	3714	7
38626	3709	3715	7
38627	3709	3716	7
38628	3709	3717	7
38629	3709	3718	7
38630	3709	3719	7
38631	3709	3720	7
38632	3709	3721	7
38633	3709	3722	7
38634	3709	3723	7
38635	3709	3724	7
38636	3709	3725	7
38637	3709	3726	7
38638	3709	3727	7
38639	3709	3728	7
38640	3709	3729	7
38641	3709	3730	7
38642	3709	3731	7
38643	3709	3732	7
38644	3709	3733	7
38645	3709	3735	7
38646	3709	3737	7
38647	3709	3743	7
38648	3709	3744	7
38649	3709	3745	7
38650	3709	3746	7
38651	3709	4512	5
38652	3709	6375	5
38653	3709	6376	5
38654	3709	6377	5
38655	3709	6382	7
38656	3709	6623	7
38657	3709	6894	7
38658	3709	6895	7
38659	3709	6909	7
38660	3709	6910	7
38661	3709	6911	7
38662	3710	1252	7
38663	3710	1624	2
38664	3710	1632	2
38665	3710	1647	2
38666	3710	1649	2
38667	3710	1653	2
38668	3710	1657	5
38669	3710	1715	2
38670	3710	1716	2
38671	3710	1720	2
38672	3710	2873	7
38673	3710	2913	5
38674	3710	2914	5
38675	3710	2915	7
38676	3710	2919	5
38677	3710	2920	7
38678	3710	2921	7
38679	3710	3706	7
38680	3710	3707	7
38681	3710	3714	7
38682	3710	3716	7
38683	3710	3717	7
38684	3710	3718	7
38685	3710	3719	7
38686	3710	3720	7
38687	3710	3721	7
38688	3710	3722	7
38689	3710	3723	7
38690	3710	3724	7
38691	3710	3725	7
38692	3710	3726	7
38693	3710	3727	7
38694	3710	3728	7
38695	3710	3729	7
38696	3710	3730	7
38697	3710	3731	7
38698	3710	3732	7
38699	3710	3733	7
38700	3710	3735	7
38701	3710	3743	7
38702	3710	3744	7
38703	3710	3745	7
38704	3710	3746	7
38705	3710	4512	5
38706	3710	6375	5
38707	3710	6376	5
38708	3710	6377	5
38709	3710	6382	7
38710	3710	6623	7
38711	3710	6894	7
38712	3710	6895	7
38713	3710	6909	7
38714	3710	6910	7
38715	3710	6911	7
38716	3710	7382	2
38717	3711	1252	7
38718	3711	1622	2
38719	3711	1623	5
38720	3711	1624	2
38721	3711	1627	5
38722	3711	1632	2
38723	3711	1633	5
38724	3711	1635	5
38725	3711	1637	5
38726	3711	1638	5
38727	3711	1639	5
38728	3711	1643	5
38729	3711	1644	5
38730	3711	1646	2
38731	3711	1647	2
38732	3711	1649	2
38733	3711	1653	2
38734	3711	1659	5
38735	3711	1667	2
38736	3711	1715	2
38737	3711	1716	2
38738	3711	1717	2
38739	3711	1718	2
38740	3711	1720	2
38741	3711	1721	2
38742	3711	2873	7
38743	3711	2912	5
38744	3711	2913	5
38745	3711	2914	5
38746	3711	2915	7
38747	3711	2919	5
38748	3711	2920	7
38749	3711	2921	7
38750	3711	3699	5
38751	3711	3700	5
38752	3711	3701	5
38753	3711	3704	5
38754	3711	3712	7
38755	3711	3716	7
38756	3711	3717	7
38757	3711	3720	7
38758	3711	3731	7
38759	3711	3732	7
38760	3711	3743	7
38761	3711	3744	7
38762	3711	3745	7
38763	3711	3746	7
38764	3711	6371	5
38765	3711	6375	5
38766	3711	6376	5
38767	3711	6377	5
38768	3711	6382	7
38769	3711	6407	7
38770	3711	6623	7
38771	3711	6911	7
38772	3711	7361	7
38773	3711	7382	2
38774	3712	1252	7
38775	3712	1622	2
38776	3712	1623	5
38777	3712	1624	2
38778	3712	1627	5
38779	3712	1632	2
38780	3712	1633	5
38781	3712	1635	5
38782	3712	1637	5
38783	3712	1638	5
38784	3712	1639	5
38785	3712	1643	5
38786	3712	1644	5
38787	3712	1646	2
38788	3712	1647	2
38789	3712	1649	2
38790	3712	1653	2
38791	3712	1657	5
38792	3712	1659	5
38793	3712	1667	2
38794	3712	1715	2
38795	3712	1716	2
38796	3712	1718	2
38797	3712	1719	2
38798	3712	1720	2
38799	3712	1721	2
38800	3712	2873	7
38801	3712	2912	5
38802	3712	2913	5
38803	3712	2914	5
38804	3712	2915	7
38805	3712	2919	5
38806	3712	2920	7
38807	3712	2921	7
38808	3712	3700	5
38809	3712	3701	5
38810	3712	3704	5
38811	3712	3710	7
38812	3712	3711	7
38813	3712	3713	7
38814	3712	3715	7
38815	3712	3716	7
38816	3712	3717	7
38817	3712	3718	7
38818	3712	3719	7
38819	3712	3720	7
38820	3712	3725	7
38821	3712	3726	7
38822	3712	3727	7
38823	3712	3728	7
38824	3712	3729	7
38825	3712	3730	7
38826	3712	3731	7
38827	3712	3732	7
38828	3712	3743	7
38829	3712	3744	7
38830	3712	3745	7
38831	3712	3746	7
38832	3712	6371	5
38833	3712	6375	5
38834	3712	6376	5
38835	3712	6377	5
38836	3712	6382	7
38837	3712	6407	7
38838	3712	6623	7
38839	3712	6895	7
38840	3712	6910	7
38841	3712	6911	7
38842	3712	7382	2
38843	3713	1252	7
38844	3713	1623	5
38845	3713	1624	2
38846	3713	1627	5
38847	3713	1633	5
38848	3713	1635	5
38849	3713	1637	5
38850	3713	1638	5
38851	3713	1644	5
38852	3713	1646	2
38853	3713	1647	2
38854	3713	1649	2
38855	3713	1653	2
38856	3713	1657	5
38857	3713	1659	5
38858	3713	1667	2
38859	3713	1668	2
38860	3713	1715	2
38861	3713	1716	2
38862	3713	1718	2
38863	3713	1719	2
38864	3713	1720	2
38865	3713	1721	2
38866	3713	2873	7
38867	3713	2912	5
38868	3713	2913	5
38869	3713	2914	5
38870	3713	2915	7
38871	3713	2919	5
38872	3713	2920	7
38873	3713	2921	7
38874	3713	3702	7
38875	3713	3703	7
38876	3713	3704	5
38877	3713	3706	7
38878	3713	3707	7
38879	3713	3709	7
38880	3713	3712	7
38881	3713	3714	7
38882	3713	3715	7
38883	3713	3717	7
38884	3713	3718	7
38885	3713	3719	7
38886	3713	3721	7
38887	3713	3722	7
38888	3713	3723	7
38889	3713	3724	7
38890	3713	3725	7
38891	3713	3726	7
38892	3713	3727	7
38893	3713	3728	7
38894	3713	3729	7
38895	3713	3730	7
38896	3713	3731	7
38897	3713	3732	7
38898	3713	3735	7
38899	3713	3743	7
38900	3713	3744	7
38901	3713	3745	7
38902	3713	3746	7
38903	3713	4512	5
38904	3713	6375	5
38905	3713	6376	5
38906	3713	6377	5
38907	3713	6382	7
38908	3713	6623	7
38909	3713	6894	7
38910	3713	6895	7
38911	3713	6909	7
38912	3713	6910	7
38913	3713	6911	7
38914	3713	7382	2
38915	3713	7392	2
38916	3714	1252	7
38917	3714	1624	2
38918	3714	1632	2
38919	3714	1653	2
38920	3714	1657	5
38921	3714	2873	7
38922	3714	2914	5
38923	3714	2915	7
38924	3714	2919	5
38925	3714	2920	7
38926	3714	2921	7
38927	3714	3706	7
38928	3714	3709	7
38929	3714	3710	7
38930	3714	3713	7
38931	3714	3716	7
38932	3714	3717	7
38933	3714	3718	7
38934	3714	3719	7
38935	3714	3720	7
38936	3714	3721	7
38937	3714	3723	7
38938	3714	3724	7
38939	3714	3725	7
38940	3714	3726	7
38941	3714	3727	7
38942	3714	3729	7
38943	3714	3730	7
38944	3714	3731	7
38945	3714	3732	7
38946	3714	3733	7
38947	3714	3735	7
38948	3714	3737	7
38949	3714	3743	7
38950	3714	3744	7
38951	3714	3745	7
38952	3714	3746	7
38953	3714	4512	5
38954	3714	6377	5
38955	3714	6382	7
38956	3714	6623	7
38957	3714	6894	7
38958	3714	6895	7
38959	3714	6909	7
38960	3714	6910	7
38961	3714	6911	7
38962	3715	1252	7
38963	3715	1624	2
38964	3715	1653	2
38965	3715	1657	5
38966	3715	2873	7
38967	3715	2913	5
38968	3715	2914	5
38969	3715	2915	7
38970	3715	2919	5
38971	3715	2920	7
38972	3715	2921	7
38973	3715	3706	7
38974	3715	3707	7
38975	3715	3709	7
38976	3715	3712	7
38977	3715	3713	7
38978	3715	3717	7
38979	3715	3719	7
38980	3715	3720	7
38981	3715	3721	7
38982	3715	3722	7
38983	3715	3723	7
38984	3715	3724	7
38985	3715	3725	7
38986	3715	3726	7
38987	3715	3727	7
38988	3715	3728	7
38989	3715	3729	7
38990	3715	3730	7
38991	3715	3731	7
38992	3715	3732	7
38993	3715	3733	7
38994	3715	3735	7
38995	3715	3737	7
38996	3715	3743	7
38997	3715	3744	7
38998	3715	3745	7
38999	3715	3746	7
39000	3715	4512	5
39001	3715	6375	5
39002	3715	6376	5
39003	3715	6377	5
39004	3715	6382	7
39005	3715	6623	7
39006	3715	6894	7
39007	3715	6895	7
39008	3715	6909	7
39009	3715	6910	7
39010	3715	6911	7
39011	3716	1252	7
39012	3716	1624	2
39013	3716	1627	5
39014	3716	1637	5
39015	3716	1644	5
39016	3716	1647	2
39017	3716	1649	2
39018	3716	1653	2
39019	3716	1657	5
39020	3716	1659	5
39021	3716	1667	2
39022	3716	1668	2
39023	3716	1670	2
39024	3716	1715	2
39025	3716	1716	2
39026	3716	1718	2
39027	3716	1719	2
39028	3716	1720	2
39029	3716	1721	2
39030	3716	2873	7
39031	3716	2912	5
39032	3716	2913	5
39033	3716	2914	5
39034	3716	2915	7
39035	3716	2919	5
39036	3716	2920	7
39037	3716	2921	7
39038	3716	3702	7
39039	3716	3703	7
39040	3716	3706	7
39041	3716	3707	7
39042	3716	3709	7
39043	3716	3710	7
39044	3716	3711	7
39045	3716	3712	7
39046	3716	3714	7
39047	3716	3718	7
39048	3716	3719	7
39049	3716	3720	7
39050	3716	3721	7
39051	3716	3722	7
39052	3716	3723	7
39053	3716	3724	7
39054	3716	3725	7
39055	3716	3726	7
39056	3716	3727	7
39057	3716	3728	7
39058	3716	3729	7
39059	3716	3730	7
39060	3716	3731	7
39061	3716	3732	7
39062	3716	3733	7
39063	3716	3735	7
39064	3716	3743	7
39065	3716	3744	7
39066	3716	3745	7
39067	3716	3746	7
39068	3716	4512	5
39069	3716	6375	5
39070	3716	6376	5
39071	3716	6377	5
39072	3716	6382	7
39073	3716	6623	7
39074	3716	6894	7
39075	3716	6895	7
39076	3716	6909	7
39077	3716	6910	7
39078	3716	7392	2
39079	3717	1252	7
39080	3717	1627	5
39081	3717	1635	5
39082	3717	1646	2
39083	3717	1647	2
39084	3717	1649	2
39085	3717	1653	2
39086	3717	1657	5
39087	3717	1659	5
39088	3717	1666	2
39089	3717	1667	2
39090	3717	1668	2
39091	3717	1669	2
39092	3717	1670	2
39093	3717	1715	2
39094	3717	1716	2
39095	3717	1718	2
39096	3717	1719	2
39097	3717	1720	2
39098	3717	1721	2
39099	3717	2873	7
39100	3717	2912	5
39101	3717	2913	5
39102	3717	2914	5
39103	3717	2915	7
39104	3717	2919	5
39105	3717	2920	7
39106	3717	2921	7
39107	3717	3702	7
39108	3717	3703	7
39109	3717	3704	5
39110	3717	3706	7
39111	3717	3707	7
39112	3717	3709	7
39113	3717	3710	7
39114	3717	3711	7
39115	3717	3712	7
39116	3717	3713	7
39117	3717	3714	7
39118	3717	3715	7
39119	3717	3718	7
39120	3717	3719	7
39121	3717	3721	7
39122	3717	3722	7
39123	3717	3723	7
39124	3717	3724	7
39125	3717	3725	7
39126	3717	3726	7
39127	3717	3727	7
39128	3717	3728	7
39129	3717	3729	7
39130	3717	3730	7
39131	3717	3731	7
39132	3717	3733	7
39133	3717	3735	7
39134	3717	3743	7
39135	3717	3744	7
39136	3717	3745	7
39137	3717	4512	5
39138	3717	6375	5
39139	3717	6376	5
39140	3717	6377	5
39141	3717	6382	7
39142	3717	6623	7
39143	3717	6894	7
39144	3717	6895	7
39145	3717	6911	7
39146	3717	7382	2
39147	3717	7392	2
39148	3718	1252	7
39149	3718	1657	5
39150	3718	2873	7
39151	3718	2913	5
39152	3718	2914	5
39153	3718	2915	7
39154	3718	2916	7
39155	3718	2919	5
39156	3718	2920	7
39157	3718	2921	7
39158	3718	3706	7
39159	3718	3707	7
39160	3718	3709	7
39161	3718	3710	7
39162	3718	3712	7
39163	3718	3713	7
39164	3718	3714	7
39165	3718	3716	7
39166	3718	3717	7
39167	3718	3720	7
39168	3718	3721	7
39169	3718	3722	7
39170	3718	3723	7
39171	3718	3724	7
39172	3718	3725	7
39173	3718	3726	7
39174	3718	3727	7
39175	3718	3728	7
39176	3718	3729	7
39177	3718	3730	7
39178	3718	3731	7
39179	3718	3732	7
39180	3718	3733	7
39181	3718	3734	7
39182	3718	3735	7
39183	3718	3736	7
39184	3718	3737	7
39185	3718	3739	7
39186	3718	3740	7
39187	3718	3741	7
39188	3718	3742	7
39189	3718	3743	7
39190	3718	3744	7
39191	3718	3745	7
39192	3718	3746	7
39193	3718	4511	5
39194	3718	4512	5
39195	3718	6377	5
39196	3718	6382	7
39197	3718	6623	7
39198	3718	6894	7
39199	3718	6895	7
39200	3718	6909	7
39201	3718	6910	7
39202	3718	6911	7
39203	3719	1252	7
39204	3719	1657	5
39205	3719	2873	7
39206	3719	2913	5
39207	3719	2914	5
39208	3719	2915	7
39209	3719	2916	7
39210	3719	2919	5
39211	3719	2920	7
39212	3719	2921	7
39213	3719	3706	7
39214	3719	3707	7
39215	3719	3709	7
39216	3719	3710	7
39217	3719	3712	7
39218	3719	3713	7
39219	3719	3714	7
39220	3719	3715	7
39221	3719	3716	7
39222	3719	3717	7
39223	3719	3720	7
39224	3719	3721	7
39225	3719	3722	7
39226	3719	3723	7
39227	3719	3724	7
39228	3719	3725	7
39229	3719	3726	7
39230	3719	3728	7
39231	3719	3729	7
39232	3719	3732	7
39233	3719	3733	7
39234	3719	3734	7
39235	3719	3735	7
39236	3719	3736	7
39237	3719	3737	7
39238	3719	3739	7
39239	3719	3740	7
39240	3719	3741	7
39241	3719	3742	7
39242	3719	3743	7
39243	3719	3744	7
39244	3719	3745	7
39245	3719	3746	7
39246	3719	4484	7
39247	3719	4511	5
39248	3719	4512	5
39249	3719	6377	5
39250	3719	6382	7
39251	3719	6623	7
39252	3719	6894	7
39253	3719	6895	7
39254	3719	6906	7
39255	3719	6908	7
39256	3719	6909	7
39257	3719	6910	7
39258	3719	6911	7
39259	3720	1252	7
39260	3720	1623	5
39261	3720	1624	2
39262	3720	1627	5
39263	3720	1635	5
39264	3720	1637	5
39265	3720	1644	5
39266	3720	1646	2
39267	3720	1647	2
39268	3720	1649	2
39269	3720	1653	2
39270	3720	1657	5
39271	3720	1659	5
39272	3720	1666	2
39273	3720	1667	2
39274	3720	1668	2
39275	3720	1669	2
39276	3720	1670	2
39277	3720	1715	2
39278	3720	1716	2
39279	3720	1718	2
39280	3720	1719	2
39281	3720	1720	2
39282	3720	1721	2
39283	3720	2873	7
39284	3720	2912	5
39285	3720	2913	5
39286	3720	2914	5
39287	3720	2915	7
39288	3720	2919	5
39289	3720	2920	7
39290	3720	2921	7
39291	3720	3702	7
39292	3720	3704	5
39293	3720	3706	7
39294	3720	3707	7
39295	3720	3708	7
39296	3720	3709	7
39297	3720	3710	7
39298	3720	3711	7
39299	3720	3712	7
39300	3720	3714	7
39301	3720	3715	7
39302	3720	3716	7
39303	3720	3718	7
39304	3720	3719	7
39305	3720	3721	7
39306	3720	3722	7
39307	3720	3723	7
39308	3720	3724	7
39309	3720	3725	7
39310	3720	3726	7
39311	3720	3727	7
39312	3720	3728	7
39313	3720	3729	7
39314	3720	3730	7
39315	3720	3731	7
39316	3720	3732	7
39317	3720	3735	7
39318	3720	3744	7
39319	3720	3746	7
39320	3720	4512	5
39321	3720	6375	5
39322	3720	6376	5
39323	3720	6377	5
39324	3720	6382	7
39325	3720	6623	7
39326	3720	6895	7
39327	3720	6911	7
39328	3720	7382	2
39329	3720	7392	2
39330	3721	1252	7
39331	3721	1253	7
39332	3721	1622	2
39333	3721	1624	2
39334	3721	1632	2
39335	3721	3707	7
39336	3721	3709	7
39337	3721	3710	7
39338	3721	3713	7
39339	3721	3714	7
39340	3721	3715	7
39341	3721	3716	7
39342	3721	3717	7
39343	3721	3718	7
39344	3721	3719	7
39345	3721	3720	7
39346	3721	3724	7
39347	3721	3725	7
39348	3721	3726	7
39349	3721	3727	7
39350	3721	3728	7
39351	3721	3729	7
39352	3721	3730	7
39353	3721	3731	7
39354	3721	3732	7
39355	3721	3733	7
39356	3721	3734	7
39357	3721	3735	7
39358	3721	3743	7
39359	3721	3745	7
39360	3721	3746	7
39361	3721	4510	5
39362	3721	4511	5
39363	3721	4512	5
39364	3721	6623	7
39365	3721	6894	7
39366	3721	6895	7
39367	3721	6909	7
39368	3721	6910	7
39369	3721	6911	7
39370	3722	1252	7
39371	3722	1624	2
39372	3722	1632	2
39373	3722	2873	7
39374	3722	2915	7
39375	3722	2919	5
39376	3722	2920	7
39377	3722	2921	7
39378	3722	3706	7
39379	3722	3707	7
39380	3722	3709	7
39381	3722	3710	7
39382	3722	3713	7
39383	3722	3715	7
39384	3722	3716	7
39385	3722	3717	7
39386	3722	3718	7
39387	3722	3719	7
39388	3722	3720	7
39389	3722	3723	7
39390	3722	3724	7
39391	3722	3725	7
39392	3722	3726	7
39393	3722	3727	7
39394	3722	3728	7
39395	3722	3729	7
39396	3722	3730	7
39397	3722	3731	7
39398	3722	3732	7
39399	3722	3733	7
39400	3722	3734	7
39401	3722	3735	7
39402	3722	3737	7
39403	3722	3743	7
39404	3722	3744	7
39405	3722	3745	7
39406	3722	3746	7
39407	3722	4511	5
39408	3722	4512	5
39409	3722	6377	5
39410	3722	6382	7
39411	3722	6623	7
39412	3722	6894	7
39413	3722	6895	7
39414	3722	6909	7
39415	3722	6910	7
39416	3722	6911	7
39417	3723	1252	7
39418	3723	1253	7
39419	3723	1624	2
39420	3723	3706	7
39421	3723	3707	7
39422	3723	3709	7
39423	3723	3710	7
39424	3723	3713	7
39425	3723	3714	7
39426	3723	3715	7
39427	3723	3716	7
39428	3723	3717	7
39429	3723	3718	7
39430	3723	3719	7
39431	3723	3720	7
39432	3723	3722	7
39433	3723	3725	7
39434	3723	3726	7
39435	3723	3727	7
39436	3723	3728	7
39437	3723	3729	7
39438	3723	3730	7
39439	3723	3731	7
39440	3723	3732	7
39441	3723	3733	7
39442	3723	3734	7
39443	3723	3735	7
39444	3723	3736	7
39445	3723	3737	7
39446	3723	3739	7
39447	3723	3740	7
39448	3723	3743	7
39449	3723	3745	7
39450	3723	3746	7
39451	3723	4499	5
39452	3723	4510	5
39453	3723	4511	5
39454	3723	4512	5
39455	3723	6623	7
39456	3723	6894	7
39457	3723	6895	7
39458	3723	6909	7
39459	3723	6910	7
39460	3723	6911	7
39461	3724	1252	7
39462	3724	1253	7
39463	3724	3706	7
39464	3724	3707	7
39465	3724	3709	7
39466	3724	3710	7
39467	3724	3713	7
39468	3724	3714	7
39469	3724	3715	7
39470	3724	3716	7
39471	3724	3717	7
39472	3724	3718	7
39473	3724	3719	7
39474	3724	3720	7
39475	3724	3721	7
39476	3724	3722	7
39477	3724	3727	7
39478	3724	3728	7
39479	3724	3729	7
39480	3724	3730	7
39481	3724	3731	7
39482	3724	3732	7
39483	3724	3733	7
39484	3724	3734	7
39485	3724	3735	7
39486	3724	3736	7
39487	3724	3737	7
39488	3724	3739	7
39489	3724	3740	7
39490	3724	3741	7
39491	3724	3743	7
39492	3724	3745	7
39493	3724	3746	7
39494	3724	4499	5
39495	3724	4510	5
39496	3724	4511	5
39497	3724	4512	5
39498	3724	6623	7
39499	3724	6885	7
39500	3724	6894	7
39501	3724	6895	7
39502	3724	6906	7
39503	3724	6909	7
39504	3724	6910	7
39505	3724	6911	7
39506	3725	1252	7
39507	3725	1253	7
39508	3725	2916	7
39509	3725	3706	7
39510	3725	3707	7
39511	3725	3709	7
39512	3725	3710	7
39513	3725	3712	7
39514	3725	3713	7
39515	3725	3714	7
39516	3725	3715	7
39517	3725	3716	7
39518	3725	3717	7
39519	3725	3718	7
39520	3725	3719	7
39521	3725	3720	7
39522	3725	3721	7
39523	3725	3722	7
39524	3725	3723	7
39525	3725	3726	7
39526	3725	3727	7
39527	3725	3728	7
39528	3725	3729	7
39529	3725	3730	7
39530	3725	3731	7
39531	3725	3732	7
39532	3725	3734	7
39533	3725	3735	7
39534	3725	3736	7
39535	3725	3737	7
39536	3725	3739	7
39537	3725	3740	7
39538	3725	3741	7
39539	3725	3742	7
39540	3725	4484	7
39541	3725	4499	5
39542	3725	4510	5
39543	3725	4511	5
39544	3725	6623	7
39545	3725	6882	7
39546	3725	6883	7
39547	3725	6884	7
39548	3725	6885	7
39549	3725	6886	7
39550	3725	6887	7
39551	3725	6888	7
39552	3725	6889	7
39553	3725	6894	7
39554	3725	6896	7
39555	3725	6897	7
39556	3725	6898	7
39557	3725	6899	7
39558	3725	6900	7
39559	3725	6906	7
39560	3725	6908	7
39561	3725	6909	7
39562	3725	6910	7
39563	3725	6911	7
39564	3725	6993	7
39565	3726	1252	7
39566	3726	1253	7
39567	3726	1657	5
39568	3726	2873	7
39569	3726	2916	7
39570	3726	3706	7
39571	3726	3707	7
39572	3726	3709	7
39573	3726	3710	7
39574	3726	3712	7
39575	3726	3713	7
39576	3726	3714	7
39577	3726	3715	7
39578	3726	3716	7
39579	3726	3717	7
39580	3726	3718	7
39581	3726	3719	7
39582	3726	3720	7
39583	3726	3721	7
39584	3726	3722	7
39585	3726	3723	7
39586	3726	3725	7
39587	3726	3728	7
39588	3726	3729	7
39589	3726	3730	7
39590	3726	3731	7
39591	3726	3732	7
39592	3726	3733	7
39593	3726	3734	7
39594	3726	3735	7
39595	3726	3736	7
39596	3726	3737	7
39597	3726	3739	7
39598	3726	3740	7
39599	3726	3741	7
39600	3726	3742	7
39601	3726	3743	7
39602	3726	3744	7
39603	3726	3745	7
39604	3726	3746	7
39605	3726	4510	5
39606	3726	4511	5
39607	3726	4512	5
39608	3726	6382	7
39609	3726	6623	7
39610	3726	6894	7
39611	3726	6895	7
39612	3726	6906	7
39613	3726	6909	7
39614	3726	6910	7
39615	3726	6911	7
39616	3727	1252	7
39617	3727	1253	7
39618	3727	1657	5
39619	3727	2873	7
39620	3727	2915	7
39621	3727	2916	7
39622	3727	2919	5
39623	3727	2920	7
39624	3727	2921	7
39625	3727	3706	7
39626	3727	3707	7
39627	3727	3709	7
39628	3727	3710	7
39629	3727	3712	7
39630	3727	3713	7
39631	3727	3714	7
39632	3727	3715	7
39633	3727	3716	7
39634	3727	3717	7
39635	3727	3718	7
39636	3727	3720	7
39637	3727	3721	7
39638	3727	3722	7
39639	3727	3723	7
39640	3727	3724	7
39641	3727	3725	7
39642	3727	3730	7
39643	3727	3731	7
39644	3727	3732	7
39645	3727	3733	7
39646	3727	3734	7
39647	3727	3735	7
39648	3727	3736	7
39649	3727	3737	7
39650	3727	3739	7
39651	3727	3740	7
39652	3727	3741	7
39653	3727	3742	7
39654	3727	3743	7
39655	3727	3744	7
39656	3727	3745	7
39657	3727	3746	7
39658	3727	4484	7
39659	3727	4511	5
39660	3727	4512	5
39661	3727	6377	5
39662	3727	6382	7
39663	3727	6623	7
39664	3727	6894	7
39665	3727	6895	7
39666	3727	6906	7
39667	3727	6908	7
39668	3727	6909	7
39669	3727	6910	7
39670	3727	6911	7
39671	3728	1252	7
39672	3728	1624	2
39673	3728	1657	5
39674	3728	2873	7
39675	3728	2914	5
39676	3728	2915	7
39677	3728	2916	7
39678	3728	2919	5
39679	3728	2920	7
39680	3728	2921	7
39681	3728	3706	7
39682	3728	3707	7
39683	3728	3709	7
39684	3728	3710	7
39685	3728	3712	7
39686	3728	3713	7
39687	3728	3715	7
39688	3728	3716	7
39689	3728	3717	7
39690	3728	3718	7
39691	3728	3719	7
39692	3728	3720	7
39693	3728	3721	7
39694	3728	3722	7
39695	3728	3723	7
39696	3728	3724	7
39697	3728	3725	7
39698	3728	3726	7
39699	3728	3729	7
39700	3728	3730	7
39701	3728	3731	7
39702	3728	3732	7
39703	3728	3733	7
39704	3728	3734	7
39705	3728	3735	7
39706	3728	3736	7
39707	3728	3737	7
39708	3728	3739	7
39709	3728	3740	7
39710	3728	3741	7
39711	3728	3743	7
39712	3728	3744	7
39713	3728	3745	7
39714	3728	3746	7
39715	3728	4511	5
39716	3728	4512	5
39717	3728	6377	5
39718	3728	6382	7
39719	3728	6623	7
39720	3728	6894	7
39721	3728	6895	7
39722	3728	6909	7
39723	3728	6910	7
39724	3728	6911	7
39725	3729	1252	7
39726	3729	1253	7
39727	3729	2916	7
39728	3729	3706	7
39729	3729	3707	7
39730	3729	3709	7
39731	3729	3710	7
39732	3729	3712	7
39733	3729	3713	7
39734	3729	3714	7
39735	3729	3715	7
39736	3729	3716	7
39737	3729	3717	7
39738	3729	3718	7
39739	3729	3719	7
39740	3729	3720	7
39741	3729	3721	7
39742	3729	3722	7
39743	3729	3723	7
39744	3729	3724	7
39745	3729	3725	7
39746	3729	3726	7
39747	3729	3728	7
39748	3729	3731	7
39749	3729	3732	7
39750	3729	3733	7
39751	3729	3734	7
39752	3729	3736	7
39753	3729	3737	7
39754	3729	3739	7
39755	3729	3740	7
39756	3729	3741	7
39757	3729	3742	7
39758	3729	3743	7
39759	3729	3745	7
39760	3729	3746	7
39761	3729	4484	7
39762	3729	4510	5
39763	3729	4511	5
39764	3729	4512	5
39765	3729	6380	7
39766	3729	6382	7
39767	3729	6623	7
39768	3729	6882	7
39769	3729	6883	7
39770	3729	6884	7
39771	3729	6885	7
39772	3729	6886	7
39773	3729	6887	7
39774	3729	6888	7
39775	3729	6889	7
39776	3729	6891	5
39777	3729	6892	5
39778	3729	6894	7
39779	3729	6896	7
39780	3729	6897	7
39781	3729	6898	7
39782	3729	6899	7
39783	3729	6900	7
39784	3729	6902	7
39785	3729	6906	7
39786	3729	6908	7
39787	3729	6909	7
39788	3729	6910	7
39789	3729	6911	7
39790	3729	6993	7
39791	3730	1252	7
39792	3730	1253	7
39793	3730	2916	7
39794	3730	2921	7
39795	3730	3706	7
39796	3730	3707	7
39797	3730	3709	7
39798	3730	3710	7
39799	3730	3712	7
39800	3730	3713	7
39801	3730	3714	7
39802	3730	3715	7
39803	3730	3716	7
39804	3730	3717	7
39805	3730	3718	7
39806	3730	3720	7
39807	3730	3721	7
39808	3730	3722	7
39809	3730	3723	7
39810	3730	3724	7
39811	3730	3725	7
39812	3730	3726	7
39813	3730	3727	7
39814	3730	3728	7
39815	3730	3731	7
39816	3730	3732	7
39817	3730	3733	7
39818	3730	3734	7
39819	3730	3735	7
39820	3730	3736	7
39821	3730	3737	7
39822	3730	3739	7
39823	3730	3740	7
39824	3730	3742	7
39825	3730	3743	7
39826	3730	3745	7
39827	3730	3746	7
39828	3730	4484	7
39829	3730	4511	5
39830	3730	4512	5
39831	3730	6380	7
39832	3730	6382	7
39833	3730	6882	7
39834	3730	6883	7
39835	3730	6884	7
39836	3730	6885	7
39837	3730	6886	7
39838	3730	6887	7
39839	3730	6888	7
39840	3730	6889	7
39841	3730	6891	5
39842	3730	6892	5
39843	3730	6894	7
39844	3730	6895	7
39845	3730	6896	7
39846	3730	6897	7
39847	3730	6898	7
39848	3730	6899	7
39849	3730	6900	7
39850	3730	6902	7
39851	3730	6906	7
39852	3730	6908	7
39853	3730	6909	7
39854	3730	6911	7
39855	3730	6993	7
39856	3731	1657	5
39857	3731	1670	2
39858	3731	2873	7
39859	3731	2912	5
39860	3731	2913	5
39861	3731	2914	5
39862	3731	2915	7
39863	3731	2919	5
39864	3731	2920	7
39865	3731	2921	7
39866	3731	3703	7
39867	3731	3706	7
39868	3731	3707	7
39869	3731	3709	7
39870	3731	3710	7
39871	3731	3711	7
39872	3731	3712	7
39873	3731	3713	7
39874	3731	3714	7
39875	3731	3715	7
39876	3731	3716	7
39877	3731	3717	7
39878	3731	3718	7
39879	3731	3720	7
39880	3731	3721	7
39881	3731	3722	7
39882	3731	3723	7
39883	3731	3724	7
39884	3731	3725	7
39885	3731	3726	7
39886	3731	3727	7
39887	3731	3728	7
39888	3731	3729	7
39889	3731	3730	7
39890	3731	3732	7
39891	3731	3733	7
39892	3731	3734	7
39893	3731	3735	7
39894	3731	3736	7
39895	3731	3739	7
39896	3731	3740	7
39897	3731	3741	7
39898	3731	3742	7
39899	3731	3743	7
39900	3731	3744	7
39901	3731	3745	7
39902	3731	3746	7
39903	3731	4511	5
39904	3731	4512	5
39905	3731	6375	5
39906	3731	6377	5
39907	3731	6382	7
39908	3731	6623	7
39909	3731	6894	7
39910	3731	6895	7
39911	3731	6906	7
39912	3731	6909	7
39913	3731	7392	2
39914	3732	1627	5
39915	3732	1635	5
39916	3732	1649	2
39917	3732	1657	5
39918	3732	1666	2
39919	3732	1667	2
39920	3732	1668	2
39921	3732	1669	2
39922	3732	1670	2
39923	3732	1715	2
39924	3732	1716	2
39925	3732	1718	2
39926	3732	1719	2
39927	3732	1720	2
39928	3732	1721	2
39929	3732	2873	7
39930	3732	2912	5
39931	3732	2913	5
39932	3732	2914	5
39933	3732	2915	7
39934	3732	2919	5
39935	3732	2920	7
39936	3732	2921	7
39937	3732	3702	7
39938	3732	3703	7
39939	3732	3704	5
39940	3732	3706	7
39941	3732	3707	7
39942	3732	3709	7
39943	3732	3710	7
39944	3732	3711	7
39945	3732	3712	7
39946	3732	3713	7
39947	3732	3714	7
39948	3732	3715	7
39949	3732	3716	7
39950	3732	3718	7
39951	3732	3719	7
39952	3732	3720	7
39953	3732	3721	7
39954	3732	3722	7
39955	3732	3723	7
39956	3732	3724	7
39957	3732	3725	7
39958	3732	3726	7
39959	3732	3727	7
39960	3732	3728	7
39961	3732	3729	7
39962	3732	3730	7
39963	3732	3731	7
39964	3732	3733	7
39965	3732	3735	7
39966	3732	3743	7
39967	3732	3744	7
39968	3732	3745	7
39969	3732	3746	7
39970	3732	4512	5
39971	3732	6375	5
39972	3732	6376	5
39973	3732	6377	5
39974	3732	6382	7
39975	3732	6623	7
39976	3732	6894	7
39977	3732	6895	7
39978	3732	6911	7
39979	3732	7392	2
39980	3733	1252	7
39981	3733	1253	7
39982	3733	2916	7
39983	3733	3706	7
39984	3733	3707	7
39985	3733	3709	7
39986	3733	3710	7
39987	3733	3714	7
39988	3733	3715	7
39989	3733	3716	7
39990	3733	3717	7
39991	3733	3718	7
39992	3733	3719	7
39993	3733	3721	7
39994	3733	3722	7
39995	3733	3723	7
39996	3733	3724	7
39997	3733	3726	7
39998	3733	3727	7
39999	3733	3728	7
40000	3734	1252	7
40001	3735	1253	7
40002	3736	1253	7
40003	3737	2922	7
40004	3738	1660	2
40005	3739	1253	7
40006	3740	1253	7
40007	3741	1253	7
40008	3742	1253	7
40009	3743	1252	7
40010	3744	1252	7
40011	3745	1252	7
40012	3746	1252	7
40013	3747	1628	2
40014	3748	1646	2
40015	3749	1646	2
40016	3750	1203	2
40017	3751	1203	2
40018	3752	1203	2
40019	3753	1203	2
40020	3754	2887	5
40021	3755	1708	5
40022	3756	1205	5
40023	3757	3755	5
40024	3758	3754	5
40025	3759	1674	2
40026	3760	1673	2
40027	3761	1662	2
40028	3762	1662	2
40029	3763	1662	2
40030	3764	1662	2
40031	3765	1902	2
40032	3766	1902	2
40033	3767	1628	2
40034	3768	1628	2
40035	3769	1628	2
40036	3770	1628	2
40037	3771	1628	2
40038	3772	1903	5
40039	3773	1648	5
40040	3774	1648	5
40041	3775	1902	2
40042	3776	3678	5
40043	3777	3776	5
40044	3778	3677	5
40045	3779	3781	5
40046	3780	3778	5
40047	3781	3779	5
40048	3782	3780	5
40049	3783	3779	5
40050	3784	3636	5
40051	3785	3637	5
40052	3786	3779	5
40053	3787	3779	5
40054	3788	3780	5
40055	3789	3779	5
40056	3790	3780	5
40057	3791	3777	5
40058	3792	3780	5
40059	3793	3781	5
40060	3794	3781	5
40061	3795	3776	5
40062	3796	3776	5
40063	3797	3772	5
40064	3798	3793	5
40065	3799	3801	5
40066	3800	3802	5
40067	3801	3799	5
40068	3802	3773	5
40069	3803	3773	5
40070	3804	3798	5
40071	3805	3799	5
40072	3806	1674	2
40073	3807	1676	5
40074	3808	3800	5
40075	3809	3804	5
40076	3810	3804	5
40077	3811	1662	2
40078	3812	1662	2
40079	3813	1662	2
40080	3814	1673	2
40081	3815	1674	2
40082	3816	1674	2
40083	3817	1674	2
40084	3818	1674	2
40085	3819	1674	2
40086	3820	3755	5
40087	3821	3754	5
40088	3822	3758	5
40089	3823	3817	5
40090	3824	1674	2
40091	3825	3757	5
40092	3826	3822	5
40093	3827	3822	5
40094	3828	3825	5
40095	3829	3841	5
40096	3830	3835	5
40097	3831	3833	5
40098	3832	3834	5
40099	3833	3831	5
40100	3834	3832	5
40101	3835	3830	5
40102	3836	3838	5
40103	3837	3839	5
40104	3838	3831	5
40105	3839	3831	5
40106	3840	3754	5
40107	3841	3829	5
40108	3842	3810	5
40109	3843	3844	5
40110	3844	3809	5
40111	3845	2829	5
40112	3846	2829	5
40113	3847	3783	5
40114	3848	3782	5
40115	3849	3634	5
40116	3850	3634	5
40117	3851	3634	5
40118	3852	3847	5
40119	3853	3783	5
40120	3854	3847	5
40121	3855	3787	5
40122	3856	3782	5
40123	3857	3783	7
40124	3858	3855	5
40125	3859	3854	5
40126	3860	5876	5
40127	3861	5876	5
40128	3862	1255	2
40129	3863	3864	5
40130	3864	3863	5
40131	3865	6914	5
40132	3866	2849	2
40133	3868	3871	7
40134	3869	2849	2
40135	3870	3871	7
40136	3871	3868	7
40137	3872	3868	5
40138	3873	3875	5
40139	3874	3877	5
40140	3875	3868	5
40141	3876	3873	5
40142	3877	3874	5
40143	3878	1818	2
40144	3879	1818	2
40145	3880	3875	5
40146	3881	3872	5
40147	3882	3871	7
40148	3883	3869	5
40149	3884	3870	5
40150	3885	3880	7
40151	3886	1841	2
40152	3887	1820	7
40153	3888	1841	2
40154	3889	1838	2
40155	3890	2181	2
40156	3891	2181	2
40157	3892	2181	2
40158	3893	3881	7
40159	3894	3884	5
40160	3895	1835	2
40161	3896	1796	2
40162	3897	1844	2
40163	3898	1841	2
40164	3899	3898	5
40165	3900	3897	5
40166	3902	3905	5
40167	3904	1818	2
40168	3905	3899	5
40169	3906	3904	5
40170	3907	3897	5
40171	3908	3906	5
40172	3909	3911	5
40173	3910	6708	5
40174	3911	3909	5
40175	3912	3908	5
40176	3913	3912	5
40177	3914	3917	5
40178	3915	2149	2
40179	3916	1836	2
40180	3917	3914	5
40181	3918	2149	2
40182	3919	1801	2
40183	3920	2144	2
40184	3921	2144	2
40185	3922	3925	5
40186	3923	3929	5
40187	3924	1798	2
40188	3925	2142	2
40189	3926	1798	2
40190	3927	3953	5
40191	3928	2149	2
40192	3929	3921	5
40193	3930	3922	5
40194	3931	1796	2
40195	3932	1798	2
40196	3933	2181	2
40197	3934	2181	2
40198	3935	1796	2
40199	3936	1796	2
40200	3937	3932	7
40201	3938	3934	5
40202	3939	3931	7
40203	3940	3933	5
40204	3942	2630	2
40205	3943	3939	7
40206	3944	1257	2
40207	3945	1257	2
40208	3946	3940	5
40209	3947	2630	2
40210	3948	1775	2
40211	3949	2630	2
40212	3950	2630	2
40213	3951	1257	2
40214	3952	1785	2
40215	3953	2647	2
40216	3954	1785	2
40217	3955	1700	2
40218	3956	1260	2
40219	3957	3922	5
40220	3958	2645	5
40221	3959	3922	5
40222	3960	2653	2
40223	3961	2644	2
40224	3962	2644	2
40225	3963	2657	2
40226	3964	2648	2
40227	3965	1257	2
40228	3966	1257	2
40229	3967	1257	2
40230	3968	1258	2
40231	3969	1695	2
40232	3970	1694	5
40233	3971	1257	2
40234	3972	1695	2
40235	3973	1687	5
40236	3974	1695	2
40237	3975	3968	5
40238	3976	3973	5
40239	3977	1690	2
40240	3978	1694	5
40241	3979	1694	5
40242	3980	3972	5
40243	3981	3846	5
40244	3982	2829	5
40245	3983	1690	2
40246	3984	3979	5
40247	3985	3970	5
40248	3986	2829	5
40249	3987	3989	5
40250	3988	3990	5
40251	3989	3975	5
40252	3990	3988	5
40253	3994	3996	5
40254	3995	3129	5
40255	3996	3128	5
40256	3997	4005	7
40257	3999	4009	5
40258	4000	3129	5
40259	4001	4005	5
40260	4002	4006	5
40261	4005	3997	7
40262	4006	4001	5
40263	4007	4008	7
40264	4008	3912	5
40265	4009	3999	5
40266	4010	3914	5
40267	4011	4013	5
40268	4012	4009	5
40269	4013	4008	5
40270	4015	2059	2
40271	4016	2059	2
40272	4017	2059	2
40273	4018	2059	2
40274	4019	2138	2
40275	4020	4022	7
40276	4021	4030	7
40277	4022	2138	2
40278	4023	2138	2
40279	4024	4023	7
40280	4025	4029	7
40281	4026	2138	2
40282	4027	2683	2
40283	4028	4029	7
40284	4029	2681	2
40285	4030	4021	7
40286	4031	2681	2
40287	4032	2681	2
40288	4033	2644	2
40289	4034	2644	2
40290	4037	6503	7
40291	4038	2742	2
40292	4039	2739	2
40293	4040	2644	2
40294	4041	2643	5
40295	4042	2757	2
40296	4043	2738	5
40297	4044	2738	5
40298	4045	6076	5
40299	4046	4049	5
40300	4047	6038	5
40301	4048	2581	2
40302	4049	2486	5
40303	4050	2487	2
40304	4051	4048	5
40305	4052	4055	5
40306	4053	6076	5
40307	4054	2774	2
40308	4055	2774	2
40309	4056	2765	5
40310	4057	2573	2
40311	4058	2487	2
40312	4059	2573	2
40313	4061	1265	5
40314	4062	1265	5
40315	4063	4069	5
40316	4064	2480	2
40317	4065	1263	5
40318	4066	2477	2
40319	4067	2481	5
40320	4068	4062	5
40321	4069	1264	5
40322	4070	4074	5
40323	4071	4061	5
40324	4072	1433	2
40325	4073	1433	2
40326	4074	2030	2
40327	4075	1433	2
40328	4076	1433	2
40329	4078	2023	5
40330	4079	4078	5
40331	4081	4085	5
40332	4082	4083	5
40333	4083	4082	5
40334	4084	4149	5
40335	4085	4081	5
40336	4086	2020	2
40337	4087	2020	2
40338	4088	2020	2
40339	4089	1271	5
40340	4090	1272	5
40341	4092	2046	5
40342	4093	2074	5
40343	4094	2021	2
40344	4095	2084	2
40345	4096	2130	2
40346	4097	4049	7
40347	4098	4050	5
40348	4099	4101	5
40349	4100	4098	5
40350	4101	4099	5
40351	4102	4105	5
40352	4103	4104	5
40353	4104	4103	5
40354	4105	4102	5
40355	4108	2799	7
40356	4109	2801	2
40357	4110	4115	5
40358	4111	4118	5
40359	4112	2733	2
40360	4113	4385	5
40361	4114	1266	5
40362	4115	4110	5
40363	4116	4099	5
40364	4117	4115	5
40365	4118	4099	5
40366	4121	4070	5
40367	4122	1467	5
40368	4123	1467	5
40369	4124	6115	5
40370	4125	1433	2
40371	4127	6574	5
40372	4129	6054	5
40373	4133	4135	5
40374	4135	4133	5
40375	4136	4140	5
40376	4137	4139	5
40377	4138	6068	5
40378	4139	4137	5
40379	4140	4136	5
40380	4141	6071	5
40381	4144	4203	5
40382	4145	4154	5
40383	4148	4083	5
40384	4149	4084	5
40385	4150	4148	5
40386	4151	4149	5
40387	4154	4145	5
40388	4155	4159	5
40389	4156	4170	5
40390	4157	4167	5
40391	4158	4167	5
40392	4159	4155	5
40393	4161	4149	5
40394	4162	4083	5
40395	4165	4168	5
40396	4167	4157	5
40397	4168	4165	5
40398	4169	6105	5
40399	4170	4156	5
40400	4172	4175	5
40401	4173	4170	7
40402	4174	4178	5
40403	4175	4172	5
40404	4176	5633	5
40405	4178	4174	5
40406	4179	2720	2
40407	4182	1207	5
40408	4183	2721	5
40409	4187	4192	5
40410	4188	4189	5
40411	4189	4188	5
40412	4190	4246	5
40413	4192	4187	5
40414	4193	5626	5
40415	4196	4214	5
40416	4203	4144	5
40417	4214	4196	5
40418	4215	4196	5
40419	4217	6829	5
40420	4218	4219	5
40421	4219	4214	5
40422	4220	4196	5
40423	4228	4229	5
40424	4229	4228	5
40425	4235	4238	5
40426	4236	4237	5
40427	4237	4236	5
40428	4238	4235	5
40429	4246	4190	5
40430	4247	4250	5
40431	4249	6619	5
40432	4250	4247	5
40433	4255	4259	5
40434	4259	4255	5
40435	4260	4262	5
40436	4262	4260	5
40437	4287	4289	5
40438	4289	4287	5
40439	4294	6647	5
40440	4317	4336	5
40441	4318	4327	5
40442	4326	4341	5
40443	4327	4318	5
40444	4334	1960	2
40445	4335	4338	5
40446	4336	4317	5
40447	4337	4336	5
40448	4338	4335	5
40449	4339	4337	5
40450	4340	4342	5
40451	4341	4326	5
40452	4342	4340	5
40453	4343	4339	5
40454	4344	4341	5
40455	4345	1966	2
40456	4346	1968	2
40457	4347	1975	2
40458	4349	1968	2
40459	4350	1966	2
40460	4352	4356	5
40461	4353	4354	5
40462	4354	4353	5
40463	4355	4354	5
40464	4356	4352	5
40465	4358	4359	5
40466	4359	4358	5
40467	4360	1977	2
40468	4361	4363	5
40469	4362	4364	5
40470	4363	1990	2
40471	4364	1981	2
40472	4365	4361	5
40473	4366	1979	2
40474	4367	1979	2
40475	4368	1979	2
40476	4369	1979	2
40477	4370	1979	2
40478	4371	1993	2
40479	4372	1993	2
40480	4373	4360	5
40481	4374	6622	5
40482	4375	1277	5
40483	4376	1278	5
40484	4378	1267	5
40485	4379	1268	5
40486	4380	4378	5
40487	4381	1266	5
40488	4382	1267	5
40489	4383	4394	5
40490	4384	4395	5
40491	4385	1266	5
40492	4386	2734	5
40493	4387	2733	2
40494	4388	1266	5
40495	4389	2821	2
40496	4390	2820	2
40497	4394	4383	5
40498	4395	2539	5
40499	4396	2536	2
40500	4397	2533	2
40501	4398	4394	5
40502	4399	4397	5
40503	4400	4396	5
40504	4401	2498	5
40505	4402	2496	2
40506	4403	4472	5
40507	4404	4390	5
40508	4406	2825	2
40509	4407	4467	5
40510	4408	4410	5
40511	4410	4408	5
40512	4411	4401	5
40513	4412	4400	5
40514	4413	2498	5
40515	4418	4421	7
40516	4420	1962	2
40517	4421	4418	7
40518	4422	4421	7
40519	4423	6146	5
40520	4425	2496	2
40521	4426	2516	2
40522	4427	4413	5
40523	4428	4425	5
40524	4429	4425	5
40525	4430	2504	2
40526	4431	2504	2
40527	4432	2506	5
40528	4433	4430	5
40529	4434	4429	5
40530	4435	4443	5
40531	4436	4427	5
40532	4437	4447	5
40533	4438	4440	5
40534	4439	4442	5
40535	4440	4408	5
40536	4441	4445	5
40537	4442	4439	5
40538	4443	4435	5
40539	4444	4435	5
40540	4445	4439	5
40541	4446	4441	5
40542	4447	4435	5
40543	4448	4437	5
40544	4449	4437	5
40545	4450	4437	5
40546	4451	4435	5
40547	4452	4449	5
40548	4453	4455	5
40549	4454	1921	2
40550	4455	4433	5
40551	4456	4453	5
40552	4457	1925	5
40553	4458	2506	5
40554	4459	2510	2
40555	4460	4458	5
40556	4461	4453	5
40557	4462	4453	5
40558	4463	1958	2
40559	4464	1958	2
40560	4465	1392	2
40561	4466	1280	2
40562	4467	2825	2
40563	4468	2825	2
40564	4469	4471	5
40565	4470	4539	5
40566	4471	4441	5
40567	4472	2820	2
40568	4474	4102	5
40569	4475	4103	5
40570	4476	4474	5
40571	4477	4475	5
40572	4478	4103	5
40573	4479	4515	5
40574	4480	4475	5
40575	4481	4474	5
40576	4482	1425	5
40577	4483	1423	2
40578	4484	1253	7
40579	4485	1428	2
40580	4486	1422	5
40581	4487	1423	2
40582	4488	4487	5
40583	4489	4492	5
40584	4490	1417	2
40585	4491	1417	2
40586	4492	1419	5
40587	4493	4488	5
40588	4494	1426	5
40589	4495	4481	5
40590	4496	4476	5
40591	4497	4488	5
40592	4498	4488	5
40593	4499	3723	5
40594	4500	4488	5
40595	4501	4488	5
40596	4502	4488	5
40597	4503	4488	5
40598	4504	4498	5
40599	4505	4488	5
40600	4506	4498	5
40601	4507	4498	5
40602	4508	1605	5
40603	4509	4489	5
40604	4510	3721	5
40605	4511	1253	5
40606	4512	1252	5
40607	4513	4498	5
40608	4514	4480	5
40609	4515	4477	5
40610	4516	4522	5
40611	4517	4476	5
40612	4518	4475	5
40613	4519	4496	5
40614	4520	5949	5
40615	4521	4476	5
40616	4522	4515	5
40617	4523	4516	5
40618	4524	4519	5
40619	4525	4522	5
40620	4526	4523	5
40621	4527	4493	5
40622	4528	4530	5
40623	4529	1417	2
40624	4530	4528	5
40625	4531	4527	5
40626	4532	4533	5
40627	4533	1414	2
40628	4534	1411	2
40629	4535	1412	5
40630	4536	1411	2
40631	4537	1411	2
40632	4538	1411	2
40633	4539	4469	5
40634	4540	4524	5
40635	4541	4539	5
40636	4542	4540	5
40637	4543	4535	5
40638	4544	4470	5
40639	4545	4539	5
40640	4546	4539	5
40641	4547	4541	5
40642	4548	4536	5
40643	4549	4544	5
40644	4550	4545	5
40645	4551	4545	5
40646	4552	4549	5
40647	4553	1406	2
40648	4554	4537	5
40649	4555	4564	5
40650	4556	4560	5
40651	4557	4532	5
40652	4558	1285	5
40653	4559	1404	5
40654	4560	4532	5
40655	4561	1406	2
40656	4562	1406	2
40657	4563	5943	5
40658	4564	4555	5
40659	4565	1763	5
40660	4566	2827	5
40661	4567	1287	5
40662	4568	4566	5
40663	4569	4566	5
40664	4570	4437	5
40665	4571	4567	5
40666	4572	1915	2
40667	4573	1208	2
40668	4574	1208	2
40669	4575	1206	5
40670	4576	4577	7
40671	4577	4576	7
40672	4578	1740	2
40673	4579	2438	5
40674	4580	2438	5
40675	4581	6701	5
40676	4582	4558	5
40677	4583	4557	5
40678	4584	4583	5
40679	4585	1285	5
40680	4586	4584	5
40681	4587	6498	5
40682	4588	4598	5
40683	4589	2412	2
40684	4590	2416	2
40685	4591	2432	2
40686	4592	2439	2
40687	4593	2412	2
40688	4594	2411	2
40689	4595	2411	2
40690	4596	4580	5
40691	4597	4598	5
40692	4598	4588	5
40693	4599	4588	5
40694	4600	1300	5
40695	4601	1301	5
40696	4602	4595	5
40697	4604	1300	5
40698	4605	2411	2
40699	4606	4597	5
40700	4607	4616	5
40701	4608	4606	5
40702	4609	5971	5
40703	4610	4615	5
40704	4612	4614	5
40705	4613	1603	5
40706	4614	4612	5
40707	4615	4610	5
40708	4616	4607	5
40709	4617	4606	7
40710	4618	1603	5
40711	4619	4616	5
40712	4620	4607	5
40713	4621	4619	5
40714	4622	4616	5
40715	4623	1592	2
40716	4624	4498	5
40717	4625	1614	2
40718	4626	1608	2
40719	4627	1612	2
40720	4628	1608	2
40721	4629	1612	2
40722	4630	1612	2
40723	4631	1612	2
40724	4632	1612	2
40725	4633	1608	2
40726	4634	1612	2
40727	4635	4630	5
40728	4636	1293	2
40729	4637	1294	2
40730	4638	1293	2
40731	4639	4633	5
40732	4640	1608	2
40733	4641	1597	2
40734	4642	1592	2
40735	4643	1597	2
40736	4644	1599	2
40737	4645	1435	2
40738	4646	1435	2
40739	4647	1294	2
40740	4648	1246	2
40741	4649	1249	2
40742	4651	1872	2
40743	4652	1299	2
40744	4653	4651	5
40745	4654	3671	5
40746	4655	4657	5
40747	4656	4654	5
40748	4657	3667	5
40749	4658	4662	5
40750	4659	4653	5
40751	4660	1244	5
40752	4661	1245	5
40753	4662	4658	5
40754	4663	4660	5
40755	4664	4656	5
40756	4665	4658	5
40757	4666	4656	5
40758	4667	1299	2
40759	4668	1293	2
40760	4669	4676	5
40761	4670	4667	5
40762	4671	4676	5
40763	4672	4681	5
40764	4673	4684	5
40765	4674	1568	5
40766	4675	4674	5
40767	4676	1568	5
40768	4677	1297	2
40769	4678	1297	2
40770	4679	1568	5
40771	4680	1568	5
40772	4681	4671	5
40773	4682	4672	5
40774	4683	4671	5
40775	4684	4673	5
40776	4685	4672	5
40777	4686	4672	5
40778	4687	4682	5
40779	4688	4672	5
40780	4689	4675	5
40781	4690	1578	2
40782	4691	1578	2
40783	4692	4682	5
40784	4693	4687	5
40785	4694	4607	5
40786	4695	2865	5
40787	4696	1298	2
40788	4697	2865	5
40789	4698	1300	5
40790	4699	4788	5
40791	4700	4790	5
40792	4701	6355	5
40793	4702	1298	2
40794	4703	1298	2
40795	4704	4658	5
40796	4705	4662	5
40797	4706	1244	5
40798	4707	1623	5
40799	4708	1245	5
40800	4709	4706	5
40801	4710	1244	5
40802	4711	1244	5
40803	4712	4711	5
40804	4713	4661	5
40805	4714	4706	5
40806	4715	4704	5
40807	4716	4673	5
40808	4717	4705	5
40809	4718	4686	5
40810	4719	4748	5
40811	4720	4716	7
40812	4721	4704	5
40813	4722	4709	7
40814	4723	4712	5
40815	4724	4721	5
40816	4725	4709	5
40817	4726	4712	5
40818	4727	4712	5
40819	4728	3570	5
40820	4729	3570	5
40821	4730	1481	2
40822	4731	3541	5
40823	4732	2889	5
40824	4733	1490	5
40825	4734	2888	5
40826	4735	1242	2
40827	4736	1242	2
40828	4737	1527	2
40829	4738	1527	2
40830	4740	4737	5
40831	4741	4717	5
40832	4742	4723	5
40833	4743	4723	5
40834	4745	4750	5
40835	4747	4748	5
40836	4748	4719	5
40837	4749	4718	5
40838	4750	4745	5
40839	4751	4757	5
40840	4752	1526	5
40841	4753	1529	2
40842	4754	4836	5
40843	4755	1529	2
40844	4756	1525	2
40845	4757	4751	5
40846	4758	1525	2
40847	4759	4751	5
40848	4760	4750	5
40849	4761	4759	5
40850	4762	4760	5
40851	4763	4749	5
40852	4764	4686	5
40853	4765	4685	5
40854	4766	4687	5
40855	4767	4692	5
40856	4768	4687	5
40857	4769	4763	5
40858	4770	4763	5
40859	4771	6628	5
40860	4772	6628	5
40861	4773	4761	5
40862	4774	6965	2
40863	4775	4782	5
40864	4776	4802	5
40865	4777	1304	2
40866	4778	4780	5
40867	4779	1304	2
40868	4780	2375	2
40869	4781	4777	5
40870	4782	4775	5
40871	4784	4782	5
40872	4785	4777	5
40873	4786	4800	5
40874	4787	1578	2
40875	4788	1578	2
40876	4789	4699	5
40877	4790	4700	5
40878	4791	4787	5
40879	4792	4789	5
40880	4793	4788	5
40881	4794	4787	5
40882	4795	4787	5
40883	4796	4792	5
40884	4797	4794	5
40885	4798	4791	5
40886	4799	4792	5
40887	4800	4786	5
40888	4801	4786	5
40889	4802	4776	5
40890	4803	4700	5
40891	4805	4789	5
40892	4806	4803	5
40893	4807	4806	5
40894	4808	4805	5
40895	4809	4798	5
40896	4810	4806	5
40897	4812	4784	5
40898	4813	4816	5
40899	4815	2382	2
40900	4816	2387	2
40901	4817	4819	5
40902	4818	4820	5
40903	4819	2402	5
40904	4820	2402	5
40905	4821	2402	5
40906	4822	2395	2
40907	4823	1302	2
40908	4824	1302	2
40909	4825	2411	2
40910	4826	1343	2
40911	4827	2402	5
40912	4828	1343	2
40913	4829	1527	2
40914	4830	4829	7
40915	4831	1497	2
40916	4832	3500	5
40917	4833	4829	5
40918	4834	4829	7
40919	4835	1531	5
40920	4836	4753	5
40921	4837	4832	5
40922	4838	4830	5
40923	4839	3496	5
40924	4840	3496	5
40925	4841	4837	5
40926	4842	4832	5
40927	4843	3495	5
40928	4844	3498	5
40929	4845	4832	5
40930	4846	1235	5
40931	4847	1236	5
40932	4848	3493	5
40933	4849	1236	5
40934	4850	3480	5
40935	4851	1511	2
40936	4852	4849	5
40937	4853	4847	5
40938	4854	3499	5
40939	4855	4850	5
40940	4856	4845	5
40941	4857	4841	5
40942	4858	4842	5
40943	4859	4841	5
40944	4860	4856	5
40945	4861	4856	5
40946	4863	4857	5
40947	4864	4852	5
40948	4865	4754	5
40949	4866	4754	5
40950	4867	4753	5
40951	4868	1538	5
40952	4869	4753	7
40953	4870	4872	5
40954	4871	4868	5
40955	4872	4753	5
40956	4873	4866	5
40957	4874	4868	5
40958	4875	4753	5
40959	4876	4753	5
40960	4877	4753	5
40961	4878	4753	5
40962	4879	4870	5
40963	4880	4870	5
40964	4881	4883	5
40965	4882	4893	5
40966	4883	4860	5
40967	4884	4886	5
40968	4885	4879	5
40969	4886	4884	5
40970	4887	4886	5
40971	4888	4885	5
40972	4889	4885	5
40973	4890	4883	5
40974	4891	4884	5
40975	4892	4884	5
40976	4893	4882	5
40977	4894	4884	5
40978	4895	4881	5
40979	4896	4882	5
40980	4897	2357	2
40981	4898	2357	2
40982	4899	2357	2
40983	4900	2858	2
40984	4901	4900	5
40985	4902	4906	5
40986	4903	4905	5
40987	4904	1310	2
40988	4905	4903	5
40989	4906	4902	5
40990	4907	4911	5
40991	4908	1312	2
40992	4909	1312	2
40993	4910	1312	2
40994	4911	1312	2
40995	4912	4910	5
40996	4913	4935	5
40997	4914	4916	5
40998	4915	1318	5
40999	4916	4914	5
41000	4917	1318	5
41001	4918	4921	5
41002	4919	4920	5
41003	4920	4919	5
41004	4921	4918	5
41005	4922	4917	5
41006	4923	4925	5
41007	4924	1321	5
41008	4925	4923	5
41009	4926	4887	5
41010	4927	1320	5
41011	4928	4891	5
41012	4929	1321	5
41013	4930	1321	5
41014	4931	4928	5
41015	4932	4915	5
41016	4933	4922	5
41017	4934	1305	2
41018	4935	4913	5
41019	4936	1339	5
41020	4937	4939	5
41021	4938	4941	5
41022	4939	4937	5
41023	4940	4939	5
41024	4941	4938	5
41025	4942	4945	5
41026	4943	1322	2
41027	4944	4945	5
41028	4945	4939	5
41029	4946	1323	2
41030	4947	1323	2
41031	4948	1326	5
41032	4950	4937	5
41033	4951	4918	5
41034	4952	1324	5
41035	4953	1324	5
41036	4954	1322	2
41037	4955	4951	5
41038	4956	1320	5
41039	4957	4962	5
41040	4958	4896	5
41041	4959	1326	5
41042	4960	1326	5
41043	4961	4962	5
41044	4962	1326	5
41045	4963	4953	5
41046	4964	1324	5
41047	4965	1324	5
41048	4966	1327	5
41049	4967	4962	5
41050	4968	1324	5
41051	4969	1325	5
41052	4971	7121	2
41053	4973	4980	5
41054	4974	6230	5
41055	4975	4956	5
41056	4976	4957	5
41057	4978	4895	5
41058	4979	6230	5
41059	4980	4973	5
41060	4981	7138	2
41061	4982	4973	5
41062	4983	6604	5
41063	4986	4994	5
41064	4987	4990	5
41065	4988	4989	5
41066	4989	4988	5
41067	4990	4987	5
41068	4992	6604	5
41069	4993	6604	5
41070	4994	4986	5
41071	4995	3479	5
41072	4996	3480	5
41073	4997	4115	5
41074	4998	3482	5
41075	4999	4998	5
41076	5000	4850	5
41077	5001	4850	5
41078	5002	4999	5
41079	5003	4998	5
41080	5004	5005	5
41081	5005	4999	5
41082	5007	5002	5
41083	5008	5005	5
41084	5009	4989	5
41085	5010	5008	5
41086	5011	7171	2
41087	5012	1232	2
41088	5017	5020	5
41089	5018	4944	5
41090	5020	5017	5
41091	5023	7120	5
41092	5035	6605	7
41093	5039	5045	5
41094	5040	6305	5
41095	5041	5044	5
41096	5042	5057	5
41097	5044	5041	5
41098	5045	5039	5
41099	5048	5041	5
41100	5052	2837	5
41101	5053	2838	5
41102	5056	2843	5
41103	5057	5042	5
41104	5058	5041	5
41105	5059	5056	5
41106	5060	5056	5
41107	5061	5056	5
41108	5079	5081	5
41109	5081	5079	5
41110	5093	1548	2
41111	5103	1547	2
41112	5107	6840	5
41113	5114	5116	5
41114	5115	5117	5
41115	5116	5114	5
41116	5117	5115	5
41117	5118	5120	5
41118	5119	5123	5
41119	5120	5118	5
41120	5121	5123	5
41121	5122	5120	5
41122	5123	5119	5
41123	5124	5118	5
41124	5129	6253	5
41125	5131	6735	2
41126	5132	6253	5
41127	5134	5136	5
41128	5136	5134	5
41129	5137	7252	2
41130	5138	5018	5
41131	5139	5143	5
41132	5140	5018	5
41133	5141	5140	5
41134	5142	4939	5
41135	5143	4940	5
41136	5144	5139	5
41137	5145	5139	5
41138	5146	4937	5
41139	5147	4938	5
41140	5148	5143	5
41141	5149	5144	5
41142	5150	4938	5
41143	5151	5147	5
41144	5152	5148	5
41145	5153	5139	5
41146	5154	5144	5
41147	5155	5145	5
41148	5156	5149	5
41149	5157	5151	5
41150	5158	5122	5
41151	5159	5160	5
41152	5160	4936	5
41153	5162	7252	2
41154	5163	7252	2
41155	5164	5170	5
41156	5165	5168	5
41157	5168	5165	5
41158	5169	5171	5
41159	5170	1342	5
41160	5171	5168	5
41161	5173	5170	5
41162	5174	2389	2
41163	5175	2393	2
41164	5176	2393	2
41165	5177	2393	2
41166	5178	5184	5
41167	5180	5195	5
41168	5181	5182	5
41169	5182	5181	5
41170	5184	1343	2
41171	5185	1343	2
41172	5186	1345	2
41173	5187	1346	5
41174	5191	1350	2
41175	5192	1349	2
41176	5195	5180	5
41177	5196	5206	5
41178	5200	5212	5
41179	5201	5202	5
41180	5202	5201	5
41181	5203	6350	5
41182	5204	5205	5
41183	5205	5204	5
41184	5206	5196	5
41185	5207	5196	5
41186	5209	6739	2
41187	5212	5200	5
41188	5214	5212	5
41189	5216	5214	5
41190	5217	1362	5
41191	5223	1360	2
41192	5240	2451	2
41193	5241	2834	5
41194	5242	2836	5
41195	5243	2834	5
41196	5244	5247	5
41197	5245	5246	5
41198	5246	5245	5
41199	5247	5244	5
41200	5248	5244	5
41201	5249	5245	5
41202	5250	5244	5
41203	5251	2834	5
41204	5252	5245	5
41205	5253	5247	5
41206	5254	5243	5
41207	5255	2836	5
41208	5256	2834	5
41209	5257	5255	5
41210	5258	2833	5
41211	5259	5253	5
41212	5260	5258	5
41213	5261	5248	5
41214	5262	5249	5
41215	5263	5259	5
41216	5264	5260	5
41217	5265	5260	5
41218	5266	5260	5
41219	5267	5254	5
41220	5268	5254	5
41221	5269	5254	5
41222	5270	5268	5
41223	5271	5257	5
41224	5272	5270	5
41225	5273	5270	5
41226	5274	1367	5
41227	5275	5257	5
41228	5276	5271	5
41229	5277	5272	5
41230	5278	5758	5
41231	5279	1364	5
41232	5280	1365	5
41233	5281	1365	5
41234	5282	5762	5
41235	5283	5275	5
41236	5285	5737	5
41237	5286	1367	5
41238	5287	1368	5
41239	5288	5512	5
41240	5289	2612	2
41241	5290	2613	2
41242	5291	2611	2
41243	5292	5270	5
41244	5293	5272	5
41245	5294	6711	5
41246	5295	6664	5
41247	5296	2601	5
41248	5297	2602	2
41249	5298	2609	2
41250	5299	2596	5
41251	5301	2595	2
41252	5310	5312	5
41253	5312	5310	5
41254	5318	5325	5
41255	5319	5756	5
41256	5323	2594	5
41257	5324	5325	5
41258	5325	2593	2
41259	5326	5318	5
41260	5327	6671	5
41261	5328	5326	5
41262	5330	5752	5
41263	5331	5332	5
41264	5332	5331	5
41265	5341	5342	5
41266	5342	5341	5
41267	5343	5358	5
41268	5344	5342	5
41269	5345	1373	2
41270	5348	5352	5
41271	5349	5353	5
41272	5350	5743	5
41273	5351	6704	5
41274	5352	5348	5
41275	5353	5349	5
41276	5355	1374	2
41277	5356	1373	2
41278	5358	5343	5
41279	5359	5353	5
41280	5384	6776	5
41281	5385	5744	5
41282	5390	5396	5
41283	5396	5390	5
41284	5399	1373	2
41285	5401	5710	5
41286	5440	1375	2
41287	5441	1375	2
41288	5442	1375	2
41289	5453	6677	5
41290	5470	6675	5
41291	5473	5476	5
41292	5474	1384	5
41293	5476	5473	5
41294	5478	5499	5
41295	5479	1382	5
41296	5482	1386	5
41297	5488	1383	5
41298	5490	1388	5
41299	5491	1388	5
41300	5492	5490	5
41301	5493	5495	5
41302	5494	1388	5
41303	5495	5492	7
41304	5496	5593	5
41305	5497	5593	5
41306	5498	5570	5
41307	5499	5478	5
41308	5503	5499	5
41309	5506	5509	5
41310	5508	5510	5
41311	5509	5506	5
41312	5510	5506	5
41313	5511	5508	5
41314	5512	5288	5
41315	5513	5508	5
41316	5515	5516	5
41317	5516	5515	5
41318	5517	5519	5
41319	5519	5517	5
41320	5520	5539	7
41321	5522	5540	7
41322	5525	5526	5
41323	5526	5525	5
41324	5527	5529	5
41325	5528	5560	5
41326	5529	5527	5
41327	5530	5554	5
41328	5531	5525	7
41329	5532	1206	5
41330	5534	4575	5
41331	5535	1768	2
41332	5536	1769	2
41333	5537	1915	2
41334	5538	5535	5
41335	5539	5520	7
41336	5540	5519	5
41337	5541	1915	2
41338	5542	1915	2
41339	5543	1915	2
41340	5544	5541	5
41341	5545	1915	2
41342	5546	1917	2
41343	5547	1921	2
41344	5548	5551	5
41345	5549	5550	5
41346	5550	5544	5
41347	5551	5548	5
41348	5552	5550	5
41349	5553	5529	5
41350	5554	5530	5
41351	5555	5548	5
41352	5556	5529	5
41353	5557	5529	5
41354	5559	5560	5
41355	5560	5528	5
41356	5561	5559	5
41357	5563	5560	5
41358	5564	5557	5
41359	5565	1391	5
41360	5566	5528	5
41361	5567	5549	5
41362	5570	5498	5
41363	5571	5555	5
41364	5572	5577	5
41365	5573	5579	5
41366	5574	1921	2
41367	5575	1921	2
41368	5576	1922	2
41369	5577	5572	5
41370	5578	5571	5
41371	5579	5573	5
41372	5580	2586	2
41373	5581	2589	5
41374	5582	1946	2
41375	5583	1389	5
41376	5584	1389	5
41377	5585	1390	5
41378	5586	2592	2
41379	5587	1389	5
41380	5588	5587	5
41381	5590	5597	5
41382	5591	5596	5
41383	5593	5496	5
41384	5594	1389	5
41385	5595	5496	5
41386	5596	5591	5
41387	5597	5590	5
41388	5602	5603	5
41389	5603	5602	5
41390	5623	7293	5
41391	5624	5625	5
41392	5625	5624	5
41393	5626	4193	5
41394	5627	3917	5
41395	5628	1803	2
41396	5629	3881	7
41397	5630	1796	2
41398	5631	3869	7
41399	5632	2149	2
41400	5633	4173	7
41401	5634	3922	5
41402	5635	2739	2
41403	5636	5639	5
41404	5637	3841	5
41405	5638	5637	5
41406	5639	5636	5
41407	5640	3835	5
41408	5641	5639	5
41409	5642	5644	5
41410	5643	3786	5
41411	5644	3781	5
41412	5645	3781	5
41413	5646	3790	5
41414	5647	1674	2
41415	5648	1679	2
41416	5649	1682	2
41417	5650	1682	2
41418	5651	1679	2
41419	5652	1682	2
41420	5653	1678	5
41421	5654	1682	2
41422	5655	1686	2
41423	5656	1679	2
41424	5657	1679	2
41425	5658	3799	5
41426	5659	1682	2
41427	5660	3800	5
41428	5661	3799	5
41429	5662	3805	5
41430	5663	3810	5
41431	5664	3823	5
41432	5665	5667	5
41433	5666	5664	5
41434	5667	5649	5
41435	5668	5648	5
41436	5669	3823	5
41437	5670	3817	5
41438	5671	3976	5
41439	5672	3976	5
41440	5673	3973	5
41441	5674	5649	5
41442	5675	1686	2
41443	5676	1686	2
41444	5677	1686	2
41445	5678	1687	5
41446	5679	1686	2
41447	5680	1686	2
41448	5681	1690	2
41449	5682	1688	5
41450	5683	3810	5
41451	5684	1648	5
41452	5685	2863	5
41453	5686	3773	5
41454	5687	3772	5
41455	5688	3809	5
41456	5689	3804	5
41457	5690	3788	5
41458	5691	3781	5
41459	5692	3644	5
41460	5693	3781	5
41461	5694	3796	5
41462	5695	3799	5
41463	5696	3798	5
41464	5697	3754	5
41465	5698	3774	5
41466	5699	1662	2
41467	5700	2863	5
41468	5701	3773	5
41469	5702	1628	2
41470	5703	1646	2
41471	5704	1646	2
41472	5705	1646	2
41473	5706	1203	2
41474	5707	1708	5
41475	5708	1203	2
41476	5709	1203	2
41477	5710	5401	5
41478	5711	1241	2
41479	5712	5810	5
41480	5713	1454	2
41481	5714	1454	2
41482	5715	3618	5
41483	5716	1237	5
41484	5717	1504	2
41485	5718	1241	2
41486	5719	1241	2
41487	5720	1241	2
41488	5721	1241	2
41489	5722	1241	2
41490	5723	3500	5
41491	5724	1499	2
41492	5725	4850	5
41493	5726	4829	5
41494	5727	4753	7
41495	5728	3667	5
41496	5735	5782	5
41497	5736	2998	5
41498	5737	1368	5
41499	5743	1375	2
41500	5744	1375	2
41501	5748	2593	2
41502	5749	2593	2
41503	5750	2595	2
41504	5751	2602	2
41505	5752	5330	5
41506	5753	2602	2
41507	5754	2602	2
41508	5756	5319	5
41509	5758	5278	5
41510	5759	1740	2
41511	5760	4578	5
41512	5761	2451	2
41513	5762	2466	5
41514	5763	2444	2
41515	5764	1291	5
41516	5765	1289	5
41517	5766	2451	2
41518	5768	5624	5
41519	5774	6568	5
41520	5775	5777	5
41521	5776	1213	5
41522	5777	5775	5
41523	5780	3001	5
41524	5781	2999	5
41525	5782	5735	5
41526	5785	1440	2
41527	5787	1440	2
41528	5792	1440	2
41529	5793	3175	5
41530	5794	1446	2
41531	5796	1446	2
41532	5797	1855	2
41533	5798	1855	2
41534	5799	1450	2
41535	5800	3167	7
41536	5801	1831	2
41537	5802	1831	2
41538	5803	3232	5
41539	5804	3051	5
41540	5806	3200	5
41541	5807	3156	5
41542	5809	2688	5
41543	5810	5712	5
41544	5812	3028	5
41545	5813	3259	5
41546	5816	3236	5
41547	5817	2233	2
41548	5818	3257	5
41549	5819	2232	2
41550	5821	2259	2
41551	5822	2248	2
41552	5827	2271	5
41553	5828	2285	2
41554	5829	2285	2
41555	5830	2290	2
41556	5831	2693	2
41557	5832	5844	5
41558	5833	7290	2
41559	5834	3356	5
41560	5835	3355	5
41561	5836	2291	2
41562	5837	2290	2
41563	5838	2291	2
41564	5839	2306	2
41565	5840	2306	2
41566	5841	2306	2
41567	5842	2307	2
41568	5843	2282	2
41569	5844	5832	5
41570	5845	3360	5
41571	5846	3372	5
41572	5847	2306	2
41573	5848	2307	2
41574	5849	3348	5
41575	5850	3345	5
41576	5851	3337	5
41577	5852	2715	5
41578	5853	2707	2
41579	5854	2712	2
41580	5855	2695	2
41581	5856	2245	2
41582	5857	2245	2
41583	5858	3298	5
41584	5859	1222	5
41585	5860	6588	5
41586	5862	2241	2
41587	5863	2241	2
41588	5864	2241	2
41589	5865	1221	5
41590	5866	2271	5
41591	5868	3305	5
41592	5870	2267	2
41593	5871	2243	2
41594	5872	2230	5
41595	5873	2249	2
41596	5874	2230	5
41597	5875	3863	5
41598	5876	3860	5
41599	5877	1261	2
41600	5878	3852	5
41601	5879	1688	5
41602	5880	1258	2
41603	5881	2451	2
41604	5882	1260	2
41605	5883	1700	2
41606	5884	1700	2
41607	5885	1790	2
41608	5886	1793	2
41609	5887	2647	2
41610	5888	2648	2
41611	5889	2653	2
41612	5890	2643	5
41613	5891	2647	2
41614	5892	2653	2
41615	5893	3988	5
41616	5894	4042	5
41617	5895	1673	2
41618	5896	1674	2
41619	5897	1674	2
41620	5898	1682	2
41621	5899	3644	5
41622	5900	1247	2
41623	5901	1890	2
41624	5902	1247	2
41625	5903	1247	2
41626	5904	1872	2
41627	5905	1902	2
41628	5906	1902	2
41629	5907	1618	2
41630	5908	1624	2
41631	5909	1622	2
41632	5910	1622	2
41633	5911	1628	2
41634	5912	1622	2
41635	5913	3763	5
41636	5914	1646	2
41637	5915	3754	5
41638	5916	3836	5
41639	5917	3836	5
41640	5918	2929	5
41641	5919	3836	5
41642	5920	2874	2
41643	5921	1399	2
41644	5922	1205	5
41645	5923	1203	2
41646	5924	1399	2
41647	5925	1427	5
41648	5926	1423	2
41649	5927	4480	5
41650	5928	1418	2
41651	5929	1423	2
41652	5930	1423	2
41653	5931	1422	5
41654	5932	1422	5
41655	5933	1425	5
41656	5934	1422	5
41657	5935	1427	7
41658	5936	1425	5
41659	5937	1428	2
41660	5938	1399	2
41661	5939	2876	2
41662	5940	2876	2
41663	5941	3836	5
41664	5942	1414	2
41665	5943	1403	2
41666	5944	1406	2
41667	5945	1406	2
41668	5946	1406	2
41669	5947	1406	2
41670	5948	1411	2
41671	5949	1411	2
41672	5950	1414	2
41673	5951	1416	2
41674	5952	1417	2
41675	5953	1423	2
41676	5954	1423	2
41677	5955	1421	5
41678	5956	1423	2
41679	5957	1423	2
41680	5958	1427	5
41681	5959	1428	2
41682	5960	1399	2
41683	5961	1614	2
41684	5962	1608	2
41685	5963	1614	2
41686	5964	1612	2
41687	5965	1299	2
41688	5966	1889	2
41689	5967	1612	2
41690	5968	1608	2
41691	5969	1599	2
41692	5970	1417	2
41693	5971	4609	5
41694	5972	1599	2
41695	5973	4601	5
41696	5974	1301	5
41697	5975	2865	5
41698	5976	4588	7
41699	5977	1301	5
41700	5978	4607	5
41701	5979	1592	2
41702	5980	1592	2
41703	5981	4546	5
41704	5982	1402	5
41705	5983	1262	2
41706	5984	1262	2
41707	5985	1262	2
41708	5986	2194	2
41709	5987	1257	2
41710	5988	6204	5
41711	5989	1260	2
41712	5990	1796	2
41713	5991	1260	2
41714	5992	1700	2
41715	5993	1785	2
41716	5994	1793	2
41717	5995	1798	2
41718	5996	2648	2
41719	5997	1798	2
41720	5998	2222	2
41721	5999	2199	2
41722	6000	2206	2
41723	6001	2849	2
41724	6002	2194	2
41725	6003	2850	2
41726	6004	1818	2
41727	6005	2181	2
41728	6006	1796	2
41729	6007	1796	2
41730	6008	1796	2
41731	6009	1836	2
41732	6010	1841	2
41733	6011	1820	7
41734	6012	1818	2
41735	6013	1818	2
41736	6014	1825	2
41737	6015	1823	2
41738	6016	1841	2
41739	6017	1836	2
41740	6018	1802	2
41741	6019	2142	2
41742	6020	2149	2
41743	6021	2138	2
41744	6022	4012	5
41745	6023	2144	2
41746	6024	2149	2
41747	6025	3922	5
41748	6026	2644	2
41749	6027	4041	5
41750	6028	2149	2
41751	6029	2745	2
41752	6030	2644	2
41753	6031	2666	2
41754	6032	2666	2
41755	6033	2643	5
41756	6034	4043	5
41757	6035	2739	2
41758	6036	2739	2
41759	6037	2763	2
41760	6038	2763	2
41761	6039	2763	2
41762	6040	2763	2
41763	6042	2739	2
41764	6043	2668	2
41765	6044	2681	2
41766	6046	2110	2
41767	6047	2130	2
41768	6048	2118	2
41769	6049	2745	2
41770	6050	2138	2
41771	6051	2138	2
41772	6052	2059	2
41773	6053	4020	7
41774	6054	2092	5
41775	6055	2064	2
41776	6056	2059	2
41777	6057	2095	2
41778	6058	2130	2
41779	6059	2015	2
41780	6060	2015	2
41781	6061	1430	2
41782	6062	1271	5
41783	6063	6070	7
41784	6064	1272	5
41785	6065	2019	2
41786	6066	1269	5
41787	6068	4138	5
41788	6069	4136	5
41789	6070	6062	7
41790	6071	4136	5
41791	6072	2480	2
41792	6073	2480	2
41793	6074	4063	5
41794	6075	4048	5
41795	6076	4045	5
41796	6077	4051	5
41797	6078	4053	5
41798	6079	2486	5
41799	6080	2486	5
41800	6081	2567	5
41801	6082	2779	5
41802	6083	2774	2
41803	6084	2763	2
41804	6085	2764	5
41805	6086	2767	7
41806	6087	2767	7
41807	6088	2776	5
41808	6089	2775	2
41809	6090	2776	5
41810	6091	2776	5
41811	6092	2801	2
41812	6093	2799	7
41813	6094	2470	2
41814	6095	4111	5
41815	6096	2015	2
41816	6097	2048	2
41817	6098	2046	5
41818	6099	6102	5
41819	6100	6102	5
41820	6101	2038	2
41821	6102	4081	5
41822	6103	1431	5
41823	6104	4063	5
41824	6105	4169	5
41825	6106	2024	5
41826	6107	4079	5
41827	6108	1433	2
41828	6109	1432	5
41829	6110	7018	5
41830	6111	2568	2
41831	6112	2568	2
41832	6113	1533	7
41833	6114	1467	7
41834	6115	2011	2
41835	6116	6118	7
41836	6117	1466	7
41837	6118	6116	7
41838	6119	1207	7
41839	6120	4193	5
41840	6126	1273	2
41841	6127	1273	2
41842	6128	2721	5
41843	6129	2723	5
41844	6130	2723	5
41845	6132	1981	2
41846	6133	1981	2
41847	6134	1981	2
41848	6135	4376	5
41849	6136	7007	2
41850	6137	2489	2
41851	6138	2493	2
41852	6139	2540	2
41853	6140	2533	2
41854	6141	6140	7
41855	6142	4368	5
41856	6143	1979	2
41857	6144	1966	2
41858	6145	1960	2
41859	6146	4420	5
41860	6147	2504	2
41861	6148	2516	2
41862	6149	2496	2
41863	6150	2501	2
41864	6151	2539	5
41865	6152	2490	7
41866	6153	1268	5
41867	6154	2820	2
41868	6155	2806	2
41869	6156	6155	5
41870	6157	2820	2
41871	6158	2496	2
41872	6159	2496	2
41873	6160	2504	2
41874	6161	4551	5
41875	6162	4452	5
41876	6163	4454	5
41877	6164	1769	2
41878	6165	1739	5
41879	6166	1915	2
41880	6167	1208	2
41881	6169	5503	5
41882	6170	1391	5
41883	6171	1946	2
41884	6172	1931	2
41885	6173	1921	2
41886	6174	1921	2
41887	6175	4456	5
41888	6176	2511	2
41889	6177	2510	2
41890	6178	1929	2
41891	6179	6653	5
41892	6180	2586	2
41893	6181	6182	5
41894	6182	6181	5
41895	6183	1279	2
41896	6186	1279	2
41897	6190	2700	2
41898	6191	3327	5
41899	6192	3328	5
41900	6193	3325	5
41901	6194	2699	2
41902	6195	2700	2
41903	6196	2315	2
41904	6197	2846	5
41905	6198	2846	5
41906	6199	1518	2
41907	6200	1509	2
41908	6201	1509	2
41909	6202	1509	2
41910	6203	7056	5
41911	6204	3483	5
41912	6205	1508	5
41913	6206	1508	5
41914	6207	1509	2
41915	6208	1504	2
41916	6209	1500	2
41917	6210	1241	2
41918	6211	1527	2
41919	6212	1241	2
41920	6213	1241	2
41921	6214	1483	2
41922	6215	1472	2
41923	6216	1245	5
41924	6217	3592	5
41925	6218	1461	2
41926	6219	1471	7
41927	6220	1461	2
41928	6221	3579	5
41929	6222	1454	2
41930	6223	2625	5
41931	6224	3645	5
41932	6225	3606	5
41933	6226	1247	2
41934	6227	1246	2
41935	6228	1246	2
41936	6229	1517	5
41937	6230	4959	5
41938	6231	4919	5
41939	6232	2356	5
41940	6233	2858	2
41941	6234	1525	2
41942	6235	1544	2
41943	6236	1543	5
41944	6237	1525	2
41945	6238	2357	2
41946	6239	4915	5
41947	6240	4700	5
41948	6241	1297	2
41949	6242	1301	5
41950	6243	1295	2
41951	6244	2361	2
41952	6245	2356	5
41953	6246	2349	2
41954	6247	4940	5
41955	6248	4939	5
41956	6249	4937	5
41957	6250	4936	5
41958	6251	5120	5
41959	6252	5123	5
41960	6253	5129	5
41961	6254	7254	2
41962	6255	2393	2
41963	6256	1343	2
41964	6257	2417	2
41965	6258	2387	2
41966	6259	2387	2
41967	6260	2387	2
41968	6263	2833	5
41969	6264	5244	5
41970	6265	2439	2
41971	6266	6267	5
41972	6267	6265	5
41973	6268	2411	2
41974	6269	4597	5
41975	6275	3070	5
41976	6276	3077	7
41977	6277	3078	5
41978	6280	3424	5
41979	6284	3374	5
41980	6286	3366	5
41981	6287	2315	2
41982	6288	2315	2
41983	6289	2334	5
41984	6291	2343	2
41985	6292	2344	2
41986	6293	2341	2
41987	6295	2344	2
41988	6296	2341	2
41989	6297	7138	2
41990	6298	6300	7
41991	6299	4982	5
41992	6300	4982	5
41993	6301	6609	5
41994	6303	2837	5
41995	6304	5056	5
41996	6305	5040	5
41997	6309	1333	2
41998	6324	1831	2
41999	6325	1450	2
42000	6326	2235	2
42001	6327	2233	2
42002	6328	2890	7
42003	6329	2902	7
42004	6330	1481	2
42005	6331	1241	2
42006	6332	1242	2
42007	6333	1481	2
42008	6334	1865	5
42009	6335	1866	2
42010	6336	1245	5
42011	6337	1241	2
42012	6338	1241	2
42013	6339	1241	2
42014	6340	1500	2
42015	6341	1504	2
42016	6342	1504	2
42017	6343	1509	2
42018	6344	1517	5
42019	6345	1517	2
42020	6346	1518	2
42021	6347	2343	2
42022	6348	1525	2
42023	6350	5203	5
42024	6351	1552	2
42025	6352	5285	5
42026	6353	1552	2
42027	6354	1349	2
42028	6355	4701	5
42029	6356	1297	2
42030	6357	1295	2
42031	6358	1592	2
42032	6359	1435	2
42033	6360	1435	2
42034	6361	1599	2
42035	6362	2082	2
42036	6363	6069	5
42037	6364	1608	2
42038	6365	1608	2
42039	6366	1608	2
42040	6367	1608	2
42041	6368	1608	2
42042	6369	1618	2
42043	6370	1622	2
42044	6371	1622	2
42045	6372	1628	2
42046	6373	1646	2
42047	6374	1646	2
42048	6375	1252	5
42049	6376	1625	5
42050	6377	1252	5
42051	6378	1660	2
42052	6379	1660	2
42053	6380	1253	7
42054	6381	1203	2
42055	6382	1252	7
42056	6383	1660	2
42057	6384	1662	2
42058	6385	1662	2
42059	6386	1673	2
42060	6387	1674	2
42061	6388	1674	2
42062	6389	1673	2
42063	6390	1674	2
42064	6391	1674	2
42065	6392	1682	2
42066	6393	1682	2
42067	6394	1686	2
42068	6395	1686	2
42069	6396	1687	7
42070	6397	1690	2
42071	6398	1257	2
42072	6399	1203	2
42073	6400	1203	2
42074	6401	1203	2
42075	6402	1203	2
42076	6403	1203	2
42077	6404	1203	2
42078	6405	1203	2
42079	6406	1203	2
42080	6407	1646	2
42081	6408	1203	2
42082	6409	1203	2
42083	6410	1203	2
42084	6411	1203	2
42085	6412	1399	2
42086	6413	1428	2
42087	6414	1203	2
42088	6415	1203	2
42089	6416	1203	2
42090	6417	1210	5
42091	6418	1399	2
42092	6419	1398	5
42093	6420	1399	2
42094	6421	1399	2
42095	6422	1203	2
42096	6423	1203	2
42097	6424	1203	2
42098	6425	1428	2
42099	6426	1421	5
42100	6427	1421	5
42101	6428	1403	2
42102	6429	1403	2
42103	6430	3967	5
42104	6431	1700	2
42105	6432	1700	2
42106	6433	1450	2
42107	6434	1483	2
42108	6435	1244	5
42109	6436	1244	5
42110	6437	1244	5
42111	6438	1245	5
42112	6439	1861	2
42113	6440	1244	5
42114	6441	1864	5
42115	6442	1246	2
42116	6443	1246	2
42117	6444	1246	2
42118	6445	1246	2
42119	6446	1246	2
42120	6447	1247	2
42121	6448	1247	2
42122	6449	1247	2
42123	6450	1902	2
42124	6451	1902	2
42125	6454	6648	5
42126	6456	1979	2
42127	6457	1981	2
42128	6458	1981	2
42129	6459	1988	2
42130	6460	1981	2
42131	6461	6345	2
42132	6462	2048	2
42133	6463	2015	2
42134	6464	2017	2
42135	6465	2095	2
42136	6466	1430	2
42137	6467	2021	2
42138	6468	2059	2
42139	6469	2021	2
42140	6470	2019	2
42141	6471	2095	2
42142	6472	2059	2
42143	6473	2439	2
42144	6474	2480	2
42145	6475	2496	2
42146	6476	2496	2
42147	6477	2504	2
42148	6478	2504	2
42149	6479	2504	2
42150	6480	2491	2
42151	6481	2491	2
42152	6482	2540	2
42153	6483	1277	5
42154	6484	1277	5
42155	6485	2493	2
42156	6486	1267	5
42157	6487	1268	5
42158	6488	2567	7
42159	6489	1551	7
42160	6490	2568	2
42161	6491	2568	2
42162	6492	2486	5
42163	6493	2602	2
42164	6494	6496	5
42165	6495	2602	2
42166	6496	6494	5
42167	6497	6495	5
42168	6498	4587	5
42169	6499	1256	2
42170	6500	1254	2
42171	6501	1256	2
42172	6502	1256	2
42173	6503	2668	2
42174	6504	2666	2
42175	6505	2681	2
42176	6506	6106	7
42177	6512	1207	5
42178	6513	1207	5
42179	6514	1274	5
42180	6516	5508	2
42181	6517	2158	2
42182	6518	2739	2
42183	6519	2738	5
42184	6520	2739	2
42185	6521	2763	2
42186	6522	2768	2
42187	6523	2774	2
42188	6524	2776	5
42189	6525	2795	5
42190	6526	2777	2
42191	6527	2793	2
42192	6529	1700	2
42193	6530	3968	5
42194	6531	1615	2
42195	6532	1471	5
42196	6533	1481	2
42197	6534	1869	2
42198	6535	1866	2
42199	6536	1866	2
42200	6537	3572	5
42201	6538	1401	2
42202	6539	7020	2
42203	6540	1993	2
42204	6550	3038	5
42205	6551	3038	5
42206	6556	3024	5
42207	6558	3373	5
42208	6560	5816	5
42209	6561	2689	2
42210	6562	1831	2
42211	6563	3149	5
42212	6564	3131	5
42213	6568	5774	5
42214	6574	4127	5
42215	6575	1269	5
42216	6576	4007	5
42217	6577	3872	5
42218	6578	3872	5
42219	6579	2848	5
42220	6580	2207	2
42221	6581	3244	5
42222	6583	3421	5
42223	6584	1225	5
42224	6585	2275	5
42225	6586	3473	5
42226	6587	3305	5
42227	6588	1220	5
42228	6589	3922	5
42229	6590	2048	2
42230	6591	2480	2
42231	6592	2763	2
42232	6593	1686	2
42233	6594	1686	2
42234	6595	1686	2
42235	6596	1681	5
42236	6597	3805	5
42237	6598	3805	5
42238	6599	3788	5
42239	6600	1602	5
42240	6601	2236	2
42241	6604	4983	5
42242	6605	5035	7
42243	6609	6301	5
42244	6610	3586	5
42245	6611	1245	5
42246	6612	1246	2
42247	6613	1246	2
42248	6614	3677	5
42249	6615	1628	2
42250	6616	1624	2
42251	6617	1675	5
42252	6619	4247	5
42253	6620	1973	5
42254	6621	4359	5
42255	6622	4374	5
42256	6623	1649	2
42257	6624	1203	2
42258	6625	1399	2
42259	6626	1674	2
42260	6627	1241	2
42261	6628	4764	5
42262	6629	4607	5
42263	6630	2865	5
42264	6631	6240	5
42265	6632	4533	5
42266	6633	1411	2
42267	6634	4550	5
42268	6635	1915	2
42269	6636	4462	5
42270	6637	4432	5
42271	6638	4457	5
42272	6640	2380	2
42273	6641	5147	5
42274	6647	4294	5
42275	6648	6454	5
42276	6651	5497	5
42277	6653	6179	5
42278	6656	5528	5
42279	6657	5519	5
42280	6658	5257	5
42281	6659	5270	5
42282	6660	5281	5
42283	6661	1366	5
42284	6662	5275	5
42285	6663	2613	2
42286	6664	2613	2
42287	6666	1350	2
42288	6670	1418	2
42289	6671	5327	5
42290	6672	5356	5
42291	6673	5350	2
42292	6674	1376	2
42293	6675	1383	5
42294	6676	1375	2
42295	6677	5453	5
42296	6678	5093	5
42297	6679	1235	5
42298	6680	2306	2
42299	6681	2273	2
42300	6682	2241	2
42301	6683	2198	2
42302	6684	2199	2
42303	6685	2194	2
42304	6686	2688	5
42305	6687	1450	2
42306	6688	1429	2
42307	6689	2107	2
42308	6690	1264	5
42309	6691	2763	2
42310	6692	1701	2
42311	6693	1257	2
42312	6694	2721	2
42313	6695	1428	2
42314	6696	1660	2
42315	6698	1647	2
42316	6699	1245	5
42317	6700	1295	2
42318	6701	2452	5
42319	6703	3218	5
42320	6704	1266	5
42321	6708	3910	5
42322	6709	4616	5
42323	6710	1599	2
42324	6711	2617	5
42325	6713	1382	5
42326	6714	2606	2
42327	6715	2606	2
42328	6716	1206	2
42329	6717	1206	2
42330	6718	4587	5
42331	6719	4580	5
42332	6720	2439	2
42333	6721	2438	2
42334	6722	2438	2
42335	6723	2439	2
42336	6724	5241	5
42337	6725	5241	5
42338	6726	5242	5
42339	6727	5248	5
42340	6728	5254	5
42341	6729	5262	5
42342	6730	5272	5
42343	6731	6352	5
42344	6732	1356	2
42345	6733	1355	2
42346	6734	1355	2
42347	6735	5131	2
42348	6736	6738	2
42349	6737	6735	2
42350	6738	5131	2
42351	6739	5131	2
42352	6740	5131	2
42353	6741	6735	2
42354	6742	1546	2
42355	6743	6744	2
42356	6744	6743	2
42357	6756	1213	5
42358	6763	2198	2
42359	6764	2198	2
42360	6765	2622	2
42361	6766	2317	2
42362	6767	2318	2
42363	6768	2304	5
42364	6770	3660	5
42365	6771	3635	5
42366	6772	1376	2
42367	6773	1375	2
42368	6774	1375	2
42369	6776	5384	5
42370	6777	2699	2
42371	6778	2699	2
42372	6779	2699	2
42373	6780	2700	2
42374	6781	3332	2
42375	6782	3331	2
42376	6783	2699	2
42377	6784	2700	2
42378	6785	2699	2
42379	6786	2699	2
42380	6787	1241	2
42381	6788	1241	2
42382	6789	1241	2
42383	6790	1241	2
42384	6791	1241	2
42385	6792	1241	2
42386	6793	1241	2
42387	6794	1241	2
42388	6795	1241	2
42389	6796	1241	2
42390	6797	1471	2
42391	6798	1471	2
42392	6799	1480	2
42393	6800	1241	2
42394	6801	1480	2
42395	6802	1242	2
42396	6803	1480	2
42397	6804	1242	2
42398	6805	1480	2
42399	6806	1480	2
42400	6807	1481	2
42401	6808	1242	2
42402	6809	1241	2
42403	6810	1241	2
42404	6811	1241	2
42405	6812	1241	2
42406	6813	1241	2
42407	6814	2890	7
42408	6815	1480	2
42409	6821	3126	5
42410	6822	3117	5
42411	6823	3117	5
42412	6829	4214	5
42413	6831	4144	5
42414	6834	2701	2
42415	6835	2701	2
42416	6836	2702	2
42417	6837	2701	2
42418	6840	5107	5
42419	6841	2315	2
42420	6842	2316	2
42421	6843	2315	2
42422	6844	2315	2
42423	6845	2315	2
42424	6846	4608	5
42425	6847	2865	5
42426	6848	1295	2
42427	6849	1295	2
42428	6850	1296	2
42429	6851	1592	2
42430	6852	1293	2
42431	6853	1293	2
42432	6854	1299	2
42433	6855	1246	2
42434	6856	1246	2
42435	6857	1480	2
42436	6858	1480	2
42437	6859	1495	2
42438	6860	1495	2
42439	6861	2763	2
42440	6862	1493	7
42441	6863	1492	2
42442	6864	1241	2
42443	6865	1241	2
42444	6866	1241	2
42445	6867	1241	2
42446	6868	1496	2
42447	6869	1496	2
42448	6870	1468	2
42449	6871	1350	2
42450	6872	1346	5
42451	6873	1346	2
42452	6874	1346	2
42453	6875	1346	2
42454	6876	1346	2
42455	6877	1428	2
42456	6878	1235	5
42457	6879	1237	5
42458	6880	2307	2
42459	6881	1472	2
42460	6882	1714	2
42461	6883	2916	7
42462	6884	2916	7
42463	6885	2916	7
42464	6886	1253	7
42465	6887	1253	7
42466	6888	1253	7
42467	6889	1253	7
42468	6890	1428	2
42469	6891	1253	5
42470	6892	1253	5
42471	6893	1428	2
42472	6894	1252	7
42473	6895	1252	7
42474	6896	1253	7
42475	6897	1253	7
42476	6898	1253	7
42477	6899	1253	7
42478	6900	1253	7
42479	6901	1428	2
42480	6902	1714	2
42481	6903	1253	7
42482	6904	1428	2
42483	6905	1428	2
42484	6906	1253	7
42485	6907	1203	2
42486	6908	1253	7
42487	6909	1253	7
42488	6910	2916	7
42489	6911	1252	7
42490	6912	2194	2
42491	6913	2194	2
42492	6914	2204	2
42493	6915	2206	2
42494	6916	2194	2
42495	6917	2194	2
42496	6918	2194	2
42497	6919	2207	2
42498	6920	2850	2
42499	6921	2849	2
42500	6922	2207	2
42501	6923	2194	2
42502	6924	2204	2
42503	6925	2194	2
42504	6926	2206	2
42505	6927	2194	2
42506	6928	2194	2
42507	6929	2194	2
42508	6930	2206	2
42509	6932	1291	5
42510	6933	1568	5
42511	6934	1298	2
42512	6935	1578	2
42513	6936	1578	2
42514	6937	1578	2
42515	6938	1578	2
42516	6939	1578	2
42517	6940	1578	2
42518	6941	1578	2
42519	6942	1578	2
42520	6943	1578	2
42521	6944	4689	2
42522	6945	1578	2
42523	6946	1578	2
42524	6947	1578	2
42525	6948	4689	2
42526	6949	4689	5
42527	6950	4692	2
42528	6951	4787	5
42529	6952	4693	2
42530	6953	4692	2
42531	6954	4690	2
42532	6955	4693	5
42533	6956	4786	5
42534	6957	4766	2
42535	6958	4767	2
42536	6959	4769	2
42537	6960	4772	2
42538	6961	4770	5
42539	6962	4775	5
42540	6963	4770	2
42541	6964	4772	2
42542	6965	2363	2
42543	6966	4761	2
42544	6967	4761	2
42545	6968	6965	2
42546	6969	2359	2
42547	6970	4760	5
42548	6971	4900	2
42549	6972	4900	2
42550	6973	4901	2
42551	6974	4901	2
42552	6975	4901	2
42553	6976	4901	2
42554	6977	4901	2
42555	6978	4901	2
42556	6979	4901	2
42557	6980	4900	5
42558	6981	4900	5
42559	6982	1319	5
42560	6983	1319	5
42561	6984	4900	5
42562	6985	4901	5
42563	6986	4901	5
42564	6987	1319	5
42565	6988	4925	5
42566	6989	1319	5
42567	6990	4690	5
42568	6991	4687	5
42569	6992	4682	5
42570	6993	2916	7
42571	6994	3559	5
42572	6996	1550	2
42573	6997	1356	2
42574	6998	1355	5
42575	6999	1356	2
42576	7000	1356	2
42577	7001	1356	2
42578	7002	1338	2
42579	7003	2565	2
42580	7004	1467	5
42581	7005	1467	7
42582	7006	1467	2
42583	7007	1467	2
42584	7008	1467	2
42585	7009	1993	2
42586	7010	1467	7
42587	7011	1533	7
42588	7012	1533	2
42589	7013	1533	2
42590	7014	1533	7
42591	7015	6540	7
42592	7016	6137	5
42593	7017	1534	5
42594	7018	1534	5
42595	7019	1551	5
42596	7020	1534	2
42597	7021	1534	2
42598	7022	1534	2
42599	7023	1534	2
42600	7024	1551	7
42601	7025	1551	7
42602	7026	2562	2
42603	7027	2567	2
42604	7028	3591	2
42605	7029	2562	2
42606	7030	2562	2
42607	7031	2489	2
42608	7032	2489	2
42609	7033	2489	2
42610	7034	2489	2
42611	7035	2489	2
42612	7036	2489	2
42613	7037	2489	2
42614	7038	2489	2
42615	7039	2488	2
42616	7040	2489	2
42617	7041	2488	2
42618	7042	2489	2
42619	7043	1551	2
42620	7044	1551	7
42621	7045	1551	2
42622	7046	2489	2
42623	7047	2488	2
42624	7048	2565	2
42625	7049	4114	2
42626	7050	2562	2
42627	7051	2489	2
42628	7052	2566	2
42629	7053	3614	5
42630	7054	3330	5
42631	7055	3614	7
42632	7056	5988	5
42633	7057	3614	5
42634	7058	3614	2
42635	7059	6704	5
42636	7060	4114	2
42637	7061	3330	5
42638	7062	4113	7
42639	7063	2806	2
42640	7064	3330	5
42641	7065	3330	2
42642	7066	3330	2
42643	7067	2737	2
42644	7068	2737	2
42645	7069	2806	2
42646	7070	4109	2
42647	7071	4109	7
42648	7072	2805	2
42649	7073	2805	2
42650	7074	7066	2
42651	7075	3330	2
42652	7076	1234	2
42653	7077	2805	2
42654	7078	2805	2
42655	7079	2799	7
42656	7080	2803	2
42657	7081	2805	2
42658	7082	2803	2
42659	7083	2803	2
42660	7084	2806	2
42661	7085	2805	2
42662	7086	2805	2
42663	7087	2805	2
42664	7088	2806	2
42665	7089	2805	2
42666	7090	2799	7
42667	7091	2801	2
42668	7092	2801	2
42669	7093	2803	7
42670	7094	2825	2
42671	7095	1300	2
42672	7096	1300	5
42673	7097	1300	2
42674	7098	7095	2
42675	7099	1300	2
42676	7100	1300	2
42677	7101	4696	2
42678	7102	1298	2
42679	7103	4696	2
42680	7104	1298	2
42681	7105	1298	2
42682	7106	1298	2
42683	7107	1298	2
42684	7108	1298	2
42685	7109	1298	2
42686	7110	1298	2
42687	7111	2354	2
42688	7112	1323	2
42689	7113	1323	2
42690	7114	1323	2
42691	7115	1322	2
42692	7116	1322	2
42693	7117	4943	2
42694	7118	4944	5
42695	7119	1322	2
42696	7120	5023	5
42697	7121	4971	2
42698	7122	7121	2
42699	7123	6301	2
42700	7124	4971	2
42701	7125	7121	2
42702	7126	6301	2
42703	7127	7121	2
42704	7128	4971	2
42705	7129	7121	2
42706	7130	6301	2
42707	7131	6301	2
42708	7132	5023	5
42709	7133	4971	5
42710	7134	4971	5
42711	7135	4971	5
42712	7136	4971	2
42713	7137	7120	5
42714	7138	4981	2
42715	7139	6299	5
42716	7140	4981	2
42717	7141	4981	2
42718	7142	4981	2
42719	7143	4992	5
42720	7144	2341	2
42721	7145	2340	2
42722	7146	2341	2
42723	7147	2340	2
42724	7148	2340	2
42725	7149	2340	2
42726	7150	2340	2
42727	7151	2340	2
42728	7152	2340	2
42729	7153	2341	2
42730	7154	2340	2
42731	7155	2340	2
42732	7156	1509	2
42733	7157	1508	2
42734	7158	3483	5
42735	7159	1517	2
42736	7160	1517	5
42737	7161	1234	5
42738	7162	1234	2
42739	7163	6203	5
42740	7164	2340	2
42741	7165	1234	2
42742	7166	1234	2
42743	7167	2340	2
42744	7168	2340	2
42745	7169	2340	2
42746	7170	2340	2
42747	7171	3448	2
42748	7172	2306	2
42749	7173	2307	2
42750	7174	2306	2
42751	7175	2307	2
42752	7176	2307	2
42753	7177	5848	2
42754	7178	3156	2
42755	7179	3156	2
42756	7180	3157	2
42757	7181	3156	2
42758	7182	7184	2
42759	7183	7185	2
42760	7184	7182	2
42761	7185	7183	2
42762	7186	7182	2
42763	7187	7182	2
42764	7188	2690	2
42765	7189	2689	2
42766	7190	2689	2
42767	7191	2689	2
42768	7192	2689	2
42769	7193	2690	2
42770	7194	2689	2
42771	7195	2689	2
42772	7196	3191	2
42773	7197	7182	2
42774	7198	1215	2
42775	7199	3191	2
42776	7200	7182	2
42777	7201	1215	2
42778	7202	3187	2
42779	7203	3195	2
42780	7204	3195	5
42781	7205	3191	2
42782	7206	3191	2
42783	7207	7203	2
42784	7208	3195	2
42785	7209	3193	2
42786	7210	3193	5
42787	7211	3193	2
42788	7212	3236	5
42789	7213	3193	2
42790	7214	3193	2
42791	7215	3248	2
42792	7216	3250	5
42793	7217	2235	2
42794	7218	3248	2
42795	7219	2233	2
42796	7220	2233	2
42797	7221	1219	2
42798	7222	7221	2
42799	7223	1219	2
42800	7224	1219	2
42801	7225	7221	2
42802	7226	1222	2
42803	7227	1219	2
42804	7228	7221	2
42805	7229	1458	2
42806	7230	1458	2
42807	7231	1458	2
42808	7232	1456	2
42809	7233	1454	2
42810	7234	1454	2
42811	7235	1456	2
42812	7236	1454	2
42813	7237	1454	2
42814	7238	1454	2
42815	7239	1454	2
42816	7240	1454	2
42817	7241	1454	2
42818	7242	1460	2
42819	7243	1460	2
42820	7244	1460	5
42821	7245	3586	5
42822	7246	1459	2
42823	7247	1459	2
42824	7248	1312	2
42825	7249	1317	2
42826	7250	1317	2
42827	7251	1312	2
42828	7252	5136	2
42829	7253	5162	5
42830	7254	5136	2
42831	7255	5162	5
42832	7256	5136	2
42833	7257	5136	2
42834	7258	3148	2
42835	7259	7266	2
42836	7260	3139	2
42837	7261	3139	5
42838	7262	3143	5
42839	7263	3139	2
42840	7264	3139	2
42841	7265	3139	2
42842	7266	3139	2
42843	7267	3142	5
42844	7268	3139	2
42845	7269	3138	5
42846	7270	1856	2
42847	7271	1856	2
42848	7272	1856	2
42849	7273	1856	2
42850	7274	3138	2
42851	7278	3848	5
42852	7279	1254	2
42853	7280	2149	2
42854	7281	2470	2
42855	7282	4063	5
42856	7283	2295	2
42857	7284	2302	2
42858	7285	2295	2
42859	7286	2295	2
42860	7287	3343	2
42861	7288	3343	2
42862	7289	3352	5
42863	7290	3352	2
42864	7291	3352	2
42865	7292	5834	5
42866	7293	5623	5
42867	7294	5623	5
42868	7298	4189	5
42869	7299	4188	5
42870	7301	4188	7
42871	7302	1481	2
42872	7303	4656	5
42873	7304	3601	5
42874	7305	1245	5
42875	7306	1245	5
42876	7307	1861	2
42877	7308	1481	2
42878	7309	1482	5
42879	7310	1482	5
42880	7311	1481	2
42881	7312	1482	5
42882	7313	3603	5
42883	7314	1880	2
42884	7315	1869	2
42885	7316	1877	5
42886	7317	3646	5
42887	7318	3652	5
42888	7319	1861	2
42889	7320	1864	5
42890	7321	1861	2
42891	7322	1861	2
42892	7323	1481	2
42893	7324	1480	7
42894	7325	1471	7
42895	7326	1468	2
42896	7327	3592	5
42897	7328	3632	5
42898	7329	3635	5
42899	7330	3644	5
42900	7331	3636	5
42901	7332	2765	5
42902	7333	1241	2
42903	7335	3160	5
42904	7336	1446	2
42905	7337	2805	2
42906	7338	2805	2
42907	7339	2805	2
42908	7340	2805	2
42909	7341	2805	2
42910	7343	2803	7
42911	7345	2801	2
42912	7346	2803	2
42913	7347	2801	2
42914	7348	2801	2
42915	7349	2801	2
42916	7350	2801	2
42917	7351	1399	2
42918	7352	2803	7
42919	7353	2799	2
42920	7354	2803	2
42921	7355	1599	2
42922	7356	1398	7
42923	7358	2805	2
42924	7360	2805	2
42925	7361	1623	5
42926	7362	2805	2
42927	7363	1398	7
42928	7364	1399	2
42929	7365	1210	5
42930	7366	1398	7
42931	7367	2805	2
42932	7368	2876	2
42933	7369	1398	2
42934	7370	2805	2
42935	7371	2801	2
42936	7372	4988	5
42937	7373	1210	2
42938	7375	1437	2
42939	7378	2801	2
42940	7381	2801	2
42941	7382	1625	2
42942	7383	3455	2
42943	7384	2801	2
42944	7385	3455	2
42945	7386	1599	2
42946	7387	1454	2
42947	7388	2181	2
42948	7389	1467	5
42949	7390	1647	2
42950	7391	1428	2
42951	7392	1252	2
