9
543	1134	1583	2017	2500	0	0	0	0	0	1847	3523	4918	6268	7468	1.15	1.15	1.15	1.15	1.15	1293	2543	3542	4507	5503	48192.05	48192.05	48192.05	48192.05	48192.05	1	1	1	1	1	96	94	284	433	576	256	887	986	1070	1200
347	653	1377	2163	2700	0	0	0	0	0	1085	1830	3232	4592	5842	0.8	0.8	0.8	0.8	0.8	855	1404	2754	4139	5198	46585.31	46585.31	46585.31	46585.31	46585.31	1	1	1	1	1	58	78	91	132	174	576	415	599	645	710
342	581	750	950	1050	0	0	0	0	0	1037	1794	2200	2600	2880	0.5	0.5	0.5	0.5	0.5	815	1336	1695	2096	2318	44115.5	44115.5	44115.5	44115.5	44115.5	1	1	1	1	1	30	35	35	40	50	149	144	175	200	220
90	161	200	300	500	0	0	0	0	0	274	513	590	820	1370	0.55	0.55	0.55	0.55	0.55	215	374	453	661	1102	40568.47	40568.47	40568.47	40568.47	40568.47	1	1	1	1	1	0	0	0	0	5	15	10	15	20	20
219	405	480	515	550	0	0	0	0	0	751	1381	1480	1520	1620	0.57	0.57	0.57	0.57	0.57	521	987	1137	1203	1284	41484.25	41484.25	41484.25	41484.25	41484.25	1	1	1	1	1	0	5	5	5	5	29	84	103	128	155
322	381	550	650	750	0	0	0	0	0	1090	1250	1610	1780	2050	0.71	0.71	0.71	0.71	0.71	768	892	1241	1432	1558	39048.92	39048.92	39048.92	39048.92	39048.92	1	1	1	1	1	0	5	10	10	15	65	100	115	130	140
272	393	465	500	535	0	0	0	0	0	884	1210	1298	1332	1420	0.68	0.68	0.68	0.68	0.68	648	930	1067	1129	1156	39615.9	39615.9	39615.9	39615.9	39615.9	1	1	1	1	1	10	0	0	0	0	85	68	83	102	125
256	307	360	390	420	0	0	0	0	0	837	920	986	1013	1080	0.61	0.61	0.61	0.61	0.61	635	703	799	849	911	36590.51	36590.51	36590.51	36590.51	36590.51	1	1	1	1	1	70	37	45	55	55	15	54	65	81	110
891	1095	1295	1395	1495	0	0	0	0	0	2969	3392	3636	3735	3980	0.61	0.61	0.61	0.61	0.61	2207	2533	2899	3070	3283	41398.61	41398.61	41398.61	41398.61	41398.61	1	1	1	1	1	26	0	0	0	10	46	106	129	159	180
542	713	870	988	1087	0	0	0	0	0	1726	2155	2423	2600	2817	1.01	1.01	1.01	1.01	1.01	1253	1609	1907	2119	2316	38456.48	38456.48	38456.48	38456.48	38456.48	1	1	1	1	1	58	34	45	80	120	204	486	550	565	570
400	591	721	820	901	0	0	0	0	0	1302	1880	2113	2268	2458	1.02	1.02	1.02	1.02	1.02	939	1342	1591	1772	1936	44884.59	44884.59	44884.59	44884.59	44884.59	1	1	1	1	1	0	32	35	40	60	19	39	45	50	35
443	677	826	938	1032	0	0	0	0	0	1490	2085	2344	2515	2725	0.65	0.65	0.65	0.65	0.65	1040	1524	1807	2009	2197	45967.29	45967.29	45967.29	45967.29	45967.29	1	1	1	1	1	10	37	40	50	50	16	113	130	135	150
430	737	899	1022	1124	0	0	0	0	0	1455	2389	2686	2882	3122	0.67	0.67	0.67	0.67	0.67	1002	1703	2022	2253	2464	40733.16	40733.16	40733.16	40733.16	40733.16	1	1	1	1	1	44	65	70	80	100	53	293	340	360	375
727	889	1084	1232	1356	0	0	0	0	0	2077	2432	2734	2935	3178	1.04	1.04	1.04	1.04	1.04	1680	1944	2297	2552	2789	37015.96	37015.96	37015.96	37015.96	37015.96	1	1	1	1	1	30	60	60	100	120	23	52	65	40	30
1146	1578	1850	2100	2300	0	0	0	0	0	3588	4668	5000	5400	5900	0.82	0.82	0.82	0.82	0.82	2677	3602	4093	4563	4992	45632.26	45632.26	45632.26	45632.26	45632.26	1	1	1	1	1	5	5	5	10	10	45	115	135	140	150
366	431	470	520	565	0	0	0	0	0	1238	1289	1303	1335	1466	0.7	0.7	0.7	0.7	0.7	896	990	1053	1133	1236	39083.78	39083.78	39083.78	39083.78	39083.78	1	1	1	1	1	0	0	0	10	10	16	43	65	70	70
646	725	792	870	955	0	0	0	0	0	2100	2177	2201	2256	2476	0.61	0.61	0.61	0.61	0.61	1581	1668	1775	1902	2088	33621.37	33621.37	33621.37	33621.37	33621.37	1	1	1	1	1	5	5	5	10	20	31	128	195	240	250
117	172	188	210	230	0	0	0	0	0	352	491	496	509	558	0.45	0.45	0.45	0.45	0.45	287	389	414	448	491	31994.52	31994.52	31994.52	31994.52	31994.52	1	1	1	1	1	25	30	45	70	90	23	276	420	500	560
66	97	135	160	170	0	0	0	0	0	216	311	394	443	465	0.4	0.4	0.4	0.4	0.4	157	229	309	360	381	30378.19	30378.19	30378.19	30378.19	30378.19	1	1	1	1	1	0	16	20	20	20	52	20	20	20	25
228	342	470	560	590	0	0	0	0	0	785	1128	1429	1607	1687	0.88	0.88	0.88	0.88	0.88	565	815	1090	1274	1340	26914.43	26914.43	26914.43	26914.43	26914.43	1	1	1	1	1	40	60	65	65	70	53	101	110	120	130
743	1190	1640	1955	2070	0	0	0	0	0	2501	3807	4822	5421	5690	0.85	0.85	0.85	0.85	0.85	1842	2812	3771	4406	4650	29841.78	29841.78	29841.78	29841.78	29841.78	1	1	1	1	1	20	80	90	90	90	277	400	430	455	500
130	407	560	670	710	0	0	0	0	0	412	1058	1340	1506	1581	0.67	0.67	0.67	0.67	0.67	323	907	1206	1409	1487	27001.26	27001.26	27001.26	27001.26	27001.26	1	1	1	1	1	46	140	150	170	190	194	351	385	390	415
212	433	600	720	765	0	0	0	0	0	655	1383	1752	1970	2068	0.67	0.67	0.67	0.67	0.67	518	1018	1369	1605	1698	30014.89	30014.89	30014.89	30014.89	30014.89	1	1	1	1	1	10	70	75	80	90	379	737	800	840	900
849	1094	1500	1785	1890	0	0	0	0	0	2835	3426	4340	4879	5122	0.93	0.93	0.93	0.93	0.93	1923	2531	3378	3938	4155	34043.45	34043.45	34043.45	34043.45	34043.45	1	1	1	1	1	50	131	145	160	170	389	448	485	500	540
492	576	795	950	1005	0	0	0	0	0	1520	1597	2023	2274	2387	1.2	1.2	1.2	1.2	1.2	1115	1249	1665	1940	2044	33503.32	33503.32	33503.32	33503.32	33503.32	1	1	1	1	1	74	60	65	65	70	236	198	210	225	240
623	786	1018	1180	1253	0	0	0	0	0	2085	2549	2900	3150	3271	0.58	0.58	0.58	0.58	0.58	1451	1887	2347	2662	2804	33407.39	33407.39	33407.39	33407.39	33407.39	1	1	1	1	1	54	4	63	68	85	229	308	277	312	327
386	829	2635	3060	3249	0	0	0	0	0	1349	2803	6306	8198	8513	0.77	0.77	0.77	0.77	0.77	899	2025	5701	6837	7188	29719.03	29719.03	29719.03	29719.03	29719.03	1	1	1	1	1	0	0	127	313	393	152	196	257	130	87
57	1485	1880	2230	2367	0	0	0	0	0	176	5025	5354	5910	6137	0.3	0.3	0.3	0.3	0.3	133	3588	4296	4957	5212	26898.72	26898.72	26898.72	26898.72	26898.72	1	1	1	1	1	10	30	87	125	157	30	450	194	229	228
520	668	760	800	849	0	0	0	0	0	1802	2129	2170	2133	2215	2.64	2.64	2.64	2.64	2.64	1211	1581	1730	1776	1665	27839.24	27839.24	27839.24	27839.24	27839.24	1	1	1	1	1	50	115	70	100	126	16	133	311	343	354
705	1368	2140	3150	3344	0	0	0	0	0	2383	4316	5840	8435	8759	1.19	1.19	1.19	1.19	1.19	1642	3232	4785	6940	7280	29506.77	29506.77	29506.77	29506.77	29506.77	1	1	1	1	1	324	303	695	939	1181	291	495	389	264	122
1159	1770	2040	2075	2099	0	0	0	0	0	4047	6016	5390	5246	5126	2.35	2.35	2.35	2.35	2.35	2666	4233	4481	4476	4465	25519.9	25519.9	25519.9	25519.9	25519.9	1	1	1	1	1	0	119	116	188	236	276	473	1163	1224	1292
272	371	820	1416	1440	0	0	0	0	0	893	1052	1935	1928	1940	1	1	1	1	1	575	821	1669	2292	2321	25926.62	25926.62	25926.62	25926.62	25926.62	1	1	1	1	1	0	25	42	43	46	54	111	133	135	134
467	965	990	1022	1049	0	0	0	0	0	1521	2718	2530	2505	2491	2.11	2.11	2.11	2.11	2.11	1005	1839	1788	1801	1774	26400.75	26400.75	26400.75	26400.75	26400.75	1	1	1	1	1	0	376	376	378	385	165	244	285	313	325
1565	1688	1826	1958	2068	0	0	0	0	0	4902	4624	4847	5034	5280	3.07	3.07	3.07	3.07	3.07	3004	2894	3028	3170	3223	27159.75	27159.75	27159.75	27159.75	27159.75	1	1	1	1	1	15	1166	1240	1253	1270	225	726	752	783	821
539	802	867	902	958	0	0	0	0	0	1916	2706	2470	2417	2510	1.24	1.24	1.24	1.24	1.24	1377	1963	2017	2056	2166	29843.91	29843.91	29843.91	29843.91	29843.91	1	1	1	1	1	132	5	58	79	99	347	79	30	48	38
608	782	1082	1260	1338	0	0	0	0	0	2078	2510	3082	3367	3497	0.79	0.79	0.79	0.79	0.79	1553	1891	2521	2873	3027	33736.07	33736.07	33736.07	33736.07	33736.07	1	1	1	1	1	0	15	6	17	22	149	122	82	109	115
265	233	436	595	632	0	0	0	0	0	944	695	1240	1589	1650	0.62	0.62	0.62	0.62	0.62	677	552	1015	1355	1428	33565.01	33565.01	33565.01	33565.01	33565.01	1	1	1	1	1	0	0	0	0	0	42	37	49	53	58
66	162	152	190	202	0	0	0	0	0	253	552	433	502	521	0.91	0.91	0.91	0.91	0.91	168	379	336	409	431	29851.84	29851.84	29851.84	29851.84	29851.84	1	1	1	1	1	0	0	0	0	0	29	0	0	0	0
419	519	692	1278	1326	0	0	0	0	0	1457	1567	2016	3547	3617	0.82	0.82	0.82	0.82	0.82	1112	1211	1594	2885	2974	34548.31	34548.31	34548.31	34548.31	34548.31	1	1	1	1	1	0	0	0	0	0	104	83	116	158	195
657	843	1215	1796	1880	0	0	0	0	0	2317	2736	3538	4983	5127	0.81	0.81	0.81	0.81	0.81	1693	2002	2783	4031	3811	34685.45	34685.45	34685.45	34685.45	34685.45	1	1	1	1	1	102	80	112	152	188	131	182	255	336	417
505	674	702	1041	2001	0	0	0	0	0	1780	2150	2045	2889	5457	0.67	0.67	0.67	0.67	0.67	1192	1619	1640	2391	4551	37722.57	37722.57	37722.57	37722.57	37722.57	1	1	1	1	1	0	30	42	57	71	37	8	11	15	18
388	552	600	2077	2221	0	0	0	0	0	1437	1790	1749	5761	6057	0.82	0.82	0.82	0.82	0.82	916	1361	1435	4850	5155	35176.81	35176.81	35176.81	35176.81	35176.81	1	1	1	1	1	25	10	14	19	24	87	92	129	175	223
658	702	3245	3907	3954	0	0	0	0	0	2373	2235	9452	10838	10783	0.78	0.78	0.78	0.78	0.78	1554	1653	7186	8417	8417	33990.11	33990.11	33990.11	33990.11	33990.11	1	1	1	1	1	29	31	988	1364	1694	70	182	988	1363	1694
145	292	650	1632	1555	0	0	0	0	0	432	842	1894	4528	4241	0.84	0.84	0.84	0.84	0.84	346	598	1320	3193	2940	31892.72	31892.72	31892.72	31892.72	31892.72	1	1	1	1	1	62	83	116	158	196	89	196	275	374	463
253	451	470	564	525	0	0	0	0	0	684	1257	1368	1565	1431	1.12	1.12	1.12	1.12	1.12	597	1008	1062	1250	1155	31412.61	31412.61	31412.61	31412.61	31412.61	1	1	1	1	1	91	107	150	204	253	574	1531	2143	2914	3613
328	1116	1612	1992	1834	0	0	0	0	0	1003	3412	4694	5526	5002	1.33	1.33	1.33	1.33	1.33	872	2557	3608	4357	3991	30373.69	30373.69	30373.69	30373.69	30373.69	1	1	1	1	1	0	92	129	175	217	171	733	1026	1396	1731
64	213	512	586	615	0	0	0	0	0	207	699	1490	1625	1678	0.72	0.72	0.72	0.72	0.72	169	509	1161	1302	1357	30919.84	30919.84	30919.84	30919.84	30919.84	1	1	1	1	1	23	0	0	0	0	331	62	87	78	96
203	544	602	627	589	0	0	0	0	0	718	1822	1754	1738	1607	1.02	1.02	1.02	1.02	1.02	539	1302	1380	1412	1320	30594.87	30594.87	30594.87	30594.87	30594.87	1	1	1	1	1	5	20	28	38	47	10	65	91	124	160
636	911	991	1066	1129	0	0	0	0	0	1931	2713	2852	2972	3122	3.07	3.07	3.07	3.07	3.07	1075	1714	1819	1913	1948	28214.37	28214.37	28214.37	28214.37	28214.37	1	1	1	1	1	273	120	140	148	157	1121	3529	3826	4038	4305
1324	1693	1844	1982	2098	0	0	0	0	0	3179	3741	3932	4098	4305	3.77	3.77	3.77	3.77	3.77	2237	2727	2882	3020	3075	26994.07	26994.07	26994.07	26994.07	26994.07	1	1	1	1	1	380	339	425	427	455	468	2892	3086	3280	3495
232	242	263	283	300	0	0	0	0	0	510	507	533	555	583	5.18	5.18	5.18	5.18	5.18	392	359	362	375	378	26539.25	26539.25	26539.25	26539.25	26539.25	1	1	1	1	1	301	250	280	316	337	39	186	194	184	196
268	307	334	359	380	0	0	0	0	0	1006	840	883	920	967	6.1	6.1	6.1	6.1	6.1	484	553	584	613	623	27788.24	27788.24	27788.24	27788.24	27788.24	1	1	1	1	1	29	92	110	116	124	988	586	627	662	705
430	403	438	472	500	0	0	0	0	0	1085	1280	1346	1402	1473	4.85	4.85	4.85	4.85	4.85	605	657	609	634	629	26089.62	26089.62	26089.62	26089.62	26089.62	1	1	1	1	1	261	391	470	496	528	2423	2566	2744	2896	3087
75	65	70	75	80	0	0	0	0	0	183	165	173	181	190	2.14	2.14	2.14	2.14	2.14	129	114	121	127	129	25669.09	25669.09	25669.09	25669.09	25669.09	1	1	1	1	1	10	35	40	42	45	2165	187	200	204	210
1091	1621	1689	1755	1810	0	0	0	0	0	3083	4077	4087	4089	4113	4.19	4.19	4.19	4.19	4.19	2006	2731	2758	2786	2744	24687.43	24687.43	24687.43	24687.43	24687.43	1	1	1	1	1	105	128	145	150	156	1853	382	483	494	507
1154	1255	1365	1470	1555	0	0	0	0	0	2513	2509	2637	2749	2887	3.8	3.8	3.8	3.8	3.8	1692	1790	1870	1954	1975	24869.17	24869.17	24869.17	24869.17	24869.17	1	1	1	1	1	475	194	230	242	258	1084	1010	1078	1139	1214
344	465	470	470	470	0	0	0	0	0	1059	1235	1190	1140	1100	2.73	2.73	2.73	2.73	2.73	737	857	838	816	780	23305.44	23305.44	23305.44	23305.44	23305.44	1	1	1	1	1	50	58	100	100	100	1050	1101	1300	2200	3100
1156	1574	1910	2600	2600	0	0	0	0	0	3445	4452	4270	7730	8220	2.99	2.99	2.99	2.99	2.99	2388	2856	3103	4549	4471	23475.97	23475.97	23475.97	23475.97	23475.97	1	1	1	1	1	209	290	300	300	300	244	328	400	400	400
2	0	0	0	0	0	0	0	0	0	4	0	0	0	0	0	0	0	0	0	5	0	0	0	0	25230.6	25230.6	25230.6	25230.6	25230.6	1	1	1	1	1	30	361	600	600	600	90	153	200	200	200
363	491	580	580	580	0	0	0	0	0	1130	1572	1510	1450	1390	2.62	2.62	2.62	2.62	2.62	750	897	956	934	891	24253.1	24253.1	24253.1	24253.1	24253.1	1	1	1	1	1	15	896	1150	1150	1150	132	19	50	50	50
163	757	760	760	760	0	0	0	0	0	539	2041	1960	1880	1810	1.21	1.21	1.21	1.21	1.21	339	1426	1399	1365	1315	23801.55	23801.55	23801.55	23801.55	23801.55	1	1	1	1	1	0	0	0	0	0	20	64	100	100	100
286	284	320	320	320	0	0	0	0	0	914	859	820	790	760	3.02	3.02	3.02	3.02	3.02	596	542	567	553	527	23328.09	23328.09	23328.09	23328.09	23328.09	1	1	1	1	1	291	91	100	100	100	45	285	350	350	350
1688	1811	1850	1850	2350	0	0	0	0	0	5231	5014	4810	5810	6380	3.31	3.31	3.31	3.31	3.31	3591	3233	3172	3341	3865	21960.87	21960.87	21960.87	21960.87	21960.87	1	1	1	1	1	741	180	200	200	200	832	863	1000	1000	1000
1696	1687	2400	2690	2690	0	0	0	0	0	5209	4697	8190	7860	7550	2.72	2.72	2.72	2.72	2.72	3635	3121	4624	4884	4660	20807.76	20807.76	20807.76	20807.76	20807.76	1	1	1	1	1	872	305	350	350	350	1088	1762	2060	2060	2060
1885	2542	2540	2540	2540	0	0	0	0	0	5343	6259	6010	5770	5540	4.53	4.53	4.53	4.53	4.53	3532	4332	4167	4058	3862	20822.85	20822.85	20822.85	20822.85	20822.85	1	1	1	1	1	151	327	400	400	400	1278	1596	1600	1600	1600
1277	1325	1350	1350	1350	0	0	0	0	0	3983	3642	3500	3360	3230	2.82	2.82	2.82	2.82	2.82	2861	2466	2431	2372	2304	21290.97	21290.97	21290.97	21290.97	21290.97	1	1	1	1	1	81	116	120	120	120	1167	957	1080	1080	1080
1036	1066	1120	1120	1120	0	0	0	0	0	3235	3009	2890	2770	2660	2.85	2.85	2.85	2.85	2.85	2206	1899	1905	1853	1780	19959.96	19959.96	19959.96	19959.96	19959.96	1	1	1	1	1	74	91	100	100	100	280	157	150	150	150
1169	1517	1500	1500	1500	0	0	0	0	0	3507	4022	3860	3710	3560	2.93	2.93	2.93	2.93	2.93	2416	2582	2457	2393	2271	19104.27	19104.27	19104.27	19104.27	19104.27	1	1	1	1	1	3	670	800	800	800	373	458	500	500	500
901	928	1160	1160	1160	0	0	0	0	0	2362	2260	3020	2900	2780	3.21	3.21	3.21	3.21	3.21	1321	1528	1911	1858	1758	18509.48	18509.48	18509.48	18509.48	18509.48	1	1	1	1	1	40	52	100	100	100	296	657	800	800	800
11	64	60	60	60	0	0	0	0	0	27	133	130	120	120	0.46	0.46	0.46	0.46	0.46	23	101	96	91	87	18107.26	18107.26	18107.26	18107.26	18107.26	1	1	1	1	1	200	0	0	0	0	1900	737	800	800	800
355	358	360	360	360	0	0	0	0	0	1049	994	950	910	880	1.89	1.89	1.89	1.89	1.89	740	641	625	607	585	16405.44	16405.44	16405.44	16405.44	16405.44	1	1	1	1	1	0	69	75	75	75	247	72	75	75	75
88	590	600	0	0	0	0	0	0	0	253	1257	1260	0	0	2.03	2.03	2.03	2.03	2.03	214	939	932	0	0	16806.96	16806.96	16806.96	16806.96	16806.96	1	1	1	1	1	200	486	500	600	600	2867	4343	4500	5300	6200
2918	3439	3440	3440	3440	0	0	0	0	0	9007	9790	9400	9020	8660	2.99	2.99	2.99	2.99	2.99	6005	6593	6447	6299	6078	22955.91	22955.91	22955.91	22955.91	22955.91	1	1	1	1	1	173	164	200	200	200	650	876	1000	1000	1000
275	409	700	1260	1260	0	0	0	0	0	749	973	1660	1600	1530	2.05	2.05	2.05	2.05	2.05	603	889	1515	2219	2198	24877.01	24877.01	24877.01	24877.01	24877.01	1	1	1	1	1	0	0	0	0	0	228	108	110	110	110
1048	1218	1475	1490	1496	0	0	0	0	0	3586	3651	3983	3725	3740	2.16	2.16	2.16	2.16	2.16	2555	2502	2898	2828	2777	24876.19	24876.19	24876.19	24876.19	24876.19	1	1	1	1	1	259	56	60	61	63	123	410	492	533	571
618	1130	1960	3610	4800	0	0	0	0	0	2103	3577	5684	9747	12960	1.7	1.7	1.7	1.7	1.7	1484	2601	4343	7702	10144	25432.06	25432.06	25432.06	25432.06	25432.06	1	1	1	1	1	97	468	500	510	529	93	207	300	352	391
104	125	1125	2900	3600	0	0	0	0	0	331	391	3150	7540	9360	0.71	0.71	0.71	0.71	0.71	235	269	2305	5664	6810	24763.41	24763.41	24763.41	24763.41	24763.41	1	1	1	1	1	0	15	15	15	16	84	2	5	7	7
112	282	3546	4100	4100	0	0	0	0	0	371	935	10283	11070	11070	0.9	0.9	0.9	0.9	0.9	254	677	8029	9035	9035	23401.91	23401.91	23401.91	23401.91	23401.91	1	1	1	1	1	0	0	0	0	0	136	204	242	261	279
322	998	2850	2900	2900	0	0	0	0	0	1048	2853	7125	6670	6614	1.72	1.72	1.72	1.72	1.72	727	2082	5517	5393	5272	22554.2	22554.2	22554.2	22554.2	22554.2	1	1	1	1	1	253	198	211	215	223	400	639	779	852	916
1289	1681	2300	2320	2320	0	0	0	0	0	4224	4678	5750	5336	5104	2.97	2.97	2.97	2.97	2.97	2807	3176	4100	3964	3810	23277.9	23277.9	23277.9	23277.9	23277.9	1	1	1	1	1	87	27	29	30	31	186	486	578	624	667
1548	1780	1950	2100	2100	0	0	0	0	0	4741	5051	4875	4830	4620	2.91	2.91	2.91	2.91	2.91	3332	3263	3371	3467	3324	21670.93	21670.93	21670.93	21670.93	21670.93	1	1	1	1	1	61	68	73	75	77	149	275	333	363	390
2026	2369	2630	2650	2650	0	0	0	0	0	5947	6376	6312	5830	5565	3.39	3.39	3.39	3.39	3.39	4151	4270	4464	4300	4121	19862.69	19862.69	19862.69	19862.69	19862.69	1	1	1	1	1	220	383	410	415	434	358	993	1219	1341	1440
1839	1906	1970	1970	1970	0	0	0	0	0	5076	4752	4334	3940	3940	4.4	4.4	4.4	4.4	4.4	3325	3172	3062	2908	2835	18229.75	18229.75	18229.75	18229.75	18229.75	1	1	1	1	1	0	345	369	375	390	554	405	519	582	631
48	52	52	52	52	0	0	0	0	0	140	143	130	120	114	1.75	1.75	1.75	1.75	1.75	95	114	110	106	104	18900.73	18900.73	18900.73	18900.73	18900.73	1	1	1	1	1	171	327	349	359	369	2167	3474	4152	4491	4807
0	10	400	485	485	0	0	0	0	0	0	30	1200	1358	1310	0	0	0	0	0	0	23	928	1099	1086	20811.52	20811.52	20811.52	20811.52	20811.52	1	1	1	1	1	0	89	95	98	101	129	792	948	1027	1100
125	566	620	680	680	0	0	0	0	0	359	1726	1736	1768	1700	0.81	0.81	0.81	0.81	0.81	244	1263	1341	1429	1408	18307.76	18307.76	18307.76	18307.76	18307.76	1	1	1	1	1	0	8	9	10	10	239	407	483	520	556
205	254	265	265	265	0	0	0	0	0	548	736	715	663	583	2.19	2.19	2.19	2.19	2.19	400	475	476	458	422	16689.39	16689.39	16689.39	16689.39	16689.39	1	1	1	1	1	140	111	118	120	125	41	35	55	66	74
1327	1336	1390	1491	1495	0	0	0	0	0	3716	3519	3505	3339	3482	2.67	2.67	2.67	2.67	2.67	2864	2278	2274	2294	2266	16982.9	16982.9	16982.9	16982.9	16982.9	1	1	1	1	1	915	621	682	691	718	329	858	1046	1140	1209
0	55	55	55	55	0	0	0	0	0	1	66	66	66	66	0	0	0	0	0	0	50	43	42	40	16396.17	16396.17	16396.17	16396.17	16396.17	1	1	1	1	1	2128	2209	2369	2390	2466	78	93	346	509	605
1394	1457	1610	1640	1675	0	0	0	0	0	4353	4303	4512	4400	4365	2.54	2.54	2.54	2.54	2.54	3089	2797	3002	2975	2889	21448.07	21448.07	21448.07	21448.07	21448.07	1	1	1	1	1	40	73	77	88	91	1495	2906	3352	3594	3773
584	568	593	600	605	0	0	0	0	0	1839	1740	1680	1635	1600	2.66	2.66	2.66	2.66	2.66	1255	1048	1057	1041	994	20137.85	20137.85	20137.85	20137.85	20137.85	1	1	1	1	1	51	0	0	0	0	100	20	30	35	35
1212	1186	1195	1218	1240	0	0	0	0	0	3333	3138	2960	2880	2825	4.29	4.29	4.29	4.29	4.29	2314	2026	1946	1922	1848	18705.56	18705.56	18705.56	18705.56	18705.56	1	1	1	1	1	85	152	153	163	163	493	167	279	345	380
727	693	714	734	757	0	0	0	0	0	2066	1897	1845	1810	1791	3.24	3.24	3.24	3.24	3.24	1366	1199	1175	1171	1139	18244.58	18244.58	18244.58	18244.58	18244.58	1	1	1	1	1	616	464	501	515	534	548	590	819	965	1046
906	1010	1290	1330	1395	0	0	0	0	0	2677	2792	3435	3423	3471	2.62	2.62	2.62	2.62	2.62	1960	2055	2556	2587	2617	19633.75	19633.75	19633.75	19633.75	19633.75	1	1	1	1	1	41	217	230	240	250	616	855	953	1023	1053
1133	1843	2920	3535	4900	0	0	0	0	0	3624	7059	10000	11505	13635	1.16	1.16	1.16	1.16	1.16	2615	4379	6753	8039	11406	22849.62	22849.62	22849.62	22849.62	22849.62	1	1	1	1	1	30	152	153	155	140	341	399	407	446	515
319	789	870	1055	1240	0	0	0	0	0	1007	2428	2600	2995	3434	1.1	1.1	1.1	1.1	1.1	727	1591	1723	2028	2277	23106.52	23106.52	23106.52	23106.52	23106.52	1	1	1	1	1	5	15	15	15	35	185	56	60	60	165
950	382	590	700	2960	0	0	0	0	0	3526	1175	1750	1995	9896	0.95	0.95	0.95	0.95	0.95	2162	825	1248	1452	6226	27207.58	27207.58	27207.58	27207.58	27207.58	1	1	1	1	1	53	220	222	230	115	597	1140	1143	1150	155
591	1174	1470	1760	2040	0	0	0	0	0	1846	3497	4070	4525	5187	1.31	1.31	1.31	1.31	1.31	1354	2466	3002	3473	3883	26604.89	26604.89	26604.89	26604.89	26604.89	1	1	1	1	1	35	41	50	100	110	146	340	970	1274	1305
129	321	570	690	810	0	0	0	0	0	437	1064	1700	1960	2248	0.77	0.77	0.77	0.77	0.77	298	793	1363	1624	1889	22377.23	22377.23	22377.23	22377.23	22377.23	1	1	1	1	1	0	10	10	10	35	5	430	440	490	525
417	520	535	545	600	0	0	0	0	0	1152	1340	1350	1350	1380	3.31	3.31	3.31	3.31	3.31	803	871	866	864	891	14927.01	14927.01	14927.01	14927.01	14927.01	1	1	1	1	1	214	240	240	250	250	950	1498	1625	1695	1760
97	203	210	215	215	0	0	0	0	0	210	346	350	350	345	1.82	1.82	1.82	1.82	1.82	187	275	272	270	255	15891.91	15891.91	15891.91	15891.91	15891.91	1	1	1	1	1	85	125	125	140	150	573	863	935	965	990
1788	1953	2005	2040	2185	0	0	0	0	0	5067	4981	5000	5000	5075	3.36	3.36	3.36	3.36	3.36	3727	3252	3248	3235	3273	15176.84	15176.84	15176.84	15176.84	15176.84	1	1	1	1	1	362	247	250	260	260	835	1314	1425	1490	1540
288	341	349	358	370	0	0	0	0	0	732	851	837	834	853	13.67	13.67	13.67	13.67	13.67	566	547	540	534	529	15057.05	15057.05	15057.05	15057.05	15057.05	1	1	1	1	1	603	678	763	890	954	1964	1941	2284	2440	2608
1388	1417	1451	1489	1539	0	0	0	0	0	3717	3459	3402	3390	3465	2.97	2.97	2.97	2.97	2.97	2726	2295	2287	2277	2242	13977.41	13977.41	13977.41	13977.41	13977.41	1	1	1	1	1	63	48	54	63	68	402	454	530	575	615
63	65	67	67	71	0	0	0	0	0	179	167	164	164	167	2.5	2.5	2.5	2.5	2.5	124	103	102	99	98	13106.5	13106.5	13106.5	13106.5	13106.5	1	1	1	1	1	126	348	392	457	490	1833	2401	2806	3038	3248
986	996	1020	1046	1081	0	0	0	0	0	2773	2739	2694	2684	2744	4.45	4.45	4.45	4.45	4.45	1956	1695	1690	1688	1677	13762.33	13762.33	13762.33	13762.33	13762.33	1	1	1	1	1	58	24	27	32	34	2124	2294	2670	2915	3118
539	528	541	555	573	0	0	0	0	0	1570	1392	1369	1364	1395	3.41	3.41	3.41	3.41	3.41	1037	886	879	873	865	13939.84	13939.84	13939.84	13939.84	13939.84	1	1	1	1	1	398	228	257	299	320	508	785	922	989	1058
370	320	328	336	347	0	0	0	0	0	1065	930	915	911	932	7.46	7.46	7.46	7.46	7.46	714	522	514	504	494	13038.97	13038.97	13038.97	13038.97	13038.97	1	1	1	1	1	500	923	1039	1212	1300	2550	1791	2119	2238	2391
66	0	0	0	0	0	0	0	0	0	197	0	0	0	0	3.6	3.6	3.6	3.6	3.6	130	0	0	0	0	12936.97	12936.97	12936.97	12936.97	12936.97	1	1	1	1	1	593	1693	1906	2223	2382	1540	2243	2673	2781	2971
343	398	408	418	432	0	0	0	0	0	1003	1038	1022	1017	1040	2.9	2.9	2.9	2.9	2.9	662	688	687	686	681	12271.98	12271.98	12271.98	12271.98	12271.98	1	1	1	1	1	0	15	17	20	20	156	200	233	253	272
644	701	718	736	761	0	0	0	0	0	1807	1804	1775	1768	1807	2.6	2.6	2.6	2.6	2.6	1278	1187	1185	1184	1170	12194.66	12194.66	12194.66	12194.66	12194.66	1	1	1	1	1	30	0	0	0	0	48	12	14	15	16
981	1106	1133	1162	1201	0	0	0	0	0	2226	2320	2282	2274	2324	5.27	5.27	5.27	5.27	5.27	1702	1508	1498	1481	1415	11027.1	11027.1	11027.1	11027.1	11027.1	1	1	1	1	1	0	15	17	20	20	91	457	532	580	622
0	0	0	0	0	0	0	0	0	0	0	0	0	0	0	0	0	0	0	0	0	0	0	0	0	8902.11	8902.11	8902.11	8902.11	8902.11	1	1	1	1	1	321	268	302	352	377	1451	1139	1335	1437	1536
0	0	0	0	0	0	0	0	0	0	0	0	0	0	0	0	0	0	0	0	0	0	0	0	0	6991.77	6991.77	6991.77	6991.77	6991.77	1	1	1	1	1	0	0	0	0	0	2025	1151	1339	1463	1565
750	803	822	844	872	0	0	0	0	0	1922	1942	1910	1903	1946	4.46	4.46	4.46	4.46	4.46	1309	1109	1093	1073	1032	10950.09	10950.09	10950.09	10950.09	10950.09	1	1	1	1	1	627	400	450	525	563	682	1218	1432	1532	1637
1274	1310	1341	1376	1422	0	0	0	0	0	3201	2998	2949	2938	3004	3.74	3.74	3.74	3.74	3.74	2063	1947	1932	1918	1872	10838.9	10838.9	10838.9	10838.9	10838.9	1	1	1	1	1	800	221	249	290	311	282	1402	1639	1773	1896
1755	1837	1881	1930	1995	0	0	0	0	0	4327	4223	4154	4139	4231	3.45	3.45	3.45	3.45	3.45	3413	3044	3030	3028	3001	10845.28	10845.28	10845.28	10845.28	10845.28	1	1	1	1	1	285	31	35	42	44	964	778	907	988	1056
674	739	757	776	802	0	0	0	0	0	1519	1605	1579	1573	1608	4.47	4.47	4.47	4.47	4.47	1185	1060	1052	1047	1022	8804.73	8804.73	8804.73	8804.73	8804.73	1	1	1	1	1	40	0	0	0	0	1566	1199	1395	1524	1632
1122	1164	1231	1305	1325	0	0	0	0	0	2773	2679	2790	2931	2973	5.06	5.06	5.06	5.06	5.06	1946	1566	1587	1630	1563	9180.26	9180.26	9180.26	9180.26	9180.26	1	1	1	1	1	742	745	801	876	926	381	1019	1134	1176	1241
973	973	1020	1073	1094	0	0	0	0	0	2667	2548	2636	2732	2778	3.11	3.11	3.11	3.11	3.11	1816	1684	1728	1780	1750	9297.21	9297.21	9297.21	9297.21	9297.21	1	1	1	1	1	594	213	229	252	267	105	821	925	982	1042
836	782	837	894	906	0	0	0	0	0	1995	1783	1902	2032	2063	5.21	5.21	5.21	5.21	5.21	1372	1106	1163	1215	1149	6973.37	6973.37	6973.37	6973.37	6973.37	1	1	1	1	1	52	0	0	0	0	300	261	273	283	290
1410	1412	1483	1559	1572	0	0	0	0	0	3256	3103	3310	3494	3535	5.63	5.63	5.63	5.63	5.63	2162	1919	1965	2016	1926	8071.35	8071.35	8071.35	8071.35	8071.35	1	1	1	1	1	225	175	195	225	266	225	199	278	320	334
1394	1438	1540	1647	1665	0	0	0	0	0	3319	3387	3630	3887	3945	5.75	5.75	5.75	5.75	5.75	2153	2027	2131	2228	2087	6877	6877	6877	6877	6877	1	1	1	1	1	399	50	52	54	56	1276	1263	1298	1326	1374
3229	3431	3673	3929	3972	0	0	0	0	0	7746	7767	8450	9035	9160	5.14	5.14	5.14	5.14	5.14	4947	5006	5246	5495	5324	7671.39	7671.39	7671.39	7671.39	7671.39	1	1	1	1	1	642	789	815	838	872	1111	2738	2812	2872	2978
327	371	410	450	500	0	0	0	0	0	1060	1102	1100	1150	1300	0.42	0.42	0.42	0.42	0.42	745	830	884	953	1066	54043.15	54043.15	54043.15	54043.15	54043.15	2	2	2	2	2	0	55	60	60	60	27	75	90	100	110
1287	1559	2354	3104	3704	0	0	0	0	0	3757	4468	6212	7912	9312	1.01	1.01	1.01	1.01	1.01	2549	3397	4969	6459	7661	44450.4	44450.4	44450.4	44450.4	44450.4	2	2	2	2	2	214	230	280	360	420	533	631	1170	1490	1680
591	655	1120	1620	2170	0	0	0	0	0	1734	1847	2980	4100	5360	0.66	0.66	0.66	0.66	0.66	1348	1438	2407	3414	4528	55659.38	55659.38	55659.38	55659.38	55659.38	2	2	2	2	2	25	64	85	125	170	74	74	195	255	360
1808	2997	3496	4096	4596	0	0	0	0	0	4785	8099	8868	10088	10988	1.48	1.48	1.48	1.48	1.48	3282	6644	7563	8758	9713	46529.76	46529.76	46529.76	46529.76	46529.76	2	2	2	2	2	477	627	1130	1340	1550	1569	3330	6170	7160	8310
1441	1644	2340	3450	4650	0	0	0	0	0	4113	4484	5970	8400	11000	1.66	1.66	1.66	1.66	1.66	2845	3467	4802	6940	9234	59037.07	59037.07	59037.07	59037.07	59037.07	2	2	2	2	2	239	351	410	460	485	1022	1392	1890	2200	2455
492	692	1020	1330	1640	0	0	0	0	0	1458	1951	2740	3440	4140	0.73	0.73	0.73	0.73	0.73	973	1521	2202	2829	3456	50491.09	50491.09	50491.09	50491.09	50491.09	2	2	2	2	2	42	60	60	70	80	302	452	550	650	700
114	141	205	620	1060	0	0	0	0	0	381	430	590	1685	2780	0.55	0.55	0.55	0.55	0.55	278	326	465	1376	2320	40433.12	40433.12	40433.12	40433.12	40433.12	2	2	2	2	2	0	0	0	50	50	20	5	100	150	250
280	338	495	1480	2540	0	0	0	0	0	915	1023	1410	4015	6620	0.61	0.61	0.61	0.61	0.61	681	779	1117	3279	5539	43251.09	43251.09	43251.09	43251.09	43251.09	2	2	2	2	2	0	0	30	250	350	89	101	420	1050	1350
354	474	800	975	630	0	0	0	0	0	1137	1611	2400	2750	1640	0.57	0.57	0.57	0.57	0.57	811	885	1876	2244	1368	50239.35	50239.35	50239.35	50239.35	50239.35	2	2	2	2	2	13	0	0	10	215	27	65	80	80	1120
504	1653	3122	5420	5290	0	0	0	0	0	1931	5564	8665	14310	14480	0.79	0.79	0.79	0.79	0.79	1126	4115	7035	12101	12405	38442.32	38442.32	38442.32	38442.32	38442.32	2	2	2	2	2	6	50	100	150	210	268	281	650	1150	935
756	1367	2400	3000	3300	0	0	0	0	0	2354	4025	6500	7700	8300	1.14	1.14	1.14	1.14	1.14	1716	3279	5593	6864	7495	32793.19	32793.19	32793.19	32793.19	32793.19	2	2	2	2	2	65	113	150	150	170	588	723	870	1000	1070
535	743	1170	1390	1950	0	0	0	0	0	1567	2201	2724	3236	3900	1.16	1.16	1.16	1.16	1.16	1228	1781	2597	3081	4106	29179.53	29179.53	29179.53	29179.53	29179.53	2	2	2	2	2	0	20	25	25	25	138	208	275	315	325
86	386	1050	1260	1350	0	0	0	0	0	282	1340	1419	1880	2030	0.91	0.91	0.91	0.91	0.91	198	986	2052	2506	2684	27333.25	27333.25	27333.25	27333.25	27333.25	2	2	2	2	2	0	15	10	10	10	253	129	95	105	110
401	795	1450	1750	2000	0	0	0	0	0	1263	2321	2530	3150	3200	1.46	1.46	1.46	1.46	1.46	926	1878	2886	3503	3847	25869.9	25869.9	25869.9	25869.9	25869.9	2	2	2	2	2	0	25	25	30	30	51	116	235	285	290
1672	2170	2078	2128	2130	0	0	0	0	0	4691	5777	5903	6045	5960	2.36	2.36	2.36	2.36	2.36	3285	4397	4266	4340	4205	24415.7	24415.7	24415.7	24415.7	24415.7	2	2	2	2	2	316	1193	1000	1000	1000	958	1158	600	700	700
439	484	680	730	730	0	0	0	0	0	1401	1629	1890	2029	2045	2	2	2	2	2	863	1078	1411	1502	1469	23187.93	23187.93	23187.93	23187.93	23187.93	2	2	2	2	2	0	0	0	0	0	22	36	69	70	70
511	1113	950	1010	1300	0	0	0	0	0	1398	2999	3080	3275	4160	2.57	2.57	2.57	2.57	2.57	1142	2302	2078	2191	2708	25566.01	25566.01	25566.01	25566.01	25566.01	2	2	2	2	2	15	29	30	30	30	1351	1968	1760	1820	1870
107	653	777	927	1240	0	0	0	0	0	303	2367	2594	3095	4050	0.99	0.99	0.99	0.99	0.99	239	1640	1902	2265	3002	27403.43	27403.43	27403.43	27403.43	27403.43	2	2	2	2	2	63	105	200	200	200	703	1877	3900	3950	4000
12	179	200	200	200	0	0	0	0	0	33	413	423	423	420	0.65	0.65	0.65	0.65	0.65	27	395	426	426	425	28683.05	28683.05	28683.05	28683.05	28683.05	2	2	2	2	2	0	0	50	50	50	0	369	1550	1750	1750
109	240	605	1405	1500	0	0	0	0	0	339	825	3616	4495	4500	0.95	0.95	0.95	0.95	0.95	244	613	1621	3472	3640	26808.66	26808.66	26808.66	26808.66	26808.66	2	2	2	2	2	15	51	60	60	60	300	34	240	350	350
138	88	590	1280	1300	0	0	0	0	0	428	252	1726	3744	3770	0.84	0.84	0.84	0.84	0.84	306	213	1428	3076	3113	28808.23	28808.23	28808.23	28808.23	28808.23	2	2	2	2	2	40	93	100	145	195	366	145	470	1705	1835
6	63	350	920	1300	0	0	0	0	0	27	197	1595	3128	3965	1.42	1.42	1.42	1.42	1.42	14	157	919	2303	3148	28353.53	28353.53	28353.53	28353.53	28353.53	2	2	2	2	2	14	0	100	200	200	0	0	536	700	800
173	411	1030	1190	1190	0	0	0	0	0	502	1158	2902	3200	3060	1.92	1.92	1.92	1.92	1.92	348	951	2333	2635	2586	30134.85	30134.85	30134.85	30134.85	30134.85	2	2	2	2	2	8	60	450	580	680	2817	3043	2850	3035	3320
129	251	785	1005	1215	0	0	0	0	0	407	768	2280	2620	2910	0.74	0.74	0.74	0.74	0.74	277	586	1797	2215	2591	31896.32	31896.32	31896.32	31896.32	31896.32	2	2	2	2	2	0	50	50	50	150	1406	3784	4010	4050	4250
15	270	605	785	1035	0	0	0	0	0	46	797	1633	2015	2440	0.53	0.53	0.53	0.53	0.53	31	595	1285	1632	2064	35009.85	35009.85	35009.85	35009.85	35009.85	2	2	2	2	2	5	0	30	50	230	31	37	170	1050	1370
1334	2048	2280	2290	2300	0	0	0	0	0	3448	5599	5700	5500	5405	4.17	4.17	4.17	4.17	4.17	2483	4115	4391	4316	4193	32502.47	32502.47	32502.47	32502.47	32502.47	2	2	2	2	2	15	30	100	140	140	605	79	700	760	760
1218	2010	2615	2620	2720	0	0	0	0	0	3207	5807	6800	6550	6590	3.4	3.4	3.4	3.4	3.4	2309	4207	5198	5104	5149	31508.89	31508.89	31508.89	31508.89	31508.89	2	2	2	2	2	205	480	490	500	520	425	515	660	800	840
467	259	765	770	770	0	0	0	0	0	1579	860	2300	2310	2280	2.21	2.21	2.21	2.21	2.21	857	601	1622	1596	1590	33420.67	33420.67	33420.67	33420.67	33420.67	2	2	2	2	2	30	20	100	200	200	50	344	310	250	250
683	699	860	860	860	0	0	0	0	0	1711	2125	2160	2150	2110	5.1	5.1	5.1	5.1	5.1	1224	1364	1536	1503	1470	32500.58	32500.58	32500.58	32500.58	32500.58	2	2	2	2	2	193	56	200	400	400	995	1250	1270	1070	1070
292	271	360	360	360	0	0	0	0	0	749	650	750	755	750	3.2	3.2	3.2	3.2	3.2	523	479	578	576	565	34634.16	34634.16	34634.16	34634.16	34634.16	2	2	2	2	2	52	200	200	200	200	914	212	765	765	770
58	60	860	2810	3760	0	0	0	0	0	165	156	2380	7370	9475	0.9	0.9	0.9	0.9	0.9	104	124	1799	5592	7232	35125.5	35125.5	35125.5	35125.5	35125.5	2	2	2	2	2	44	33	30	210	430	135	58	415	990	1020
262	458	1100	1600	2300	0	0	0	0	0	744	1266	2900	4000	5600	1.61	1.61	1.61	1.61	1.61	636	1021	2399	3410	4828	37511.93	37511.93	37511.93	37511.93	37511.93	2	2	2	2	2	41	47	50	70	100	54	109	300	480	500
281	443	560	700	840	0	0	0	0	0	850	1241	1470	1730	2030	0.54	0.54	0.54	0.54	0.54	677	995	1229	1503	1789	49450.72	49450.72	49450.72	49450.72	49450.72	3	3	3	3	3	7	0	0	0	10	295	150	160	170	180
447	496	550	630	700	0	0	0	0	0	1405	1490	1500	1650	1800	0.55	0.55	0.55	0.55	0.55	1074	1144	1228	1387	1531	40758.37	40758.37	40758.37	40758.37	40758.37	3	3	3	3	3	5	0	0	0	10	245	80	100	120	130
460	514	550	600	650	0	0	0	0	0	1480	1495	1500	1550	1650	0.61	0.61	0.61	0.61	0.61	1042	1137	1188	1270	1367	39692.13	39692.13	39692.13	39692.13	39692.13	3	3	3	3	3	49	24	25	25	25	224	176	205	225	245
269	285	340	390	430	0	0	0	0	0	742	802	910	990	1070	0.44	0.44	0.44	0.44	0.44	648	641	752	846	926	48495.5	48495.5	48495.5	48495.5	48495.5	3	3	3	3	3	30	100	100	110	120	211	220	280	310	330
501	607	810	930	1040	0	0	0	0	0	1523	1717	2145	2332	2572	0.85	0.85	0.85	0.85	0.85	1245	1353	1763	1984	2206	43495.52	43495.52	43495.52	43495.52	43495.52	3	3	3	3	3	55	135	140	150	160	165	340	370	400	470
175	209	240	260	280	0	0	0	0	0	581	673	705	728	788	0.63	0.63	0.63	0.63	0.63	439	486	542	578	623	40660.73	40660.73	40660.73	40660.73	40660.73	3	3	3	3	3	15	64	65	65	75	65	40	45	55	65
239	287	330	360	380	0	0	0	0	0	805	895	970	1000	1030	0.49	0.49	0.49	0.49	0.49	594	661	746	798	835	44178.36	44178.36	44178.36	44178.36	44178.36	3	3	3	3	3	23	94	95	95	105	77	97	115	135	155
546	734	840	920	1000	0	0	0	0	0	1926	2355	2500	2600	2800	0.65	0.65	0.65	0.65	0.65	1359	1747	1953	2103	2279	39029.35	39029.35	39029.35	39029.35	39029.35	3	3	3	3	3	0	10	10	10	10	20	93	110	120	130
139	187	200	220	230	0	0	0	0	0	490	612	620	640	650	0.43	0.43	0.43	0.43	0.43	312	426	448	482	499	37241.96	37241.96	37241.96	37241.96	37241.96	3	3	3	3	3	10	35	35	40	50	159	55	65	80	85
234	216	249	269	289	0	0	0	0	0	796	646	675	705	745	0.58	0.58	0.58	0.58	0.58	494	501	559	597	638	34576.93	34576.93	34576.93	34576.93	34576.93	3	3	3	3	3	5	15	15	15	20	65	95	115	115	115
511	556	631	741	851	0	0	0	0	0	1711	1685	1775	1955	2225	0.76	0.76	0.76	0.76	0.76	1190	1283	1421	1631	1867	31695.89	31695.89	31695.89	31695.89	31695.89	3	3	3	3	3	20	42	75	75	85	197	406	425	465	495
118	93	150	400	450	0	0	0	0	0	359	283	430	1070	1190	0.68	0.68	0.68	0.68	0.68	260	208	328	853	885	33281.16	33281.16	33281.16	33281.16	33281.16	3	3	3	3	3	0	10	10	10	20	82	50	70	90	110
308	393	520	1170	1320	0	0	0	0	0	981	1266	1530	3240	3620	1.02	1.02	1.02	1.02	1.02	630	922	1185	2611	2935	28624.96	28624.96	28624.96	28624.96	28624.96	3	3	3	3	3	0	10	20	20	30	85	104	150	180	180
1358	1833	1885	2795	3260	0	0	0	0	0	3529	4713	5180	7310	8320	3.26	3.26	3.26	3.26	3.26	2665	3732	3897	5608	5757	34326.39	34326.39	34326.39	34326.39	34326.39	3	3	3	3	3	392	357	400	420	450	1758	2982	3400	3580	4050
129	186	2502	3572	4532	0	0	0	0	0	421	603	6870	9380	11690	1.01	1.01	1.01	1.01	1.01	254	451	5704	7948	9967	33523.08	33523.08	33523.08	33523.08	33523.08	3	3	3	3	3	0	20	125	500	600	107	256	2445	3620	4470
577	2220	2534	3157	4738	0	0	0	0	0	1990	7658	7172	8330	12080	2.27	2.27	2.27	2.27	2.27	1132	5395	5796	7019	9057	30445.08	30445.08	30445.08	30445.08	30445.08	3	3	3	3	3	0	25	25	30	100	85	193	205	250	430
752	1715	2603	4592	5821	0	0	0	0	0	2399	5410	7550	12628	14960	2.67	2.67	2.67	2.67	2.67	1652	3941	5790	9918	10561	27840.33	27840.33	27840.33	27840.33	27840.33	3	3	3	3	3	5	0	20	20	25	75	126	110	130	175
1744	1858	1981	1981	1981	0	0	0	0	0	6022	5828	5550	5448	5090	2.53	2.53	2.53	2.53	2.53	3831	4142	4237	4208	3513	27326.36	27326.36	27326.36	27326.36	27326.36	3	3	3	3	3	94	30	50	55	60	121	468	450	445	440
708	1732	1954	1954	1954	0	0	0	0	0	2247	5873	5670	5374	5022	2.16	2.16	2.16	2.16	2.16	1556	4121	4424	4346	3670	28483.03	28483.03	28483.03	28483.03	28483.03	3	3	3	3	3	0	28	40	45	50	53	87	80	85	90
83	163	1635	3943	6790	0	0	0	0	0	290	435	4742	10843	17375	0.86	0.86	0.86	0.86	0.86	177	357	3657	8538	12482	31792.94	31792.94	31792.94	31792.94	31792.94	3	3	3	3	3	5	15	20	20	20	65	289	360	420	680
1067	1180	1401	2494	3228	0	0	0	0	0	2787	2919	3923	6859	8295	3.47	3.47	3.47	3.47	3.47	2223	2338	2892	5026	5442	34137.08	34137.08	34137.08	34137.08	34137.08	3	3	3	3	3	422	302	350	390	430	741	514	480	510	490
46	198	439	470	470	0	0	0	0	0	144	568	1273	1293	1205	1.32	1.32	1.32	1.32	1.32	96	422	935	980	834	35700.84	35700.84	35700.84	35700.84	35700.84	3	3	3	3	3	0	287	300	330	370	2912	4704	4700	4770	4780
519	866	1203	1793	1793	0	0	0	0	0	1760	3067	3370	4931	4605	1.78	1.78	1.78	1.78	1.78	1082	2140	2755	4060	3604	35938.38	35938.38	35938.38	35938.38	35938.38	3	3	3	3	3	154	313	360	400	450	536	700	1440	1600	1950
87	109	470	880	1172	0	0	0	0	0	264	334	1363	2420	3010	0.8	0.8	0.8	0.8	0.8	181	261	1100	2020	2625	35937.77	35937.77	35937.77	35937.77	35937.77	3	3	3	3	3	10	98	120	130	150	58	100	430	670	950
357	755	1335	2123	2521	0	0	0	0	0	1131	2421	3738	5838	6479	1.27	1.27	1.27	1.27	1.27	754	1825	3084	4850	4991	33305.72	33305.72	33305.72	33305.72	33305.72	3	3	3	3	3	10	170	450	510	530	172	5000	5150	5490	5970
798	849	1109	1340	1340	0	0	0	0	0	2612	2587	3216	3685	3444	1.68	1.68	1.68	1.68	1.68	1770	2006	2551	3014	2946	31355.63	31355.63	31355.63	31355.63	31355.63	3	3	3	3	3	341	27	50	55	60	160	130	470	695	710
515	868	2336	2465	2465	0	0	0	0	0	1410	2441	6775	6779	6330	1.62	1.62	1.62	1.62	1.62	1142	2068	5545	5753	5127	31439.94	31439.94	31439.94	31439.94	31439.94	3	3	3	3	3	5	271	300	350	360	106	288	320	400	410
128	184	248	248	248	0	0	0	0	0	419	563	720	682	637	1.64	1.64	1.64	1.64	1.64	283	447	588	578	491	30028.1	30028.1	30028.1	30028.1	30028.1	3	3	3	3	3	0	12	60	70	75	110	177	190	280	325
1047	1822	2113	2113	3717	0	0	0	0	0	3369	6013	6128	5810	9548	2.07	2.07	2.07	2.07	2.07	2323	4303	4771	4685	7094	29413.85	29413.85	29413.85	29413.85	29413.85	3	3	3	3	3	10	56	80	90	150	398	74	300	340	590
1171	1559	1664	1697	1384	0	0	0	0	0	3893	4940	4982	4791	3651	2.27	2.27	2.27	2.27	2.27	2367	3442	700	1693	2692	27671.94	27671.94	27671.94	27671.94	27671.94	3	3	3	3	3	0	328	370	395	420	67	461	450	505	80
892	1290	1501	1501	1501	0	0	0	0	0	2157	3024	3362	3152	3152	4.44	4.44	4.44	4.44	4.44	1744	2542	482	204	2820	28529.29	28529.29	28529.29	28529.29	28529.29	3	3	3	3	3	0	25	0	0	0	27	164	100	107	114
1154	1535	1547	1557	1960	0	0	0	0	0	3257	4208	4022	4052	4508	1.98	1.98	1.98	1.98	1.98	2256	3360	34	80	4006	28085.42	28085.42	28085.42	28085.42	28085.42	3	3	3	3	3	0	65	6	6	6	52	360	34	37	40
2	2	2	2	2	0	0	0	0	0	2	4	4	4	4	0	0	0	0	0	4	3	3	3	3	26635.84	26635.84	26635.84	26635.84	26635.84	3	3	3	3	3	68	34	0	0	0	1175	2080	2200	2250	2300
2104	2320	2424	3087	3199	0	0	0	0	0	6274	6743	6642	7408	7678	2.74	2.74	2.74	2.74	2.74	4465	4441	768	473	5347	25046.4	25046.4	25046.4	25046.4	25046.4	3	3	3	3	3	169	240	102	108	110	533	1520	1755	1871	1884
922	1233	1233	1233	1233	0	0	0	0	0	2766	3645	3452	3205	3083	2.87	2.87	2.87	2.87	2.87	1767	2284	508	229	2036	24784.88	24784.88	24784.88	24784.88	24784.88	3	3	3	3	3	30	0	253	270	275	22	1612	816	848	874
2	0	0	0	0	0	0	0	0	0	2	0	0	0	0	0	0	0	0	0	3	0	0	0	0	25827.76	25827.76	25827.76	25827.76	25827.76	3	3	3	3	3	1290	0	45	50	51	626	268	33	33	37
574	707	877	877	877	0	0	0	0	0	1108	1423	1755	1750	1750	15.11	15.11	15.11	15.11	15.11	1123	980	857	842	847	26561.58	26561.58	26561.58	26561.58	26561.58	3	3	3	3	3	2822	1580	1929	2055	2080	1294	47	933	995	1020
43	185	185	185	185	0	0	0	0	0	136	588	555	500	500	1.12	1.12	1.12	1.12	1.12	84	344	351	335	326	27391.9	27391.9	27391.9	27391.9	27391.9	3	3	3	3	3	50	2327	4219	4495	4615	120	743	1930	2058	2085
792	917	988	1290	1290	0	0	0	0	0	1898	2071	2130	2781	2781	6.52	6.52	6.52	6.52	6.52	1601	1538	146	816	2004	26674.07	26674.07	26674.07	26674.07	26674.07	3	3	3	3	3	0	420	75	80	85	315	43	179	191	203
1260	1837	1837	1837	1837	0	0	0	0	0	3327	4473	4280	4125	4041	3.28	3.28	3.28	3.28	3.28	2546	3144	325	143	2920	25459.96	25459.96	25459.96	25459.96	25459.96	3	3	3	3	3	16	125	0	0	0	94	176	315	330	345
35	195	195	195	195	0	0	0	0	0	306	497	487	470	468	2.23	2.23	2.23	2.23	2.23	59	305	280	271	259	25615.43	25615.43	25615.43	25615.43	25615.43	3	3	3	3	3	350	750	100	110	120	1000	525	64	65	66
301	322	339	339	339	0	0	0	0	0	630	671	678	675	670	17.27	17.27	17.27	17.27	17.27	494	457	340	327	305	25897.86	25897.86	25897.86	25897.86	25897.86	3	3	3	3	3	898	390	523	557	595	643	623	1494	1592	1675
1290	1331	1331	1331	1700	0	0	0	0	0	2905	2881	2881	2795	3400	4.18	4.18	4.18	4.18	4.18	2116	1944	850	755	2125	24325.15	24325.15	24325.15	24325.15	24325.15	3	3	3	3	3	257	313	1343	1430	1517	429	896	959	1023	1087
2604	2922	2997	3015	3020	0	0	0	0	0	7234	7468	7250	6960	6946	2.96	2.96	2.96	2.96	2.96	5228	5314	296	1112	5009	23817.45	23817.45	23817.45	23817.45	23817.45	3	3	3	3	3	86	77	384	410	420	1278	604	641	682	707
1616	1877	1879	1879	1879	0	0	0	0	0	4522	5019	4935	4790	4698	3.07	3.07	3.07	3.07	3.07	3206	3528	1151	963	3286	21593.61	21593.61	21593.61	21593.61	21593.61	3	3	3	3	3	0	50	129	137	145	120	1020	1909	2035	2045
1307	1792	2507	2507	2507	0	0	0	0	0	2759	3567	5014	5014	5014	7.28	7.28	7.28	7.28	7.28	2430	2635	14	14	3362	22534.1	22534.1	22534.1	22534.1	22534.1	3	3	3	3	3	513	450	100	110	120	1088	256	79	81	80
738	762	762	762	762	0	0	0	0	0	1880	1960	1960	1829	1829	4.35	4.35	4.35	4.35	4.35	1387	1244	967	827	1141	23587.95	23587.95	23587.95	23587.95	23587.95	3	3	3	3	3	68	850	767	817	837	507	2006	1623	1732	1853
263	319	319	389	400	0	0	0	0	0	647	719	715	840	840	4.18	4.18	4.18	4.18	4.18	497	524	491	577	567	23482.95	23482.95	23482.95	23482.95	23482.95	3	3	3	3	3	316	145	102	108	110	438	284	757	807	810
0	0	0	0	0	0	0	0	0	0	0	0	0	0	0	0	0	0	0	0	0	0	0	0	0	21967.91	21967.91	21967.91	21967.91	21967.91	3	3	3	3	3	820	119	470	502	510	1895	371	656	698	710
0	0	150	150	150	0	0	0	0	0	0	0	270	270	270	0	0	0	0	0	0	0	231	228	222	20944.45	20944.45	20944.45	20944.45	20944.45	3	3	3	3	3	113	1415	1048	1218	1310	1474	864	1667	2251	2746
221	403	403	1120	1150	0	0	0	0	0	411	708	702	2003	2003	12.28	12.28	12.28	12.28	12.28	438	584	515	3	1354	21531.73	21531.73	21531.73	21531.73	21531.73	3	3	3	3	3	523	120	169	180	187	1771	1882	2202	2347	2363
543	787	787	787	1257	0	0	0	0	0	1418	1767	1767	2514	2514	3.02	3.02	3.02	3.02	3.02	1077	1259	794	531	1659	19648.11	19648.11	19648.11	19648.11	19648.11	3	3	3	3	3	235	200	868	782	833	98	2357	2064	2645	3017
1293	1598	1653	1673	1673	0	0	0	0	0	3756	4563	4625	4200	4200	3.13	3.13	3.13	3.13	3.13	2564	2959	3016	2900	2817	19222.42	19222.42	19222.42	19222.42	19222.42	3	3	3	3	3	30	35	300	350	374	1729	321	125	147	156
272	1672	4958	7885	8373	0	0	0	0	0	909	3990	11050	16348	17125	2.05	2.05	2.05	2.05	2.05	554	2993	8223	12141	12003	25387.72	25387.72	25387.72	25387.72	25387.72	3	3	3	3	3	257	180	38	45	50	612	2893	2195	2555	2733
1587	2300	2300	2330	2464	0	0	0	0	0	4695	5946	5680	5731	6004	3.4	3.4	3.4	3.4	3.4	3313	4410	4293	4301	4382	23511.43	23511.43	23511.43	23511.43	23511.43	3	3	3	3	3	47	1750	2185	2975	3165	495	108	1355	3365	4075
501	1067	1400	2024	2141	0	0	0	0	0	1568	3053	3808	4518	4733	2.85	2.85	2.85	2.85	2.85	1270	2082	2609	3421	3411	24226.25	24226.25	24226.25	24226.25	24226.25	3	3	3	3	3	395	70	90	105	105	1759	1636	1910	2195	2195
1807	2210	2400	2614	2765	0	0	0	0	0	5712	6244	6450	6972	7307	3.05	3.05	3.05	3.05	3.05	3875	4027	4173	4437	4498	26628.56	26628.56	26628.56	26628.56	26628.56	3	3	3	3	3	638	478	600	600	1000	499	2545	4400	4400	4900
1653	1985	2300	2562	2710	0	0	0	0	0	5085	5326	5800	6717	7037	2.82	2.82	2.82	2.82	2.82	3423	3636	3975	4420	4506	25094.4	25094.4	25094.4	25094.4	25094.4	3	3	3	3	3	438	540	675	810	820	659	496	825	790	830
653	946	990	1040	1100	0	0	0	0	0	2132	2802	2820	2916	3055	1.88	1.88	1.88	1.88	1.88	1291	1992	2039	2110	2166	23733.16	23733.16	23733.16	23733.16	23733.16	3	3	3	3	3	0	1050	1310	1350	1350	30	1399	1690	1700	1750
1005	1068	1200	1513	1600	0	0	0	0	0	3073	2893	3100	4016	4208	2.17	2.17	2.17	2.17	2.17	2146	2152	2348	2939	2968	22627.72	22627.72	22627.72	22627.72	22627.72	3	3	3	3	3	10	0	0	0	0	100	109	150	150	150
968	1150	1300	1579	1670	0	0	0	0	0	2288	2841	3060	3167	3318	5.14	5.14	5.14	5.14	5.14	1549	1865	2033	2254	2130	21531.89	21531.89	21531.89	21531.89	21531.89	3	3	3	3	3	0	30	40	40	40	51	81	80	80	80
105	196	198	200	212	0	0	0	0	0	350	598	572	495	515	2.26	2.26	2.26	2.26	2.26	230	422	416	394	404	21030.36	21030.36	21030.36	21030.36	21030.36	3	3	3	3	3	10	30	30	30	30	345	5	10	10	10
1145	1754	1754	1754	1822	0	0	0	0	0	3998	5546	5170	5124	5368	2.1	2.1	2.1	2.1	2.1	2315	3571	3464	3418	3419	22690.09	22690.09	22690.09	22690.09	22690.09	3	3	3	3	3	0	0	0	0	0	110	367	500	500	500
1449	1996	2200	2499	2643	0	0	0	0	0	4788	6288	6490	6996	7330	1.94	1.94	1.94	1.94	1.94	2862	4276	4582	5056	5152	21154.57	21154.57	21154.57	21154.57	21154.57	3	3	3	3	3	0	30	40	40	40	73	156	160	160	160
494	1439	1800	2120	2300	0	0	0	0	0	1575	4592	5200	5500	6100	2.66	2.66	2.66	2.66	2.66	1052	3259	3861	4335	4720	24628.9	24628.9	24628.9	24628.9	24628.9	3	3	3	3	3	98	25	30	50	50	224	345	670	750	750
1615	2549	4020	4400	4700	0	0	0	0	0	5141	8074	11500	12000	12250	2.01	2.01	2.01	2.01	2.01	3418	5372	8073	8611	8838	21297.48	21297.48	21297.48	21297.48	21297.48	3	3	3	3	3	260	266	380	440	450	972	880	900	910	1050
544	663	2000	4330	5400	0	0	0	0	0	1530	1682	5630	11700	14625	1.61	1.61	1.61	1.61	1.61	1167	1370	4276	9042	11243	20915.24	20915.24	20915.24	20915.24	20915.24	3	3	3	3	3	109	93	120	130	140	126	1035	1150	1370	1460
23	16	80	240	960	0	0	0	0	0	81	40	120	600	2325	3.3	3.3	3.3	3.3	3.3	50	36	155	543	2141	24046.36	24046.36	24046.36	24046.36	24046.36	3	3	3	3	3	0	148	180	200	220	900	709	720	1050	1130
43	25	20	20	20	0	0	0	0	0	130	64	50	50	50	0.7	0.7	0.7	0.7	0.7	92	57	45	45	45	21079.79	21079.79	21079.79	21079.79	21079.79	3	3	3	3	3	0	0	40	90	145	419	1065	1910	2300	2545
22	17	30	30	50	0	0	0	0	0	52	53	70	80	150	0.72	0.72	0.72	0.72	0.72	47	41	66	69	120	22021.02	22021.02	22021.02	22021.02	22021.02	3	3	3	3	3	0	0	0	0	25	200	973	1500	1800	2505
104	97	120	140	160	0	0	0	0	0	299	277	300	360	400	0.75	0.75	0.75	0.75	0.75	235	228	270	317	359	25230.67	25230.67	25230.67	25230.67	25230.67	3	3	3	3	3	15	0	20	25	60	115	487	830	985	1305
135	154	160	175	190	0	0	0	0	0	421	436	440	440	470	0.54	0.54	0.54	0.54	0.54	308	333	342	361	390	24843.44	24843.44	24843.44	24843.44	24843.44	3	3	3	3	3	0	56	80	85	130	35	631	850	1015	1355
106	126	170	195	210	0	0	0	0	0	384	429	500	550	580	0.7	0.7	0.7	0.7	0.7	245	299	386	436	466	27325.9	27325.9	27325.9	27325.9	27325.9	3	3	3	3	3	0	10	10	10	10	65	60	60	70	70
2864	3280	4500	6050	6950	0	0	0	0	0	8511	9098	11925	15420	17010	3.32	3.32	3.32	3.32	3.32	5724	6904	9173	11995	11888	30171.15	30171.15	30171.15	30171.15	30171.15	3	3	3	3	3	976	0	0	30	50	1312	10	150	200	270
1355	1588	2400	2830	2900	0	0	0	0	0	3733	4252	6120	6935	6950	3.68	3.68	3.68	3.68	3.68	2403	3212	4694	5414	4659	28326.68	28326.68	28326.68	28326.68	28326.68	3	3	3	3	3	129	671	690	715	735	2576	1708	1800	1845	1955
465	500	500	520	600	0	0	0	0	0	1072	1146	1075	1065	1150	3.26	3.26	3.26	3.26	3.26	817	972	939	956	933	31033.04	31033.04	31033.04	31033.04	31033.04	3	3	3	3	3	165	377	390	400	415	789	2768	2900	2985	3140
717	1272	1400	1600	2050	0	0	0	0	0	2124	3705	3880	4080	4890	3.19	3.19	3.19	3.19	3.19	1259	2687	2886	3185	3454	32145.69	32145.69	32145.69	32145.69	32145.69	3	3	3	3	3	164	247	260	265	270	871	948	990	1020	1080
702	1122	1130	1130	1130	0	0	0	0	0	1929	2816	2712	2655	2630	3.56	3.56	3.56	3.56	3.56	1451	2051	2005	1968	1844	19479.47	19479.47	19479.47	19479.47	19479.47	3	3	3	3	3	0	394	410	420	430	130	1204	1260	1300	1375
152	180	230	230	230	0	0	0	0	0	473	533	644	633	632	2.17	2.17	2.17	2.17	2.17	314	333	396	388	373	19764.18	19764.18	19764.18	19764.18	19764.18	3	3	3	3	3	30	100	100	100	100	68	208	220	230	240
1314	1541	1820	1920	1950	0	0	0	0	0	4026	4651	5278	5184	5167	2.35	2.35	2.35	2.35	2.35	2617	3132	3609	3669	3571	19332.44	19332.44	19332.44	19332.44	19332.44	3	3	3	3	3	50	462	470	470	470	100	466	480	480	480
2278	3199	3200	3500	3600	0	0	0	0	0	7233	10460	9600	9835	9880	1.79	1.79	1.79	1.79	1.79	4977	7754	7567	8102	8268	17367.99	17367.99	17367.99	17367.99	17367.99	3	3	3	3	3	20	0	0	0	0	278	239	250	250	250
1079	1916	1920	1940	1950	0	0	0	0	0	3099	6481	5952	5820	5655	2.21	2.21	2.21	2.21	2.21	2035	4212	4098	4067	3958	14867.75	14867.75	14867.75	14867.75	14867.75	3	3	3	3	3	20	40	40	45	45	329	415	424	455	555
512	596	750	1000	1100	0	0	0	0	0	1558	1746	2025	2600	2750	2.25	2.25	2.25	2.25	2.25	964	1272	1542	2001	2121	15404.88	15404.88	15404.88	15404.88	15404.88	3	3	3	3	3	23	50	50	50	60	637	658	660	670	690
92	555	560	560	560	0	0	0	0	0	278	1675	1624	1568	1568	1.2	1.2	1.2	1.2	1.2	174	1174	1159	1135	1102	15765.97	15765.97	15765.97	15765.97	15765.97	3	3	3	3	3	30	62	60	60	60	104	504	502	510	520
1323	1613	1980	2000	2000	0	0	0	0	0	3226	3910	4550	4400	4400	3.38	3.38	3.38	3.38	3.38	2636	2895	3420	3353	3241	17640.19	17640.19	17640.19	17640.19	17640.19	3	3	3	3	3	45	31	35	35	40	138	346	345	355	360
1188	1581	1835	1850	1850	0	0	0	0	0	3615	4051	4585	4440	4440	3.57	3.57	3.57	3.57	3.57	2454	2685	2994	2932	2825	18447.58	18447.58	18447.58	18447.58	18447.58	3	3	3	3	3	1092	82	85	85	85	520	672	685	685	685
2725	3489	3520	3520	3520	0	0	0	0	0	6715	7479	7480	7392	7392	4.93	4.93	4.93	4.93	4.93	4984	5275	5224	5123	4923	16751.86	16751.86	16751.86	16751.86	16751.86	3	3	3	3	3	200	631	640	650	650	543	529	560	550	550
109	165	183	193	193	0	0	0	0	0	212	269	293	290	289	6.5	6.5	6.5	6.5	6.5	216	235	255	257	245	15618.72	15618.72	15618.72	15618.72	15618.72	3	3	3	3	3	263	184	185	190	190	979	1220	1265	1310	1310
1254	1486	1820	2000	2048	0	0	0	0	0	3401	4016	4732	5000	4915	2.06	2.06	2.06	2.06	2.06	2696	2864	3401	3632	3538	15124.03	15124.03	15124.03	15124.03	15124.03	3	3	3	3	3	211	84	90	90	90	3050	1428	1700	1710	1760
990	1358	1535	1793	1950	0	0	0	0	0	2367	3082	3392	3945	4095	4.52	4.52	4.52	4.52	4.52	1866	2075	2167	2471	2530	13904.69	13904.69	13904.69	13904.69	13904.69	3	3	3	3	3	800	208	220	230	250	250	3794	5391	5670	5700
1256	1789	1946	2100	2400	0	0	0	0	0	3230	4767	5060	5250	5760	3.67	3.67	3.67	3.67	3.67	2368	3554	3799	3994	4367	13360.31	13360.31	13360.31	13360.31	13360.31	3	3	3	3	3	0	1616	2000	2050	2050	30	887	550	770	780
129	336	340	340	340	0	0	0	0	0	423	1076	1054	1020	1020	1.43	1.43	1.43	1.43	1.43	255	703	701	688	665	12074.19	12074.19	12074.19	12074.19	12074.19	3	3	3	3	3	10	21	25	25	25	1658	252	265	275	295
19	20	29	30	30	0	0	0	0	0	61	47	67	65	65	1.05	1.05	1.05	1.05	1.05	37	37	53	53	51	10955	10955	10955	10955	10955	3	3	3	3	3	0	0	0	0	0	0	7598	7600	7600	7600
8	2	12	12	12	0	0	0	0	0	29	5	28	28	27	0.64	0.64	0.64	0.64	0.64	17	4	22	22	21	11884.35	11884.35	11884.35	11884.35	11884.35	3	3	3	3	3	20	0	0	0	0	1557	12	10	50	50
5	205	210	210	210	0	0	0	0	0	10	452	441	430	430	0.93	0.93	0.93	0.93	0.93	10	331	314	306	294	12404.89	12404.89	12404.89	12404.89	12404.89	3	3	3	3	3	35	106	110	150	160	401	3368	3390	3850	4340
658	714	1019	1050	1100	0	0	0	0	0	1304	1350	1834	1785	1870	4.23	4.23	4.23	4.23	4.23	1218	1097	1497	1483	1466	12437.88	12437.88	12437.88	12437.88	12437.88	3	3	3	3	3	0	1155	1160	1210	1265	264	302	340	690	735
1243	1470	1869	2000	2200	0	0	0	0	0	3083	3423	4007	4000	4400	3.75	3.75	3.75	3.75	3.75	2301	2408	2905	2969	3118	13130.64	13130.64	13130.64	13130.64	13130.64	3	3	3	3	3	155	43	45	45	45	1363	253	255	255	255
10	2	2	2	2	0	0	0	0	0	30	13	4	4	4	2.73	2.73	2.73	2.73	2.73	4	5	4	4	4	12920.5	12920.5	12920.5	12920.5	12920.5	3	3	3	3	3	10	31	40	50	50	766	2678	2860	3950	4490
150	215	232	250	250	0	0	0	0	0	436	643	650	675	650	1.34	1.34	1.34	1.34	1.34	280	413	432	454	439	11652.15	11652.15	11652.15	11652.15	11652.15	3	3	3	3	3	0	43	45	45	45	238	1801	1805	1805	1805
80	82	124	125	125	0	0	0	0	0	236	235	347	337	325	1.04	1.04	1.04	1.04	1.04	148	156	229	226	214	10928.16	10928.16	10928.16	10928.16	10928.16	3	3	3	3	3	40	0	0	0	0	2893	312	443	800	1200
123	120	191	200	205	0	0	0	0	0	360	328	516	520	512	2.27	2.27	2.27	2.27	2.27	242	221	339	346	335	10801.74	10801.74	10801.74	10801.74	10801.74	3	3	3	3	3	20	338	350	350	350	1431	4955	4950	5250	5320
19	11	29	30	30	0	0	0	0	0	44	36	93	90	90	1.48	1.48	1.48	1.48	1.48	39	22	56	57	54	9946.38	9946.38	9946.38	9946.38	9946.38	3	3	3	3	3	0	294	300	300	300	100	1795	1800	2000	2200
9	5	14	15	15	0	0	0	0	0	31	12	32	34	34	0.49	0.49	0.49	0.49	0.49	18	9	25	26	25	9994.51	9994.51	9994.51	9994.51	9994.51	3	3	3	3	3	20	46	50	50	50	261	537	550	650	750
138	173	190	200	210	0	0	0	0	0	413	504	510	520	530	0.7	0.7	0.7	0.7	0.7	270	347	368	380	382	7970.04	7970.04	7970.04	7970.04	7970.04	3	3	3	3	3	0	38	50	70	70	15	1220	4850	4830	4830
623	691	691	691	691	0	0	0	0	0	1395	1469	1469	1469	1469	7.23	7.23	7.23	7.23	7.23	1217	1046	1036	1024	967	7407.85	7407.85	7407.85	7407.85	7407.85	3	3	3	3	3	740	0	0	0	0	238	0	0	0	0
134	176	776	776	776	0	0	0	0	0	411	518	1718	1718	1718	2.39	2.39	2.39	2.39	2.39	261	351	822	814	1274	8046.39	8046.39	8046.39	8046.39	8046.39	3	3	3	3	3	0	1064	1064	1064	1064	150	205	205	205	205
71	148	448	448	448	0	0	0	0	0	147	248	848	848	848	2.2	2.2	2.2	2.2	2.2	139	266	722	722	722	8953.67	8953.67	8953.67	8953.67	8953.67	3	3	3	3	3	30	0	0	0	0	42	4	4	4	4
822	1189	1189	1189	1189	0	0	0	0	0	1766	2579	2579	2579	2579	11.67	11.67	11.67	11.67	11.67	1607	1967	647	639	1831	8398.09	8398.09	8398.09	8398.09	8398.09	3	3	3	3	3	67	256	1012	1012	1012	1226	67	67	67	67
49	50	50	850	1400	0	0	0	0	0	134	140	140	1634	2184	0.68	0.68	0.68	0.68	0.68	96	111	111	1553	2153	9768.44	9768.44	9768.44	9768.44	9768.44	3	3	3	3	3	5	52	164	164	164	35	1034	1034	1034	1034
307	472	772	1472	1572	0	0	0	0	0	1132	1475	2075	3381	3481	0.83	0.83	0.83	0.83	0.83	600	963	1486	2568	2600	9820.35	9820.35	9820.35	9820.35	9820.35	3	3	3	3	3	20	0	0	450	1450	217	0	0	0	0
240	474	474	474	474	0	0	0	0	0	727	1243	1243	1243	1243	1.74	1.74	1.74	1.74	1.74	468	904	899	892	857	10359.28	10359.28	10359.28	10359.28	10359.28	3	3	3	3	3	46	21	21	481	481	334	246	246	246	246
627	813	813	813	813	0	0	0	0	0	1644	1903	1903	1903	1903	4.54	4.54	4.54	4.54	4.54	1326	1306	1282	1269	1211	10857.46	10857.46	10857.46	10857.46	10857.46	3	3	3	3	3	248	26	26	26	26	342	206	206	206	206
410	469	609	609	609	0	0	0	0	0	1334	1375	1655	1655	1655	2.51	2.51	2.51	2.51	2.51	866	852	1063	1053	1008	11390.54	11390.54	11390.54	11390.54	11390.54	3	3	3	3	3	41	227	227	227	227	41	774	774	774	774
289	313	313	313	313	0	0	0	0	0	725	786	786	786	786	2.96	2.96	2.96	2.96	2.96	585	569	562	558	539	12094.77	12094.77	12094.77	12094.77	12094.77	3	3	3	3	3	5	0	0	0	0	113	85	197	197	197
331	503	583	583	583	0	0	0	0	0	970	1388	1548	1548	1548	1.08	1.08	1.08	1.08	1.08	729	1132	1281	1281	1281	15454.82	15454.82	15454.82	15454.82	15454.82	3	3	3	3	3	25	20	132	132	132	32	250	250	250	250
1741	1842	1842	1842	1842	0	0	0	0	0	5331	5183	5183	5183	5183	3.52	3.52	3.52	3.52	3.52	3523	3325	3298	3270	3151	12580.88	12580.88	12580.88	12580.88	12580.88	3	3	3	3	3	69	42	310	310	310	81	159	159	159	159
416	932	932	932	932	0	0	0	0	0	1352	2468	2468	2468	2468	1.82	1.82	1.82	1.82	1.82	814	1818	1808	1796	1744	12052.78	12052.78	12052.78	12052.78	12052.78	3	3	3	3	3	5	114	114	114	114	154	134	134	134	134
409	868	958	958	958	0	0	0	0	0	1412	2330	2510	2510	2510	2.11	2.11	2.11	2.11	2.11	868	1661	1756	1745	1696	14113.78	14113.78	14113.78	14113.78	14113.78	3	3	3	3	3	0	53	53	53	53	14	143	143	143	143
71	479	599	599	599	0	0	0	0	0	200	1055	1295	1295	1295	3.13	3.13	3.13	3.13	3.13	140	884	1048	1040	1010	13198.77	13198.77	13198.77	13198.77	13198.77	3	3	3	3	3	0	0	268	268	268	579	61	61	61	61
255	292	1295	1395	1495	0	0	0	0	0	842	903	2972	3159	3259	1.76	1.76	1.76	1.76	1.76	497	676	2655	2830	2984	11864.78	11864.78	11864.78	11864.78	11864.78	3	3	3	3	3	0	212	480	480	480	243	401	401	401	401
24	35	35	335	385	0	0	0	0	0	65	134	134	694	744	0.51	0.51	0.51	0.51	0.51	47	85	85	660	738	11318.76	11318.76	11318.76	11318.76	11318.76	3	3	3	3	3	10	26	26	106	106	0	186	186	186	386
465	622	622	1722	1922	0	0	0	0	0	1193	1664	1664	3717	3917	2.38	2.38	2.38	2.38	2.38	1024	1274	1268	3165	3352	13363.05	13363.05	13363.05	13363.05	13363.05	3	3	3	3	3	0	0	0	0	0	90	12	12	342	342
162	245	275	275	275	0	0	0	0	0	518	751	811	811	811	0.76	0.76	0.76	0.76	0.76	358	585	649	645	645	14433.35	14433.35	14433.35	14433.35	14433.35	3	3	3	3	3	0	7	7	7	7	0	228	228	228	228
187	440	520	520	520	0	0	0	0	0	640	1544	1704	1704	1704	0.66	0.66	0.66	0.66	0.66	411	1089	1262	1262	1262	16978.52	16978.52	16978.52	16978.52	16978.52	3	3	3	3	3	0	0	0	200	200	90	51	51	181	181
139	191	191	191	191	0	0	0	0	0	439	572	572	572	572	0.56	0.56	0.56	0.56	0.56	306	453	453	453	453	16933.56	16933.56	16933.56	16933.56	16933.56	3	3	3	3	3	0	15	127	127	127	227	79	79	79	79
31	13	13	13	13	0	0	0	0	0	100	23	23	23	23	2.01	2.01	2.01	2.01	2.01	70	25	25	25	25	18216.08	18216.08	18216.08	18216.08	18216.08	3	3	3	3	3	0	0	0	0	0	200	514	626	626	626
1421	1408	1433	1483	1558	0	0	0	0	0	3798	3685	3635	3635	3785	4.83	4.83	4.83	4.83	4.83	2480	2348	2344	2362	2337	10058.49	10058.49	10058.49	10058.49	10058.49	3	3	3	3	3	82	0	0	0	0	468	44	156	156	156
58	60	60	60	60	0	0	0	0	0	99	126	126	126	126	5.66	5.66	5.66	5.66	5.66	101	96	95	94	90	9951.54	9951.54	9951.54	9951.54	9951.54	3	3	3	3	3	10	63	63	65	67	405	123	125	130	133
0	0	0	0	0	0	0	0	0	0	0	0	0	0	0	0	0	0	0	0	0	0	0	0	0	8170.48	8170.48	8170.48	8170.48	8170.48	3	3	3	3	3	123	59	59	62	63	1802	323	325	328	337
1547	1554	1579	1629	1704	0	0	0	0	0	3692	3588	3538	3538	3688	6.67	6.67	6.67	6.67	6.67	2307	2246	2148	2149	2084	8380.57	8380.57	8380.57	8380.57	8380.57	3	3	3	3	3	133	508	508	508	508	543	3532	3666	3857	3932
1110	1124	1149	1199	1224	0	0	0	0	0	2952	2914	2900	2900	2964	4.46	4.46	4.46	4.46	4.46	1817	1801	1800	1819	1741	7641.53	7641.53	7641.53	7641.53	7641.53	3	3	3	3	3	87	349	379	399	409	144	53	53	53	53
2646	2774	2828	2953	3153	0	0	0	0	0	6639	6788	6688	6788	6978	4.18	4.18	4.18	4.18	4.18	4337	4494	4395	4467	4455	6560.71	6560.71	6560.71	6560.71	6560.71	3	3	3	3	3	154	154	160	165	180	1208	80	80	80	80
3	2	0	0	0	0	0	0	0	0	5	3	0	0	0	0	0	0	0	0	5	2	0	0	0	5089.74	5089.74	5089.74	5089.74	5089.74	3	3	3	3	3	86	455	470	480	505	154	1415	1530	1535	1565
1112	1201	1251	1276	1301	0	0	0	0	0	2960	3063	3013	3013	3159	4	4	4	4	4	1919	2045	2073	2072	2006	5065.63	5065.63	5065.63	5065.63	5065.63	3	3	3	3	3	16	5	5	5	5	149	222	232	232	242
1011	1036	1066	1114	1150	0	0	0	0	0	2534	2475	2564	2691	2768	4.75	4.75	4.75	4.75	4.75	1680	1599	1634	1681	1621	3714.4	3714.4	3714.4	3714.4	3714.4	3	3	3	3	3	30	25	25	25	25	330	342	370	376	396
704	741	763	797	823	0	0	0	0	0	1705	1831	1897	1991	2048	4.37	4.37	4.37	4.37	4.37	1046	1070	1093	1118	1042	4559.75	4559.75	4559.75	4559.75	4559.75	3	3	3	3	3	317	41	50	55	60	562	99	120	135	150
1383	1437	1479	1546	1596	0	0	0	0	0	2858	3031	3140	3296	3389	7.97	7.97	7.97	7.97	7.97	2064	1839	1805	1831	1718	6073.96	6073.96	6073.96	6073.96	6073.96	3	3	3	3	3	1525	103	120	140	150	1761	348	430	480	520
978	1007	1037	1083	1118	0	0	0	0	0	2258	2217	2296	2411	2479	3.07	3.07	3.07	3.07	3.07	1405	1600	1599	1643	1596	5946.05	5946.05	5946.05	5946.05	5946.05	3	3	3	3	3	677	1003	1200	1330	1470	2175	1927	2370	2670	2870
2695	2805	2888	3018	3115	0	0	0	0	0	5867	5878	6088	6391	6573	4.91	4.91	4.91	4.91	4.91	4015	4272	4271	4388	4271	4331.21	4331.21	4331.21	4331.21	4331.21	3	3	3	3	3	809	766	920	1020	1120	551	1297	1590	1980	2030
1687	1619	1667	1742	1798	0	0	0	0	0	4078	3973	4115	4320	4443	4.75	4.75	4.75	4.75	4.75	2687	2472	2496	2561	2474	3080.71	3080.71	3080.71	3080.71	3080.71	3	3	3	3	3	222	830	995	1105	1215	305	1646	2025	2095	2345
1125	1258	1416	1476	1537	0	0	0	0	0	2821	2951	3243	3263	3322	2.3	2.3	2.3	2.3	2.3	2383	2489	2759	2815	2813	7144.49	7144.49	7144.49	7144.49	7144.49	3	3	3	3	3	292	261	315	350	385	411	462	565	640	685
2	6	85	85	85	0	0	0	0	0	3	7	145	145	145	0.94	0.94	0.94	0.94	0.94	15	11	174	174	173	4049.34	4049.34	4049.34	4049.34	4049.34	3	3	3	3	3	20	75	85	85	115	20	489	525	585	645
212	252	277	290	300	0	0	0	0	0	656	770	808	808	815	1.05	1.05	1.05	1.05	1.05	450	542	585	598	592	6111.13	6111.13	6111.13	6111.13	6111.13	3	3	3	3	3	20	60	60	65	75	580	238	250	265	285
317	383	422	440	460	0	0	0	0	0	983	1155	1212	1212	1222	1.76	1.76	1.76	1.76	1.76	670	814	880	895	891	6331.42	6331.42	6331.42	6331.42	6331.42	3	3	3	3	3	0	17	30	30	30	202	415	420	420	420
535	1166	1284	1340	1390	0	0	0	0	0	1724	3246	3407	3407	3437	1.84	1.84	1.84	1.84	1.84	1061	2372	2549	2587	2559	8091.11	8091.11	8091.11	8091.11	8091.11	3	3	3	3	3	106	0	0	10	10	250	36	40	40	50
151	186	205	214	225	0	0	0	0	0	494	620	651	651	656	1.23	1.23	1.23	1.23	1.23	300	406	440	449	449	8429.8	8429.8	8429.8	8429.8	8429.8	3	3	3	3	3	10	61	100	180	255	524	236	330	350	435
394	372	410	427	445	0	0	0	0	0	872	840	882	882	889	3.25	3.25	3.25	3.25	3.25	778	711	757	769	761	8751.34	8751.34	8751.34	8751.34	8751.34	3	3	3	3	3	44	0	5	20	30	238	623	625	630	720
15	8	8	8	8	0	0	0	0	0	29	16	16	16	16	0.63	0.63	0.63	0.63	0.63	30	14	14	14	13	9818.83	9818.83	9818.83	9818.83	9818.83	3	3	3	3	3	100	238	240	250	260	3438	1348	1360	1470	1640
0	0	0	0	0	0	0	0	0	0	0	0	0	0	0	0	0	0	0	0	0	0	0	0	0	10505.77	10505.77	10505.77	10505.77	10505.77	3	3	3	3	3	0	234	250	300	300	0	4175	4850	5200	5200
917	965	1063	1110	1160	0	0	0	0	0	2519	2578	2706	2706	2728	1.59	1.59	1.59	1.59	1.59	1928	1935	2086	2120	2090	4502.76	4502.76	4502.76	4502.76	4502.76	3	3	3	3	3	20	0	0	0	0	114	0	0	0	0
0	0	0	0	0	0	0	0	0	0	0	0	0	0	0	0	0	0	0	0	0	0	0	0	0	9846.6	9846.6	9846.6	9846.6	9846.6	4	4	4	4	4	0	0	20	25	25	3500	415	520	525	525
0	0	0	0	0	0	0	0	0	0	0	0	0	0	0	0	0	0	0	0	0	0	0	0	0	11170.31	11170.31	11170.31	11170.31	11170.31	4	4	4	4	4	1100	60	250	340	440	8400	460	1050	1460	1860
0	0	0	0	0	0	0	0	0	0	0	0	0	0	0	0	0	0	0	0	0	0	0	0	0	12562.76	12562.76	12562.76	12562.76	12562.76	4	4	4	4	4	130	1454	1500	1500	1500	8370	4596	4600	4650	4700
415	0	0	0	0	0	0	0	0	0	1092	0	0	0	0	4.74	4.74	4.74	4.74	4.74	815	0	0	0	0	11665.85	11665.85	11665.85	11665.85	11665.85	4	4	4	4	4	0	400	400	450	450	1497	22540	22600	22650	22650
132	101	127	238	246	0	0	0	0	0	808	562	820	1094	1125	5.74	5.74	5.74	5.74	5.74	198	203	259	460	450	9017.71	9017.71	9017.71	9017.71	9017.71	4	4	4	4	4	0	20	30	40	40	3883	1910	1970	2060	2060
0	0	0	0	0	0	0	0	0	0	76	442	0	0	0	0	0	0	0	0	0	0	0	0	0	9653.84	9653.84	9653.84	9653.84	9653.84	4	4	4	4	4	20	37	0	0	0	3480	739	1041	808	869
154	146	157	163	168	0	0	0	0	0	416	353	434	452	465	4.26	4.26	4.26	4.26	4.26	240	229	256	261	244	10183.67	10183.67	10183.67	10183.67	10183.67	4	4	4	4	4	0	10	20	20	20	3612	3430	3580	3580	3680
3093	3093	3256	3553	3671	0	0	0	0	0	7086	6677	7637	8373	8611	6.07	6.07	6.07	6.07	6.07	4831	4410	4637	5024	5160	9236.54	9236.54	9236.54	9236.54	9236.54	4	4	4	4	4	250	0	0	0	0	163	936	3784	3646	3800
2115	2174	2157	2241	2315	0	0	0	0	0	4670	4902	4868	5072	5216	6.39	6.39	6.39	6.39	6.39	3293	3119	2970	3103	3061	8740.95	8740.95	8740.95	8740.95	8740.95	4	4	4	4	4	286	108	285	101	105	158	703	148	64	67
1285	1295	1310	1361	1406	0	0	0	0	0	3098	2951	3230	3364	3460	5.53	5.53	5.53	5.53	5.53	2077	2033	2089	2140	2151	8549.51	8549.51	8549.51	8549.51	8549.51	4	4	4	4	4	11	127	326	119	124	59	155	139	107	112
2488	2438	2537	2636	2723	0	0	0	0	0	6052	5772	6309	6573	6759	4.56	4.56	4.56	4.56	4.56	4069	3870	3997	4070	4224	9175.23	9175.23	9175.23	9175.23	9175.23	4	4	4	4	4	191	15	13	13	13	358	67	60	17	18
1823	1827	1859	1931	1995	0	0	0	0	0	4404	4258	4591	4783	4918	5.34	5.34	5.34	5.34	5.34	3062	3036	3099	3177	3148	8022.24	8022.24	8022.24	8022.24	8022.24	4	4	4	4	4	70	0	218	229	238	62	913	357	43	45
870	853	887	921	951	0	0	0	0	0	2241	1988	2336	2434	2503	5.85	5.85	5.85	5.85	5.85	1415	1360	1417	1446	1427	7228.94	7228.94	7228.94	7228.94	7228.94	4	4	4	4	4	160	19	79	59	61	275	173	59	14	15
1059	1069	1080	1122	1159	0	0	0	0	0	2591	2526	2701	2814	2894	5.59	5.59	5.59	5.59	5.59	1639	1630	1643	1670	1682	7254.98	7254.98	7254.98	7254.98	7254.98	4	4	4	4	4	80	67	182	191	199	369	465	274	258	269
1443	1457	1471	1529	1580	0	0	0	0	0	3711	3525	3869	4030	4145	5.01	5.01	5.01	5.01	5.01	2246	2322	2372	2411	2325	7530.87	7530.87	7530.87	7530.87	7530.87	4	4	4	4	4	83	69	91	96	100	365	315	379	377	393
1033	1014	1053	1094	1130	0	0	0	0	0	2836	2734	2956	3080	3167	4.83	4.83	4.83	4.83	4.83	1789	1825	1877	1916	1887	7619.83	7619.83	7619.83	7619.83	7619.83	4	4	4	4	4	92	56	94	99	103	165	500	375	111	116
1448	1387	1528	1587	1640	0	0	0	0	0	3199	3032	3455	3599	3701	7.03	7.03	7.03	7.03	7.03	2261	2133	2315	2353	2316	8733.12	8733.12	8733.12	8733.12	8733.12	4	4	4	4	4	201	54	105	110	115	617	208	164	28	29
1155	1184	1382	1436	1484	0	0	0	0	0	2742	2690	3338	3477	3576	10.53	10.53	10.53	10.53	10.53	1811	1578	1750	1767	1699	9731.23	9731.23	9731.23	9731.23	9731.23	4	4	4	4	4	900	307	229	240	250	1202	783	628	636	663
3011	3071	3183	3305	3414	0	0	0	0	0	7197	6931	7767	8091	8320	4.72	4.72	4.72	4.72	4.72	5251	5114	5370	5493	5310	9224.32	9224.32	9224.32	9224.32	9224.32	4	4	4	4	4	209	1340	1025	1075	1120	374	710	1229	1098	1144
1526	1568	1556	1617	1670	0	0	0	0	0	3492	3327	3640	3792	3900	5.13	5.13	5.13	5.13	5.13	2671	2469	2523	2581	2599	9785.69	9785.69	9785.69	9785.69	9785.69	4	4	4	4	4	37	270	238	250	260	156	434	373	36	38
930	927	948	982	1014	0	0	0	0	0	2072	1970	2172	2256	2321	5.17	5.17	5.17	5.17	5.17	1502	1429	1482	1511	1511	9221.87	9221.87	9221.87	9221.87	9221.87	4	4	4	4	4	174	56	42	44	46	378	196	160	50	52
1218	1238	1242	1290	1333	0	0	0	0	0	2698	2523	2813	2930	3013	6.47	6.47	6.47	6.47	6.47	1955	1870	1810	1844	1835	8216.73	8216.73	8216.73	8216.73	8216.73	4	4	4	4	4	435	125	100	104	109	95	249	485	541	553
857	862	874	908	938	0	0	0	0	0	2020	1930	2106	2194	2256	5.54	5.54	5.54	5.54	5.54	1515	1443	1485	1519	1519	8558.96	8558.96	8558.96	8558.96	8558.96	4	4	4	4	4	41	176	495	520	542	108	573	102	45	47
1223	1228	1247	1295	1338	0	0	0	0	0	2837	2692	2958	3081	3168	6.05	6.05	6.05	6.05	6.05	2186	2004	2086	2145	2136	7781.7	7781.7	7781.7	7781.7	7781.7	4	4	4	4	4	142	39	47	50	52	163	115	109	20	21
2463	2441	2512	2609	2695	0	0	0	0	0	5216	4976	5438	5665	5825	6.01	6.01	6.01	6.01	6.01	3595	3779	3959	4051	3985	6859.26	6859.26	6859.26	6859.26	6859.26	4	4	4	4	4	150	320	162	131	136	239	63	158	16	17
1251	1334	1276	1325	1369	0	0	0	0	0	1874	1865	1954	2035	2093	19.79	19.79	19.79	19.79	19.79	1659	1700	1697	1726	1671	5941.98	5941.98	5941.98	5941.98	5941.98	4	4	4	4	4	60	412	171	179	187	463	232	236	32	33
1268	1300	1293	1343	1387	0	0	0	0	0	2495	2545	2601	2710	2786	10.68	10.68	10.68	10.68	10.68	1632	1975	1963	2001	1933	5048.75	5048.75	5048.75	5048.75	5048.75	4	4	4	4	4	176	240	68	72	75	376	342	480	193	201
2667	2734	2720	2826	2920	0	0	0	0	0	4661	4720	4859	5061	5205	16.13	16.13	16.13	16.13	16.13	3022	2684	2202	2176	1984	4509.75	4509.75	4509.75	4509.75	4509.75	4	4	4	4	4	1070	281	200	210	219	650	606	387	378	394
2430	2470	2478	2575	2660	0	0	0	0	0	5118	5186	5335	5558	5716	9.59	9.59	9.59	9.59	9.59	3267	3700	3694	3768	3661	6123.16	6123.16	6123.16	6123.16	6123.16	4	4	4	4	4	98	500	1218	1278	1332	324	890	662	478	498
2641	2695	2668	2772	2864	0	0	0	0	0	5966	6056	6160	6417	6599	8.92	8.92	8.92	8.92	8.92	3681	3543	3447	3488	3335	5373.67	5373.67	5373.67	5373.67	5373.67	4	4	4	4	4	180	95	112	117	122	376	1179	330	87	91
2870	2870	2901	3012	3112	0	0	0	0	0	6110	6561	6310	6574	6760	15.25	15.25	15.25	15.25	15.25	2465	2945	2739	2722	2494	4204.08	4204.08	4204.08	4204.08	4204.08	4	4	4	4	4	323	161	205	215	224	586	456	377	357	372
1453	1400	1431	1486	1535	0	0	0	0	0	4670	4980	4749	4947	5087	7.26	7.26	7.26	7.26	7.26	1566	1956	1912	1923	1802	4089.99	4089.99	4089.99	4089.99	4089.99	4	4	4	4	4	51	286	368	386	402	350	16	626	552	575
1930	1901	1917	1992	2058	0	0	0	0	0	5640	5959	5760	6000	6170	7.05	7.05	7.05	7.05	7.05	2127	2516	2305	2394	2227	5280.03	5280.03	5280.03	5280.03	5280.03	4	4	4	4	4	350	6	58	61	64	203	392	493	470	489
1261	1268	1286	1336	1380	0	0	0	0	0	3047	2889	3176	3309	3403	7.06	7.06	7.06	7.06	7.06	1955	1796	1766	1834	1788	6462.74	6462.74	6462.74	6462.74	6462.74	4	4	4	4	4	205	44	400	197	205	256	577	180	99	103
943	914	962	999	1032	0	0	0	0	0	2474	2489	2579	2687	2763	5.91	5.91	5.91	5.91	5.91	1400	1413	1460	1484	1372	6381.58	6381.58	6381.58	6381.58	6381.58	4	4	4	4	4	22	36	234	116	121	340	489	249	107	111
1049	1051	1070	1111	1148	0	0	0	0	0	2442	2347	2546	2652	2727	6.12	6.12	6.12	6.12	6.12	1629	1529	1568	1598	1565	6476.12	6476.12	6476.12	6476.12	6476.12	4	4	4	4	4	74	64	25	26	27	108	268	354	158	165
2797	2833	2801	2910	3006	0	0	0	0	0	6505	6958	6662	6940	7136	7.32	7.32	7.32	7.32	7.32	3936	3817	3610	3714	3591	5393.48	5393.48	5393.48	5393.48	5393.48	4	4	4	4	4	249	110	84	89	92	314	6	107	14	15
2036	1996	2025	2104	2174	0	0	0	0	0	4736	5605	4817	5018	5161	11.09	11.09	11.09	11.09	11.09	2289	2410	2242	2250	2086	4236.41	4236.41	4236.41	4236.41	4236.41	4	4	4	4	4	203	163	284	167	174	403	361	306	119	124
1209	1212	1253	1302	1345	0	0	0	0	0	2809	3385	2976	3101	3189	7.32	7.32	7.32	7.32	7.32	1442	1644	1574	1594	1531	4681.36	4681.36	4681.36	4681.36	4681.36	4	4	4	4	4	40	215	232	242	252	539	429	448	370	386
976	990	1016	1055	1090	0	0	0	0	0	2475	2672	2628	2738	2816	6.44	6.44	6.44	6.44	6.44	1330	1329	1303	1319	1228	5404.02	5404.02	5404.02	5404.02	5404.02	4	4	4	4	4	53	11	45	47	49	352	619	719	689	718
1935	1952	1973	2050	2118	0	0	0	0	0	4475	4390	4665	4860	4998	6.31	6.31	6.31	6.31	6.31	2828	2912	2950	3037	2942	6588.89	6588.89	6588.89	6588.89	6588.89	4	4	4	4	4	142	28	61	64	67	126	371	363	143	149
935	943	1015	1054	1089	0	0	0	0	0	2168	2076	2404	2504	2575	5.5	5.5	5.5	5.5	5.5	1433	1365	1484	1515	1531	7413.28	7413.28	7413.28	7413.28	7413.28	4	4	4	4	4	12	152	161	69	72	0	100	120	60	62
403	408	431	448	463	0	0	0	0	0	954	1035	1042	1086	1117	6.16	6.16	6.16	6.16	6.16	572	624	634	647	629	6366.56	6366.56	6366.56	6366.56	6366.56	4	4	4	4	4	12	19	10	2	0	390	88	2	0	2
1496	1524	1576	1691	1747	0	0	0	0	0	3158	3048	3407	3669	3773	6.74	6.74	6.74	6.74	6.74	2240	2169	2269	2392	2350	7939.71	7939.71	7939.71	7939.71	7939.71	4	4	4	4	4	211	7	14	14	15	387	231	407	190	198
1768	1793	1905	2085	2154	0	0	0	0	0	4211	3967	4619	5051	5194	6.19	6.19	6.19	6.19	6.19	2656	2393	2561	2727	2686	7101.86	7101.86	7101.86	7101.86	7101.86	4	4	4	4	4	222	226	240	253	264	689	505	418	48	50
1669	1673	1753	1874	1936	0	0	0	0	0	3912	3610	4193	4487	4615	5.83	5.83	5.83	5.83	5.83	2586	2576	2787	2928	2921	6524.92	6524.92	6524.92	6524.92	6524.92	4	4	4	4	4	40	285	252	265	276	308	570	723	210	219
3009	3037	3171	3400	3513	0	0	0	0	0	6867	6759	7388	7935	8161	7.6	7.6	7.6	7.6	7.6	4069	3925	4046	4228	4083	5571.23	5571.23	5571.23	5571.23	5571.23	4	4	4	4	4	359	32	45	48	50	1325	291	320	122	127
1656	1676	1791	1966	2031	0	0	0	0	0	3689	3604	4075	4484	4611	36.42	36.42	36.42	36.42	36.42	2437	2301	2422	2593	2467	5016.38	5016.38	5016.38	5016.38	5016.38	4	4	4	4	4	274	352	409	429	447	628	1291	1481	1281	1335
409	438	417	433	447	0	0	0	0	0	1119	1064	1167	1215	1250	6.5	6.5	6.5	6.5	6.5	549	696	692	705	715	4773.77	4773.77	4773.77	4773.77	4773.77	4	4	4	4	4	20	62	312	327	341	207	792	736	682	710
1040	1043	1060	1102	1138	0	0	0	0	0	2542	2386	2650	2761	2839	6.12	6.12	6.12	6.12	6.12	1439	1495	1571	1597	1656	4662.34	4662.34	4662.34	4662.34	4662.34	4	4	4	4	4	47	9	23	25	26	784	642	215	23	24
76	153	485	504	800	0	0	0	0	0	171	798	804	837	2092	9.38	9.38	9.38	9.38	9.38	110	287	638	648	1200	4363.76	4363.76	4363.76	4363.76	4363.76	4	4	4	4	4	37	148	53	57	59	2745	632	818	541	564
25	52	86	90	93	0	0	0	0	0	458	277	571	595	612	4.48	4.48	4.48	4.48	4.48	38	75	123	123	111	3269.93	3269.93	3269.93	3269.93	3269.93	4	4	4	4	4	81	49	42	44	46	501	1941	4967	4280	4460
50	68	255	264	273	0	0	0	0	0	1115	690	1704	1776	1826	48.74	48.74	48.74	48.74	48.74	62	95	302	295	314	2683.93	2683.93	2683.93	2683.93	2683.93	4	4	4	4	4	244	56	92	97	101	222	697	592	558	582
554	812	830	862	890	0	0	0	0	0	3547	5230	4334	4515	4643	18.42	18.42	18.42	18.42	18.42	638	1082	958	940	846	3394.37	3394.37	3394.37	3394.37	3394.37	4	4	4	4	4	316	37	278	292	304	16132	9409	8307	7928	8263
599	547	611	634	655	0	0	0	0	0	985	881	1131	1178	1212	52.64	52.64	52.64	52.64	52.64	451	467	464	455	475	2050.81	2050.81	2050.81	2050.81	2050.81	4	4	4	4	4	267	0	360	378	394	312	10323	9022	10606	10968
179	177	200	208	215	0	0	0	0	0	1228	1291	1500	1563	1610	5.91	5.91	5.91	5.91	5.91	167	197	156	150	205	2877.81	2877.81	2877.81	2877.81	2877.81	4	4	4	4	4	550	0	304	319	333	4619	1562	1116	1040	1084
298	301	332	332	340	0	0	0	0	0	1294	1503	1610	1677	1724	9.13	9.13	9.13	9.13	9.13	280	281	176	240	236	2649.33	2649.33	2649.33	2649.33	2649.33	4	4	4	4	4	600	150	626	657	685	350	6255	5195	2917	3124
1845	1814	1881	1955	2020	0	0	0	0	0	3363	3552	3610	3761	3868	18.48	18.48	18.48	18.48	18.48	1776	1934	1769	1770	1543	4030.09	4030.09	4030.09	4030.09	4030.09	4	4	4	4	4	799	283	283	277	289	1329	1068	945	899	936
1480	1523	1509	1568	1620	0	0	0	0	0	2903	2884	3131	3261	3354	14.24	14.24	14.24	14.24	14.24	1521	1537	1458	1456	1176	3349.84	3349.84	3349.84	3349.84	3349.84	4	4	4	4	4	872	416	910	954	994	2333	1449	1646	1235	1287
1700	1824	1995	2075	2135	0	0	0	0	0	2863	3889	3089	3218	3309	55.72	55.72	55.72	55.72	55.72	1077	1100	918	942	796	1991.26	1991.26	1991.26	1991.26	1991.26	4	4	4	4	4	135	1061	993	1042	1086	96	2782	2679	2749	2865
2613	2581	2614	2715	2805	0	0	0	0	0	7041	8294	7236	7538	7752	11.39	11.39	11.39	11.39	11.39	1550	2587	2407	2361	2087	2547.56	2547.56	2547.56	2547.56	2547.56	4	4	4	4	4	311	34	54	61	64	3269	296	246	226	235
672	611	1052	1093	1129	0	0	0	0	0	2117	2332	3183	3316	3410	9.71	9.71	9.71	9.71	9.71	534	795	1130	1124	1038	3688.81	3688.81	3688.81	3688.81	3688.81	4	4	4	4	4	361	303	354	371	387	648	3072	3449	2758	2874
698	606	1079	1121	1158	0	0	0	0	0	2068	2170	3132	3262	3355	8.53	8.53	8.53	8.53	8.53	587	767	626	600	510	3329.18	3329.18	3329.18	3329.18	3329.18	4	4	4	4	4	1800	351	411	431	449	4302	310	777	714	744
1318	1374	1446	1502	1552	0	0	0	0	0	3131	4009	3504	3650	3754	13.23	13.23	13.23	13.23	13.23	826	1199	1125	1081	1001	2248.85	2248.85	2248.85	2248.85	2248.85	4	4	4	4	4	93	495	2050	2150	2240	1674	651	6647	6330	6597
3676	4004	3851	4002	4135	0	0	0	0	0	6410	7230	6922	7211	7416	30.55	30.55	30.55	30.55	30.55	2591	2762	2509	2421	2057	2246.49	2246.49	2246.49	2246.49	2246.49	4	4	4	4	4	404	41	106	111	116	3571	1958	1745	784	817
1242	1161	1328	1379	1425	0	0	0	0	0	2890	3000	3175	3308	3402	15.58	15.58	15.58	15.58	15.58	791	1189	1191	1175	1048	3232.96	3232.96	3232.96	3232.96	3232.96	4	4	4	4	4	217	444	460	483	503	3751	2932	3762	3585	3736
2474	2542	2625	2727	2817	0	0	0	0	0	5140	6339	5598	5832	5997	20.08	20.08	20.08	20.08	20.08	1929	2413	2102	2061	1827	3305.73	3305.73	3305.73	3305.73	3305.73	4	4	4	4	4	732	412	247	259	270	2089	7435	3988	3514	3662
3356	3108	3524	3662	3783	0	0	0	0	0	5934	5626	6353	6618	6806	20.21	20.21	20.21	20.21	20.21	2730	2304	2382	2306	1977	2549.31	2549.31	2549.31	2549.31	2549.31	4	4	4	4	4	306	662	834	874	911	818	1109	2309	2255	2350
3513	3560	3889	4040	4174	0	0	0	0	0	5933	5912	6748	7030	7229	23.2	23.2	23.2	23.2	23.2	3550	3138	3011	2970	2684	3407.8	3407.8	3407.8	3407.8	3407.8	4	4	4	4	4	1073	468	349	365	380	1709	769	828	790	824
3964	3870	4091	4252	4393	0	0	0	0	0	7177	6666	7565	7881	8105	11.98	11.98	11.98	11.98	11.98	5556	4733	4778	4793	4498	3178.5	3178.5	3178.5	3178.5	3178.5	4	4	4	4	4	1059	1013	1222	1281	1335	853	1789	1761	1266	1319
1351	1558	1765	1834	1895	0	0	0	0	0	3056	2917	4057	4227	4347	6.25	6.25	6.25	6.25	6.25	2270	2443	2968	3014	2999	4125.4	4125.4	4125.4	4125.4	4125.4	4	4	4	4	4	193	1234	1206	1265	1318	621	1926	818	675	704
821	831	837	870	899	0	0	0	0	0	1978	2065	2062	2148	2209	4.13	4.13	4.13	4.13	4.13	1358	1361	1468	1496	1504	4661.24	4661.24	4661.24	4661.24	4661.24	4	4	4	4	4	400	255	220	230	240	1788	1162	685	238	248
866	876	883	917	947	0	0	0	0	0	2140	2214	2231	2324	2390	5.02	5.02	5.02	5.02	5.02	1243	1486	1419	1481	1464	3795.95	3795.95	3795.95	3795.95	3795.95	4	4	4	4	4	400	2185	456	478	498	69	31	1836	1731	1804
779	743	743	772	797	0	0	0	0	0	1878	2121	1807	1882	1935	6.7	6.7	6.7	6.7	6.7	927	1240	1167	1186	1155	2454.28	2454.28	2454.28	2454.28	2454.28	4	4	4	4	4	48	30	455	237	245	698	713	37	25	28
43	406	44	45	46	0	0	0	0	0	70	641	73	76	78	3.58	3.58	3.58	3.58	3.58	59	568	60	60	56	2116.02	2116.02	2116.02	2116.02	2116.02	4	4	4	4	4	250	208	54	58	60	1038	653	889	352	367
851	579	511	531	549	0	0	0	0	0	2986	1870	2055	2141	2201	9.09	9.09	9.09	9.09	9.09	702	648	542	526	464	2227.12	2227.12	2227.12	2227.12	2227.12	4	4	4	4	4	150	15	285	299	312	929	1062	1064	1001	1043
1600	1082	1004	1043	1077	0	0	0	0	0	5047	3830	3402	3543	3644	8.82	8.82	8.82	8.82	8.82	945	1354	1183	1169	1097	2413.12	2413.12	2413.12	2413.12	2413.12	4	4	4	4	4	150	97	171	179	187	1328	1014	981	486	506
1410	1474	1417	1473	1522	0	0	0	0	0	4333	4757	4457	4643	4774	5.1	5.1	5.1	5.1	5.1	1885	2105	1968	1980	2001	3695.51	3695.51	3695.51	3695.51	3695.51	4	4	4	4	4	50	13	171	179	187	65	1897	1531	1242	1294
815	803	811	842	870	0	0	0	0	0	2250	2531	2285	2381	2448	5.64	5.64	5.64	5.64	5.64	1031	1179	1118	1143	1073	4394.56	4394.56	4394.56	4394.56	4394.56	4	4	4	4	4	50	0	56	60	62	12	141	64	16	17
934	929	850	883	912	0	0	0	0	0	2916	3245	2738	2852	2933	5.79	5.79	5.79	5.79	5.79	896	1388	1184	1191	1127	3137.92	3137.92	3137.92	3137.92	3137.92	4	4	4	4	4	167	0	56	25	26	440	5	9	7	7
798	742	712	739	763	0	0	0	0	0	1812	1837	1587	1653	1700	7.48	7.48	7.48	7.48	7.48	657	844	655	642	647	2313.09	2313.09	2313.09	2313.09	2313.09	4	4	4	4	4	516	9	191	200	208	415	511	445	251	262
12	13	13	22	24	0	0	0	0	0	23	21	24	35	36	0	0	0	0	0	16	13	14	14	331	1173.58	1173.58	1173.58	1173.58	1173.58	4	4	4	4	4	45	37	588	616	642	3042	431	486	253	264
2	8	300	310	315	0	0	0	0	0	142	91	648	674	696	0	0	0	0	0	2	12	2	2	280	1049.15	1049.15	1049.15	1049.15	1049.15	4	4	4	4	4	252	311	51	54	56	1541	2115	3336	3353	3494
214	446	1350	1400	1450	0	0	0	0	0	330	644	2293	2389	2457	111	111	111	111	111	285	584	1639	1666	1397	1026.98	1026.98	1026.98	1026.98	1026.98	4	4	4	4	4	55	236	287	301	314	2342	2948	1640	1577	1643
74	105	400	885	950	0	0	0	0	0	122	155	480	1200	1400	1000	1000	1000	1000	1000	50	116	483	731	501	483.56	483.56	483.56	483.56	483.56	4	4	4	4	4	339	66	63	66	69	984	1464	2661	2609	2719
986	963	1205	1574	1626	0	0	0	0	0	1259	1291	1445	2150	2300	115.66	115.66	115.66	115.66	115.66	692	701	662	810	550	411.96	411.96	411.96	411.96	411.96	4	4	4	4	4	96	251	387	405	422	8276	8709	999	1457	1518
303	314	565	585	600	0	0	0	0	0	320	339	678	700	720	82.22	82.22	82.22	82.22	82.22	188	224	131	115	148	339.74	339.74	339.74	339.74	339.74	4	4	4	4	4	658	47	109	115	120	2412	1888	8952	8718	9085
0	0	0	0	0	0	0	0	0	0	0	500	500	500	500	0	0	0	0	0	0	0	0	0	0	1183.62	1183.62	1183.62	1183.62	1183.62	4	4	4	4	4	250	256	749	785	818	1010	7005	3860	4010	4179
31	69	32	33	34	0	0	0	0	0	36	105	38	39	40	0	0	0	0	0	8	57	21	20	17	1219.82	1219.82	1219.82	1219.82	1219.82	4	4	4	4	4	130	62	285	299	312	918	1155	1098	1044	1088
187	697	190	198	204	0	0	0	0	0	207	956	216	225	231	30.36	30.36	30.36	30.36	30.36	48	590	144	140	172	1431.46	1431.46	1431.46	1431.46	1431.46	4	4	4	4	4	100	0	148	155	162	158	1331	1140	1132	1179
1444	1475	1982	2060	2128	0	0	0	0	0	2004	2017	2923	3045	3132	62.33	62.33	62.33	62.33	62.33	1127	1317	1532	1489	1202	1545.35	1545.35	1545.35	1545.35	1545.35	4	4	4	4	4	229	101	114	119	124	1492	151	179	173	180
1735	1928	2152	2235	2300	0	0	0	0	0	2381	2499	2600	2690	2730	57.86	57.86	57.86	57.86	57.86	1187	1194	988	940	843	1982.71	1982.71	1982.71	1982.71	1982.71	4	4	4	4	4	220	140	261	274	286	615	2289	1563	1674	1744
1521	1538	1551	1611	1664	0	0	0	0	0	1990	2029	2075	2161	2222	71.87	71.87	71.87	71.87	71.87	1060	1083	467	398	308	1415.41	1415.41	1415.41	1415.41	1415.41	4	4	4	4	4	1209	28	250	262	273	1701	710	625	684	712
84	70	500	520	535	0	0	0	0	0	285	74	600	625	645	7400	7400	7400	7400	7400	64	0	29	25	72	876.67	876.67	876.67	876.67	876.67	4	4	4	4	4	550	73	1377	1444	1505	8999	2406	1724	1851	1929
201	242	310	320	330	0	0	0	0	0	438	734	700	728	745	0	0	0	0	0	152	58	172	161	189	804	804	804	804	804	4	4	4	4	4	233	159	626	657	685	807	2757	9535	12785	13323
241	313	830	855	880	0	0	0	0	0	489	400	990	1030	1070	83.75	83.75	83.75	83.75	83.75	197	25	46	38	54	820.05	820.05	820.05	820.05	820.05	4	4	4	4	4	2914	234	265	279	291	21810	1124	824	1185	1235
4	0	4	4	4	0	0	0	0	0	4	0	4	4	4	0	0	0	0	0	2	0	3	3	3	1360.95	1360.95	1360.95	1360.95	1360.95	4	4	4	4	4	120	8291	3319	3481	3627	260	26376	25698	41667	43416
951	1088	1072	1113	1150	0	0	0	0	0	1868	2270	2104	2192	2254	32.51	32.51	32.51	32.51	32.51	436	565	503	456	331	1485.02	1485.02	1485.02	1485.02	1485.02	4	4	4	4	4	61	0	136	143	149	785	76	262	287	299
727	886	1686	1750	1800	0	0	0	0	0	1594	1978	2025	2100	2150	3600	3600	3600	3600	3600	461	567	444	397	528	1028.59	1028.59	1028.59	1028.59	1028.59	4	4	4	4	4	104	37	69	73	76	6395	472	842	885	922
73	0	74	77	80	0	0	0	0	0	193	118	201	210	216	0	0	0	0	0	57	0	43	37	32	788.44	788.44	788.44	788.44	788.44	4	4	4	4	4	156	49	118	124	129	8914	7763	6874	8434	8789
0	1	21	21	21	0	0	0	0	0	0	1	35	36	37	0	0	0	0	0	0	0	0	0	0	380.4	380.4	380.4	380.4	380.4	4	4	4	4	4	2563	28	178	187	195	16531	10395	9774	11756	12251
269	279	435	450	465	0	0	0	0	0	399	393	780	811	835	110.58	110.58	110.58	110.58	110.58	208	210	295	249	156	140.41	140.41	140.41	140.41	140.41	4	4	4	4	4	445	6632	2920	3061	3190	11853	20227	17874	23817	24820
9	1	240	250	260	0	0	0	0	0	423	588	640	665	685	0	0	0	0	0	6	0	10	9	176	702.06	702.06	702.06	702.06	702.06	4	4	4	4	4	139	88	507	531	553	13383	11361	13426	16780	17487
1029	934	1350	1400	1450	0	0	0	0	0	2167	2387	2554	2674	2754	24.41	24.41	24.41	24.41	24.41	525	646	635	590	552	1592.34	1592.34	1592.34	1592.34	1592.34	4	4	4	4	4	118	49	158	166	173	4558	10453	14403	17640	18383
20	8	50	52	55	0	0	0	0	0	36	20	70	73	75	25.64	25.64	25.64	25.64	25.64	14	7	13	13	22	1377.96	1377.96	1377.96	1377.96	1377.96	4	4	4	4	4	230	28	134	141	147	1745	2534	4894	5154	5371
2	396	950	1500	1575	0	0	0	0	0	15	592	1140	1858	1913	0	0	0	0	0	2	423	516	969	1083	1187.18	1187.18	1187.18	1187.18	1187.18	4	4	4	4	4	350	150	262	275	287	520	2381	1833	1961	2043
227	330	486	505	522	0	0	0	0	0	452	629	1149	1197	1231	17	17	17	17	17	273	349	432	423	370	1415.87	1415.87	1415.87	1415.87	1415.87	4	4	4	4	4	521	135	399	418	436	742	933	1251	1298	1352
2536	2447	2637	2740	2831	0	0	0	0	0	4724	4747	5060	5271	5421	21.02	21.02	21.02	21.02	21.02	2947	2154	2157	2111	1845	2039.75	2039.75	2039.75	2039.75	2039.75	4	4	4	4	4	223	0	593	622	648	1489	1421	853	1094	1140
1300	1423	1784	1854	1915	0	0	0	0	0	3558	3481	4929	5135	5280	15.37	15.37	15.37	15.37	15.37	1767	1210	1134	1092	1031	2553.09	2553.09	2553.09	2553.09	2553.09	4	4	4	4	4	587	185	253	267	278	861	1465	1540	1290	1345
0	0	0	0	0	0	0	0	0	0	0	0	0	0	0	0	0	0	0	0	0	0	0	0	0	4175.71	4175.71	4175.71	4175.71	4175.71	4	4	4	4	4	70	215	269	300	329	1561	1229	1043	957	980
46	46	47	48	50	0	0	0	0	0	118	122	123	128	132	66.57	66.57	66.57	66.57	66.57	74	66	65	65	62	4649.99	4649.99	4649.99	4649.99	4649.99	4	4	4	4	4	70	278	80	84	88	884	1527	3724	5600	5835
1530	1527	1560	1621	1675	0	0	0	0	0	3809	3737	3971	4137	4254	8.13	8.13	8.13	8.13	8.13	2404	1905	1896	1908	1778	3519.95	3519.95	3519.95	3519.95	3519.95	4	4	4	4	4	177	0	80	84	88	1000	1205	994	986	1027
693	771	706	734	758	0	0	0	0	0	1711	1836	1784	1858	1911	7.66	7.66	7.66	7.66	7.66	1111	917	876	881	806	3492.3	3492.3	3492.3	3492.3	3492.3	4	4	4	4	4	0	69	201	211	220	186	1069	1056	1000	1042
0	6	0	0	0	0	0	0	0	0	28	11	29	30	31	0	0	0	0	0	0	8	0	0	0	4447.68	4447.68	4447.68	4447.68	4447.68	4	4	4	4	4	283	92	0	0	0	6146	356	195	107	112
0	0	0	0	0	0	0	0	0	0	0	0	0	0	0	0	0	0	0	0	0	0	0	0	0	4783.37	4783.37	4783.37	4783.37	4783.37	4	4	4	4	4	550	140	323	338	352	1336	11089	6591	6425	6696
0	0	0	0	0	0	0	0	0	0	0	0	0	0	0	0	0	0	0	0	0	0	0	0	0	3541.96	3541.96	3541.96	3541.96	3541.96	4	4	4	4	4	95	37	626	657	685	1828	1153	1406	1327	1383
497	496	507	526	543	0	0	0	0	0	1287	1323	1342	1398	1437	8.31	8.31	8.31	8.31	8.31	570	608	595	592	532	2509.82	2509.82	2509.82	2509.82	2509.82	4	4	4	4	4	68	144	108	113	118	1143	3043	1906	1828	1905
1597	1694	2036	2116	2186	0	0	0	0	0	3040	3252	4087	4257	4378	11.03	11.03	11.03	11.03	11.03	1787	1843	1950	1937	1751	1903.12	1903.12	1903.12	1903.12	1903.12	4	4	4	4	4	613	22	78	81	84	1261	526	1308	536	559
60	82	61	63	65	0	0	0	0	0	121	144	126	131	135	0	0	0	0	0	68	112	90	90	81	867.75	867.75	867.75	867.75	867.75	4	4	4	4	4	0	271	698	732	763	206	1275	1376	1180	1230
710	781	1336	1388	1434	0	0	0	0	0	1360	1372	3158	3291	3384	10.6	10.6	10.6	10.6	10.6	836	924	1458	1434	1414	1255.65	1255.65	1255.65	1255.65	1255.65	4	4	4	4	4	450	0	0	0	0	272	86	216	107	112
174	303	177	184	190	0	0	0	0	0	492	825	513	534	549	6.78	6.78	6.78	6.78	6.78	223	335	191	189	171	1765.77	1765.77	1765.77	1765.77	1765.77	4	4	4	4	4	310	66	514	537	560	622	1573	272	220	229
3	0	3	3	3	0	0	0	0	0	8	0	8	9	9	0	0	0	0	0	1	0	3	3	3	1794.29	1794.29	1794.29	1794.29	1794.29	4	4	4	4	4	84	496	353	370	386	903	892	736	715	745
559	549	538	560	587	0	0	0	0	0	1442	1876	1413	1472	1513	7.53	7.53	7.53	7.53	7.53	642	777	654	678	644	4682.36	4682.36	4682.36	4682.36	4682.36	4	4	4	4	4	134	60	95	100	104	51	971	1476	1616	1684
2241	2152	2285	2374	2453	0	0	0	0	0	5425	5733	5656	5892	6059	5.95	5.95	5.95	5.95	5.95	3407	3300	3318	3378	3283	5796.95	5796.95	5796.95	5796.95	5796.95	4	4	4	4	4	99	15	154	101	105	148	81	40	15	16
276	270	281	292	302	0	0	0	0	0	696	796	726	756	777	5.3	5.3	5.3	5.3	5.3	419	415	408	414	394	5827.48	5827.48	5827.48	5827.48	5827.48	4	4	4	4	4	20	26	113	118	123	38	68	146	40	42
1652	1613	1756	1824	1884	0	0	0	0	0	4057	5047	4459	4645	4777	6.34	6.34	6.34	6.34	6.34	2399	2403	2394	2430	2330	4944.92	4944.92	4944.92	4944.92	4944.92	4	4	4	4	4	35	58	23	24	25	47	46	38	24	25
1892	1673	1878	1951	2016	0	0	0	0	0	5540	6324	6005	6255	6433	6.67	6.67	6.67	6.67	6.67	2172	2420	2491	2510	2373	3860.6	3860.6	3860.6	3860.6	3860.6	4	4	4	4	4	148	28	40	41	43	239	20	46	11	11
2373	2070	2369	2461	2542	0	0	0	0	0	6746	7272	7262	7565	7780	8.68	8.68	8.68	8.68	8.68	2198	2484	2624	2602	2305	3238.26	3238.26	3238.26	3238.26	3238.26	4	4	4	4	4	247	32	169	177	185	1283	227	276	123	128
1651	1501	1755	1823	1883	0	0	0	0	0	4356	4942	4770	4970	5111	6.66	6.66	6.66	6.66	6.66	2128	2199	2353	2374	2155	4388.89	4388.89	4388.89	4388.89	4388.89	4	4	4	4	4	72	310	283	295	307	827	460	1414	1068	1113
816	780	832	864	893	0	0	0	0	0	2051	2416	2138	2227	2291	6.8	6.8	6.8	6.8	6.8	1240	1151	1125	1139	1056	5410.61	5410.61	5410.61	5410.61	5410.61	4	4	4	4	4	77	24	82	86	90	533	510	1489	1023	1066
590	590	601	625	646	0	0	0	0	0	1299	1344	1354	1411	1451	6.14	6.14	6.14	6.14	6.14	826	774	786	797	752	4811.55	4811.55	4811.55	4811.55	4811.55	4	4	4	4	4	250	80	88	92	96	369	621	567	726	756
237	243	241	251	259	0	0	0	0	0	580	554	605	630	648	5.39	5.39	5.39	5.39	5.39	333	341	274	276	259	5496.64	5496.64	5496.64	5496.64	5496.64	4	4	4	4	4	695	917	285	299	312	1673	2110	485	25	26
24	10	24	25	26	0	0	0	0	0	41	10	43	45	46	0	0	0	0	0	19	9	28	29	27	2925.92	2925.92	2925.92	2925.92	2925.92	4	4	4	4	4	68	7	792	830	865	2634	124	1869	268	279
1301	1284	1531	1590	1643	0	0	0	0	0	2671	2844	3389	3531	3631	7.77	7.77	7.77	7.77	7.77	1497	1601	1758	1764	1649	2789.8	2789.8	2789.8	2789.8	2789.8	4	4	4	4	4	383	220	78	81	84	1415	1994	3065	2748	2864
2602	2692	2653	2757	2848	0	0	0	0	0	6002	6266	6257	6518	6703	8.9	8.9	8.9	8.9	8.9	3113	3309	3176	3201	3014	2995.56	2995.56	2995.56	2995.56	2995.56	4	4	4	4	4	181	97	436	457	476	3318	1221	1659	328	342
1058	1121	1079	1121	1158	0	0	0	0	0	2500	2728	2606	2715	2792	5.63	5.63	5.63	5.63	5.63	1457	1519	1428	1440	1340	4959.54	4959.54	4959.54	4959.54	4959.54	4	4	4	4	4	94	94	206	216	225	811	4638	3670	2902	3024
4821	4648	4917	5105	5274	0	0	0	0	0	11374	10461	11853	12354	12702	5.38	5.38	5.38	5.38	5.38	7158	6601	7013	7131	6903	5463.73	5463.73	5463.73	5463.73	5463.73	4	4	4	4	4	271	41	107	112	117	597	937	1260	812	846
2913	2912	2971	3086	3188	0	0	0	0	0	6084	6237	6343	6607	6795	8.49	8.49	8.49	8.49	8.49	4069	3397	3601	3635	3406	3787.57	3787.57	3787.57	3787.57	3787.57	4	4	4	4	4	244	324	309	323	336	788	524	634	563	587
643	806	818	826	833	0	0	0	0	0	1178	1361	1406	1415	1414	6.65	6.65	6.65	6.65	6.65	1027	998	994	966	890	5169.46	5169.46	5169.46	5169.46	5169.46	4	4	4	4	4	461	1681	278	292	304	447	429	1746	790	824
915	930	1005	1060	1130	0	0	0	0	0	2364	2331	2530	2650	2775	3.07	3.07	3.07	3.07	3.07	1645	1521	1623	1672	1724	6336.34	6336.34	6336.34	6336.34	6336.34	4	4	4	4	4	45	67	126	195	216	94	1500	1388	1373	1388
854	868	985	1130	1260	0	0	0	0	0	2183	2402	2730	3120	3410	3.22	3.22	3.22	3.22	3.22	1529	1515	1687	1855	1939	6834.28	6834.28	6834.28	6834.28	6834.28	4	4	4	4	4	65	23	25	45	50	576	40	75	75	170
0	0	0	0	0	0	0	0	0	0	0	0	0	0	0	0	0	0	0	0	0	0	0	0	0	5883.9	5883.9	5883.9	5883.9	5883.9	4	4	4	4	4	75	15	35	175	330	680	482	665	880	770
0	1	0	0	0	0	0	0	0	0	0	1	0	0	0	0	0	0	0	0	0	1	0	0	0	4863.47	4863.47	4863.47	4863.47	4863.47	4	4	4	4	4	91	78	90	100	120	2174	235	255	255	355
1153	1100	1380	1433	1481	0	0	0	0	0	3000	3170	3649	3801	3909	4.71	4.71	4.71	4.71	4.71	1824	1673	1982	2007	1908	7839.96	7839.96	7839.96	7839.96	7839.96	4	4	4	4	4	40	0	104	108	114	627	1081	2357	2284	2378
2123	2150	2267	2355	2433	0	0	0	0	0	4742	5146	4996	5204	5352	5.92	5.92	5.92	5.92	5.92	2824	2925	2917	2960	2803	6744.29	6744.29	6744.29	6744.29	6744.29	4	4	4	4	4	100	21	45	47	49	322	542	926	922	961
1795	1646	2136	2248	2323	0	0	0	0	0	4449	4448	5420	5646	5806	5.09	5.09	5.09	5.09	5.09	2758	2263	2760	2788	2593	7097.84	7097.84	7097.84	7097.84	7097.84	4	4	4	4	4	149	94	115	119	124	843	606	327	327	341
628	677	835	985	1036	0	0	0	0	0	1610	1714	2154	2545	2660	4.11	4.11	4.11	4.11	4.11	1291	1127	1365	1576	1607	10346.97	10346.97	10346.97	10346.97	10346.97	4	4	4	4	4	100	103	170	178	185	329	423	1192	440	459
1780	1774	1775	1900	2300	0	0	0	0	0	4399	4346	4295	4600	5640	4	4	4	4	4	3115	2785	2730	2863	3330	11477.46	11477.46	11477.46	11477.46	11477.46	4	4	4	4	4	33	144	145	145	145	598	465	465	475	475
1954	1999	2550	2672	2700	0	0	0	0	0	4640	4965	6050	6340	6710	5.41	5.41	5.41	5.41	5.41	3365	2702	3168	3236	3164	12644.74	12644.74	12644.74	12644.74	12644.74	4	4	4	4	4	166	62	65	65	65	844	235	555	555	555
552	556	560	560	560	0	0	0	0	0	1428	1409	1400	1400	1420	3.86	3.86	3.86	3.86	3.86	874	757	729	710	684	12718.66	12718.66	12718.66	12718.66	12718.66	4	4	4	4	4	55	1232	1240	1265	1270	780	761	760	925	930
1003	1004	1050	1170	1200	0	0	0	0	0	2528	2512	2645	2950	3040	3.99	3.99	3.99	3.99	3.99	1713	1549	1594	1730	1752	11504.1	11504.1	11504.1	11504.1	11504.1	4	4	4	4	4	34	162	200	200	200	320	299	700	710	720
427	422	480	550	560	0	0	0	0	0	1013	1016	1140	1310	1350	3.55	3.55	3.55	3.55	3.55	663	595	642	717	707	10410.28	10410.28	10410.28	10410.28	10410.28	4	4	4	4	4	110	32	35	35	35	155	571	570	575	575
601	579	580	730	800	0	0	0	0	0	1119	1153	1080	1360	1595	6.85	6.85	6.85	6.85	6.85	717	660	603	729	759	10467.97	10467.97	10467.97	10467.97	10467.97	4	4	4	4	4	880	354	355	355	360	192	412	415	420	420
607	579	910	998	1020	0	0	0	0	0	1537	1378	2302	2525	2430	3.85	3.85	3.85	3.85	3.85	1035	887	1361	1452	1432	11579.97	11579.97	11579.97	11579.97	11579.97	4	4	4	4	4	12	336	400	400	410	1153	293	560	565	560
901	853	855	900	910	0	0	0	0	0	1848	1726	1754	1845	1845	6.15	6.15	6.15	6.15	6.15	1438	1147	1127	1159	1124	12757.84	12757.84	12757.84	12757.84	12757.84	4	4	4	4	4	230	70	70	80	80	167	1455	1455	1470	1470
697	633	680	850	850	0	0	0	0	0	1752	1467	1708	2135	1970	3.79	3.79	3.79	3.79	3.79	1131	936	1009	1217	1132	12568	12568	12568	12568	12568	4	4	4	4	4	233	188	185	185	185	634	271	275	285	285
825	967	970	1300	1400	0	0	0	0	0	1388	1513	1481	2285	2360	9.39	9.39	9.39	9.39	9.39	1021	1084	1039	1420	1415	10995.56	10995.56	10995.56	10995.56	10995.56	4	4	4	4	4	730	93	120	130	150	140	702	3380	3470	3600
796	704	705	740	840	0	0	0	0	0	1801	1724	1593	1670	2060	4.94	4.94	4.94	4.94	4.94	1297	1063	1013	1037	1155	10733.09	10733.09	10733.09	10733.09	10733.09	4	4	4	4	4	63	331	380	385	390	128	146	320	335	340
941	934	1020	1060	1070	0	0	0	0	0	2434	2327	2448	2545	2670	3.43	3.43	3.43	3.43	3.43	1712	1515	1606	1637	1599	11775.28	11775.28	11775.28	11775.28	11775.28	4	4	4	4	4	54	80	80	80	80	229	191	190	200	200
812	842	845	850	1400	0	0	0	0	0	1590	1728	1625	1635	2875	9.5	9.5	9.5	9.5	9.5	1168	1015	935	912	1479	13008.21	13008.21	13008.21	13008.21	13008.21	4	4	4	4	4	312	12	10	10	10	128	261	265	265	265
579	581	660	690	700	0	0	0	0	0	1488	1345	1696	1775	1630	3.44	3.44	3.44	3.44	3.44	908	885	1028	1053	1025	12695.77	12695.77	12695.77	12695.77	12695.77	4	4	4	4	4	0	354	500	510	600	165	25	1200	1240	1390
694	700	710	710	720	0	0	0	0	0	1631	1514	1666	1665	1560	5.02	5.02	5.02	5.02	5.02	1278	1034	1063	1045	1007	11732.33	11732.33	11732.33	11732.33	11732.33	4	4	4	4	4	200	0	0	0	0	53	81	100	100	100
507	515	520	530	620	0	0	0	0	0	1068	1135	1426	1460	1615	5.22	5.22	5.22	5.22	5.22	826	697	711	707	767	10978.95	10978.95	10978.95	10978.95	10978.95	4	4	4	4	4	1300	104	105	105	110	258	190	190	195	205
832	792	830	840	850	0	0	0	0	0	1344	1566	1341	1360	1680	13.03	13.03	13.03	13.03	13.03	1191	929	873	863	929	13486.86	13486.86	13486.86	13486.86	13486.86	4	4	4	4	4	22	477	520	530	550	17	1056	1080	1120	1150
266	295	130	583	595	0	0	0	0	0	545	599	329	1111	1141	3.32	3.32	3.32	3.32	3.32	447	437	209	812	804	14587.25	14587.25	14587.25	14587.25	14587.25	4	4	4	4	4	250	20	20	20	20	1873	87	90	95	100
1	0	1192	1740	1773	0	0	0	0	0	3	0	2053	2999	3080	0	0	0	0	0	2	0	1384	1924	1873	14013.71	14013.71	14013.71	14013.71	14013.71	4	4	4	4	4	257	15	20	34	37	6178	6775	9093	14168	15437
781	686	676	676	691	0	0	0	0	0	1553	1372	1440	1442	1481	7.61	7.61	7.61	7.61	7.61	1310	541	294	280	227	14320.57	14320.57	14320.57	14320.57	14320.57	4	4	4	4	4	56	382	492	492	536	3168	8774	11303	11303	12316
855	910	906	920	938	0	0	0	0	0	2372	2651	2635	2670	2743	4.37	4.37	4.37	4.37	4.37	1571	1477	1444	1438	1426	14026.72	14026.72	14026.72	14026.72	14026.72	4	4	4	4	4	388	8241	11030	11031	12020	1591	3564	4770	4770	5197
987	1111	1109	1121	1145	0	0	0	0	0	2362	2492	2473	2514	2583	3.45	3.45	3.45	3.45	3.45	1890	1705	1673	1671	1680	15617.29	15617.29	15617.29	15617.29	15617.29	4	4	4	4	4	78	15	16	17	19	82	3089	3288	3487	3799
924	1117	1113	1126	1151	0	0	0	0	0	2234	2318	2304	2340	2434	3.06	3.06	3.06	3.06	3.06	1717	1866	1838	1841	1864	17555.39	17555.39	17555.39	17555.39	17555.39	4	4	4	4	4	5	75	75	75	82	989	485	485	485	528
2108	2265	2352	2380	2429	0	0	0	0	0	5257	5204	5396	5470	5619	3.04	3.04	3.04	3.04	3.04	3524	3624	3685	3682	3635	18304.18	18304.18	18304.18	18304.18	18304.18	4	4	4	4	4	1222	29	29	29	32	1352	346	346	346	377
1148	1150	1145	1160	1184	0	0	0	0	0	2962	2892	2875	2914	2993	2.65	2.65	2.65	2.65	2.65	2198	1860	1827	1823	1910	15919.89	15919.89	15919.89	15919.89	15919.89	4	4	4	4	4	0	649	659	669	729	80	945	960	975	1062
800	803	800	810	828	0	0	0	0	0	1928	1797	1785	1814	1863	3.78	3.78	3.78	3.78	3.78	1412	1195	1174	1171	1183	16362.67	16362.67	16362.67	16362.67	16362.67	4	4	4	4	4	17	0	0	0	0	926	100	100	100	109
742	740	737	745	761	0	0	0	0	0	1915	1869	1858	1882	1934	2.59	2.59	2.59	2.59	2.59	1375	1129	1106	1098	1110	14769.04	14769.04	14769.04	14769.04	14769.04	4	4	4	4	4	20	0	0	0	0	211	222	222	222	242
928	856	852	865	882	0	0	0	0	0	2127	2013	1999	2030	2085	4.48	4.48	4.48	4.48	4.48	1704	1197	1119	1104	1098	13983.67	13983.67	13983.67	13983.67	13983.67	4	4	4	4	4	192	7	7	7	8	1437	90	90	90	98
268	270	268	272	278	0	0	0	0	0	740	785	780	790	812	3.1	3.1	3.1	3.1	3.1	496	376	332	318	302	13597.83	13597.83	13597.83	13597.83	13597.83	4	4	4	4	4	210	784	859	934	1018	1588	1312	1437	1562	1702
99	82	69	70	70	0	0	0	0	0	250	191	160	163	167	4.55	4.55	4.55	4.55	4.55	184	120	97	96	95	13633.12	13633.12	13633.12	13633.12	13633.12	4	4	4	4	4	335	574	683	792	863	1640	476	567	658	717
181	183	181	184	188	0	0	0	0	0	489	459	454	462	475	3.4	3.4	3.4	3.4	3.4	326	271	256	252	247	13718.37	13718.37	13718.37	13718.37	13718.37	4	4	4	4	4	292	212	229	246	268	807	2326	2509	2692	2933
822	808	807	817	834	0	0	0	0	0	2020	1831	1823	1851	1902	3.66	3.66	3.66	3.66	3.66	1484	1181	1153	1143	1132	14884.05	14884.05	14884.05	14884.05	14884.05	4	4	4	4	4	155	223	253	283	308	406	1253	1423	1593	1736
566	645	721	730	745	0	0	0	0	0	1266	1389	1562	1586	1629	4.83	4.83	4.83	4.83	4.83	1044	909	977	971	964	14803.94	14803.94	14803.94	14803.94	14803.94	4	4	4	4	4	810	161	172	184	199	3375	212	226	242	262
927	979	975	988	1009	0	0	0	0	0	1989	2010	1995	2031	2087	5.55	5.55	5.55	5.55	5.55	1638	1355	1296	1292	1275	16397.12	16397.12	16397.12	16397.12	16397.12	4	4	4	4	4	405	453	470	487	531	1690	3593	3726	3859	4204
205	209	208	211	216	0	0	0	0	0	521	470	467	475	488	3.06	3.06	3.06	3.06	3.06	370	288	265	263	259	16294.8	16294.8	16294.8	16294.8	16294.8	4	4	4	4	4	237	553	576	599	653	1354	1811	1888	1965	2141
1274	1295	1295	1315	1341	0	0	0	0	0	2776	2707	2700	2749	2824	4.12	4.12	4.12	4.12	4.12	2455	2117	2093	2099	2115	18296.43	18296.43	18296.43	18296.43	18296.43	4	4	4	4	4	40	812	846	880	959	486	1553	1619	1685	1836
1089	1126	1128	1145	1167	0	0	0	0	0	3241	2970	2969	3008	3090	2.06	2.06	2.06	2.06	2.06	2358	2178	2165	2177	2192	19928.66	19928.66	19928.66	19928.66	19928.66	4	4	4	4	4	0	35	35	35	38	123	620	620	620	676
2161	2359	2356	2385	2434	0	0	0	0	0	6103	6077	6056	6133	6300	2.46	2.46	2.46	2.46	2.46	4538	4427	4384	4394	4404	21052.38	21052.38	21052.38	21052.38	21052.38	4	4	4	4	4	155	0	0	0	0	605	221	221	221	241
2033	2102	2208	2240	2285	0	0	0	0	0	4811	4703	4939	5019	5156	3.93	3.93	3.93	3.93	3.93	3890	3368	3445	3452	3454	19020.96	19020.96	19020.96	19020.96	19020.96	4	4	4	4	4	565	88	88	88	96	663	483	483	483	526
1609	1749	1770	1795	1833	0	0	0	0	0	3999	3996	4037	4100	4213	3.03	3.03	3.03	3.03	3.03	3022	2869	2869	2873	2904	18241.41	18241.41	18241.41	18241.41	18241.41	4	4	4	4	4	40	836	836	836	911	803	725	725	725	790
917	976	973	985	1006	0	0	0	0	0	2505	2348	2336	2369	2434	3.99	3.99	3.99	3.99	3.99	1757	1740	1717	1721	1752	17318.95	17318.95	17318.95	17318.95	17318.95	4	4	4	4	4	90	43	43	43	47	530	736	736	736	802
591	590	587	595	608	0	0	0	0	0	1615	1497	1488	1509	1550	2.56	2.56	2.56	2.56	2.56	1108	1025	1008	1007	1045	16799.93	16799.93	16799.93	16799.93	16799.93	4	4	4	4	4	0	22	22	22	24	169	266	266	266	290
37	35	34	35	36	0	0	0	0	0	60	145	144	146	150	13.17	13.17	13.17	13.17	13.17	69	67	64	64	65	16954.63	16954.63	16954.63	16954.63	16954.63	4	4	4	4	4	124	38	38	38	41	3040	451	451	451	492
219	219	218	222	226	0	0	0	0	0	522	522	519	527	540	3.57	3.57	3.57	3.57	3.57	392	346	338	338	361	16196.33	16196.33	16196.33	16196.33	16196.33	4	4	4	4	4	283	195	200	205	223	1932	3601	3696	3791	4131
619	615	613	621	634	0	0	0	0	0	1707	1549	1542	1563	1605	2.84	2.84	2.84	2.84	2.84	1109	933	912	904	902	14996.56	14996.56	14996.56	14996.56	14996.56	4	4	4	4	4	165	94	94	94	102	350	2575	2575	2575	2806
210	204	203	206	210	0	0	0	0	0	248	233	230	237	244	21.1	21.1	21.1	21.1	21.1	375	205	182	179	177	13847.04	13847.04	13847.04	13847.04	13847.04	4	4	4	4	4	1028	116	116	116	127	1310	214	214	214	233
0	0	0	0	0	0	0	0	0	0	0	0	0	0	0	0	0	0	0	0	0	0	0	0	0	14049.71	14049.71	14049.71	14049.71	14049.71	4	4	4	4	4	1359	774	822	870	948	4208	2433	2585	2737	2982
1552	1568	1566	1590	1620	0	0	0	0	0	4065	3783	3770	3825	3929	3	3	3	3	3	3140	2614	2573	2571	2587	15087.05	15087.05	15087.05	15087.05	15087.05	4	4	4	4	4	76	1208	1237	1266	1379	2128	5038	5159	5280	5753
625	639	635	645	658	0	0	0	0	0	1259	1264	1253	1276	1310	5.53	5.53	5.53	5.53	5.53	1129	877	794	789	781	15039.86	15039.86	15039.86	15039.86	15039.86	4	4	4	4	4	1299	232	232	232	253	3435	1631	1631	1631	1777
1021	1015	1014	1026	1048	0	0	0	0	0	2495	2359	2350	2384	2450	3.75	3.75	3.75	3.75	3.75	1845	1695	1676	1675	1706	15955.35	15955.35	15955.35	15955.35	15955.35	4	4	4	4	4	21	1248	1570	1645	1792	195	2083	2620	2746	2992
5	312	311	313	320	0	0	0	0	0	11	575	572	578	593	0	0	0	0	0	11	523	517	515	510	15468.19	15468.19	15468.19	15468.19	15468.19	4	4	4	4	4	245	7	7	7	8	1941	244	244	244	265
1458	1580	1599	1625	1659	0	0	0	0	0	3770	3740	3776	3843	3948	3.08	3.08	3.08	3.08	3.08	2657	2981	2985	3001	3029	17013.31	17013.31	17013.31	17013.31	17013.31	4	4	4	4	4	50	7	9	9	10	371	6614	8491	8517	9280
913	628	630	645	658	0	0	0	0	0	2359	1486	1488	1524	1566	1.99	1.99	1.99	1.99	1.99	1911	1219	1213	1231	1207	17095.12	17095.12	17095.12	17095.12	17095.12	4	4	4	4	4	10	0	0	0	0	767	190	190	190	207
1553	1726	1746	1770	1807	0	0	0	0	0	4013	4211	4250	4312	4430	2.79	2.79	2.79	2.79	2.79	2978	3410	3427	3450	3474	19313.87	19313.87	19313.87	19313.87	19313.87	4	4	4	4	4	0	0	0	0	0	87	224	224	224	244
636	682	679	690	704	0	0	0	0	0	1405	1519	1510	1535	1578	5.65	5.65	5.65	5.65	5.65	1224	1262	1245	1253	1258	18682.86	18682.86	18682.86	18682.86	18682.86	4	4	4	4	4	0	0	0	0	0	137	72	72	72	78
1189	1196	1190	1210	1230	0	0	0	0	0	3205	2911	2894	2933	3013	3.16	3.16	3.16	3.16	3.16	2285	2190	2172	2188	2191	20524.91	20524.91	20524.91	20524.91	20524.91	4	4	4	4	4	374	0	0	0	0	524	1131	1180	1232	1340
884	1262	1298	1320	1346	0	0	0	0	0	2154	2726	2804	2857	2935	4.54	4.54	4.54	4.54	4.54	1700	2217	2239	2254	2257	21776.82	21776.82	21776.82	21776.82	21776.82	4	4	4	4	4	103	342	342	342	373	1165	0	0	0	0
1241	1372	1368	1385	1413	0	0	0	0	0	3351	3398	3382	3425	3518	2.91	2.91	2.91	2.91	2.91	2598	2614	2584	2591	2589	19462.6	19462.6	19462.6	19462.6	19462.6	4	4	4	4	4	27	611	653	675	735	458	5014	5357	5537	6032
530	586	603	614	628	0	0	0	0	0	706	737	762	777	800	17.02	17.02	17.02	17.02	17.02	661	615	515	513	514	13810.41	13810.41	13810.41	13810.41	13810.41	4	4	4	4	4	83	68	68	68	74	1216	311	311	311	339
1613	2009	2067	2105	2153	0	0	0	0	0	2336	2934	3032	3093	3186	19.33	19.33	19.33	19.33	19.33	2012	1411	1351	1324	1399	12939.4	12939.4	12939.4	12939.4	12939.4	4	4	4	4	4	1450	640	640	640	650	856	2833	2967	2967	3184
12	9	9	9	10	0	0	0	0	0	35	29	30	31	32	3.17	3.17	3.17	3.17	3.17	17	7	6	6	6	11996.25	11996.25	11996.25	11996.25	11996.25	4	4	4	4	4	3666	2815	2900	2900	2900	1884	1879	2100	2100	2150
993	1014	1043	1062	1087	0	0	0	0	0	1641	1595	1648	1682	1732	16.8	16.8	16.8	16.8	16.8	1342	1256	1080	998	974	11300.64	11300.64	11300.64	11300.64	11300.64	4	4	4	4	4	100	2942	3000	3000	3000	4743	2872	3000	3000	3050
1013	1005	1034	1053	1077	0	0	0	0	0	2386	2341	2419	2468	2542	3.48	3.48	3.48	3.48	3.48	1704	1678	1708	1717	1698	10343.98	10343.98	10343.98	10343.98	10343.98	4	4	4	4	4	0	569	600	840	840	192	2081	2200	3960	3960
448	454	467	476	486	0	0	0	0	0	673	695	718	732	754	20.36	20.36	20.36	20.36	20.36	560	598	549	550	544	14223.93	14223.93	14223.93	14223.93	14223.93	4	4	4	4	4	1042	26	30	30	30	7976	53	70	70	70
1537	1617	1664	1694	1733	0	0	0	0	0	3388	3540	3658	3732	3844	4.6	4.6	4.6	4.6	4.6	1917	2619	2670	2679	2675	13406.69	13406.69	13406.69	13406.69	13406.69	4	4	4	4	4	169	990	1219	1233	1331	4337	7715	10168	10354	11201
691	713	734	747	764	0	0	0	0	0	1792	1794	1854	1892	1948	2.49	2.49	2.49	2.49	2.49	934	1239	1225	1228	1232	12317.24	12317.24	12317.24	12317.24	12317.24	4	4	4	4	4	930	140	140	150	240	2927	3366	4260	4650	5160
1175	1165	1198	1221	1248	0	0	0	0	0	2848	2800	2893	2952	3041	3.38	3.38	3.38	3.38	3.38	2165	2106	2148	2155	2086	11213.74	11213.74	11213.74	11213.74	11213.74	4	4	4	4	4	55	388	400	400	400	640	2303	2400	2600	2900
1200	1224	1259	1283	1312	0	0	0	0	0	2978	3200	3306	3374	3475	3.13	3.13	3.13	3.13	3.13	2236	2383	2429	2451	2457	10019.54	10019.54	10019.54	10019.54	10019.54	4	4	4	4	4	340	42	50	50	50	801	661	750	750	750
957	950	977	996	1018	0	0	0	0	0	2762	2866	2961	3022	3112	2.97	2.97	2.97	2.97	2.97	1832	1891	1925	1941	1929	9030.55	9030.55	9030.55	9030.55	9030.55	4	4	4	4	4	313	316	320	320	320	477	923	930	930	960
1977	1983	2008	2034	2053	0	0	0	0	0	5084	4912	5110	5070	5144	3.97	3.97	3.97	3.97	3.97	3366	3467	3492	3465	3378	8058.01	8058.01	8058.01	8058.01	8058.01	4	4	4	4	4	426	339	340	340	350	711	784	810	810	830
2037	1966	2023	2060	2107	0	0	0	0	0	4523	4250	4391	4481	4615	2.49	2.49	2.49	2.49	2.49	3450	3653	3737	3774	3654	10943.68	10943.68	10943.68	10943.68	10943.68	4	4	4	4	4	64	247	255	255	255	571	1387	1380	1380	1395
624	623	641	653	668	0	0	0	0	0	1639	1663	1718	1753	1806	2.48	2.48	2.48	2.48	2.48	1309	1188	1210	1220	1144	11104.84	11104.84	11104.84	11104.84	11104.84	4	4	4	4	4	590	32	40	40	50	871	648	660	660	770
508	524	539	549	562	0	0	0	0	0	1396	1363	1408	1437	1480	2.65	2.65	2.65	2.65	2.65	1065	1026	1048	1056	1047	12782.87	12782.87	12782.87	12782.87	12782.87	4	4	4	4	4	0	357	360	360	360	79	704	740	740	780
859	1287	1320	1343	1370	0	0	0	0	0	2253	3159	3254	3315	3406	2.04	2.04	2.04	2.04	2.04	1484	2454	2500	2517	2498	12161.64	12161.64	12161.64	12161.64	12161.64	4	4	4	4	4	12	8	10	10	10	906	173	190	190	210
1159	1170	1204	1226	1254	0	0	0	0	0	2493	2414	2494	2545	2621	3.31	3.31	3.31	3.31	3.31	2265	2097	2140	2154	2121	13295.14	13295.14	13295.14	13295.14	13295.14	4	4	4	4	4	100	0	0	0	0	1171	1294	1300	1300	1340
615	628	646	658	673	0	0	0	0	0	1806	1785	1844	1882	1939	1.4	1.4	1.4	1.4	1.4	1407	1389	1423	1439	1435	14675.99	14675.99	14675.99	14675.99	14675.99	4	4	4	4	4	20	22	30	30	50	48	1503	1570	1570	1650
154	160	165	168	172	0	0	0	0	0	485	478	494	504	519	2.74	2.74	2.74	2.74	2.74	364	337	346	349	346	13673.62	13673.62	13673.62	13673.62	13673.62	4	4	4	4	4	0	11	10	10	10	318	52	60	60	60
577	588	605	616	630	0	0	0	0	0	1739	1591	1644	1677	1728	2.1	2.1	2.1	2.1	2.1	1210	1148	1173	1179	1193	12112.27	12112.27	12112.27	12112.27	12112.27	4	4	4	4	4	0	0	0	0	0	26	363	400	400	420
1148	1158	1191	1213	1241	0	0	0	0	0	3221	3144	3248	3315	3414	2.36	2.36	2.36	2.36	2.36	2707	2305	2356	2376	2385	13102.61	13102.61	13102.61	13102.61	13102.61	4	4	4	4	4	0	0	0	0	0	80	91	100	100	120
54	57	59	60	60	0	0	0	0	0	101	92	95	97	100	7.84	7.84	7.84	7.84	7.84	107	88	87	88	87	14176.95	14176.95	14176.95	14176.95	14176.95	4	4	4	4	4	1341	0	0	0	0	9253	135	150	150	200
0	0	0	0	0	0	0	0	0	0	0	0	0	0	0	0	0	0	0	0	0	0	0	0	0	14915.69	14915.69	14915.69	14915.69	14915.69	4	4	4	4	4	160	663	805	805	805	2432	11788	12345	12345	12445
4	2	2	2	2	0	0	0	0	0	16	6	6	6	6	3.63	3.63	3.63	3.63	3.63	8	4	4	4	4	15459.28	15459.28	15459.28	15459.28	15459.28	4	4	4	4	4	26	18	18	38	50	1413	4414	4684	4689	5066
1349	1472	1514	1542	1577	0	0	0	0	0	3213	3263	3371	3440	3543	3.32	3.32	3.32	3.32	3.32	2663	2692	2736	2758	2776	14660.28	14660.28	14660.28	14660.28	14660.28	4	4	4	4	4	0	86	87	93	101	141	3833	3898	3917	4184
35	44	45	46	47	0	0	0	0	0	89	116	120	122	126	3.5	3.5	3.5	3.5	3.5	81	94	95	96	114	15818.84	15818.84	15818.84	15818.84	15818.84	4	4	4	4	4	10	8	50	50	50	570	247	750	750	765
1259	1837	1900	2190	2190	0	0	0	0	0	3721	5582	5510	5913	5694	2.37	2.37	2.37	2.37	2.37	2627	4552	0	0	5192	22321.52	22321.52	22321.52	22321.52	22321.52	4	4	4	4	4	40	50	80	100	100	440	1062	1355	1561	1708
1991	2167	2365	2700	2700	0	0	0	0	0	5550	5837	5912	6480	6210	2.97	2.97	2.97	2.97	2.97	3822	4404	0	0	4877	20195.5	20195.5	20195.5	20195.5	20195.5	4	4	4	4	4	40	15	0	0	0	576	165	919	1019	1060
756	1565	1565	1570	1570	0	0	0	0	0	1859	3581	3585	3533	3454	4.28	4.28	4.28	4.28	4.28	1237	2630	0	0	2409	18869.07	18869.07	18869.07	18869.07	18869.07	4	4	4	4	4	202	10	104	108	108	339	899	1173	1329	1387
465	38	35	730	731	0	0	0	0	0	1119	98	90	785	789	2.34	2.34	2.34	2.34	2.34	769	71	64	924	890	17711.97	17711.97	17711.97	17711.97	17711.97	4	4	4	4	4	200	92	358	373	373	524	3355	1306	1391	1462
9	88	0	0	0	0	0	0	0	0	20	133	0	0	0	1.49	1.49	1.49	1.49	1.49	19	135	0	0	0	16873.95	16873.95	16873.95	16873.95	16873.95	4	4	4	4	4	116	95	175	62	62	4020	65	2392	2505	1043
3	1	0	0	0	0	0	0	0	0	6	1	0	0	0	0	0	0	0	0	6	1	0	0	0	16292.37	16292.37	16292.37	16292.37	16292.37	4	4	4	4	4	217	594	80	82	82	4649	9355	7584	7682	8003
1	4	0	0	0	0	0	0	0	0	4	7	0	0	0	0	0	0	0	0	3	6	0	0	0	15234.26	15234.26	15234.26	15234.26	15234.26	4	4	4	4	4	30	2440	217	226	226	3240	1902	5329	5420	5654
234	316	316	320	320	0	0	0	0	0	357	564	560	567	544	116.92	116.92	116.92	116.92	116.92	464	514	504	503	478	15429.23	15429.23	15429.23	15429.23	15429.23	4	4	4	4	4	70	242	75	77	77	2743	4906	4817	4815	4983
201	295	295	300	640	0	0	0	0	0	648	950	915	900	1792	1.21	1.21	1.21	1.21	1.21	400	646	636	634	1279	16777.59	16777.59	16777.59	16777.59	16777.59	4	4	4	4	4	28	443	70	73	73	1786	1627	3585	3782	3947
378	979	1000	1260	1260	0	0	0	0	0	1237	2593	2600	3145	3024	1.58	1.58	1.58	1.58	1.58	751	1992	0	0	2357	18074.49	18074.49	18074.49	18074.49	18074.49	4	4	4	4	4	50	473	48	50	50	261	3998	2007	2005	2090
44	6	6	6	6	0	0	0	0	0	150	16	15	15	15	1.37	1.37	1.37	1.37	1.37	91	12	12	12	12	21122.57	21122.57	21122.57	21122.57	21122.57	4	4	4	4	4	83	0	50	52	52	2775	164	100	98	103
215	217	217	220	220	0	0	0	0	0	468	459	430	436	418	5.44	5.44	5.44	5.44	5.44	398	372	363	364	355	17823.74	17823.74	17823.74	17823.74	17823.74	4	4	4	4	4	37	14	83	86	86	1165	2917	3315	3412	3559
467	54	0	0	0	0	0	0	0	0	1038	163	0	0	0	6.95	6.95	6.95	6.95	6.95	928	104	0	0	0	19028.51	19028.51	19028.51	19028.51	19028.51	4	4	4	4	4	224	71	37	39	39	1052	1434	1234	1232	1286
1202	1688	1888	2000	2000	0	0	0	0	0	2395	3318	3583	3796	3600	9.65	9.65	9.65	9.65	9.65	1967	2618	0	0	2720	19836.63	19836.63	19836.63	19836.63	19836.63	4	4	4	4	4	50	686	73	77	77	1130	1974	2493	2489	2598
1	29	0	0	0	0	0	0	0	0	2	39	0	0	0	0	0	0	0	0	2	37	0	0	0	18561.13	18561.13	18561.13	18561.13	18561.13	4	4	4	4	4	368	236	499	520	520	1208	1493	4681	5960	8495
0	0	0	0	0	0	0	0	0	0	0	0	0	0	0	0	0	0	0	0	0	0	0	0	0	18537.06	18537.06	18537.06	18537.06	18537.06	4	4	4	4	4	1910	788	453	471	471	1987	2043	2100	2082	2194
1077	1686	1686	1694	1694	0	0	0	0	0	2829	3968	3878	3896	3727	3.1	3.1	3.1	3.1	3.1	1796	3197	0	0	2991	21434.23	21434.23	21434.23	21434.23	21434.23	4	4	4	4	4	31	2384	1945	2025	2025	559	585	1960	2180	2335
208	283	2083	2108	2518	0	0	0	0	0	660	848	5420	5270	6030	1.17	1.17	1.17	1.17	1.17	451	697	0	0	5718	24154.59	24154.59	24154.59	24154.59	24154.59	4	4	4	4	4	30	18	31	26	26	387	451	459	874	934
3	19	0	0	0	0	0	0	0	0	5	60	0	0	0	0	0	0	0	0	7	48	0	0	0	25723.16	25723.16	25723.16	25723.16	25723.16	4	4	4	4	4	0	65	31	136	136	0	146	286	3781	3794
72	935	1434	1560	1560	0	0	0	0	0	234	3416	4158	4368	4212	0.9	0.9	0.9	0.9	0.9	157	2385	0	0	3641	24116.31	24116.31	24116.31	24116.31	24116.31	4	4	4	4	4	0	0	0	0	0	220	0	0	0	0
348	1392	1600	1700	1700	0	0	0	0	0	854	3814	4000	4250	4080	2.3	2.3	2.3	2.3	2.3	754	3267	0	0	3766	23008.44	23008.44	23008.44	23008.44	23008.44	4	4	4	4	4	0	0	26	27	27	1608	320	449	468	468
428	745	790	797	797	0	0	0	0	0	1322	2330	2370	2391	2232	2.34	2.34	2.34	2.34	2.34	1300	1588	1651	1650	1573	21803.25	21803.25	21803.25	21803.25	21803.25	4	4	4	4	4	0	328	420	426	426	26	838	1992	2186	2264
315	337	340	348	348	0	0	0	0	0	601	649	615	629	609	9.4	9.4	9.4	9.4	9.4	584	565	554	561	536	20032.3	20032.3	20032.3	20032.3	20032.3	4	4	4	4	4	20	0	0	0	0	1557	199	0	0	0
1481	1639	1639	1640	1640	0	0	0	0	0	4504	4355	4260	4250	4100	2.95	2.95	2.95	2.95	2.95	3108	3275	0	0	3063	22085.03	22085.03	22085.03	22085.03	22085.03	4	4	4	4	4	190	64	40	42	42	1502	1493	2074	2172	2263
640	754	755	760	760	0	0	0	0	0	1677	1900	1885	1860	1824	2.68	2.68	2.68	2.68	2.68	1186	1442	1435	1421	1370	18686.32	18686.32	18686.32	18686.32	18686.32	4	4	4	4	4	0	216	304	316	316	188	1554	3093	3291	3294
927	1140	1340	1352	1602	0	0	0	0	0	2658	3123	3463	3494	4140	2.49	2.49	2.49	2.49	2.49	1951	2345	0	0	3079	19632.6	19632.6	19632.6	19632.6	19632.6	4	4	4	4	4	0	20	0	0	0	558	190	188	188	195
1762	2280	2280	2280	2280	0	0	0	0	0	5506	7194	6840	6612	6600	1.78	1.78	1.78	1.78	1.78	3697	4973	0	0	4677	21205.93	21205.93	21205.93	21205.93	21205.93	4	4	4	4	4	39	0	0	0	0	194	517	30	30	30
901	850	852	867	867	0	0	0	0	0	2021	1787	1732	1717	1717	2.49	2.49	2.49	2.49	2.49	1420	1323	1315	1303	1243	11999.75	11999.75	11999.75	11999.75	11999.75	4	4	4	4	4	75	21	39	41	41	505	302	194	192	199
529	504	511	526	536	0	0	0	0	0	1264	1179	1201	1232	1252	5	5	5	5	5	709	704	696	696	662	13637.55	13637.55	13637.55	13637.55	13637.55	4	4	4	4	4	459	108	110	111	112	663	210	210	541	540
2180	2265	2271	2286	2296	0	0	0	0	0	4187	4364	4385	4420	4440	9.09	9.09	9.09	9.09	9.09	2883	2868	2818	2793	2666	12878.91	12878.91	12878.91	12878.91	12878.91	4	4	4	4	4	821	212	260	292	332	2173	259	361	389	424
341	521	521	521	521	0	0	0	0	0	841	1395	1395	1395	1395	2.88	2.88	2.88	2.88	2.88	468	839	819	805	763	11987.7	11987.7	11987.7	11987.7	11987.7	4	4	4	4	4	308	671	688	698	712	1254	2993	3067	3116	3176
1337	1402	1532	1802	1982	0	0	0	0	0	2424	2575	2968	3598	3958	13.83	13.83	13.83	13.83	13.83	1896	1872	1897	2114	2126	11274.24	11274.24	11274.24	11274.24	11274.24	4	4	4	4	4	278	68	68	68	69	964	91	91	92	92
6	3	3	3	3	0	0	0	0	0	14	11	11	11	11	0	0	0	0	0	11	5	5	5	5	13801.35	13801.35	13801.35	13801.35	13801.35	4	4	4	4	4	134	386	755	998	1301	3446	1331	2603	3440	4487
1918	2118	2118	2118	2118	0	0	0	0	0	3990	4293	4293	4293	4293	8.62	8.62	8.62	8.62	8.62	3061	2983	2969	2920	2758	13600.32	13600.32	13600.32	13600.32	13600.32	4	4	4	4	4	10	262	264	267	267	936	3317	3487	3684	3787
782	786	792	817	822	0	0	0	0	0	2003	2010	2025	2040	2055	3.15	3.15	3.15	3.15	3.15	1223	1257	1245	1247	1197	9898.39	9898.39	9898.39	9898.39	9898.39	4	4	4	4	4	315	246	246	246	246	448	1066	1066	1066	1066
775	797	808	858	863	0	0	0	0	0	1436	1687	1627	1797	1805	18.78	18.78	18.78	18.78	18.78	1211	960	875	912	862	10056.95	10056.95	10056.95	10056.95	10056.95	4	4	4	4	4	200	150	160	160	160	1408	304	302	317	317
823	822	824	839	844	0	0	0	0	0	1715	1742	1709	1706	1716	6.71	6.71	6.71	6.71	6.71	1242	1192	1139	1129	1124	10066.74	10066.74	10066.74	10066.74	10066.74	4	4	4	4	4	467	1218	1275	1295	1315	1154	841	784	764	744
145	194	210	225	230	0	0	0	0	0	168	398	550	520	530	87.29	87.29	87.29	87.29	87.29	237	190	181	183	182	10691.59	10691.59	10691.59	10691.59	10691.59	4	4	4	4	4	1673	39	168	168	168	1671	451	632	982	1002
1806	1812	1860	1915	1920	0	0	0	0	0	4250	4009	4330	4405	4420	5.78	5.78	5.78	5.78	5.78	2704	2754	2845	2866	2738	10452.24	10452.24	10452.24	10452.24	10452.24	4	4	4	4	4	0	1527	1550	1570	1570	454	362	340	320	320
1008	1163	1250	1355	1360	0	0	0	0	0	2328	2498	2627	2981	2995	5.61	5.61	5.61	5.61	5.61	1682	1698	1773	1912	1820	9397.12	9397.12	9397.12	9397.12	9397.12	4	4	4	4	4	120	39	45	45	45	88	457	535	595	605
1197	1078	1130	1225	1230	0	0	0	0	0	2717	2501	2870	2940	2955	5.63	5.63	5.63	5.63	5.63	1870	1640	1745	1810	1723	8409.45	8409.45	8409.45	8409.45	8409.45	4	4	4	4	4	292	21	25	25	25	1856	108	155	285	335
567	545	560	575	580	0	0	0	0	0	1146	1082	1027	1035	1045	5.77	5.77	5.77	5.77	5.77	916	770	748	748	707	7964.58	7964.58	7964.58	7964.58	7964.58	4	4	4	4	4	49	54	60	60	60	384	1960	1955	1955	1955
171	168	170	180	180	0	0	0	0	0	409	374	410	400	400	3.7	3.7	3.7	3.7	3.7	265	237	235	237	232	9113.98	9113.98	9113.98	9113.98	9113.98	4	4	4	4	4	200	93	100	100	100	3800	336	400	450	470
357	509	515	535	535	0	0	0	0	0	886	1073	1164	1230	1230	3.95	3.95	3.95	3.95	3.95	552	711	711	728	674	8358.1	8358.1	8358.1	8358.1	8358.1	4	4	4	4	4	424	539	550	560	605	1162	1798	4450	5450	6687
400	444	755	1030	1300	0	0	0	0	0	579	578	1963	2150	2730	27.25	27.25	27.25	27.25	27.25	556	501	1059	1289	1482	7624.06	7624.06	7624.06	7624.06	7624.06	4	4	4	4	4	946	394	415	420	430	4002	985	1245	1430	1680
1010	1190	1200	1270	1450	0	0	0	0	0	1610	1953	1850	2159	2830	15.13	15.13	15.13	15.13	15.13	1386	1532	1461	1587	1774	6746.24	6746.24	6746.24	6746.24	6746.24	4	4	4	4	4	105	704	730	750	760	678	5898	6020	6215	6270
826	872	905	930	940	0	0	0	0	0	1211	1312	1244	1488	1505	18.59	18.59	18.59	18.59	18.59	991	940	915	979	918	6835.63	6835.63	6835.63	6835.63	6835.63	4	4	4	4	4	250	331	350	355	360	1095	1329	1310	1305	1300
1471	1508	1540	1580	1600	0	0	0	0	0	3560	3572	3575	3560	3600	3.67	3.67	3.67	3.67	3.67	2348	2694	2699	2701	2627	6078.32	6078.32	6078.32	6078.32	6078.32	4	4	4	4	4	300	36	40	40	40	238	654	650	650	650
589	605	655	690	700	0	0	0	0	0	1128	1135	1175	1253	1272	4.19	4.19	4.19	4.19	4.19	962	856	888	919	885	5537.74	5537.74	5537.74	5537.74	5537.74	4	4	4	4	4	0	51	55	55	55	667	636	645	765	795
0	0	0	0	0	0	0	0	0	0	0	0	0	0	0	0	0	0	0	0	0	0	0	0	0	6274.75	6274.75	6274.75	6274.75	6274.75	4	4	4	4	4	1086	104	110	110	110	4349	171	180	220	240
413	441	615	615	950	0	0	0	0	0	664	669	855	885	1330	6.76	6.76	6.76	6.76	6.76	631	480	612	602	836	6955.41	6955.41	6955.41	6955.41	6955.41	4	4	4	4	4	75	218	225	233	240	2579	5593	7055	7467	7760
1246	1253	1300	1320	1350	0	0	0	0	0	2760	2731	2760	2877	2940	5.67	5.67	5.67	5.67	5.67	2148	1773	1773	1778	1695	7789.25	7789.25	7789.25	7789.25	7789.25	4	4	4	4	4	124	370	390	395	395	1822	4908	4890	4885	4885
1980	2021	2119	2149	2149	0	0	0	0	0	4735	4517	4736	4943	4945	5.44	5.44	5.44	5.44	5.44	3248	2945	3024	3038	2831	7571.53	7571.53	7571.53	7571.53	7571.53	4	4	4	4	4	50	226	240	245	245	117	1723	1710	1705	1705
864	993	1010	1045	1150	0	0	0	0	0	2235	2381	2392	2508	2760	4.27	4.27	4.27	4.27	4.27	1404	1528	1522	1549	1596	9545.79	9545.79	9545.79	9545.79	9545.79	4	4	4	4	4	86	216	230	235	240	959	63	410	645	660
1274	1283	1330	1350	1350	0	0	0	0	0	2708	2687	2720	2835	2835	5.93	5.93	5.93	5.93	5.93	1786	1707	1717	1719	1594	8676.43	8676.43	8676.43	8676.43	8676.43	4	4	4	4	4	100	57	60	60	60	364	1098	1095	1100	1100
1078	1068	1150	1160	1160	0	0	0	0	0	2813	2675	2812	2780	2780	2.94	2.94	2.94	2.94	2.94	1983	1870	1969	1942	1855	9841.46	9841.46	9841.46	9841.46	9841.46	4	4	4	4	4	610	77	80	80	80	328	437	435	435	435
1234	1553	1628	1673	1823	0	0	0	0	0	2253	2789	2768	2844	3090	11.91	11.91	11.91	11.91	11.91	2229	2432	2454	2486	2585	14472.11	14472.11	14472.11	14472.11	14472.11	4	4	4	4	4	424	332	333	339	345	7814	1845	2082	2166	2270
587	631	661	974	1265	0	0	0	0	0	1132	1205	1189	1753	2275	3.81	3.81	3.81	3.81	3.81	1061	1067	1080	1564	1933	15746.58	15746.58	15746.58	15746.58	15746.58	4	4	4	4	4	175	225	215	221	226	1581	11115	10785	10964	10974
338	330	345	500	800	0	0	0	0	0	1320	1036	1035	1500	2400	1.65	1.65	1.65	1.65	1.65	702	729	748	1074	1671	17241.96	17241.96	17241.96	17241.96	17241.96	4	4	4	4	4	61	10	10	10	10	1373	4545	4645	4790	5570
483	622	622	622	625	0	0	0	0	0	1382	1574	1493	1430	1430	1.42	1.42	1.42	1.42	1.42	873	1161	1129	1097	1070	15370.69	15370.69	15370.69	15370.69	15370.69	4	4	4	4	4	0	40	42	43	45	0	2329	2328	2327	2355
858	1000	1000	1000	1000	0	0	0	0	0	2257	2359	2300	2300	2300	1.84	1.84	1.84	1.84	1.84	1753	1863	1811	1791	1735	16718.06	16718.06	16718.06	16718.06	16718.06	4	4	4	4	4	506	26	27	28	29	280	53	46	45	51
641	714	715	715	715	0	0	0	0	0	1945	2088	2002	1931	1860	1.24	1.24	1.24	1.24	1.24	1382	1501	1473	1442	1385	17980.79	17980.79	17980.79	17980.79	17980.79	4	4	4	4	4	0	422	441	454	465	46	363	359	424	415
453	460	463	463	463	0	0	0	0	0	1416	1299	1250	1204	1180	1.54	1.54	1.54	1.54	1.54	939	947	931	910	881	18704.33	18704.33	18704.33	18704.33	18704.33	4	4	4	4	4	0	30	31	32	33	160	57	49	48	47
482	487	505	507	507	0	0	0	0	0	1543	1421	1414	1318	1290	1.74	1.74	1.74	1.74	1.74	960	1014	1031	1000	970	19970.8	19970.8	19970.8	19970.8	19970.8	4	4	4	4	4	0	70	73	75	77	97	175	172	175	183
1423	1597	1670	1671	1671	0	0	0	0	0	3528	3725	3674	3509	3450	3.02	3.02	3.02	3.02	3.02	2603	2996	3038	2954	2837	21121.06	21121.06	21121.06	21121.06	21121.06	4	4	4	4	4	350	0	0	0	0	191	115	112	120	130
781	860	860	860	860	0	0	0	0	0	2363	2322	2236	2150	2150	1.95	1.95	1.95	1.95	1.95	1784	1722	1677	1637	1590	19182.28	19182.28	19182.28	19182.28	19182.28	4	4	4	4	4	175	45	47	48	49	80	1538	1533	1532	1551
383	397	406	406	406	0	0	0	0	0	1135	1133	1107	1072	1070	1.12	1.12	1.12	1.12	1.12	823	835	830	814	792	20597.17	20597.17	20597.17	20597.17	20597.17	4	4	4	4	4	250	236	246	253	259	163	50	140	402	396
655	562	650	655	756	0	0	0	0	0	1892	1579	1755	1703	1936	1.8	1.8	1.8	1.8	1.8	1400	1125	1252	1232	1369	18771.05	18771.05	18771.05	18771.05	18771.05	4	4	4	4	4	131	211	225	231	236	314	187	278	524	519
494	510	590	590	590	0	0	0	0	0	1447	1442	1489	1468	1465	1.11	1.11	1.11	1.11	1.11	1083	1075	1181	1159	1121	19845.79	19845.79	19845.79	19845.79	19845.79	4	4	4	4	4	51	483	504	518	530	312	100	32	18	20
498	676	676	676	676	0	0	0	0	0	1415	1857	1758	1690	1690	1.62	1.62	1.62	1.62	1.62	1056	1355	1319	1287	1247	18382.52	18382.52	18382.52	18382.52	18382.52	4	4	4	4	4	156	108	115	170	191	201	460	472	482	524
567	652	652	652	652	0	0	0	0	0	1579	1716	1630	1565	1565	1.25	1.25	1.25	1.25	1.25	1260	1328	1289	1259	1225	17278.66	17278.66	17278.66	17278.66	17278.66	4	4	4	4	4	198	209	218	224	229	1513	88	85	119	116
484	507	539	539	539	0	0	0	0	0	1419	1461	1509	1455	1455	1.18	1.18	1.18	1.18	1.18	1083	1047	1094	1070	1039	16102	16102	16102	16102	16102	4	4	4	4	4	30	114	120	123	126	28	1511	1544	1541	1649
424	436	500	500	550	0	0	0	0	0	1188	1163	1300	1250	1375	1.5	1.5	1.5	1.5	1.5	766	816	914	890	952	14908.23	14908.23	14908.23	14908.23	14908.23	4	4	4	4	4	350	3	3	3	3	650	159	157	157	167
683	675	728	728	733	0	0	0	0	0	1913	1817	1893	1820	1830	1.3	1.3	1.3	1.3	1.3	1492	1364	1440	1406	1366	14773.5	14773.5	14773.5	14773.5	14773.5	4	4	4	4	4	10	109	112	114	115	185	939	978	1061	1165
440	471	558	570	570	0	0	0	0	0	1152	1211	1395	1368	1368	1.72	1.72	1.72	1.72	1.72	961	895	1024	1017	980	13449.88	13449.88	13449.88	13449.88	13449.88	4	4	4	4	4	300	0	0	0	0	134	222	229	229	230
826	1127	1130	1130	1130	0	0	0	0	0	2197	2879	2769	2712	2712	1.4	1.4	1.4	1.4	1.4	1593	2231	2180	2137	2056	13129.77	13129.77	13129.77	13129.77	13129.77	4	4	4	4	4	45	295	308	317	324	1267	260	292	483	506
2803	2996	3005	3015	3015	0	0	0	0	0	5756	5733	5627	5599	5599	4.85	4.85	4.85	4.85	4.85	4836	4417	4320	4251	4058	11379.01	11379.01	11379.01	11379.01	11379.01	4	4	4	4	4	340	108	113	116	119	2128	892	937	984	1051
0	0	0	0	0	0	0	0	0	0	0	0	0	0	0	0	0	0	0	0	0	0	0	0	0	13079.1	13079.1	13079.1	13079.1	13079.1	4	4	4	4	4	3290	260	272	280	287	238	2642	2728	2870	2866
115	132	165	165	165	0	0	0	0	0	327	380	445	429	429	0.8	0.8	0.8	0.8	0.8	222	264	314	306	293	14479.52	14479.52	14479.52	14479.52	14479.52	4	4	4	4	4	1308	3910	3900	3900	3930	598	53	70	70	70
708	883	885	885	885	0	0	0	0	0	1949	2230	2124	2035	2035	1.25	1.25	1.25	1.25	1.25	1365	1651	1579	1533	1468	14628.46	14628.46	14628.46	14628.46	14628.46	4	4	4	4	4	0	150	157	161	165	37	455	453	449	685
692	728	783	795	803	0	0	0	0	0	2354	2355	2394	2370	2393	1.05	1.05	1.05	1.05	1.05	1486	1606	1661	1657	1629	16315.63	16315.63	16315.63	16315.63	16315.63	4	4	4	4	4	115	1537	1605	1605	1659	141	133	45	45	89
193	175	208	222	224	0	0	0	0	0	569	464	538	550	552	0.96	0.96	0.96	0.96	0.96	415	419	494	521	525	16960.42	16960.42	16960.42	16960.42	16960.42	4	4	4	4	4	64	354	360	360	360	2796	0	2	2	5
492	470	550	575	575	0	0	0	0	0	1316	1249	1430	1438	1430	1.59	1.59	1.59	1.59	1.59	998	940	1080	1101	1062	17325.77	17325.77	17325.77	17325.77	17325.77	4	4	4	4	4	50	12	12	12	12	773	3034	3038	3102	3408
176	193	201	223	223	0	0	0	0	0	496	522	522	556	536	0.5	0.5	0.5	0.5	0.5	439	423	432	469	451	19321.13	19321.13	19321.13	19321.13	19321.13	4	4	4	4	4	25	54	56	58	59	75	961	959	957	991
697	704	745	815	875	0	0	0	0	0	1389	1366	1455	1630	1720	4.62	4.62	4.62	4.62	4.62	1255	1201	1210	1317	1358	25307.8	25307.8	25307.8	25307.8	25307.8	4	4	4	4	4	562	0	0	0	0	774	10	0	0	0
661	664	695	725	750	0	0	0	0	0	1554	1548	1570	1600	1640	2.51	2.51	2.51	2.51	2.51	1289	1336	1373	1408	1415	24720.57	24720.57	24720.57	24720.57	24720.57	4	4	4	4	4	70	477	505	530	555	213	890	1255	1480	1635
378	562	615	670	710	0	0	0	0	0	1237	1798	1790	1800	1900	1.42	1.42	1.42	1.42	1.42	826	1289	1364	1437	1485	22749.05	22749.05	22749.05	22749.05	22749.05	4	4	4	4	4	0	10	15	15	15	165	73	75	90	100
1030	1148	1225	1270	1300	0	0	0	0	0	2630	2924	2980	3020	3095	1.31	1.31	1.31	1.31	1.31	2159	2409	2510	2561	2553	22979.45	22979.45	22979.45	22979.45	22979.45	4	4	4	4	4	114	20	30	50	50	437	110	145	155	160
642	677	680	680	680	0	0	0	0	0	1639	1739	1751	1746	1745	1.19	1.19	1.19	1.19	1.19	1430	1422	1409	1396	1357	20824.43	20824.43	20824.43	20824.43	20824.43	4	4	4	4	4	70	110	115	125	130	439	333	380	420	465
338	352	370	370	380	0	0	0	0	0	900	928	990	990	990	1.02	1.02	1.02	1.02	1.02	624	723	759	752	742	24737.66	24737.66	24737.66	24737.66	24737.66	4	4	4	4	4	155	133	134	139	139	246	586	596	610	696
616	662	755	815	840	0	0	0	0	0	1590	1664	1825	1920	1935	1.76	1.76	1.76	1.76	1.76	1128	1348	1506	1598	1596	25972.09	25972.09	25972.09	25972.09	25972.09	4	4	4	4	4	60	0	30	30	30	73	300	270	270	270
984	1249	1370	1490	1600	0	0	0	0	0	2938	3783	3860	3930	4220	1.1	1.1	1.1	1.1	1.1	2154	3033	3258	3470	3724	28413.13	28413.13	28413.13	28413.13	28413.13	4	4	4	4	4	137	34	35	35	40	219	168	235	285	320
312	316	340	365	390	0	0	0	0	0	860	809	850	900	945	1.29	1.29	1.29	1.29	1.29	576	645	683	723	745	27666.95	27666.95	27666.95	27666.95	27666.95	4	4	4	4	4	10	119	120	180	190	148	370	540	595	600
1047	1245	1315	1395	1470	0	0	0	0	0	2309	2457	2610	2770	2920	2.87	2.87	2.87	2.87	2.87	2032	2321	2427	2538	2582	28844.25	28844.25	28844.25	28844.25	28844.25	4	4	4	4	4	342	50	75	75	85	590	86	65	65	65
1262	1355	1473	1546	1605	0	0	0	0	0	3334	3230	3524	3677	3790	2.62	2.62	2.62	2.62	2.62	2586	2596	2810	2920	2943	30381.16	30381.16	30381.16	30381.16	30381.16	4	4	4	4	4	25	261	300	410	515	91	649	1155	1415	1425
404	453	484	503	518	0	0	0	0	0	1150	1221	1277	1307	1300	1.51	1.51	1.51	1.51	1.51	848	942	995	1022	1015	32391.57	32391.57	32391.57	32391.57	32391.57	4	4	4	4	4	0	0	0	0	0	34	189	205	225	240
464	460	502	531	554	0	0	0	0	0	1183	1120	1235	1305	1360	2.32	2.32	2.32	2.32	2.32	940	873	944	988	1001	30596.02	30596.02	30596.02	30596.02	30596.02	4	4	4	4	4	260	0	0	0	0	281	90	95	105	115
1253	1456	1604	1771	1874	0	0	0	0	0	3222	3640	3936	4214	4500	2.13	2.13	2.13	2.13	2.13	2437	2817	3059	3309	3420	30632.9	30632.9	30632.9	30632.9	30632.9	4	4	4	4	4	175	132	150	160	170	666	328	350	385	415
751	891	1204	1627	2000	0	0	0	0	0	2120	2371	3122	4078	5040	1.05	1.05	1.05	1.05	1.05	1523	2035	2724	3635	4473	35123.88	35123.88	35123.88	35123.88	35123.88	4	4	4	4	4	10	70	80	100	130	597	325	390	440	495
1227	1627	2358	2797	3524	0	0	0	0	0	3403	4286	5956	6859	8500	1.39	1.39	1.39	1.39	1.39	2615	3424	4864	5672	6942	36546.22	36546.22	36546.22	36546.22	36546.22	4	4	4	4	4	123	20	30	70	70	347	560	655	755	855
1621	1858	2250	2550	2800	0	0	0	0	0	4827	5324	6250	6750	7200	0.87	0.87	0.87	0.87	0.87	3634	4329	5188	5786	6291	34752.12	34752.12	34752.12	34752.12	34752.12	4	4	4	4	4	216	241	380	500	540	1093	465	865	1030	1170
539	637	855	990	1950	0	0	0	0	0	1557	1744	2210	2520	4820	1.2	1.2	1.2	1.2	1.2	1266	1530	2018	2326	4532	27897.13	27897.13	27897.13	27897.13	27897.13	4	4	4	4	4	98	214	270	270	320	488	1617	2240	2690	3150
86	268	610	920	950	0	0	0	0	0	248	968	1860	2500	2750	0.8	0.8	0.8	0.8	0.8	204	690	1496	2177	2285	23923.28	23923.28	23923.28	23923.28	23923.28	4	4	4	4	4	54	104	125	145	190	748	621	855	1097	1285
396	451	680	850	1000	0	0	0	0	0	1229	1340	1870	2250	2590	0.87	0.87	0.87	0.87	0.87	930	1108	1630	2014	2351	23275.53	23275.53	23275.53	23275.53	23275.53	4	4	4	4	4	34	200	359	449	550	933	1130	2099	2600	3100
153	178	205	230	400	0	0	0	0	0	466	523	550	630	1040	0.59	0.59	0.59	0.59	0.59	361	436	489	552	945	22641.91	22641.91	22641.91	22641.91	22641.91	4	4	4	4	4	0	126	200	250	350	12	957	2069	2385	2700
676	671	795	885	980	0	0	0	0	0	1743	1656	1858	1976	2269	1.36	1.36	1.36	1.36	1.36	1464	1398	1609	1745	1900	22963.07	22963.07	22963.07	22963.07	22963.07	4	4	4	4	4	143	0	0	0	0	433	40	73	74	75
842	878	910	1125	1300	0	0	0	0	0	2355	2371	2400	2800	3000	0.91	0.91	0.91	0.91	0.91	2053	2154	2218	2698	3054	28057.2	28057.2	28057.2	28057.2	28057.2	4	4	4	4	4	30	170	177	180	180	114	494	577	595	595
365	401	455	510	575	0	0	0	0	0	1060	1110	1174	1241	1321	0.71	0.71	0.71	0.71	0.71	870	861	944	1025	1092	22121.14	22121.14	22121.14	22121.14	22121.14	4	4	4	4	4	265	34	35	35	35	481	43	45	45	45
679	759	910	1040	1135	0	0	0	0	0	2046	2259	2408	2613	2735	0.92	0.92	0.92	0.92	0.92	1557	1675	1915	2129	2217	25328.43	25328.43	25328.43	25328.43	25328.43	4	4	4	4	4	18	229	254	280	280	536	530	621	664	664
46	45	235	320	330	0	0	0	0	0	140	121	600	800	800	0.82	0.82	0.82	0.82	0.82	112	110	562	758	775	26364.81	26364.81	26364.81	26364.81	26364.81	4	4	4	4	4	10	202	220	230	230	761	835	878	909	909
251	290	340	350	360	0	0	0	0	0	661	707	722	748	800	0.77	0.77	0.77	0.77	0.77	422	570	624	635	636	20852.26	20852.26	20852.26	20852.26	20852.26	4	4	4	4	4	400	69	104	155	160	628	324	564	662	722
362	367	380	418	425	0	0	0	0	0	803	781	797	836	893	3.2	3.2	3.2	3.2	3.2	609	622	602	634	626	18878.96	18878.96	18878.96	18878.96	18878.96	4	4	4	4	4	382	95	120	132	140	1118	1612	1662	1700	1730
587	708	708	716	730	0	0	0	0	0	974	1276	1302	1364	1457	3.86	3.86	3.86	3.86	3.86	986	1193	1171	1182	1170	18850	18850	18850	18850	18850	4	4	4	4	4	1032	561	591	616	625	1755	721	791	791	820
929	996	1010	1028	1030	0	0	0	0	0	2605	2646	2555	2490	2468	1.85	1.85	1.85	1.85	1.85	1915	1999	1969	1949	1875	19153.38	19153.38	19153.38	19153.38	19153.38	4	4	4	4	4	30	776	796	820	840	432	1922	1982	2033	2070
726	870	786	833	855	0	0	0	0	0	1967	2041	1819	1790	1790	2.19	2.19	2.19	2.19	2.19	1389	1634	1458	1478	1436	17928.21	17928.21	17928.21	17928.21	17928.21	4	4	4	4	4	86	62	129	145	145	65	158	166	176	176
347	507	513	518	523	0	0	0	0	0	767	1028	1033	997	987	2.1	2.1	2.1	2.1	2.1	765	879	864	829	802	16374.66	16374.66	16374.66	16374.66	16374.66	4	4	4	4	4	250	47	63	63	63	678	558	150	150	150
0	0	0	0	0	0	0	0	0	0	0	0	0	0	0	0	0	0	0	0	0	0	0	0	0	15389.65	15389.65	15389.65	15389.65	15389.65	4	4	4	4	4	200	611	546	708	718	172	1005	1094	1189	1222
161	235	276	306	306	0	0	0	0	0	482	675	765	801	796	1.68	1.68	1.68	1.68	1.68	311	409	453	484	463	14603.13	14603.13	14603.13	14603.13	14603.13	4	4	4	4	4	417	301	604	649	828	394	1524	3822	3808	3976
907	1414	1520	1520	1620	0	0	0	0	0	2186	2751	2870	2733	2888	1.92	1.92	1.92	1.92	1.92	1745	2154	2199	2123	2169	13003.9	13003.9	13003.9	13003.9	13003.9	4	4	4	4	4	225	824	854	874	891	522	1222	1214	1190	1219
1330	1377	1677	1755	1755	0	0	0	0	0	2662	2704	3347	3771	3718	5.93	5.93	5.93	5.93	5.93	2491	2112	2490	2633	2525	11248.61	11248.61	11248.61	11248.61	11248.61	4	4	4	4	4	449	1304	1362	1400	1435	1517	635	588	550	555
397	569	491	656	666	0	0	0	0	0	896	1154	1189	1550	1549	3.15	3.15	3.15	3.15	3.15	741	960	887	1156	1133	11444.7	11444.7	11444.7	11444.7	11444.7	4	4	4	4	4	337	190	386	428	430	4183	5911	5884	7307	7365
1170	1167	1164	1164	1164	0	0	0	0	0	3016	3113	2895	2776	2697	3.03	3.03	3.03	3.03	3.03	2132	2211	2124	2064	1952	11614.84	11614.84	11614.84	11614.84	11614.84	4	4	4	4	4	50	631	417	417	417	870	4186	4948	5338	5557
1148	1180	1287	1287	1287	0	0	0	0	0	3121	3024	3201	3069	2982	2.56	2.56	2.56	2.56	2.56	2375	2239	2379	2312	2240	13241.76	13241.76	13241.76	13241.76	13241.76	4	4	4	4	4	379	37	127	127	127	1291	482	365	367	367
475	490	497	497	497	0	0	0	0	0	1451	1477	1235	1184	1151	1.63	1.63	1.63	1.63	1.63	911	971	906	879	847	13487	13487	13487	13487	13487	4	4	4	4	4	1250	93	142	142	142	852	1433	1132	1132	1132
0	0	0	0	0	0	0	0	0	0	0	0	0	0	0	0	0	0	0	0	0	0	0	0	0	14730.05	14730.05	14730.05	14730.05	14730.05	4	4	4	4	4	100	15	124	154	154	3353	1813	3863	4114	4114
2	2	1	1	1	0	0	0	0	0	4	3	2	2	2	0	0	0	0	0	8	3	2	1	1	14582.17	14582.17	14582.17	14582.17	14582.17	4	4	4	4	4	1120	309	14	22	22	4944	2819	4051	4179	4354
233	237	237	237	237	0	0	0	0	0	488	417	590	566	550	3.46	3.46	3.46	3.46	3.46	509	363	416	404	392	15658.38	15658.38	15658.38	15658.38	15658.38	4	4	4	4	4	275	667	522	525	525	4840	4551	4831	4987	4987
350	400	411	411	411	0	0	0	0	0	978	1102	1023	981	953	1.43	1.43	1.43	1.43	1.43	765	786	771	751	727	15642.66	15642.66	15642.66	15642.66	15642.66	4	4	4	4	4	0	90	83	83	83	271	6181	5984	6217	6430
708	662	788	793	793	0	0	0	0	0	2417	2440	1957	1892	1840	1.78	1.78	1.78	1.78	1.78	1501	1423	1482	1452	1409	16907.37	16907.37	16907.37	16907.37	16907.37	4	4	4	4	4	92	0	0	0	0	798	40	0	0	0
520	1377	1345	1345	1345	0	0	0	0	0	950	2556	3344	3206	3115	7.38	7.38	7.38	7.38	7.38	1036	2147	2371	2305	2240	16642.16	16642.16	16642.16	16642.16	16642.16	4	4	4	4	4	40	22	50	50	50	1672	340	333	333	333
712	811	829	829	829	0	0	0	0	0	1860	2139	2061	1976	1920	2.11	2.11	2.11	2.11	2.11	1419	1518	1476	1434	1393	17427.6	17427.6	17427.6	17427.6	17427.6	4	4	4	4	4	0	133	0	0	0	315	2384	3710	3873	3912
793	876	866	866	866	0	0	0	0	0	2649	2766	2154	2065	2007	1.72	1.72	1.72	1.72	1.72	1580	1848	1676	1632	1561	18311.15	18311.15	18311.15	18311.15	18311.15	4	4	4	4	4	0	10	236	244	244	83	586	660	660	660
939	996	853	883	883	0	0	0	0	0	2917	3008	2722	2706	2646	1.69	1.69	1.69	1.69	1.69	2016	2066	1796	1819	1748	19476.15	19476.15	19476.15	19476.15	19476.15	4	4	4	4	4	40	15	0	0	0	284	288	80	80	80
261	711	701	980	1611	0	0	0	0	0	873	2469	1743	2340	3731	1.79	1.79	1.79	1.79	1.79	571	1599	1412	1916	2975	20046.16	20046.16	20046.16	20046.16	20046.16	4	4	4	4	4	0	155	69	69	69	63	75	52	52	52
21	211	572	572	572	0	0	0	0	0	69	740	1421	1363	1324	1.45	1.45	1.45	1.45	1.45	45	470	1124	1093	1056	18899.6	18899.6	18899.6	18899.6	18899.6	4	4	4	4	4	0	0	13	13	13	57	342	205	205	310
74	1036	1358	1362	1362	0	0	0	0	0	207	3116	3376	3247	3154	0.8	0.8	0.8	0.8	0.8	163	2261	2713	2667	2576	18877.5	18877.5	18877.5	18877.5	18877.5	4	4	4	4	4	250	137	52	75	10	24	487	1231	1600	1600
105	221	764	2114	3463	0	0	0	0	0	376	633	1899	5041	8021	0.69	0.69	0.69	0.69	0.69	236	530	1748	4719	7568	20103.41	20103.41	20103.41	20103.41	20103.41	4	4	4	4	4	0	34	470	394	394	6	905	758	947	963
136	469	2485	3156	3176	0	0	0	0	0	433	1273	6179	7524	7357	0.92	0.92	0.92	0.92	0.92	302	1101	5523	6850	6809	17602.6	17602.6	17602.6	17602.6	17602.6	4	4	4	4	4	0	0	0	0	0	16	281	225	225	225
1051	1736	1806	1816	1816	0	0	0	0	0	3030	4891	4640	4479	4356	2.46	2.46	2.46	2.46	2.46	2247	3620	3613	3555	3491	16805.19	16805.19	16805.19	16805.19	16805.19	4	4	4	4	4	0	49	49	75	150	54	330	509	606	606
1312	1631	1599	1599	1599	0	0	0	0	0	2978	3464	3975	3812	3704	6.75	6.75	6.75	6.75	6.75	2401	2621	2598	2509	2451	16510.08	16510.08	16510.08	16510.08	16510.08	4	4	4	4	4	30	60	120	80	80	1084	606	610	831	831
167	167	163	163	163	0	0	0	0	0	520	500	555	539	528	2.41	2.41	2.41	2.41	2.41	305	303	295	289	284	15565.35	15565.35	15565.35	15565.35	15565.35	4	4	4	4	4	149	434	895	1020	1020	779	1596	1596	1596	1596
419	598	597	597	597	0	0	0	0	0	1175	1458	1483	1422	1382	2.89	2.89	2.89	2.89	2.89	894	1140	1108	1079	1044	14855.17	14855.17	14855.17	14855.17	14855.17	4	4	4	4	4	125	296	346	346	346	2082	1563	1759	1936	1936
614	875	850	850	850	0	0	0	0	0	1899	2143	2114	2028	1970	3.62	3.62	3.62	3.62	3.62	1017	1621	1573	1531	1443	13658.34	13658.34	13658.34	13658.34	13658.34	4	4	4	4	4	13	194	383	400	450	230	3385	3350	3350	3350
1100	1295	1397	1407	1407	0	0	0	0	0	3568	4115	3474	3355	3260	2.49	2.49	2.49	2.49	2.49	2454	2706	2657	2607	2464	14703.73	14703.73	14703.73	14703.73	14703.73	4	4	4	4	4	30	0	12	12	12	44	212	214	214	214
828	1322	1298	1298	1298	0	0	0	0	0	2684	3967	3228	3095	3007	1.81	1.81	1.81	1.81	1.81	1797	2794	2558	2494	2382	15493.98	15493.98	15493.98	15493.98	15493.98	4	4	4	4	4	0	986	775	775	775	66	615	14	2	2
0	98	0	0	0	0	0	0	0	0	0	310	0	0	0	0	0	0	0	0	0	210	0	0	0	16610.19	16610.19	16610.19	16610.19	16610.19	4	4	4	4	4	325	0	0	0	0	2093	158	0	0	0
141	92	572	572	572	0	0	0	0	0	459	247	1422	1365	1325	1.8	1.8	1.8	1.8	1.8	307	190	1120	1094	1046	14870.4	14870.4	14870.4	14870.4	14870.4	4	4	4	4	4	0	0	0	0	0	15	1226	2300	2793	2793
214	610	694	694	694	0	0	0	0	0	522	1383	1724	1653	1606	3.18	3.18	3.18	3.18	3.18	465	1120	1297	1255	1185	13637.9	13637.9	13637.9	13637.9	13637.9	4	4	4	4	4	100	147	150	150	150	264	3532	3556	3556	3556
1110	1324	1583	1583	1583	0	0	0	0	0	2576	2995	3935	3773	3666	4.89	4.89	4.89	4.89	4.89	1892	2291	2746	2666	2480	12972.9	12972.9	12972.9	12972.9	12972.9	4	4	4	4	4	327	396	388	470	470	799	2279	2696	3053	3009
1426	1548	1520	1521	1521	0	0	0	0	0	3521	3677	3781	3626	3531	3.97	3.97	3.97	3.97	3.97	2671	2586	2533	2449	2286	12324.06	12324.06	12324.06	12324.06	12324.06	4	4	4	4	4	262	306	448	467	559	327	483	827	930	1155
1021	1065	1118	1180	1205	0	0	0	0	0	2667	2541	2680	2655	2720	4.34	4.34	4.34	4.34	4.34	1922	1757	1825	1848	1807	10688.14	10688.14	10688.14	10688.14	10688.14	4	4	4	4	4	20	77	191	240	240	127	314	314	116	116
1150	1153	1202	1261	1299	0	0	0	0	0	3250	2848	2906	2929	3005	3.75	3.75	3.75	3.75	3.75	2156	1877	1911	1941	1918	9923.81	9923.81	9923.81	9923.81	9923.81	4	4	4	4	4	84	0	0	0	0	258	248	265	280	290
1333	1339	1450	1450	1600	0	0	0	0	0	3686	3399	3410	3285	3500	2.78	2.78	2.78	2.78	2.78	2612	2435	2526	2462	2571	9828.24	9828.24	9828.24	9828.24	9828.24	4	4	4	4	4	20	41	45	45	45	1310	346	370	385	405
51	54	55	55	55	0	0	0	0	0	106	94	95	90	100	8.84	8.84	8.84	8.84	8.84	100	83	81	78	79	10028.14	10028.14	10028.14	10028.14	10028.14	4	4	4	4	4	535	26	26	27	28	1922	1208	1224	1273	1372
194	219	300	410	440	0	0	0	0	0	394	452	540	730	790	6.23	6.23	6.23	6.23	6.23	381	354	441	585	597	9202.89	9202.89	9202.89	9202.89	9202.89	4	4	4	4	4	250	307	307	318	328	2039	2655	2663	2682	2672
202	205	205	210	220	0	0	0	0	0	493	468	450	430	480	3.37	3.37	3.37	3.37	3.37	384	355	346	338	345	9553.45	9553.45	9553.45	9553.45	9553.45	4	4	4	4	4	100	149	150	154	160	3537	1576	1800	2346	2490
922	948	970	970	980	0	0	0	0	0	2417	2375	2420	2420	2450	2.42	2.42	2.42	2.42	2.42	1756	1690	1699	1674	1613	7511.32	7511.32	7511.32	7511.32	7511.32	4	4	4	4	4	73	0	0	0	0	853	2949	3200	3300	3600
32	35	35	40	50	0	0	0	0	0	81	82	75	80	100	2.43	2.43	2.43	2.43	2.43	62	53	46	50	57	8184.97	8184.97	8184.97	8184.97	8184.97	4	4	4	4	4	300	214	215	222	230	436	3869	3885	3878	3870
251	247	300	310	350	0	0	0	0	0	619	500	600	600	700	2.03	2.03	2.03	2.03	2.03	478	371	440	435	466	6493.86	6493.86	6493.86	6493.86	6493.86	4	4	4	4	4	386	784	785	812	840	1590	1271	1315	1288	1260
576	600	640	745	800	0	0	0	0	0	1190	1334	1410	1490	1600	4.11	4.11	4.11	4.11	4.11	1001	917	933	1018	1032	6883.64	6883.64	6883.64	6883.64	6883.64	4	4	4	4	4	790	26	26	27	27	3645	2268	2274	2473	2673
125	179	180	180	180	0	0	0	0	0	511	593	590	550	550	3.36	3.36	3.36	3.36	3.36	218	338	332	321	314	7856.97	7856.97	7856.97	7856.97	7856.97	4	4	4	4	4	146	610	610	632	650	1846	2073	2390	2468	2880
1342	1371	1380	1380	1400	0	0	0	0	0	3149	3025	2890	2850	2800	3.32	3.32	3.32	3.32	3.32	2332	2271	2212	2172	2099	8323.91	8323.91	8323.91	8323.91	8323.91	4	4	4	4	4	115	99	100	103	105	586	1116	1700	1797	1845
43	41	40	40	45	0	0	0	0	0	130	107	90	80	90	1.86	1.86	1.86	1.86	1.86	75	72	65	61	65	8066.89	8066.89	8066.89	8066.89	8066.89	4	4	4	4	4	30	15	15	15	15	1128	607	635	665	675
1800	1951	2021	2108	2188	0	0	0	0	0	4094	4337	4362	4398	4530	4.85	4.85	4.85	4.85	4.85	3398	3001	3031	3060	3018	8821.23	8821.23	8821.23	8821.23	8821.23	4	4	4	4	4	57	15	15	16	15	2070	1379	1785	1984	2035
266	272	275	275	280	0	0	0	0	0	679	676	670	660	670	1.67	1.67	1.67	1.67	1.67	508	508	505	495	489	5256.72	5256.72	5256.72	5256.72	5256.72	4	4	4	4	4	0	187	200	205	215	406	2425	2625	2765	2890
383	384	390	400	400	0	0	0	0	0	894	886	890	890	920	2.15	2.15	2.15	2.15	2.15	732	697	697	696	687	5054.95	5054.95	5054.95	5054.95	5054.95	4	4	4	4	4	100	0	0	0	0	2133	91	50	0	0
591	606	700	740	750	0	0	0	0	0	1623	1528	1650	1690	1730	2.04	2.04	2.04	2.04	2.04	1148	1167	1289	1329	1316	5240.43	5240.43	5240.43	5240.43	5240.43	4	4	4	4	4	50	26	26	27	30	1748	215	224	223	220
1490	1485	1580	1720	1760	0	0	0	0	0	3931	3816	3690	4015	4110	4.5	4.5	4.5	4.5	4.5	2610	2546	2571	2748	2714	5550.57	5550.57	5550.57	5550.57	5550.57	4	4	4	4	4	429	399	400	413	430	3868	4024	4000	3987	3870
1652	1658	1675	1705	1745	0	0	0	0	0	4234	4023	3979	4023	4069	2.61	2.61	2.61	2.61	2.61	3194	2976	2955	2968	2923	6431.97	6431.97	6431.97	6431.97	6431.97	4	4	4	4	4	162	38	65	90	110	525	4797	5585	6070	6600
1068	1043	1075	1107	1155	0	0	0	0	0	2922	2650	2641	2645	2717	3.04	3.04	3.04	3.04	3.04	1985	1732	1741	1737	1704	7529.06	7529.06	7529.06	7529.06	7529.06	4	4	4	4	4	108	206	220	220	250	1499	581	670	735	790
1866	1895	2046	2265	2390	0	0	0	0	0	4154	4084	4780	5370	5740	6.29	6.29	6.29	6.29	6.29	2241	2454	2646	2848	2811	7518.36	7518.36	7518.36	7518.36	7518.36	4	4	4	4	4	352	22	22	42	62	1528	1404	1573	1643	1738
1426	1464	1486	1490	1490	0	0	0	0	0	3457	3386	3480	3500	3450	4.7	4.7	4.7	4.7	4.7	2424	2367	2367	2337	2238	6894.24	6894.24	6894.24	6894.24	6894.24	4	4	4	4	4	184	305	355	385	390	359	595	685	750	845
812	801	839	865	893	0	0	0	0	0	1957	1887	2004	2028	2087	3.96	3.96	3.96	3.96	3.96	1335	1189	1233	1235	1192	8435.31	8435.31	8435.31	8435.31	8435.31	4	4	4	4	4	10	341	400	445	465	154	764	880	945	1055
1103	1129	1172	1227	1265	0	0	0	0	0	2594	2516	2530	2573	2630	3.57	3.57	3.57	3.57	3.57	2034	1766	1781	1808	1759	9505.4	9505.4	9505.4	9505.4	9505.4	4	4	4	4	4	93	80	80	80	80	1846	140	180	205	235
367	366	384	405	415	0	0	0	0	0	1000	925	960	990	1020	2.96	2.96	2.96	2.96	2.96	733	650	671	692	685	10535.34	10535.34	10535.34	10535.34	10535.34	4	4	4	4	4	11	117	125	130	130	0	1625	1775	1875	1985
659	667	700	740	755	0	0	0	0	0	1908	1780	1820	1925	1995	3.28	3.28	3.28	3.28	3.28	1316	1194	1227	1278	1254	11256.18	11256.18	11256.18	11256.18	11256.18	4	4	4	4	4	0	0	0	0	0	68	64	70	70	75
564	564	592	625	640	0	0	0	0	0	1736	1596	1655	1720	1760	2.98	2.98	2.98	2.98	2.98	1026	1004	1037	1073	1054	11866.3	11866.3	11866.3	11866.3	11866.3	4	4	4	4	4	0	0	0	0	0	49	187	200	210	220
586	615	646	680	695	0	0	0	0	0	1368	1251	1290	1360	1390	5.33	5.33	5.33	5.33	5.33	1066	874	847	873	838	11181.03	11181.03	11181.03	11181.03	11181.03	4	4	4	4	4	771	10	10	10	10	853	545	585	615	640
82	89	93	100	100	0	0	0	0	0	166	189	195	210	210	10.25	10.25	10.25	10.25	10.25	100	136	140	149	139	12669.26	12669.26	12669.26	12669.26	12669.26	4	4	4	4	4	276	521	560	575	595	3431	427	460	490	515
971	1014	1065	1125	1145	0	0	0	0	0	2483	2478	2555	2590	2635	5.83	5.83	5.83	5.83	5.83	1319	1473	1511	1536	1467	12000.32	12000.32	12000.32	12000.32	12000.32	4	4	4	4	4	41	77	80	85	90	2220	2244	2410	2525	2625
1088	1094	1137	1187	1227	0	0	0	0	0	2803	2643	2643	2696	2771	3.85	3.85	3.85	3.85	3.85	1839	1535	1533	1556	1508	11040.51	11040.51	11040.51	11040.51	11040.51	4	4	4	4	4	600	10	10	10	10	565	2017	2170	2270	2365
1463	1485	1545	1618	1669	0	0	0	0	0	3877	3592	3576	3666	3766	4.03	4.03	4.03	4.03	4.03	2729	2294	2289	2330	2259	10218.76	10218.76	10218.76	10218.76	10218.76	4	4	4	4	4	330	645	720	720	725	710	540	650	765	905
915	895	928	972	1009	0	0	0	0	0	2322	2161	2211	2253	2327	3.88	3.88	3.88	3.88	3.88	1577	1437	1464	1489	1458	9280.09	9280.09	9280.09	9280.09	9280.09	4	4	4	4	4	63	285	305	315	325	301	1000	1090	1160	1225
838	853	867	877	899	0	0	0	0	0	1917	1974	2042	2047	2097	3.9	3.9	3.9	3.9	3.9	1451	1380	1393	1384	1338	8126.34	8126.34	8126.34	8126.34	8126.34	4	4	4	4	4	85	0	0	0	0	620	164	190	215	240
1035	1118	1154	1174	1184	0	0	0	0	0	2278	2475	2503	2503	2503	3.85	3.85	3.85	3.85	3.85	1667	1648	1662	1650	1564	9271.36	9271.36	9271.36	9271.36	9271.36	4	4	4	4	4	218	42	70	70	75	768	522	935	945	970
1084	1058	1093	1139	1182	0	0	0	0	0	2825	2704	2704	2721	2801	4.36	4.36	4.36	4.36	4.36	2119	1764	1779	1801	1785	9603.4	9603.4	9603.4	9603.4	9603.4	4	4	4	4	4	63	29	30	30	30	90	744	743	743	760
440	446	459	478	495	0	0	0	0	0	904	878	882	886	910	8.65	8.65	8.65	8.65	8.65	695	645	567	571	556	9972.61	9972.61	9972.61	9972.61	9972.61	4	4	4	4	4	448	10	10	10	10	1060	290	345	380	420
513	514	532	553	575	0	0	0	0	0	1452	1403	1403	1409	1452	2.93	2.93	2.93	2.93	2.93	1006	921	930	942	938	10955.53	10955.53	10955.53	10955.53	10955.53	4	4	4	4	4	97	548	650	650	650	181	442	525	635	780
839	864	901	941	971	0	0	0	0	0	1842	1816	1819	1854	1906	4.9	4.9	4.9	4.9	4.9	1450	1203	1200	1215	1182	11749.89	11749.89	11749.89	11749.89	11749.89	4	4	4	4	4	46	79	100	100	100	167	198	230	260	300
1575	1547	1617	1699	1742	0	0	0	0	0	4002	3923	4025	4004	4099	4.84	4.84	4.84	4.84	4.84	2480	2347	2280	2294	2217	12419.33	12419.33	12419.33	12419.33	12419.33	4	4	4	4	4	378	65	75	75	75	760	123	150	170	190
424	423	445	470	480	0	0	0	0	0	1243	1127	1175	1175	1200	2.9	2.9	2.9	2.9	2.9	637	695	718	732	707	13449.27	13449.27	13449.27	13449.27	13449.27	4	4	4	4	4	50	511	560	600	600	144	896	1025	1105	1230
2551	2711	2749	2990	3185	0	0	0	0	0	4907	5590	5584	5819	6141	8.85	8.85	8.85	8.85	8.85	4049	3474	3298	3443	3475	12904.51	12904.51	12904.51	12904.51	12904.51	4	4	4	4	4	972	0	0	0	0	1035	72	75	80	85
1890	1878	1939	1972	1988	0	0	0	0	0	4996	4960	5016	5016	5016	3.7	3.7	3.7	3.7	3.7	3562	2898	2919	2885	2756	11155.72	11155.72	11155.72	11155.72	11155.72	4	4	4	4	4	351	1031	1130	1160	1200	428	736	742	791	872
723	702	725	737	743	0	0	0	0	0	1906	1957	1979	1979	1979	3.5	3.5	3.5	3.5	3.5	1237	1014	1000	990	938	10700.05	10700.05	10700.05	10700.05	10700.05	4	4	4	4	4	250	211	210	210	215	217	479	480	480	495
0	0	0	0	0	0	0	0	0	0	0	0	0	0	0	0	0	0	0	0	0	0	0	0	0	9301.05	9301.05	9301.05	9301.05	9301.05	4	4	4	4	4	2084	607	607	607	610	1466	58	58	58	70
2237	2249	2322	2361	2381	0	0	0	0	0	5776	5812	5877	5877	5877	3.38	3.38	3.38	3.38	3.38	3842	3331	3356	3309	3076	8946.99	8946.99	8946.99	8946.99	8946.99	4	4	4	4	4	300	2110	2355	2392	2400	740	396	445	508	570
100	187	193	196	198	0	0	0	0	0	126	271	274	274	274	7.73	7.73	7.73	7.73	7.73	169	204	196	194	171	9787.65	9787.65	9787.65	9787.65	9787.65	4	4	4	4	4	1274	36	40	40	40	1524	220	160	160	165
590	626	646	657	662	0	0	0	0	0	1320	1476	1493	1493	1493	5.18	5.18	5.18	5.18	5.18	1059	943	946	940	899	10231.89	10231.89	10231.89	10231.89	10231.89	4	4	4	4	4	117	922	1027	1050	1055	653	2485	2773	3050	3145
287	292	301	306	308	0	0	0	0	0	606	744	752	752	752	10.99	10.99	10.99	10.99	10.99	484	441	435	434	402	10984.23	10984.23	10984.23	10984.23	10984.23	4	4	4	4	4	953	183	183	183	185	2653	778	778	778	800
377	379	391	398	402	0	0	0	0	0	1089	994	1005	1005	1005	3.7	3.7	3.7	3.7	3.7	749	611	601	599	575	11670.45	11670.45	11670.45	11670.45	11670.45	4	4	4	4	4	300	719	725	725	740	68	3522	3566	3566	3655
1077	1047	1081	1099	1108	0	0	0	0	0	3153	2848	2880	2880	2880	3.23	3.23	3.23	3.23	3.23	1999	1820	1845	1841	1777	12133.01	12133.01	12133.01	12133.01	12133.01	4	4	4	4	4	24	189	250	250	255	585	417	556	556	570
1474	1491	1539	1565	1578	0	0	0	0	0	4010	3967	4012	4012	4012	4.62	4.62	4.62	4.62	4.62	2482	2257	2279	2258	2193	11013.52	11013.52	11013.52	11013.52	11013.52	4	4	4	4	4	37	33	33	33	35	415	207	207	207	210
298	297	307	312	315	0	0	0	0	0	797	740	748	748	748	2.5	2.5	2.5	2.5	2.5	502	459	464	459	427	10987.06	10987.06	10987.06	10987.06	10987.06	4	4	4	4	4	10	20	20	20	25	51	896	950	950	970
1076	1241	1245	1403	1535	0	0	0	0	0	2987	3489	3480	3648	3836	2.58	2.58	2.58	2.58	2.58	2247	2220	2205	2377	2419	13329.62	13329.62	13329.62	13329.62	13329.62	4	4	4	4	4	0	59	60	60	60	87	43	42	42	45
983	964	1010	1138	1245	0	0	0	0	0	2982	2814	2820	3073	3236	2.83	2.83	2.83	2.83	2.83	2073	1732	1763	1924	1964	12563.45	12563.45	12563.45	12563.45	12563.45	4	4	4	4	4	15	0	0	0	0	214	91	92	100	110
1530	1501	1556	1753	1920	0	0	0	0	0	4480	4278	4280	4663	4985	3.55	3.55	3.55	3.55	3.55	2944	2559	2524	2749	2837	13490.38	13490.38	13490.38	13490.38	13490.38	4	4	4	4	4	800	41	40	40	40	873	207	210	210	235
1764	1752	2220	2501	2735	0	0	0	0	0	5788	5533	5550	6002	6291	3.12	3.12	3.12	3.12	3.12	3730	3340	3809	4153	4274	13736.72	13736.72	13736.72	13736.72	13736.72	4	4	4	4	4	82	399	455	460	500	239	812	845	1013	1120
947	942	994	1120	1225	0	0	0	0	0	3081	3071	3081	3136	3307	3.54	3.54	3.54	3.54	3.54	2024	1840	1867	2003	2061	14503.59	14503.59	14503.59	14503.59	14503.59	4	4	4	4	4	161	251	255	255	260	638	64	77	77	105
576	1894	1945	2192	2398	0	0	0	0	0	1785	5247	5376	5699	5994	1.92	1.92	1.92	1.92	1.92	1237	3833	3857	4210	4350	15467.83	15467.83	15467.83	15467.83	15467.83	4	4	4	4	4	100	138	160	170	175	471	713	700	807	899
227	385	403	454	497	0	0	0	0	0	719	1204	1210	1270	1340	0.97	0.97	0.97	0.97	0.97	488	790	810	880	909	15269.94	15269.94	15269.94	15269.94	15269.94	4	4	4	4	4	10	514	515	515	560	104	281	285	285	320
141	181	181	204	223	0	0	0	0	0	394	561	490	510	535	2.35	2.35	2.35	2.35	2.35	303	373	354	383	397	17290.36	17290.36	17290.36	17290.36	17290.36	4	4	4	4	4	5	0	0	0	0	40	105	118	118	130
361	736	1232	1388	1520	0	0	0	0	0	1127	2383	3447	3748	3947	1.71	1.71	1.71	1.71	1.71	776	1525	2404	2642	2752	17392.3	17392.3	17392.3	17392.3	17392.3	4	4	4	4	4	10	15	15	15	15	49	16	31	31	36
481	567	931	1049	1147	0	0	0	0	0	1401	1613	2608	2832	2983	1.6	1.6	1.6	1.6	1.6	1033	1163	1882	2074	2173	18814.97	18814.97	18814.97	18814.97	18814.97	4	4	4	4	4	0	0	0	0	0	91	69	200	359	395
96	90	741	835	913	0	0	0	0	0	301	242	2000	2171	2283	1.16	1.16	1.16	1.16	1.16	174	200	1632	1813	1953	19354.02	19354.02	19354.02	19354.02	19354.02	4	4	4	4	4	0	0	0	0	0	69	390	400	500	550
24	18	685	772	844	0	0	0	0	0	71	46	1750	1930	2026	1.68	1.68	1.68	1.68	1.68	44	35	1277	1409	1462	20103.41	20103.41	20103.41	20103.41	20103.41	4	4	4	4	4	0	0	0	0	0	5	17	200	461	507
2	11	691	779	852	0	0	0	0	0	8	24	1508	1636	1789	0	0	0	0	0	4	23	1388	1537	1427	20462.61	20462.61	20462.61	20462.61	20462.61	4	4	4	4	4	5	0	0	0	0	29	18	300	605	665
8	1	13	15	15	0	0	0	0	0	27	1	27	31	31	0.96	0.96	0.96	0.96	0.96	15	1	23	26	25	19058.53	19058.53	19058.53	19058.53	19058.53	4	4	4	4	4	0	0	0	0	0	0	5	87	87	96
0	8	0	0	0	0	0	0	0	0	0	18	0	0	0	0	0	0	0	0	0	15	0	0	0	18200.05	18200.05	18200.05	18200.05	18200.05	4	4	4	4	4	0	0	0	0	0	0	14	400	650	715
173	1037	1040	1172	1282	0	0	0	0	0	570	3574	3550	3868	3717	1.52	1.52	1.52	1.52	1.52	372	2231	2217	2448	2477	16421.88	16421.88	16421.88	16421.88	16421.88	4	4	4	4	4	118	0	0	0	0	169	15	926	1210	1330
15	927	930	1048	1146	0	0	0	0	0	39	2926	2900	3249	3324	0.66	0.66	0.66	0.66	0.66	27	1875	1859	2066	2138	16883.23	16883.23	16883.23	16883.23	16883.23	4	4	4	4	4	0	38	40	40	50	72	491	723	723	789
1621	1659	1660	1870	2045	0	0	0	0	0	4121	4209	4121	4488	4704	5.47	5.47	5.47	5.47	5.47	2618	2526	2481	2692	2746	14964.73	14964.73	14964.73	14964.73	14964.73	4	4	4	4	4	33	32	35	35	40	121	7	144	144	157
1846	1875	1963	2212	2419	0	0	0	0	0	5262	5070	5100	5530	5806	3.86	3.86	3.86	3.86	3.86	3774	3367	3423	3738	3868	15476.92	15476.92	15476.92	15476.92	15476.92	4	4	4	4	4	95	0	0	0	0	548	99	159	159	175
463	461	506	570	623	0	0	0	0	0	973	839	921	1026	1091	5.61	5.61	5.61	5.61	5.61	837	741	782	866	900	17517.22	17517.22	17517.22	17517.22	17517.22	4	4	4	4	4	40	133	135	135	135	524	893	895	895	998
416	420	429	483	528	0	0	0	0	0	1319	1174	1200	1304	1373	3.24	3.24	3.24	3.24	3.24	851	734	728	796	821	16247.26	16247.26	16247.26	16247.26	16247.26	4	4	4	4	4	920	484	485	485	535	347	1609	1615	1615	1774
110	108	119	134	147	0	0	0	0	0	332	320	332	362	381	2.32	2.32	2.32	2.32	2.32	208	185	211	231	238	16405.51	16405.51	16405.51	16405.51	16405.51	4	4	4	4	4	20	537	550	560	605	785	64	1023	1040	1154
4	7	7	8	8	0	0	0	0	0	10	19	10	10	10	0	0	0	0	0	8	13	9	10	9	15596.16	15596.16	15596.16	15596.16	15596.16	4	4	4	4	4	30	35	35	35	45	1487	956	965	965	1055
66	67	67	75	82	0	0	0	0	0	183	189	183	203	213	1.24	1.24	1.24	1.24	1.24	125	124	119	131	135	14792.72	14792.72	14792.72	14792.72	14792.72	4	4	4	4	4	300	514	515	515	570	2688	2759	2765	2765	3037
14	6	6	7	7	0	0	0	0	0	40	49	20	21	21	0.65	0.65	0.65	0.65	0.65	22	9	7	8	7	14961.17	14961.17	14961.17	14961.17	14961.17	4	4	4	4	4	700	256	260	265	290	80	3597	3620	3635	3998
2026	2098	2218	2499	2733	0	0	0	0	0	5767	5729	5767	6248	6696	3.7	3.7	3.7	3.7	3.7	3177	3420	3487	3791	3926	13962.82	13962.82	13962.82	13962.82	13962.82	4	4	4	4	4	430	1029	1030	1100	1120	415	44	70	130	233
1815	1670	1670	1882	2058	0	0	0	0	0	4393	4396	4300	4705	5084	7.12	7.12	7.12	7.12	7.12	2788	2450	2387	2588	2639	12403.34	12403.34	12403.34	12403.34	12403.34	4	4	4	4	4	289	160	160	160	175	334	1697	1700	1700	1870
1504	1546	1609	1813	1983	0	0	0	0	0	4032	3665	3700	3989	4362	3.45	3.45	3.45	3.45	3.45	2840	2496	2507	2700	2758	13397.56	13397.56	13397.56	13397.56	13397.56	4	4	4	4	4	164	93	95	95	105	400	667	665	665	732
464	495	557	628	687	0	0	0	0	0	1614	1516	1614	1758	1923	2.8	2.8	2.8	2.8	2.8	876	920	1006	1105	1119	14396.8	14396.8	14396.8	14396.8	14396.8	4	4	4	4	4	20	272	300	400	430	17	115	90	164	190
2	2	2	2	2	0	0	0	0	0	8	6	5	5	5	0	0	0	0	0	4	4	3	3	3	17405.65	17405.65	17405.65	17405.65	17405.65	4	4	4	4	4	30	107	105	105	115	790	105	110	110	119
857	849	894	950	1020	0	0	0	0	0	2405	2106	2230	2355	2550	4.53	4.53	4.53	4.53	4.53	1497	1367	1390	1445	1508	18134.11	18134.11	18134.11	18134.11	18134.11	4	4	4	4	4	394	285	285	285	315	882	1454	1575	1615	1761
642	693	796	990	1160	0	0	0	0	0	1972	1771	1870	2345	2620	2.85	2.85	2.85	2.85	2.85	1372	1251	1357	1664	1864	19836.38	19836.38	19836.38	19836.38	19836.38	4	4	4	4	4	442	354	360	380	400	1685	399	600	863	883
0	1	0	0	0	0	0	0	0	0	0	2	0	0	0	0	0	0	0	0	0	2	0	0	0	18684.17	18684.17	18684.17	18684.17	18684.17	4	4	4	4	4	546	267	340	340	355	1193	2374	2340	2360	2380
1957	1950	1955	1960	1960	0	0	0	0	0	6846	5916	5865	5480	5292	2.6	2.6	2.6	2.6	2.6	4358	3885	3853	3736	3608	21085.57	21085.57	21085.57	21085.57	21085.57	4	4	4	4	4	10	116	130	170	175	102	1807	2670	4010	4275
583	589	750	900	900	0	0	0	0	0	1998	1948	2400	2700	2520	2.48	2.48	2.48	2.48	2.48	1307	1260	1578	1838	1761	22458.15	22458.15	22458.15	22458.15	22458.15	4	4	4	4	4	0	10	10	10	10	15	79	80	80	80
212	634	640	650	650	0	0	0	0	0	764	1999	1920	1820	1755	1.53	1.53	1.53	1.53	1.53	454	1342	1326	1304	1229	21757.75	21757.75	21757.75	21757.75	21757.75	4	4	4	4	4	10	10	10	10	10	257	25	25	25	25
1583	2029	2250	2560	2580	0	0	0	0	0	4439	5466	5625	5885	5676	2.57	2.57	2.57	2.57	2.57	3040	3924	4189	4546	4266	19825.62	19825.62	19825.62	19825.62	19825.62	4	4	4	4	4	60	0	0	0	0	327	281	350	370	380
5	0	0	0	3370	0	0	0	0	0	10	0	0	0	7380	0	0	0	0	0	10	0	0	0	5185	17327.57	17327.57	17327.57	17327.57	17327.57	4	4	4	4	4	0	20	30	40	2150	562	950	1040	1110	4240
1388	1819	3415	4190	1830	0	0	0	0	0	3689	4604	7940	9210	4209	3.04	3.04	3.04	3.04	3.04	2672	3441	6473	7582	3158	15774.25	15774.25	15774.25	15774.25	15774.25	4	4	4	4	4	207	25	1100	2270	300	396	1490	10820	13800	11900
1138	1192	1195	1200	1200	0	0	0	0	0	3252	3104	2865	2760	2760	3.02	3.02	3.02	3.02	3.02	2301	2218	2099	2049	1977	17262.6	17262.6	17262.6	17262.6	17262.6	4	4	4	4	4	320	120	120	120	120	23	422	425	430	430
1080	1116	1135	1150	1160	0	0	0	0	0	3493	3361	3006	2875	2900	2.42	2.42	2.42	2.42	2.42	2317	2291	2217	2180	2123	18868.97	18868.97	18868.97	18868.97	18868.97	4	4	4	4	4	0	380	380	380	380	127	596	600	600	600
524	1026	2400	3660	4000	0	0	0	0	0	1704	3345	7200	10235	11200	1.4	1.4	1.4	1.4	1.4	1223	2327	5236	7679	8137	20391.93	20391.93	20391.93	20391.93	20391.93	4	4	4	4	4	0	15	15	15	15	279	1342	1345	1345	1345
615	2022	2950	3780	4948	0	0	0	0	0	2127	6674	8850	10945	13900	1.34	1.34	1.34	1.34	1.34	1458	4557	6404	8024	10099	22403.23	22403.23	22403.23	22403.23	22403.23	4	4	4	4	4	80	31	100	200	300	0	131	850	1480	1730
173	1491	1495	1500	1550	0	0	0	0	0	598	4230	3730	3600	3720	1.54	1.54	1.54	1.54	1.54	410	3037	2891	2829	2834	23482.1	23482.1	23482.1	23482.1	23482.1	4	4	4	4	4	0	13	50	50	80	55	473	1250	1600	1800
1085	1181	1190	1200	1200	0	0	0	0	0	3055	2954	2618	2520	2520	3.35	3.35	3.35	3.35	3.35	2285	2264	2156	2110	2041	19613.29	19613.29	19613.29	19613.29	19613.29	4	4	4	4	4	34	325	325	330	330	191	222	235	255	270
1	8	700	1550	1950	0	0	0	0	0	3	18	1470	3100	3900	2.88	2.88	2.88	2.88	2.88	2	13	839	1617	1684	18881.53	18881.53	18881.53	18881.53	18881.53	4	4	4	4	4	45	10	10	10	10	849	174	180	190	190
1024	1261	1265	1270	1270	0	0	0	0	0	3134	3314	2900	2790	2794	2.81	2.81	2.81	2.81	2.81	2100	2484	2350	2298	2182	21490.65	21490.65	21490.65	21490.65	21490.65	4	4	4	4	4	33	2750	3257	4000	4400	123	335	1743	3850	3945
557	611	1150	1500	1928	0	0	0	0	0	1629	1708	2875	3600	4621	2.84	2.84	2.84	2.84	2.84	1192	1255	2230	2819	3424	23321.22	23321.22	23321.22	23321.22	23321.22	4	4	4	4	4	30	53	53	55	55	904	417	417	425	425
72	71	350	650	697	0	0	0	0	0	233	213	980	1780	1916	1.05	1.05	1.05	1.05	1.05	158	166	799	1466	1358	24730.25	24730.25	24730.25	24730.25	24730.25	4	4	4	4	4	4	80	80	90	90	113	2430	2450	2450	2460
29	24	1060	1500	2027	0	0	0	0	0	86	66	2756	3750	5067	0.56	0.56	0.56	0.56	0.56	69	56	2380	3284	4409	25757.68	25757.68	25757.68	25757.68	25757.68	4	4	4	4	4	0	0	0	20	50	22	12	200	380	450
456	679	690	690	700	0	0	0	0	0	1577	2105	2100	2220	2240	1.93	1.93	1.93	1.93	1.93	1026	1369	1371	1382	1356	20688.02	20688.02	20688.02	20688.02	20688.02	4	4	4	4	4	0	155	300	500	500	30	28	400	850	1000
136	180	183	183	200	0	0	0	0	0	358	494	530	550	580	1.38	1.38	1.38	1.38	1.38	306	353	363	364	380	20698.46	20698.46	20698.46	20698.46	20698.46	4	4	4	4	4	0	40	40	40	40	41	325	325	325	460
540	550	560	560	600	0	0	0	0	0	1534	1446	1450	1460	1480	2.12	2.12	2.12	2.12	2.12	1176	1196	1208	1211	1095	23400.98	23400.98	23400.98	23400.98	23400.98	4	4	4	4	4	0	0	0	0	0	32	22	22	22	100
887	1061	1240	1340	1500	0	0	0	0	0	2904	3212	3650	3750	3900	2.22	2.22	2.22	2.22	2.22	1996	2097	2258	2373	2500	22961.41	22961.41	22961.41	22961.41	22961.41	4	4	4	4	4	0	33	100	100	100	60	82	80	120	300
1861	2129	2227	2527	2600	0	0	0	0	0	5908	6882	7000	7150	7200	2.64	2.64	2.64	2.64	2.64	3913	4318	4382	4704	4686	21527.73	21527.73	21527.73	21527.73	21527.73	4	4	4	4	4	15	25	500	500	500	45	157	182	300	500
429	1641	2100	2300	2500	0	0	0	0	0	1203	4668	5270	5420	5800	1.85	1.85	1.85	1.85	1.85	893	3443	4154	4407	4656	23409.51	23409.51	23409.51	23409.51	23409.51	4	4	4	4	4	223	181	400	550	550	546	407	388	750	950
1114	1185	1500	1600	1900	0	0	0	0	0	3365	3386	3700	3950	4600	2.6	2.6	2.6	2.6	2.6	2233	2274	2687	2825	3216	25957.2	25957.2	25957.2	25957.2	25957.2	4	4	4	4	4	61	292	400	450	450	57	879	1053	1443	1650
359	409	450	850	1000	0	0	0	0	0	1293	1318	1400	2500	3000	0.9	0.9	0.9	0.9	0.9	875	981	1067	1970	2327	27763.87	27763.87	27763.87	27763.87	27763.87	4	4	4	4	4	0	10	50	150	150	63	170	160	350	450
79	81	110	400	600	0	0	0	0	0	291	225	300	1000	1800	0.77	0.77	0.77	0.77	0.77	198	186	252	888	1413	25065.87	25065.87	25065.87	25065.87	25065.87	4	4	4	4	4	5	10	20	30	40	0	118	280	520	560
476	502	840	3400	6200	0	0	0	0	0	1410	1434	2100	8500	15500	1.28	1.28	1.28	1.28	1.28	1160	1166	1863	7492	13569	28358.92	28358.92	28358.92	28358.92	28358.92	4	4	4	4	4	30	0	0	0	0	336	269	0	0	10
445	552	600	1850	3200	0	0	0	0	0	1398	1709	1800	5000	8400	1.01	1.01	1.01	1.01	1.01	1083	1313	1412	4188	7131	31603.67	31603.67	31603.67	31603.67	31603.67	4	4	4	4	4	7	176	280	460	590	57	445	3120	4440	5300
255	157	354	455	1432	0	0	0	0	0	875	507	897	1002	4095	0.62	0.62	0.62	0.62	0.62	621	375	774	943	2925	33186.93	33186.93	33186.93	33186.93	33186.93	4	4	4	4	4	115	0	100	110	195	797	39	100	190	1295
109	1377	2402	4329	515	0	0	0	0	0	292	4129	6643	10268	1410	2.22	2.22	2.22	2.22	2.22	267	3202	5406	9129	990	30802.45	30802.45	30802.45	30802.45	30802.45	4	4	4	4	4	243	376	545	685	685	386	1880	3890	5211	5265
562	347	414	1803	8303	0	0	0	0	0	1751	1029	1202	6112	22025	0.68	0.68	0.68	0.68	0.68	1369	810	960	4367	18173	33896.66	33896.66	33896.66	33896.66	33896.66	4	4	4	4	4	271	221	330	400	625	667	329	1315	1899	3655
493	1750	2400	4050	1620	0	0	0	0	0	1731	5089	6650	10655	4680	0.61	0.61	0.61	0.61	0.61	1238	3838	5043	8444	3806	30248.9	30248.9	30248.9	30248.9	30248.9	4	4	4	4	4	0	215	305	365	10	126	1873	2875	3610	170
595	683	1750	3130	4350	0	0	0	0	0	1858	2033	4900	8450	11540	0.81	0.81	0.81	0.81	0.81	1495	1627	4083	7202	9932	28886.23	28886.23	28886.23	28886.23	28886.23	4	4	4	4	4	25	0	0	100	120	57	160	255	820	890
457	511	1650	2320	2530	0	0	0	0	0	1610	1665	4750	6395	6780	0.7	0.7	0.7	0.7	0.7	1148	1249	3874	5360	5788	27267.31	27267.31	27267.31	27267.31	27267.31	4	4	4	4	4	63	41	120	150	160	196	237	490	540	600
620	874	1100	1500	1900	0	0	0	0	0	1890	2688	3140	3970	5000	0.74	0.74	0.74	0.74	0.74	1391	2087	2564	3410	4309	35598.82	35598.82	35598.82	35598.82	35598.82	4	4	4	4	4	30	151	400	600	670	260	953	2735	4290	4710
0	0	0	0	0	0	0	0	0	0	0	0	0	0	0	0	0	0	0	0	0	0	0	0	0	825.76	825.76	825.76	825.76	825.76	5	5	5	5	5	15	254	390	500	520	531	429	1530	2240	3020
771	929	953	976	1022	0	0	0	0	0	1138	1553	1593	1632	1709	0	0	0	0	0	466	787	254	618	618	505.38	505.38	505.38	505.38	505.38	5	5	5	5	5	28	0	10	0	0	4790	214	248	302	317
479	558	560	561	588	0	0	0	0	0	682	914	917	919	963	0	0	0	0	0	289	443	113	138	314	792.8	792.8	792.8	792.8	792.8	5	5	5	5	5	123	46	46	103	108	1987	3550	4507	5407	5680
30	6	322	637	667	0	0	0	0	0	33	11	589	1167	1222	0	0	0	0	0	19	7	83	80	447	1079.82	1079.82	1079.82	1079.82	1079.82	5	5	5	5	5	100	42	72	85	88	316	2127	2657	3204	3367
0	124	195	265	278	0	0	0	0	0	0	205	322	439	459	0	0	0	0	0	0	137	142	260	243	1522.83	1522.83	1522.83	1522.83	1522.83	5	5	5	5	5	35	61	91	152	161	1164	429	593	726	762
0	0	0	0	0	0	0	0	0	0	17	0	0	0	0	0	0	0	0	0	0	0	0	251	1536	894.02	894.02	894.02	894.02	894.02	5	5	5	5	5	120	0	0	0	0	6466	426	798	1169	1228
878	1283	1442	1600	1676	0	0	0	0	0	1244	1725	1938	2151	2253	0	0	0	0	0	532	874	204	401	568	928.73	928.73	928.73	928.73	928.73	5	5	5	5	5	552	0	0	40	42	9595	5673	6146	6579	6911
506	650	612	573	600	0	0	0	0	0	710	946	890	834	873	0	0	0	0	0	306	424	81	82	92	437.55	437.55	437.55	437.55	437.55	5	5	5	5	5	2472	308	338	372	392	20257	11126	10940	10751	11293
2	0	0	0	0	0	0	0	0	0	186	226	113	0	0	0	0	0	0	0	2	0	6	6	0	201.53	201.53	201.53	201.53	201.53	5	5	5	5	5	84	897	947	1994	2095	2765	13325	20694	27066	28431
14	17	9	0	0	0	0	0	0	0	23	29	15	0	0	0	0	0	0	0	8	19	19	17	14	121.34	121.34	121.34	121.34	121.34	5	5	5	5	5	120	0	100	147	155	3755	1930	2743	3610	3792
0	0	531	1061	1111	0	0	0	0	0	0	0	1061	2122	2222	0	0	0	0	0	0	0	0	247	955	1318.24	1318.24	1318.24	1318.24	1318.24	5	5	5	5	5	200	0	50	110	116	2963	6596	6041	5476	5752
0	0	319	637	1500	0	0	0	0	0	0	0	637	1273	3000	0	0	0	0	0	0	0	336	498	1260	913.66	913.66	913.66	913.66	913.66	5	5	5	5	5	93	26	46	178	187	166	2405	3964	5412	5685
0	24	489	953	998	0	0	0	0	0	18	32	651	1270	1330	0	0	0	0	0	0	27	26	568	898	846.27	846.27	846.27	846.27	846.27	5	5	5	5	5	100	61	111	102	106	1676	562	674	844	887
3110	3086	3209	3331	3489	0	0	0	0	0	8110	8460	8797	9133	9564	5.96	5.96	5.96	5.96	5.96	4040	4594	590	659	4608	1954.04	1954.04	1954.04	1954.04	1954.04	5	5	5	5	5	78	149	149	102	107	792	172	1155	2185	2295
182	167	216	265	278	0	0	0	0	0	710	639	827	1015	1063	8.7	8.7	8.7	8.7	8.7	220	244	240	236	298	1480.59	1480.59	1480.59	1480.59	1480.59	5	5	5	5	5	115	49	99	53	55	390	1479	1114	845	888
463	472	482	491	514	0	0	0	0	0	1555	1589	1622	1654	1732	5.9	5.9	5.9	5.9	5.9	462	654	486	479	576	2036.42	2036.42	2036.42	2036.42	2036.42	5	5	5	5	5	42	35	45	78	82	1516	1019	867	692	727
1117	1085	1148	1210	1267	0	0	0	0	0	2993	3397	3592	3787	3966	5.48	5.48	5.48	5.48	5.48	1419	1673	516	534	1748	2880.38	2880.38	2880.38	2880.38	2880.38	5	5	5	5	5	41	28	75	101	106	226	2049	1917	1805	1896
236	253	252	250	262	0	0	0	0	0	616	781	777	773	809	3.11	3.11	3.11	3.11	3.11	289	417	439	538	388	3007.1	3007.1	3007.1	3007.1	3007.1	5	5	5	5	5	50	175	100	41	43	1448	261	248	219	230
0	0	0	0	0	0	0	0	0	0	0	0	0	0	0	0	0	0	0	0	0	0	0	0	0	4794.02	4794.02	4794.02	4794.02	4794.02	5	5	5	5	5	0	14	14	27	29	147	1578	1662	1734	1821
0	0	0	0	0	0	0	0	0	0	0	0	0	0	0	0	0	0	0	0	0	0	0	0	0	7118.12	7118.12	7118.12	7118.12	7118.12	5	5	5	5	5	0	0	0	0	0	841	70	206	342	359
425	741	880	1018	1106	0	0	0	0	0	1231	2280	2692	3103	3367	1.28	1.28	1.28	1.28	1.28	774	1517	976	1262	2148	9174.09	9174.09	9174.09	9174.09	9174.09	5	5	5	5	5	0	0	0	0	0	99	575	765	955	1003
922	989	1009	1029	1078	0	0	0	0	0	2602	2819	2876	2933	3072	2.73	2.73	2.73	2.73	2.73	1576	1772	1085	1092	1796	7205.73	7205.73	7205.73	7205.73	7205.73	5	5	5	5	5	50	18	18	0	0	215	128	105	100	107
997	755	977	1199	1256	0	0	0	0	0	2602	2000	2588	3176	3326	5.09	5.09	5.09	5.09	5.09	1705	1288	16	26	1943	6529.79	6529.79	6529.79	6529.79	6529.79	5	5	5	5	5	0	0	0	32	35	97	200	238	244	257
173	182	186	190	199	0	0	0	0	0	477	496	507	518	542	2.16	2.16	2.16	2.16	2.16	257	318	325	326	321	5333.44	5333.44	5333.44	5333.44	5333.44	5	5	5	5	5	50	0	10	0	0	218	314	194	94	99
433	496	485	473	496	0	0	0	0	0	1162	1263	1234	1205	1262	5.59	5.59	5.59	5.59	5.59	643	712	275	503	610	6140.05	6140.05	6140.05	6140.05	6140.05	5	5	5	5	5	933	0	0	0	0	244	2	1	0	0
1078	1289	1220	1150	1204	0	0	0	0	0	1891	2694	2549	2404	2517	12.78	12.78	12.78	12.78	12.78	1580	1730	755	756	1469	6913.54	6913.54	6913.54	6913.54	6913.54	5	5	5	5	5	100	697	727	630	661	161	288	415	669	703
1072	1096	1121	1146	1200	0	0	0	0	0	2376	2576	2635	2693	2820	5.67	5.67	5.67	5.67	5.67	1496	1553	650	656	1490	7069.38	7069.38	7069.38	7069.38	7069.38	5	5	5	5	5	500	35	25	0	0	199	190	215	254	267
1204	1245	1312	1379	1444	0	0	0	0	0	2800	2881	3037	3192	3342	6.08	6.08	6.08	6.08	6.08	1826	1768	956	26	1792	6284.59	6284.59	6284.59	6284.59	6284.59	5	5	5	5	5	176	408	458	368	388	134	29	101	313	328
642	663	682	701	734	0	0	0	0	0	1628	1695	1744	1793	1878	4.26	4.26	4.26	4.26	4.26	950	953	659	658	948	5212.5	5212.5	5212.5	5212.5	5212.5	5	5	5	5	5	230	0	30	134	141	160	355	299	169	177
846	870	897	923	967	0	0	0	0	0	2581	2688	2770	2852	2987	4.25	4.25	4.25	4.25	4.25	1104	1383	822	99	1325	3073.18	3073.18	3073.18	3073.18	3073.18	5	5	5	5	5	100	368	368	242	255	212	87	180	399	419
1928	1965	2044	2122	2222	0	0	0	0	0	5053	5683	5910	6137	6427	4.26	4.26	4.26	4.26	4.26	2759	2992	278	314	2979	5259.18	5259.18	5259.18	5259.18	5259.18	5	5	5	5	5	173	0	0	68	71	390	266	285	237	249
1928	1883	2003	2122	2222	0	0	0	0	0	4482	5458	5805	6151	6441	6.62	6.62	6.62	6.62	6.62	2372	2755	1020	403	2826	4217.94	4217.94	4217.94	4217.94	4217.94	5	5	5	5	5	120	82	82	117	123	658	581	536	457	480
2331	2231	2378	2525	2644	0	0	0	0	0	6621	7449	7940	8431	8829	7.62	7.62	7.62	7.62	7.62	3138	3218	539	176	3188	3138.82	3138.82	3138.82	3138.82	3138.82	5	5	5	5	5	94	77	77	82	86	182	979	908	832	874
324	345	353	361	378	0	0	0	0	0	1007	1115	1141	1166	1221	8.06	8.06	8.06	8.06	8.06	329	494	216	339	458	2781.88	2781.88	2781.88	2781.88	2781.88	5	5	5	5	5	137	30	30	63	66	697	283	374	432	454
23	27	30	32	33	0	0	0	0	0	293	357	389	421	441	0	0	0	0	0	18	43	39	166	41	1700.57	1700.57	1700.57	1700.57	1700.57	5	5	5	5	5	144	105	185	92	97	4676	1154	863	745	782
736	691	765	838	878	0	0	0	0	0	1976	2225	2462	2699	2826	9.4	9.4	9.4	9.4	9.4	660	927	604	99	963	2422.99	2422.99	2422.99	2422.99	2422.99	5	5	5	5	5	59	180	130	98	103	331	5579	5430	5264	5530
2001	2039	2091	2143	2244	0	0	0	0	0	5250	6646	6816	6986	7316	7.19	7.19	7.19	7.19	7.19	2544	2926	721	760	2738	3197.13	3197.13	3197.13	3197.13	3197.13	5	5	5	5	5	205	46	86	40	43	1115	362	358	440	462
993	878	967	1056	1106	0	0	0	0	0	2795	3112	3427	3742	3919	7.69	7.69	7.69	7.69	7.69	1120	1231	109	363	1235	3757.78	3757.78	3757.78	3757.78	3757.78	5	5	5	5	5	344	201	251	139	146	875	937	1272	1768	1857
1288	1336	1358	1379	1444	0	0	0	0	0	3278	4271	4340	4409	4618	6.8	6.8	6.8	6.8	6.8	1839	1922	322	334	1827	4241.78	4241.78	4241.78	4241.78	4241.78	5	5	5	5	5	263	163	197	232	244	352	1031	1029	1027	1079
16	11	14	16	17	0	0	0	0	0	29	27	33	39	41	1538.46	1538.46	1538.46	1538.46	1538.46	17	16	46	45	21	3617.84	3617.84	3617.84	3617.84	3617.84	5	5	5	5	5	30	256	256	177	186	37	289	519	827	869
876	958	946	934	978	0	0	0	0	0	2114	2718	2684	2649	2774	7.2	7.2	7.2	7.2	7.2	1256	1400	641	640	1279	4872.42	4872.42	4872.42	4872.42	4872.42	5	5	5	5	5	20	0	0	20	21	35	45	1735	3405	3577
2162	2347	2394	2440	2556	0	0	0	0	0	5805	7071	7212	7352	7699	7.14	7.14	7.14	7.14	7.14	2724	3386	1001	22	3233	5836.61	5836.61	5836.61	5836.61	5836.61	5	5	5	5	5	382	30	30	10	11	311	23	130	258	271
2200	2236	2312	2387	2500	0	0	0	0	0	5313	5711	5904	6097	6385	5.41	5.41	5.41	5.41	5.41	3434	3397	907	17	3458	7187.17	7187.17	7187.17	7187.17	7187.17	5	5	5	5	5	50	173	223	257	270	153	598	551	519	545
1825	1837	1895	1952	2044	0	0	0	0	0	4691	4799	4950	5100	5341	4.35	4.35	4.35	4.35	4.35	3165	3074	1097	182	3139	7849.58	7849.58	7849.58	7849.58	7849.58	5	5	5	5	5	412	39	39	34	36	449	380	369	364	382
1852	1818	1907	1995	2089	0	0	0	0	0	4258	4268	4476	4683	4904	6.47	6.47	6.47	6.47	6.47	2606	2572	459	495	2674	6881.2	6881.2	6881.2	6881.2	6881.2	5	5	5	5	5	104	119	149	277	292	202	464	562	562	590
1407	1337	1417	1496	1567	0	0	0	0	0	3728	3769	3993	4217	4416	4.56	4.56	4.56	4.56	4.56	2041	2137	951	963	2287	6278.76	6278.76	6278.76	6278.76	6278.76	5	5	5	5	5	33	40	40	71	74	114	219	264	278	292
837	846	837	828	867	0	0	0	0	0	2071	2051	2029	2006	2101	5.51	5.51	5.51	5.51	5.51	1252	1318	82	94	1233	5401.76	5401.76	5401.76	5401.76	5401.76	5	5	5	5	5	69	23	23	32	34	257	86	128	162	170
952	957	991	1024	1072	0	0	0	0	0	2466	2716	2811	2906	3043	5.05	5.05	5.05	5.05	5.05	1321	1410	651	652	1396	5016.08	5016.08	5016.08	5016.08	5016.08	5	5	5	5	5	66	58	58	47	49	213	200	230	271	285
2365	2415	2553	2690	2817	0	0	0	0	0	5625	6902	7295	7687	8050	6.45	6.45	6.45	6.45	6.45	3292	3596	26	67	3689	4681.7	4681.7	4681.7	4681.7	4681.7	5	5	5	5	5	70	72	72	44	46	169	319	259	228	240
1411	1426	1562	1698	1778	0	0	0	0	0	4666	4365	4781	5196	5442	7.07	7.07	7.07	7.07	7.07	1438	1984	570	752	2034	4476.7	4476.7	4476.7	4476.7	4476.7	5	5	5	5	5	425	23	33	47	50	749	237	214	186	195
1358	1333	1441	1549	1622	0	0	0	0	0	3736	4003	4328	4652	4871	6.29	6.29	6.29	6.29	6.29	1638	1825	58	160	1899	2922.32	2922.32	2922.32	2922.32	2922.32	5	5	5	5	5	74	142	217	287	301	735	1476	1646	1820	1912
187	194	203	212	222	0	0	0	0	0	639	542	568	593	621	8.22	8.22	8.22	8.22	8.22	114	261	269	263	244	1746.56	1746.56	1746.56	1746.56	1746.56	5	5	5	5	5	47	247	107	51	53	2144	708	918	1044	1097
623	554	611	668	700	0	0	0	0	0	2008	1596	1761	1926	2017	12.26	12.26	12.26	12.26	12.26	260	584	388	376	549	1805.89	1805.89	1805.89	1805.89	1805.89	5	5	5	5	5	30	21	21	52	56	569	2395	3038	3650	3833
1	2	17	32	33	0	0	0	0	0	35	29	246	462	483	0	0	0	0	0	1	3	3	3	40	1072.15	1072.15	1072.15	1072.15	1072.15	5	5	5	5	5	400	0	0	0	0	2950	416	244	72	76
0	56	28	0	0	0	0	0	0	0	23	322	161	0	0	0	0	0	0	0	0	68	70	67	0	1343.28	1343.28	1343.28	1343.28	1343.28	5	5	5	5	5	150	0	27	34	36	1777	5709	4686	3684	3869
3087	3155	3275	3395	3556	0	0	0	0	0	6713	6243	6481	6718	7036	11.71	11.71	11.71	11.71	11.71	3391	3906	481	513	3695	1537.77	1537.77	1537.77	1537.77	1537.77	5	5	5	5	5	315	0	0	13	14	1820	5671	3925	2167	2276
1016	1001	1042	1082	1133	0	0	0	0	0	2433	2597	2703	2808	2940	11.23	11.23	11.23	11.23	11.23	646	962	495	649	823	1717.69	1717.69	1717.69	1717.69	1717.69	5	5	5	5	5	512	61	111	337	354	657	3308	2634	1784	1874
1776	1777	1844	1910	2000	0	0	0	0	0	5342	6753	7006	7258	7600	7.34	7.34	7.34	7.34	7.34	1894	2378	802	397	2226	2328.83	2328.83	2328.83	2328.83	2328.83	5	5	5	5	5	407	524	530	547	575	720	605	956	1296	1361
2063	2077	2169	2260	2367	0	0	0	0	0	4957	5801	6057	6312	6610	6.36	6.36	6.36	6.36	6.36	2685	2959	870	905	2952	3311.87	3311.87	3311.87	3311.87	3311.87	5	5	5	5	5	282	541	451	436	457	2144	674	1209	1668	1753
2821	2930	2985	3040	3183	0	0	0	0	0	6008	6488	6610	6731	7049	7.29	7.29	7.29	7.29	7.29	3872	3832	783	371	3837	4724.1	4724.1	4724.1	4724.1	4724.1	5	5	5	5	5	170	238	208	190	200	532	2167	2490	2802	2943
2412	2395	2487	2578	2700	0	0	0	0	0	5687	5623	5838	6053	6339	4.6	4.6	4.6	4.6	4.6	3803	3775	870	937	3967	5258.66	5258.66	5258.66	5258.66	5258.66	5	5	5	5	5	50	515	315	115	120	232	701	698	695	731
2899	3011	3122	3232	3381	0	0	0	0	0	7341	7266	7510	7754	8078	6.75	6.75	6.75	6.75	6.75	4394	4729	465	487	4920	6295.88	6295.88	6295.88	6295.88	6295.88	5	5	5	5	5	187	26	26	34	36	1792	472	360	241	253
726	745	758	770	807	0	0	0	0	0	1280	1284	1306	1328	1390	31.32	31.32	31.32	31.32	31.32	1092	946	278	279	928	5467.63	5467.63	5467.63	5467.63	5467.63	5	5	5	5	5	322	158	148	138	152	2795	2571	2328	2086	2177
975	934	982	1029	1078	0	0	0	0	0	2939	2685	2822	2959	3098	6.84	6.84	6.84	6.84	6.84	1429	1332	599	595	1371	5303.41	5303.41	5303.41	5303.41	5303.41	5	5	5	5	5	100	103	103	216	228	1315	6873	5430	3874	4068
1358	1364	1409	1454	1522	0	0	0	0	0	3084	3065	3166	3266	3421	6.14	6.14	6.14	6.14	6.14	1905	1967	112	131	2021	4455.26	4455.26	4455.26	4455.26	4455.26	5	5	5	5	5	70	4	36	68	71	176	1035	1243	1451	1524
2485	2404	2555	2705	2833	0	0	0	0	0	6601	7906	8402	8898	9318	7.28	7.28	7.28	7.28	7.28	3033	3416	206	633	3434	3597.1	3597.1	3597.1	3597.1	3597.1	5	5	5	5	5	293	131	87	47	49	1009	64	130	192	202
1846	1858	1916	1973	2067	0	0	0	0	0	4420	4604	4747	4890	5121	7.29	7.29	7.29	7.29	7.29	2630	2256	599	908	2192	4950.67	4950.67	4950.67	4950.67	4950.67	5	5	5	5	5	551	159	309	349	366	406	1349	1150	1061	1115
416	498	470	441	462	0	0	0	0	0	911	1241	1171	1100	1152	31.67	31.67	31.67	31.67	31.67	439	361	183	405	159	4770.91	4770.91	4770.91	4770.91	4770.91	5	5	5	5	5	1714	440	550	590	620	2332	723	510	368	386
735	752	769	785	822	0	0	0	0	0	2193	2513	2569	2624	2748	6.43	6.43	6.43	6.43	6.43	686	1006	599	13	943	3236.48	3236.48	3236.48	3236.48	3236.48	5	5	5	5	5	206	2545	2705	3077	3231	350	971	1904	2625	2758
2680	2740	2829	2918	3056	0	0	0	0	0	7356	7149	7381	7613	7972	7.4	7.4	7.4	7.4	7.4	3284	4004	531	559	3956	3061.22	3061.22	3061.22	3061.22	3061.22	5	5	5	5	5	16	212	222	241	254	835	538	564	582	611
1526	1512	1584	1655	1733	0	0	0	0	0	4014	3814	3995	4175	4372	6.79	6.79	6.79	6.79	6.79	2122	2248	967	973	2362	4423.3	4423.3	4423.3	4423.3	4423.3	5	5	5	5	5	258	49	19	11	11	1554	836	868	878	923
2056	2059	2131	2202	2306	0	0	0	0	0	4554	4387	4539	4691	4912	6.66	6.66	6.66	6.66	6.66	3053	2798	483	503	2942	4927.28	4927.28	4927.28	4927.28	4927.28	5	5	5	5	5	467	454	224	174	183	298	1162	1454	1567	1646
2972	2975	3106	3236	3389	0	0	0	0	0	6196	5964	6226	6487	6794	8.21	8.21	8.21	8.21	8.21	4486	4270	303	350	4368	2985.42	2985.42	2985.42	2985.42	2985.42	5	5	5	5	5	890	968	608	315	331	857	352	439	459	482
213	258	220	181	190	0	0	0	0	0	395	494	421	347	364	459.09	459.09	459.09	459.09	459.09	217	232	200	186	118	707.59	707.59	707.59	707.59	707.59	5	5	5	5	5	399	814	664	600	631	4485	1612	1438	1178	1237
371	334	661	987	1033	0	0	0	0	0	825	688	1361	2033	2129	10.1	10.1	10.1	10.1	10.1	348	444	21	24	995	799.16	799.16	799.16	799.16	799.16	5	5	5	5	5	150	271	291	310	326	793	5850	5451	5053	5308
700	706	751	796	833	0	0	0	0	0	1557	1515	1612	1708	1788	7.95	7.95	7.95	7.95	7.95	752	797	433	430	754	1668.31	1668.31	1668.31	1668.31	1668.31	5	5	5	5	5	259	30	175	321	337	292	496	548	599	629
424	376	416	456	478	0	0	0	0	0	1064	833	922	1011	1058	6.86	6.86	6.86	6.86	6.86	429	553	454	452	602	1969.46	1969.46	1969.46	1969.46	1969.46	5	5	5	5	5	170	156	156	174	184	2837	281	402	504	529
477	477	493	509	533	0	0	0	0	0	1310	1235	1277	1319	1381	5.05	5.05	5.05	5.05	5.05	742	788	264	269	799	2457.41	2457.41	2457.41	2457.41	2457.41	5	5	5	5	5	60	26	110	302	317	50	1818	2478	3030	3183
921	894	978	1061	1111	0	0	0	0	0	2388	2215	2422	2629	2753	5.51	5.51	5.51	5.51	5.51	1148	1324	218	265	1400	3084.87	3084.87	3084.87	3084.87	3084.87	5	5	5	5	5	148	26	26	41	42	299	110	96	67	71
1055	1065	1103	1141	1194	0	0	0	0	0	2595	2594	2686	2778	2909	6	6	6	6	6	1415	1496	677	725	1467	4017.64	4017.64	4017.64	4017.64	4017.64	5	5	5	5	5	91	63	63	99	105	192	566	474	346	363
365	370	450	530	556	0	0	0	0	0	905	933	1136	1338	1401	5.75	5.75	5.75	5.75	5.75	463	574	274	104	738	4137.36	4137.36	4137.36	4137.36	4137.36	5	5	5	5	5	81	89	89	61	64	1160	245	226	235	247
566	579	608	637	667	0	0	0	0	0	885	914	960	1005	1052	12.76	12.76	12.76	12.76	12.76	781	677	684	60	722	5715.1	5715.1	5715.1	5715.1	5715.1	5	5	5	5	5	50	51	81	92	97	911	862	1005	1167	1226
1985	2013	2068	2122	2222	0	0	0	0	0	4532	4406	4525	4644	4864	4.85	4.85	4.85	4.85	4.85	2960	3286	567	665	3389	5508.19	5508.19	5508.19	5508.19	5508.19	5	5	5	5	5	234	26	26	34	36	389	863	917	962	1010
1975	1986	2054	2122	2222	0	0	0	0	0	4218	4089	4229	4369	4575	6.84	6.84	6.84	6.84	6.84	2941	2774	137	221	2806	4854.88	4854.88	4854.88	4854.88	4854.88	5	5	5	5	5	158	303	202	158	166	308	357	441	469	493
925	922	954	985	1031	0	0	0	0	0	2334	2182	2256	2330	2440	6.17	6.17	6.17	6.17	6.17	1435	1457	189	243	1480	6053.02	6053.02	6053.02	6053.02	6053.02	5	5	5	5	5	20	128	118	106	112	168	418	387	358	376
966	972	1005	1038	1087	0	0	0	0	0	2264	2243	2319	2394	2508	6.16	6.16	6.16	6.16	6.16	1506	1530	390	460	1590	6338.1	6338.1	6338.1	6338.1	6338.1	5	5	5	5	5	76	0	0	19	20	579	231	207	165	173
1336	1556	1494	1432	1500	0	0	0	0	0	3052	3512	3373	3233	3386	4.3	4.3	4.3	4.3	4.3	1962	2523	678	689	2240	7032.02	7032.02	7032.02	7032.02	7032.02	5	5	5	5	5	300	249	149	51	54	572	218	408	597	627
1796	1650	2311	2971	3111	0	0	0	0	0	3124	2945	4124	5302	5553	15.67	15.67	15.67	15.67	15.67	1802	1950	305	822	3117	7389.08	7389.08	7389.08	7389.08	7389.08	5	5	5	5	5	154	254	286	332	348	901	763	727	678	713
1928	1945	2002	2058	2156	0	0	0	0	0	4619	4344	4471	4597	4814	4.75	4.75	4.75	4.75	4.75	2853	3003	667	688	2947	7868.59	7868.59	7868.59	7868.59	7868.59	5	5	5	5	5	200	39	139	201	211	178	1019	1262	1544	1622
628	621	733	845	884	0	0	0	0	0	1028	1082	1277	1471	1541	8.03	8.03	8.03	8.03	8.03	891	810	124	129	1011	8417.04	8417.04	8417.04	8417.04	8417.04	5	5	5	5	5	300	95	145	243	255	2846	1195	685	126	132
746	947	951	955	1000	0	0	0	0	0	1747	1999	2008	2016	2111	4.72	4.72	4.72	4.72	4.72	1098	1539	22	39	1546	8036.94	8036.94	8036.94	8036.94	8036.94	5	5	5	5	5	200	545	635	650	683	89	2501	2521	2616	2748
1109	1149	1172	1194	1250	0	0	0	0	0	3297	3329	3394	3458	3622	6.41	6.41	6.41	6.41	6.41	1718	2021	515	524	1983	7278.02	7278.02	7278.02	7278.02	7278.02	5	5	5	5	5	342	89	109	134	141	1313	289	226	157	165
1430	1437	1485	1533	1606	0	0	0	0	0	3571	3428	3543	3657	3830	6.34	6.34	6.34	6.34	6.34	2319	2298	552	560	2376	7027.84	7027.84	7027.84	7027.84	7027.84	5	5	5	5	5	83	214	264	381	400	222	1634	1527	1353	1421
633	649	661	672	703	0	0	0	0	0	1743	1696	1726	1755	1838	4.97	4.97	4.97	4.97	4.97	1117	1180	784	779	1191	7200.45	7200.45	7200.45	7200.45	7200.45	5	5	5	5	5	0	135	85	57	59	21	288	275	241	253
1443	1473	1506	1538	1611	0	0	0	0	0	3329	3276	3349	3421	3583	7.1	7.1	7.1	7.1	7.1	2203	2058	331	344	2095	6899.7	6899.7	6899.7	6899.7	6899.7	5	5	5	5	5	117	0	0	0	0	177	50	77	103	108
576	540	581	621	650	0	0	0	0	0	2436	2318	2491	2664	2790	6.37	6.37	6.37	6.37	6.37	833	875	373	372	947	5902.53	5902.53	5902.53	5902.53	5902.53	5	5	5	5	5	419	105	100	80	83	747	159	189	234	246
1338	1330	1381	1432	1500	0	0	0	0	0	3191	3063	3181	3299	3454	8.01	8.01	8.01	8.01	8.01	1976	1874	91	104	1904	5864.53	5864.53	5864.53	5864.53	5864.53	5	5	5	5	5	100	569	425	282	296	1077	855	875	895	940
1947	1978	2034	2090	2189	0	0	0	0	0	6094	6391	6572	6753	7072	6.84	6.84	6.84	6.84	6.84	3059	3318	490	510	3353	6911.52	6911.52	6911.52	6911.52	6911.52	5	5	5	5	5	40	219	152	84	89	1180	595	855	1115	1171
397	403	425	446	467	0	0	0	0	0	953	938	988	1037	1086	3.21	3.21	3.21	3.21	3.21	620	687	695	690	760	6201.21	6201.21	6201.21	6201.21	6201.21	5	5	5	5	5	16	149	85	21	22	897	2769	2310	1850	1944
788	834	1213	1591	1667	0	0	0	0	0	1779	1872	2722	3572	3741	20.85	20.85	20.85	20.85	20.85	958	978	134	485	1491	6601.91	6601.91	6601.91	6601.91	6601.91	5	5	5	5	5	386	0	0	0	0	2895	150	163	176	185
2032	2074	2119	2164	2267	0	0	0	0	0	4478	4533	4632	4731	4954	7.25	7.25	7.25	7.25	7.25	2781	2595	578	696	2564	6537.54	6537.54	6537.54	6537.54	6537.54	5	5	5	5	5	372	371	396	413	434	6476	4942	3922	2910	3056
31	30	34	37	39	0	0	0	0	0	55	44	49	54	57	0	0	0	0	0	41	32	31	30	38	6114.32	6114.32	6114.32	6114.32	6114.32	5	5	5	5	5	73	557	452	398	417	3503	6172	6641	7060	7417
37	39	476	912	912	0	0	0	0	0	86	77	1006	1935	1935	4.44	4.44	4.44	4.44	4.44	49	45	135	381	1493	5257.49	5257.49	5257.49	5257.49	5257.49	5	5	5	5	5	180	65	65	78	82	1756	2699	3140	3568	3748
640	643	661	679	711	0	0	0	0	0	1260	1187	1221	1254	1313	12.04	12.04	12.04	12.04	12.04	685	760	267	776	1322	6187.77	6187.77	6187.77	6187.77	6187.77	5	5	5	5	5	587	201	101	22	34	4823	4395	4688	4960	5200
585	493	560	626	653	0	0	0	0	0	1399	1090	1194	1298	1349	9.63	9.63	9.63	9.63	9.63	569	769	109	113	934	7125.05	7125.05	7125.05	7125.05	7125.05	5	5	5	5	5	100	448	548	752	792	2148	5238	4941	4540	4767
708	690	722	753	789	0	0	0	0	0	1750	1610	1684	1758	1841	4.73	4.73	4.73	4.73	4.73	1054	1101	663	667	1152	5581.14	5581.14	5581.14	5581.14	5581.14	5	5	5	5	5	194	138	108	50	53	607	1535	1846	2185	2295
0	1	1	0	0	0	0	0	0	0	0	5	3	0	0	0	0	0	0	0	0	2	2	2	0	5010.28	5010.28	5010.28	5010.28	5010.28	5	5	5	5	5	50	95	95	132	138	1218	1073	900	690	725
1404	1387	1447	1506	1551	0	0	0	0	0	3609	3446	3589	3732	3861	6.38	6.38	6.38	6.38	6.38	2064	2176	590	617	2132	5952.67	5952.67	5952.67	5952.67	5952.67	5	5	5	5	5	70	909	509	0	0	650	523	981	1549	1628
584	619	692	706	736	0	0	0	0	0	1906	2047	2244	2244	2244	13.47	13.47	13.47	13.47	13.47	1013	1057	1152	1148	1122	7249.6	7249.6	7249.6	7249.6	7249.6	5	5	5	5	5	10	45	243	442	464	2576	773	645	516	538
1010	1500	1655	1752	1859	0	0	0	0	0	2645	3698	3833	3854	3951	3.31	3.31	3.31	3.31	3.31	1923	2773	2965	3039	3043	8470.06	8470.06	8470.06	8470.06	8470.06	5	5	5	5	5	39	242	250	255	250	120	1857	1964	2045	2135
5	2	7	10	14	0	0	0	0	0	295	6	21	30	42	0	0	0	0	0	10	4	14	20	27	8265.68	8265.68	8265.68	8265.68	8265.68	5	5	5	5	5	50	37	41	49	53	72	107	134	147	159
438	445	490	520	552	0	0	0	0	0	1175	1132	1173	1180	1209	2.87	2.87	2.87	2.87	2.87	833	814	862	880	878	8093.37	8093.37	8093.37	8093.37	8093.37	5	5	5	5	5	100	38	42	50	54	37	49	64	68	74
204	220	243	257	273	0	0	0	0	0	520	516	535	538	551	2.49	2.49	2.49	2.49	2.49	363	337	366	372	358	8253.9	8253.9	8253.9	8253.9	8253.9	5	5	5	5	5	0	199	222	268	285	13000	58	92	83	96
586	580	640	677	719	0	0	0	0	0	1506	1407	1458	1466	1503	2.81	2.81	2.81	2.81	2.81	1038	927	1001	1022	1016	8645.26	8645.26	8645.26	8645.26	8645.26	5	5	5	5	5	20	0	0	0	0	980	12701	13705	15355	16669
1154	1402	1547	1637	1738	0	0	0	0	0	2672	2965	3074	3090	3168	4.67	4.67	4.67	4.67	4.67	2044	2062	2193	2230	2197	8932.9	8932.9	8932.9	8932.9	8932.9	5	5	5	5	5	40	4	5	5	6	610	195	238	267	289
551	830	861	894	933	0	0	0	0	0	1434	2180	2259	2340	2439	3.21	3.21	3.21	3.21	3.21	972	1524	1575	1619	1640	9628.98	9628.98	9628.98	9628.98	9628.98	5	5	5	5	5	20	21	24	29	31	1030	319	391	436	473
781	887	945	983	1028	0	0	0	0	0	2068	1971	1998	1975	2013	4.54	4.54	4.54	4.54	4.54	1382	1425	1434	1431	1420	8892.26	8892.26	8892.26	8892.26	8892.26	5	5	5	5	5	200	4	5	6	7	725	248	302	338	366
632	754	865	1129	1442	0	0	0	0	0	1812	2219	2405	2990	3726	2.93	2.93	2.93	2.93	2.93	1123	1404	1529	1913	2312	9320.43	9320.43	9320.43	9320.43	9320.43	5	5	5	5	5	350	198	221	265	284	1021	705	847	922	1000
391	557	589	624	637	0	0	0	0	0	1020	1311	1321	1332	1300	3.12	3.12	3.12	3.12	3.12	715	798	797	805	782	10468.5	10468.5	10468.5	10468.5	10468.5	5	5	5	5	5	490	304	312	374	400	231	832	1076	1174	1270
895	921	1016	1075	1142	0	0	0	0	0	2402	2450	2540	2553	2618	2.95	2.95	2.95	2.95	2.95	1642	1584	1650	1677	1686	8423.54	8423.54	8423.54	8423.54	8423.54	5	5	5	5	5	250	997	1044	1144	1183	1350	573	810	885	983
1061	1080	1126	1155	1186	0	0	0	0	0	3344	3057	3032	2978	2949	2.62	2.62	2.62	2.62	2.62	1903	1888	1918	1908	1857	12376.41	12376.41	12376.41	12376.41	12376.41	5	5	5	5	5	0	288	322	387	414	79	1447	1798	1988	2164
796	809	869	904	950	0	0	0	0	0	2111	1916	1906	1898	1920	3.35	3.35	3.35	3.35	3.35	1450	1278	1250	1240	1220	11607.14	11607.14	11607.14	11607.14	11607.14	5	5	5	5	5	220	0	0	0	0	140	40	40	45	50
0	105	261	269	280	0	0	0	0	0	0	180	457	470	483	6.05	6.05	6.05	6.05	6.05	0	123	226	206	190	11523.06	11523.06	11523.06	11523.06	11523.06	5	5	5	5	5	2350	667	749	896	959	414	360	506	510	567
118	76	292	300	313	0	0	0	0	0	246	119	595	611	629	1.68	1.68	1.68	1.68	1.68	217	111	457	460	452	10987.19	10987.19	10987.19	10987.19	10987.19	5	5	5	5	5	200	4041	4527	5424	5806	1400	415	929	690	832
358	385	425	450	477	0	0	0	0	0	923	1003	1040	1045	1072	2.55	2.55	2.55	2.55	2.55	655	667	705	716	713	10256.1	10256.1	10256.1	10256.1	10256.1	5	5	5	5	5	236	7	129	154	165	399	51	929	1031	1121
248	581	598	616	642	0	0	0	0	0	720	1189	1224	1261	1299	2.09	2.09	2.09	2.09	2.09	451	872	855	856	858	9748.64	9748.64	9748.64	9748.64	9748.64	5	5	5	5	5	321	293	326	392	419	608	447	578	621	680
177	199	220	232	247	0	0	0	0	0	530	602	624	627	643	2.05	2.05	2.05	2.05	2.05	329	387	426	436	438	9056.23	9056.23	9056.23	9056.23	9056.23	5	5	5	5	5	30	455	506	610	651	870	780	1003	1081	1184
405	404	446	472	500	0	0	0	0	0	1074	1050	1088	1094	1122	2.59	2.59	2.59	2.59	2.59	759	699	757	773	780	7517.91	7517.91	7517.91	7517.91	7517.91	5	5	5	5	5	200	29	60	71	76	1000	810	1779	1989	2160
976	1024	1130	1198	1269	0	0	0	0	0	2543	2563	2657	2671	2738	2.92	2.92	2.92	2.92	2.92	1804	1749	1864	1905	1910	7069.67	7069.67	7069.67	7069.67	7069.67	5	5	5	5	5	200	55	60	73	78	1100	253	316	348	379
341	376	415	439	466	0	0	0	0	0	1000	1067	1106	1112	1140	1.46	1.46	1.46	1.46	1.46	606	693	749	768	767	7239.02	7239.02	7239.02	7239.02	7239.02	5	5	5	5	5	0	40	45	54	58	221	208	258	285	310
453	521	575	608	646	0	0	0	0	0	1349	1512	1567	1576	1616	2.47	2.47	2.47	2.47	2.47	805	935	1002	1025	1006	5924.63	5924.63	5924.63	5924.63	5924.63	5	5	5	5	5	20	0	0	0	0	380	227	277	310	336
385	397	438	464	492	0	0	0	0	0	1112	1016	1053	1059	1086	2.86	2.86	2.86	2.86	2.86	817	669	684	693	675	5701.03	5701.03	5701.03	5701.03	5701.03	5	5	5	5	5	107	18	23	25	27	40	342	416	466	506
140	141	156	164	175	0	0	0	0	0	362	349	362	364	373	3.04	3.04	3.04	3.04	3.04	298	233	248	251	249	6658.14	6658.14	6658.14	6658.14	6658.14	5	5	5	5	5	309	286	321	381	410	430	81	127	121	135
817	835	918	971	1030	0	0	0	0	0	2082	2105	2170	2182	2236	3.58	3.58	3.58	3.58	3.58	1454	1434	1511	1543	1543	6826.46	6826.46	6826.46	6826.46	6826.46	5	5	5	5	5	21	279	307	357	378	179	834	971	1014	1067
368	442	489	518	556	0	0	0	0	0	995	1181	1252	1286	1347	1.91	1.91	1.91	1.91	1.91	704	836	898	927	943	8378.46	8378.46	8378.46	8378.46	8378.46	5	5	5	5	5	200	53	66	77	81	218	467	569	634	690
1717	2107	2336	2539	2782	0	0	0	0	0	4437	5483	6003	6469	6977	3.08	3.08	3.08	3.08	3.08	3417	3623	3952	4192	4280	9761.22	9761.22	9761.22	9761.22	9761.22	5	5	5	5	5	190	105	116	140	150	831	93	125	130	143
751	775	780	800	800	0	0	0	0	0	2035	1897	1880	1910	1910	3.84	3.84	3.84	3.84	3.84	1334	1269	1236	1234	1192	11400.95	11400.95	11400.95	11400.95	11400.95	5	5	5	5	5	120	636	688	768	818	272	418	570	614	676
201	182	299	485	735	0	0	0	0	0	352	282	450	650	1100	4.79	4.79	4.79	4.79	4.79	341	248	387	560	822	11028.65	11028.65	11028.65	11028.65	11028.65	5	5	5	5	5	343	6	100	150	150	1121	260	400	405	450
611	597	595	600	610	0	0	0	0	0	1682	1516	1490	1500	1465	3.92	3.92	3.92	3.92	3.92	1048	981	963	953	921	11178	11178	11178	11178	11178	5	5	5	5	5	75	37	100	250	360	263	1498	3430	4730	5480
761	796	804	808	820	0	0	0	0	0	2437	2369	2325	2245	2130	3.34	3.34	3.34	3.34	3.34	1357	1489	1475	1447	1395	10431.94	10431.94	10431.94	10431.94	10431.94	5	5	5	5	5	9	59	60	80	85	165	372	390	380	395
1522	1596	1695	1749	1804	0	0	0	0	0	3358	3299	3525	3623	3750	4.31	4.31	4.31	4.31	4.31	2338	2379	2514	2553	2501	6399.52	6399.52	6399.52	6399.52	6399.52	5	5	5	5	5	168	0	10	10	10	511	238	260	270	290
881	1044	1108	1144	1180	0	0	0	0	0	2423	2600	2778	2855	2956	2.87	2.87	2.87	2.87	2.87	1685	1809	1889	1921	1910	7956.85	7956.85	7956.85	7956.85	7956.85	5	5	5	5	5	125	108	119	124	128	711	447	484	510	526
1759	1975	2097	2165	2232	0	0	0	0	0	4386	4531	4842	4976	5151	3.41	3.41	3.41	3.41	3.41	3389	3323	3508	3568	3547	9414.16	9414.16	9414.16	9414.16	9414.16	5	5	5	5	5	62	197	216	227	235	119	1020	1105	1164	1200
877	912	968	1000	1031	0	0	0	0	0	2306	2116	2261	2324	2406	2.78	2.78	2.78	2.78	2.78	1752	1563	1651	1679	1681	10047.32	10047.32	10047.32	10047.32	10047.32	5	5	5	5	5	0	15	17	17	18	214	149	161	170	175
475	657	698	720	743	0	0	0	0	0	1089	1389	1484	1526	1579	2.95	2.95	2.95	2.95	2.95	751	997	1052	1066	1063	10274.07	10274.07	10274.07	10274.07	10274.07	5	5	5	5	5	0	15	17	19	19	246	548	594	625	645
774	883	937	968	998	0	0	0	0	0	2031	2051	2192	2253	2332	3.36	3.36	3.36	3.36	3.36	1545	1542	1629	1660	1671	8473.41	8473.41	8473.41	8473.41	8473.41	5	5	5	5	5	10	9	10	11	12	271	427	463	487	502
1164	1208	1283	1324	1365	0	0	0	0	0	2777	2730	2917	2998	3104	2.42	2.42	2.42	2.42	2.42	2020	1938	2039	2069	2076	7016.73	7016.73	7016.73	7016.73	7016.73	5	5	5	5	5	432	0	0	1	1	471	215	233	245	253
1137	1114	1183	1221	1259	0	0	0	0	0	2870	2653	2835	2914	3016	3.5	3.5	3.5	3.5	3.5	1883	1752	1831	1855	1839	7630.42	7630.42	7630.42	7630.42	7630.42	5	5	5	5	5	567	251	274	290	298	628	677	733	771	796
181	190	202	208	215	0	0	0	0	0	417	450	481	494	512	11.68	11.68	11.68	11.68	11.68	300	248	208	204	197	8733.57	8733.57	8733.57	8733.57	8733.57	5	5	5	5	5	400	423	462	486	501	2857	915	991	1044	1076
322	351	373	385	397	0	0	0	0	0	547	537	574	590	610	10.84	10.84	10.84	10.84	10.84	574	441	392	393	384	8259.68	8259.68	8259.68	8259.68	8259.68	5	5	5	5	5	235	825	896	944	973	626	250	271	285	294
0	0	0	0	0	0	0	0	0	0	0	0	0	0	0	0	0	0	0	0	0	0	0	0	0	8429.41	8429.41	8429.41	8429.41	8429.41	5	5	5	5	5	3136	554	608	639	659	886	2717	2943	3100	3197
48	49	52	54	55	0	0	0	0	0	67	62	66	68	70	9.8	9.8	9.8	9.8	9.8	76	61	65	66	64	9066.62	9066.62	9066.62	9066.62	9066.62	5	5	5	5	5	0	2236	2428	2556	2636	0	85	92	97	100
346	346	367	379	391	0	0	0	0	0	829	785	839	862	892	3.05	3.05	3.05	3.05	3.05	547	546	577	585	586	9003.49	9003.49	9003.49	9003.49	9003.49	5	5	5	5	5	10	0	0	0	0	974	21	23	24	25
397	406	431	445	459	0	0	0	0	0	767	813	869	893	924	3.97	3.97	3.97	3.97	3.97	628	556	568	573	565	9355.54	9355.54	9355.54	9355.54	9355.54	5	5	5	5	5	0	0	0	0	0	378	186	202	213	219
1066	1007	1069	1104	1138	0	0	0	0	0	2282	2059	2200	2261	2341	5	5	5	5	5	1685	1352	1393	1403	1397	9931.82	9931.82	9931.82	9931.82	9931.82	5	5	5	5	5	276	450	489	516	531	1092	451	489	514	531
285	466	495	511	527	0	0	0	0	0	1421	1832	1958	2012	2083	2.12	2.12	2.12	2.12	2.12	499	799	819	825	816	9337.36	9337.36	9337.36	9337.36	9337.36	5	5	5	5	5	969	715	781	821	847	1271	1605	1738	1831	1888
175	174	185	191	197	0	0	0	0	0	508	445	476	489	506	2.31	2.31	2.31	2.31	2.31	337	246	226	224	217	8691.03	8691.03	8691.03	8691.03	8691.03	5	5	5	5	5	444	938	1024	1078	1112	433	2354	2550	2685	2769
180	206	219	226	233	0	0	0	0	0	685	685	732	752	779	1.83	1.83	1.83	1.83	1.83	390	381	380	384	385	8539.02	8539.02	8539.02	8539.02	8539.02	5	5	5	5	5	121	921	1000	1053	1087	2702	177	192	202	208
0	0	0	0	0	0	0	0	0	0	0	0	0	0	0	0	0	0	0	0	0	0	0	0	0	7857.58	7857.58	7857.58	7857.58	7857.58	5	5	5	5	5	1333	483	532	560	577	2453	3064	3319	3495	3605
375	374	397	410	423	0	0	0	0	0	863	813	869	893	924	3.85	3.85	3.85	3.85	3.85	719	590	621	630	643	7652.73	7652.73	7652.73	7652.73	7652.73	5	5	5	5	5	5	1629	1774	1867	1927	172	2369	2566	2703	2787
16	2	2	2	2	0	0	0	0	0	39	4	4	4	4	0.97	0.97	0.97	0.97	0.97	32	3	3	3	3	6735.13	6735.13	6735.13	6735.13	6735.13	5	5	5	5	5	15	30	33	35	36	3744	200	217	228	235
102	103	109	113	116	0	0	0	0	0	166	177	189	194	201	7.82	7.82	7.82	7.82	7.82	196	150	149	151	154	7720.37	7720.37	7720.37	7720.37	7720.37	5	5	5	5	5	303	113	134	141	146	3318	5154	5584	5880	6064
946	943	968	1000	1011	0	0	0	0	0	2336	2171	2243	2297	2356	2.88	2.88	2.88	2.88	2.88	1531	1515	1552	1574	1543	6104.2	6104.2	6104.2	6104.2	6104.2	5	5	5	5	5	15	1038	1140	1206	1247	1016	3354	3675	3894	4038
757	814	881	906	937	0	0	0	0	0	1840	1931	2083	2118	2164	3.22	3.22	3.22	3.22	3.22	1303	1240	1449	1461	1469	7216.1	7216.1	7216.1	7216.1	7216.1	5	5	5	5	5	55	20	20	20	30	687	361	385	400	425
546	557	600	616	638	0	0	0	0	0	1303	1222	1314	1341	1376	3.43	3.43	3.43	3.43	3.43	949	908	971	980	974	7929.22	7929.22	7929.22	7929.22	7929.22	5	5	5	5	5	92	209	215	223	219	325	990	1059	1106	1157
783	780	857	877	911	0	0	0	0	0	2014	2034	2206	2230	2261	3.15	3.15	3.15	3.15	3.15	1275	1239	1296	1294	1283	7911.03	7911.03	7911.03	7911.03	7911.03	5	5	5	5	5	1052	106	111	115	137	819	518	563	594	594
1374	1456	1590	1670	1780	0	0	0	0	0	2595	2624	2865	3008	3200	6.85	6.85	6.85	6.85	6.85	2203	1978	2129	2200	2218	7933.24	7933.24	7933.24	7933.24	7933.24	5	5	5	5	5	247	729	787	826	850	637	475	516	543	562
200	231	300	389	489	0	0	0	0	0	617	641	830	1075	1350	1.72	1.72	1.72	1.72	1.72	405	440	566	723	863	8039.74	8039.74	8039.74	8039.74	8039.74	5	5	5	5	5	0	140	160	170	200	70	899	1010	1080	1125
1032	1164	1294	1410	1490	0	0	0	0	0	2152	2332	2590	2820	2980	6.05	6.05	6.05	6.05	6.05	1656	1691	1856	1987	1990	9718.94	9718.94	9718.94	9718.94	9718.94	5	5	5	5	5	700	10	10	10	10	1230	228	240	250	260
631	761	839	909	1096	0	0	0	0	0	1854	2118	2181	2190	2635	2.08	2.08	2.08	2.08	2.08	1218	1507	1615	1685	1969	11801.82	11801.82	11801.82	11801.82	11801.82	5	5	5	5	5	87	401	410	440	490	632	2854	3260	3520	3715
370	560	604	651	682	0	0	0	0	0	1066	1523	1588	1651	1719	2.07	2.07	2.07	2.07	2.07	731	968	991	1033	1042	12364.98	12364.98	12364.98	12364.98	12364.98	5	5	5	5	5	883	39	43	47	49	473	93	105	111	120
351	367	395	426	446	0	0	0	0	0	900	894	932	970	1007	4.02	4.02	4.02	4.02	4.02	692	627	656	687	691	12988.82	12988.82	12988.82	12988.82	12988.82	5	5	5	5	5	0	1198	1317	1439	1513	258	973	1119	1187	1265
575	405	436	470	492	0	0	0	0	0	1581	1119	1167	1214	1260	3.72	3.72	3.72	3.72	3.72	1133	734	774	812	816	13437.46	13437.46	13437.46	13437.46	13437.46	5	5	5	5	5	0	54	60	65	70	10	1730	1940	2075	2175
529	658	709	764	799	0	0	0	0	0	1417	1592	1660	1727	1793	4.44	4.44	4.44	4.44	4.44	1040	1109	1168	1221	1228	13868.24	13868.24	13868.24	13868.24	13868.24	5	5	5	5	5	198	0	0	0	0	103	29	30	35	35
769	780	867	916	956	0	0	0	0	0	2331	2126	2246	2269	2353	2.87	2.87	2.87	2.87	2.87	1527	1373	1479	1514	1520	15205.04	15205.04	15205.04	15205.04	15205.04	5	5	5	5	5	58	26	30	30	30	1108	247	275	300	310
806	736	793	855	894	0	0	0	0	0	2441	2023	2110	2194	2278	3.1	3.1	3.1	3.1	3.1	1613	1300	1371	1436	1442	14760.6	14760.6	14760.6	14760.6	14760.6	5	5	5	5	5	29	160	175	190	200	175	302	405	480	530
831	870	937	1011	1057	0	0	0	0	0	2335	2261	2358	2452	2546	2.89	2.89	2.89	2.89	2.89	1660	1502	1581	1656	1668	14352.16	14352.16	14352.16	14352.16	14352.16	5	5	5	5	5	22	24	25	30	30	40	72	85	85	90
901	1183	1270	1370	1432	0	0	0	0	0	2190	2624	2724	2833	2942	3.21	3.21	3.21	3.21	3.21	1803	1879	1968	2058	2078	13784.84	13784.84	13784.84	13784.84	13784.84	5	5	5	5	5	469	21	25	25	25	1603	91	100	110	115
689	717	794	841	878	0	0	0	0	0	1953	1864	1965	1994	2071	1.88	1.88	1.88	1.88	1.88	1426	1360	1451	1491	1458	15840.37	15840.37	15840.37	15840.37	15840.37	5	5	5	5	5	382	315	335	355	360	220	586	690	775	810
665	641	690	745	778	0	0	0	0	0	1556	1402	1462	1520	1579	3.12	3.12	3.12	3.12	3.12	1201	1127	1181	1240	1168	17534.96	17534.96	17534.96	17534.96	17534.96	5	5	5	5	5	604	221	250	270	285	583	30	55	70	80
426	736	858	880	916	0	0	0	0	0	1275	2332	2515	2422	2506	1.61	1.61	1.61	1.61	1.61	853	1721	1949	1954	2028	20159.22	20159.22	20159.22	20159.22	20159.22	5	5	5	5	5	50	431	475	510	540	65	1430	1605	1725	1805
390	351	378	408	426	0	0	0	0	0	909	824	859	894	928	3.3	3.3	3.3	3.3	3.3	651	605	607	636	603	17687.06	17687.06	17687.06	17687.06	17687.06	5	5	5	5	5	396	50	85	115	125	178	198	365	505	590
2044	2129	2305	2478	2590	0	0	0	0	0	5908	5807	6063	6288	6529	3.33	3.33	3.33	3.33	3.33	3706	3927	4069	4254	3965	16535.14	16535.14	16535.14	16535.14	16535.14	5	5	5	5	5	349	262	290	310	330	404	293	330	355	370
1181	1535	1738	1822	1916	0	0	0	0	0	2936	3596	3835	3818	3981	2.73	2.73	2.73	2.73	2.73	2189	3094	3369	3450	3034	14265.24	14265.24	14265.24	14265.24	14265.24	5	5	5	5	5	152	539	590	640	675	869	1616	2100	2480	2700
409	395	463	473	492	0	0	0	0	0	1120	1045	1129	1083	1120	1.97	1.97	1.97	1.97	1.97	874	882	1004	1003	1040	19772.08	19772.08	19772.08	19772.08	19772.08	5	5	5	5	5	20	865	997	1079	1184	29	2233	2811	3234	3458
769	850	996	1017	1060	0	0	0	0	0	2341	2425	2620	2513	2598	2.04	2.04	2.04	2.04	2.04	1647	1936	2200	2196	2280	19463.46	19463.46	19463.46	19463.46	19463.46	5	5	5	5	5	30	5	5	5	10	19	7	15	25	25
582	621	728	743	775	0	0	0	0	0	1966	2008	2169	2080	2152	1.86	1.86	1.86	1.86	1.86	1242	1383	1577	1569	1581	17679.29	17679.29	17679.29	17679.29	17679.29	5	5	5	5	5	0	15	50	70	80	46	534	1005	1430	1645
106	98	108	118	143	0	0	0	0	0	347	300	302	294	358	1.57	1.57	1.57	1.57	1.57	209	221	236	247	299	11709.7	11709.7	11709.7	11709.7	11709.7	5	5	5	5	5	90	0	0	0	0	870	335	640	915	1050
1096	1565	1731	1885	2287	0	0	0	0	0	3137	3927	4224	4430	5031	2.08	2.08	2.08	2.08	2.08	2149	3217	3504	3745	4397	12330.48	12330.48	12330.48	12330.48	12330.48	5	5	5	5	5	89	249	275	297	315	13	3059	3420	3653	3914
1716	2159	2388	2600	3154	0	0	0	0	0	4979	5772	6059	6244	7372	2.67	2.67	2.67	2.67	2.67	3406	4831	5231	5576	6661	14277.07	14277.07	14277.07	14277.07	14277.07	5	5	5	5	5	127	717	790	856	907	1385	362	415	432	472
1090	1390	1705	2208	2412	0	0	0	0	0	3402	4107	4642	5733	6140	0.59	0.59	0.59	0.59	0.59	2870	3496	4180	5332	5790	17287.24	17287.24	17287.24	17287.24	17287.24	5	5	5	5	5	120	123	134	148	157	542	1840	2062	2203	2336
348	324	340	361	438	0	0	0	0	0	918	764	734	760	930	2.6	2.6	2.6	2.6	2.6	738	595	583	603	717	11449.13	11449.13	11449.13	11449.13	11449.13	5	5	5	5	5	173	440	565	730	760	1280	846	1030	1130	1185
0	1	1	1	1	0	0	0	0	0	0	1	1	1	1	0	0	0	0	0	0	1	1	1	1	12410.74	12410.74	12410.74	12410.74	12410.74	5	5	5	5	5	296	222	335	360	450	2416	1004	1105	1210	1230
247	267	280	298	361	0	0	0	0	0	879	821	789	800	975	1.58	1.58	1.58	1.58	1.58	474	555	551	570	684	13553.07	13553.07	13553.07	13553.07	13553.07	5	5	5	5	5	10	312	470	510	630	3740	2220	2505	2735	2840
17	0	500	1300	4000	0	0	0	0	0	77	0	1512	3500	10930	1.41	1.41	1.41	1.41	1.41	33	0	1033	2525	7370	14958.1	14958.1	14958.1	14958.1	14958.1	5	5	5	5	5	0	175	265	290	360	230	4442	5160	5630	5970
368	372	390	415	503	0	0	0	0	0	829	871	838	862	1050	4.64	4.64	4.64	4.64	4.64	704	726	732	763	901	12617.77	12617.77	12617.77	12617.77	12617.77	5	5	5	5	5	102	0	100	500	700	687	24	525	700	2300
566	586	612	653	792	0	0	0	0	0	1563	1487	1436	1482	1804	2.68	2.68	2.68	2.68	2.68	1085	1288	1308	1377	1661	13170.33	13170.33	13170.33	13170.33	13170.33	5	5	5	5	5	0	28	40	40	50	27	814	950	1040	1105
213	222	233	248	300	0	0	0	0	0	608	616	592	605	740	1.87	1.87	1.87	1.87	1.87	452	513	524	549	665	11532.92	11532.92	11532.92	11532.92	11532.92	5	5	5	5	5	75	6	10	10	10	610	456	530	580	620
192	165	173	184	223	0	0	0	0	0	1173	1988	1912	1912	2320	6.21	6.21	6.21	6.21	6.21	347	332	346	362	431	12007.37	12007.37	12007.37	12007.37	12007.37	5	5	5	5	5	55	0	0	0	0	264	447	525	570	610
1335	1406	1471	1558	1808	0	0	0	0	0	4047	3906	3806	3890	4573	2.19	2.19	2.19	2.19	2.19	2694	3157	3220	3365	3910	10386.24	10386.24	10386.24	10386.24	10386.24	5	5	5	5	5	5	0	0	0	0	1196	868	1020	1115	1190
908	948	980	1002	1049	0	0	0	0	0	2729	2724	2732	2648	2658	2.09	2.09	2.09	2.09	2.09	1657	1794	1820	1803	1811	11096.91	11096.91	11096.91	11096.91	11096.91	5	5	5	5	5	31	0	0	0	0	967	2148	2558	2817	3025
1152	1185	1230	1252	1311	0	0	0	0	0	2309	2337	2343	2272	2281	4.97	4.97	4.97	4.97	4.97	2104	1959	1988	1961	1969	11705	11705	11705	11705	11705	5	5	5	5	5	62	51	74	82	87	824	1382	1996	2222	2362
50	51	51	54	56	0	0	0	0	0	139	125	125	122	122	1.81	1.81	1.81	1.81	1.81	91	87	84	84	85	12684.06	12684.06	12684.06	12684.06	12684.06	5	5	5	5	5	0	19	27	30	32	103	3301	4769	5307	5643
533	549	570	580	607	0	0	0	0	0	1474	1472	1476	1431	1437	2.24	2.24	2.24	2.24	2.24	994	1082	1103	1093	1098	12948.5	12948.5	12948.5	12948.5	12948.5	5	5	5	5	5	39	362	523	583	617	410	330	477	529	566
132	300	310	317	332	0	0	0	0	0	287	485	486	471	473	2.75	2.75	2.75	2.75	2.75	247	470	475	469	477	13405.35	13405.35	13405.35	13405.35	13405.35	5	5	5	5	5	60	23	33	37	39	1386	680	983	1093	1163
1362	1618	1678	1710	1790	0	0	0	0	0	3401	3783	3794	3677	3692	3.14	3.14	3.14	3.14	3.14	2554	2987	3035	3001	3045	14526.84	14526.84	14526.84	14526.84	14526.84	5	5	5	5	5	35	0	0	0	0	440	1136	1641	1826	1942
489	495	513	522	548	0	0	0	0	0	1444	1374	1378	1336	1341	2.43	2.43	2.43	2.43	2.43	917	969	988	979	978	14331.28	14331.28	14331.28	14331.28	14331.28	5	5	5	5	5	0	21	30	33	35	88	470	679	756	804
1533	1553	1615	1640	1718	0	0	0	0	0	4610	4310	4323	4190	4206	2.04	2.04	2.04	2.04	2.04	3226	3122	3175	3137	3201	16277.92	16277.92	16277.92	16277.92	16277.92	5	5	5	5	5	282	0	0	0	0	723	158	228	254	270
1155	1218	1263	1288	1347	0	0	0	0	0	3171	3077	3087	2990	3003	3.07	3.07	3.07	3.07	3.07	1905	2408	2461	2446	2460	16836.67	16836.67	16836.67	16836.67	16836.67	5	5	5	5	5	0	305	441	492	521	227	1183	1709	1900	2022
903	1282	1330	1355	1418	0	0	0	0	0	2704	3665	3676	3563	3577	2.87	2.87	2.87	2.87	2.87	2193	2729	2788	2775	2790	18180.45	18180.45	18180.45	18180.45	18180.45	5	5	5	5	5	41	0	0	0	0	23	170	246	273	290
779	930	965	985	1029	0	0	0	0	0	2329	2588	2596	2516	2526	2.46	2.46	2.46	2.46	2.46	1576	1993	2039	2031	2040	19312.28	19312.28	19312.28	19312.28	19312.28	5	5	5	5	5	0	48	70	78	83	40	146	210	234	249
149	0	0	0	0	0	0	0	0	0	396	0	0	0	0	0	0	0	0	0	298	0	0	0	0	16544.52	16544.52	16544.52	16544.52	16544.52	5	5	5	5	5	0	15	22	25	26	558	29	42	46	49
1577	1787	1917	2020	2181	0	0	0	0	0	4587	5010	5097	5155	5368	2.12	2.12	2.12	2.12	2.12	3237	3402	3545	3634	3753	15677.15	15677.15	15677.15	15677.15	15677.15	5	5	5	5	5	30	20	25	55	55	425	945	1715	1935	2075
899	1134	1212	1264	1359	0	0	0	0	0	2015	2208	2232	2251	2322	3.16	3.16	3.16	3.16	3.16	1688	1711	1737	1749	1771	14440.55	14440.55	14440.55	14440.55	14440.55	5	5	5	5	5	60	60	100	130	130	1001	113	135	180	190
553	506	552	587	635	0	0	0	0	0	1670	1413	1434	1447	1505	2.12	2.12	2.12	2.12	2.12	1008	901	946	972	998	13515.1	13515.1	13515.1	13515.1	13515.1	5	5	5	5	5	23	153	210	265	265	401	100	135	170	175
497	501	521	536	560	0	0	0	0	0	1352	1446	1458	1461	1491	3.94	3.94	3.94	3.94	3.94	911	855	802	793	785	13729.44	13729.44	13729.44	13729.44	13729.44	5	5	5	5	5	215	5	10	10	10	955	191	202	230	240
1068	1138	1198	1243	1315	0	0	0	0	0	2624	2766	2789	2796	2824	4.83	4.83	4.83	4.83	4.83	1959	1815	1842	1854	1845	14692.94	14692.94	14692.94	14692.94	14692.94	5	5	5	5	5	434	395	545	660	700	598	924	1148	1350	1650
426	405	422	440	449	0	0	0	0	0	1270	1119	1144	1134	1149	2.24	2.24	2.24	2.24	2.24	891	759	778	786	778	12862.42	12862.42	12862.42	12862.42	12862.42	5	5	5	5	5	122	210	260	300	360	146	1930	2185	2505	2550
345	366	382	398	406	0	0	0	0	0	910	884	904	896	908	4.37	4.37	4.37	4.37	4.37	674	641	623	621	609	12242.58	12242.58	12242.58	12242.58	12242.58	5	5	5	5	5	200	0	0	0	0	153	98	120	134	145
595	831	867	904	922	0	0	0	0	0	1880	2210	2259	2239	2269	2.85	2.85	2.85	2.85	2.85	1161	1565	1578	1590	1580	10920	10920	10920	10920	10920	5	5	5	5	5	400	304	370	417	453	136	59	72	79	84
1356	1424	1485	1548	1580	0	0	0	0	0	3700	3516	3594	3563	3610	2.98	2.98	2.98	2.98	2.98	2835	2547	2579	2597	2581	11351.77	11351.77	11351.77	11351.77	11351.77	5	5	5	5	5	155	213	260	292	316	534	541	660	738	800
193	211	220	229	234	0	0	0	0	0	585	587	600	595	603	2.67	2.67	2.67	2.67	2.67	403	415	425	430	426	12395.23	12395.23	12395.23	12395.23	12395.23	5	5	5	5	5	20	270	330	370	400	1273	476	580	649	704
626	571	596	621	634	0	0	0	0	0	1739	1634	1670	1656	1678	5.35	5.35	5.35	5.35	5.35	1100	994	1012	1020	1003	10606.97	10606.97	10606.97	10606.97	10606.97	5	5	5	5	5	73	217	264	297	322	3183	1283	1564	1752	1898
232	243	253	264	270	0	0	0	0	0	541	524	535	530	538	13.68	13.68	13.68	13.68	13.68	408	385	391	392	381	9261.34	9261.34	9261.34	9261.34	9261.34	5	5	5	5	5	164	89	108	122	132	801	2056	2507	2808	3042
2073	2113	2205	2298	2344	0	0	0	0	0	5251	5237	5354	5306	5377	4.76	4.76	4.76	4.76	4.76	3876	3589	3663	3690	3660	9784.5	9784.5	9784.5	9784.5	9784.5	5	5	5	5	5	109	64	78	88	95	670	1663	2027	2271	2461
326	429	447	466	476	0	0	0	0	0	905	1252	1280	1269	1285	2.66	2.66	2.66	2.66	2.66	654	802	821	830	826	9003.45	9003.45	9003.45	9003.45	9003.45	5	5	5	5	5	0	60	73	82	89	34	855	1042	1168	1265
2898	3027	3158	3354	3449	0	0	0	0	0	6357	6193	6372	6500	6660	6.38	6.38	6.38	6.38	6.38	4769	4351	4445	4557	4551	8417.86	8417.86	8417.86	8417.86	8417.86	5	5	5	5	5	24	0	0	0	0	1105	47	55	62	67
316	304	315	360	410	0	0	0	0	0	623	596	618	700	800	6.11	6.11	6.11	6.11	6.11	444	380	379	422	457	7565.54	7565.54	7565.54	7565.54	7565.54	5	5	5	5	5	296	57	75	82	117	715	1422	1733	1941	2073
784	1242	3200	5500	7600	0	0	0	0	0	2458	3861	8800	14700	20100	0.58	0.58	0.58	0.58	0.58	2006	2980	7381	12548	17253	43991.01	43991.01	43991.01	43991.01	43991.01	6	6	6	6	6	73	450	480	480	550	153	608	820	975	1020
523	719	1000	1200	1400	0	0	0	0	0	1688	2197	2800	3200	3700	0.57	0.57	0.57	0.57	0.57	1339	1717	2324	2745	3193	46283.33	46283.33	46283.33	46283.33	46283.33	6	6	6	6	6	5	77	110	140	160	20	354	590	1060	1490
1222	450	550	650	3800	0	0	0	0	0	3463	1440	1600	1800	9400	1.17	1.17	1.17	1.17	1.17	2184	1011	1196	1387	7335	50303.88	50303.88	50303.88	50303.88	50303.88	6	6	6	6	6	125	0	0	0	445	969	50	60	70	4275
211	1412	1770	2020	500	0	0	0	0	0	691	4314	4950	5250	1300	0.27	0.27	0.27	0.27	0.27	449	3325	4042	4487	1043	56296.44	56296.44	56296.44	56296.44	56296.44	6	6	6	6	6	5	321	360	370	10	45	2339	2540	2680	100
140	166	190	220	250	0	0	0	0	0	456	496	520	570	640	0.3	0.3	0.3	0.3	0.3	298	365	405	459	519	63189.14	63189.14	63189.14	63189.14	63189.14	6	6	6	6	6	0	5	5	10	10	50	50	65	70	80
1092	1396	2500	3300	4400	0	0	0	0	0	3149	3789	6450	8300	10800	2.25	2.25	2.25	2.25	2.25	2318	2925	5072	6592	8625	55854.76	55854.76	55854.76	55854.76	55854.76	6	6	6	6	6	296	0	0	10	10	635	27	50	60	70
122	144	200	280	500	0	0	0	0	0	418	472	600	800	1400	0.54	0.54	0.54	0.54	0.54	259	326	440	605	1073	48811.99	48811.99	48811.99	48811.99	48811.99	6	6	6	6	6	25	440	500	500	600	161	1029	1410	1700	2100
1042	1349	2250	3100	4400	0	0	0	0	0	2909	3833	5800	7600	10700	3.07	3.07	3.07	3.07	3.07	2174	2902	4603	6161	8591	45101.64	45101.64	45101.64	45101.64	45101.64	6	6	6	6	6	211	10	20	20	20	702	167	180	190	200
201	246	310	390	465	0	0	0	0	0	659	765	880	1040	1220	0.66	0.66	0.66	0.66	0.66	418	556	679	834	988	43725.04	43725.04	43725.04	43725.04	43725.04	6	6	6	6	6	5	293	300	320	350	5	971	1200	1330	1520
161	188	240	290	355	0	0	0	0	0	539	542	650	750	910	0.68	0.68	0.68	0.68	0.68	337	414	516	613	748	39462.16	39462.16	39462.16	39462.16	39462.16	6	6	6	6	6	10	0	0	0	0	30	19	25	30	30
625	851	1220	2135	3470	0	0	0	0	0	1947	2556	3450	5720	9030	0.75	0.75	0.75	0.75	0.75	1549	2050	2886	4962	7980	38164.35	38164.35	38164.35	38164.35	38164.35	6	6	6	6	6	0	30	40	40	45	119	5	15	30	40
133	204	340	595	980	0	0	0	0	0	456	643	950	1580	2500	0.77	0.77	0.77	0.77	0.77	348	492	791	1360	2207	38356.39	38356.39	38356.39	38356.39	38356.39	6	6	6	6	6	0	38	40	40	50	41	49	70	100	110
258	477	652	958	1225	0	0	0	0	0	818	1537	1935	2615	3370	0.57	0.57	0.57	0.57	0.57	677	1158	1545	2210	2832	37120.27	37120.27	37120.27	37120.27	37120.27	6	6	6	6	6	30	0	0	0	0	103	18	30	35	40
141	162	440	770	1250	0	0	0	0	0	450	482	1200	2000	3070	0.96	0.96	0.96	0.96	0.96	357	374	985	1690	2678	34579.54	34579.54	34579.54	34579.54	34579.54	6	6	6	6	6	17	10	10	10	10	100	72	90	100	110
606	763	1046	1540	1973	0	0	0	0	0	2036	2352	2960	4180	5225	1.03	1.03	1.03	1.03	1.03	1520	1820	2428	3523	4473	32488.29	32488.29	32488.29	32488.29	32488.29	6	6	6	6	6	5	0	0	0	0	262	17	20	25	30
923	1521	1882	2077	2122	0	0	0	0	0	2542	4277	5005	5305	5305	3.18	3.18	3.18	3.18	3.18	1990	3126	0	0	4024	31955.47	31955.47	31955.47	31955.47	31955.47	6	6	6	6	6	286	0	10	20	30	664	137	160	170	190
838	1067	1155	1265	1290	0	0	0	0	0	2619	2951	3000	3100	3100	1.94	1.94	1.94	1.94	1.94	1882	2450	2590	2778	2812	30201.1	30201.1	30201.1	30201.1	30201.1	6	6	6	6	6	121	170	190	220	250	524	1230	1660	2040	2320
828	61	1250	1730	3450	0	0	0	0	0	2508	190	3500	4500	8700	1.67	1.67	1.67	1.67	1.67	1858	149	2894	3870	7649	28981.71	28981.71	28981.71	28981.71	28981.71	6	6	6	6	6	43	150	150	160	580	157	409	550	940	4070
403	628	3225	3650	290	0	0	0	0	0	1209	1735	8100	8900	700	0.96	0.96	0.96	0.96	0.96	833	1491	7317	8185	659	31409.52	31409.52	31409.52	31409.52	31409.52	6	6	6	6	6	0	0	30	140	150	903	103	370	560	300
909	1224	1560	1660	1710	0	0	0	0	0	2604	3262	3900	4000	4000	2.41	2.41	2.41	2.41	2.41	1854	2383	2921	3028	3017	33342.36	33342.36	33342.36	33342.36	33342.36	6	6	6	6	6	119	0	10	10	20	183	22	40	60	80
50	44	50	70	80	0	0	0	0	0	313	244	270	340	370	0.89	0.89	0.89	0.89	0.89	104	108	123	170	194	41510.32	41510.32	41510.32	41510.32	41510.32	6	6	6	6	6	5	186	250	320	350	20	254	3200	4710	5050
43	47	50	55	60	0	0	0	0	0	111	208	210	215	220	2.6	2.6	2.6	2.6	2.6	141	115	122	133	143	37409.11	37409.11	37409.11	37409.11	37409.11	6	6	6	6	6	0	10	10	20	25	843	116	130	130	130
250	291	350	770	2080	0	0	0	0	0	820	925	1010	2045	5400	1.04	1.04	1.04	1.04	1.04	529	672	782	1667	4445	34924.12	34924.12	34924.12	34924.12	34924.12	6	6	6	6	6	15	29	30	30	30	90	208	225	230	230
281	689	1885	4015	7143	0	0	0	0	0	948	2026	5046	10244	17811	0.86	0.86	0.86	0.86	0.86	601	1609	4233	8806	15384	32875.92	32875.92	32875.92	32875.92	32875.92	6	6	6	6	6	0	34	110	210	270	254	176	405	470	500
136	314	1715	1990	5100	0	0	0	0	0	470	864	4537	4988	12248	0.96	0.96	0.96	0.96	0.96	300	725	3747	4147	10712	30074.6	30074.6	30074.6	30074.6	30074.6	6	6	6	6	6	0	10	610	640	650	161	166	203	200	229
328	424	1425	3407	394	0	0	0	0	0	772	1067	3662	8253	818	4.29	4.29	4.29	4.29	4.29	616	885	3136	7293	747	32007.85	32007.85	32007.85	32007.85	32007.85	6	6	6	6	6	30	100	700	1420	1820	192	166	373	371	1159
503	840	840	840	843	0	0	0	0	0	1636	2268	2141	2024	1977	3.2	3.2	3.2	3.2	3.2	999	1795	1748	1712	1700	31240.08	31240.08	31240.08	31240.08	31240.08	6	6	6	6	6	17	50	70	70	70	18	74	114	184	204
371	1324	1324	1324	1329	0	0	0	0	0	1176	4175	3940	3727	3640	2.07	2.07	2.07	2.07	2.07	785	2984	2912	2858	2842	29841.69	29841.69	29841.69	29841.69	29841.69	6	6	6	6	6	5	50	50	50	50	75	17	17	17	17
715	732	732	732	735	0	0	0	0	0	2162	2232	2107	1992	1946	3.04	3.04	3.04	3.04	3.04	1273	1515	1474	1443	1434	29741.98	29741.98	29741.98	29741.98	29741.98	6	6	6	6	6	486	350	350	350	350	457	102	105	103	102
1318	1517	1517	1517	1522	0	0	0	0	0	3301	3786	3573	3379	3301	4.5	4.5	4.5	4.5	4.5	2265	2782	2705	2643	2621	28503.37	28503.37	28503.37	28503.37	28503.37	6	6	6	6	6	609	250	250	250	250	1182	901	908	904	902
112	116	116	116	116	0	0	0	0	0	254	230	217	205	201	6.48	6.48	6.48	6.48	6.48	192	205	196	191	190	26880.8	26880.8	26880.8	26880.8	26880.8	6	6	6	6	6	180	200	200	200	200	460	1712	1724	1717	1714
512	857	857	857	860	0	0	0	0	0	1499	2383	2249	2127	2078	3.04	3.04	3.04	3.04	3.04	1130	1880	1811	1774	1763	28277.43	28277.43	28277.43	28277.43	28277.43	6	6	6	6	6	0	100	100	100	100	207	490	494	492	492
135	854	1050	1050	1054	0	0	0	0	0	265	2012	2775	2624	2563	5.68	5.68	5.68	5.68	5.68	298	1748	2224	2170	2147	26953.32	26953.32	26953.32	26953.32	26953.32	6	6	6	6	6	188	250	250	250	250	1525	214	217	215	214
107	145	1572	2286	2294	0	0	0	0	0	355	458	4154	5713	5580	0.68	0.68	0.68	0.68	0.68	236	348	3523	5001	4972	26842.84	26842.84	26842.84	26842.84	26842.84	6	6	6	6	6	70	200	311	422	533	875	1352	1586	1802	2022
80	224	2520	2524	2533	0	0	0	0	0	227	591	6670	6308	6162	1.14	1.14	1.14	1.14	1.14	177	482	5141	4990	4956	25196.31	25196.31	25196.31	25196.31	25196.31	6	6	6	6	6	90	0	120	120	120	1175	200	202	202	200
9	37	37	37	37	0	0	0	0	0	12	63	59	56	55	0	0	0	0	0	19	68	66	65	64	23682.47	23682.47	23682.47	23682.47	23682.47	6	6	6	6	6	220	697	4057	4857	4857	204	4774	4829	6505	6486
1	1	0	0	0	0	0	0	0	0	3	1	0	0	0	0	0	0	0	0	3	1	0	0	0	23033.94	23033.94	23033.94	23033.94	23033.94	6	6	6	6	6	41	20	20	20	20	1502	89	90	89	89
94	707	1355	1440	1450	0	0	0	0	0	290	2223	3843	4034	4059	1.54	1.54	1.54	1.54	1.54	203	1688	3084	3247	3264	25886.6	25886.6	25886.6	25886.6	25886.6	6	6	6	6	6	101	0	0	0	0	120	333	350	350	550
696	854	1584	2055	2270	0	0	0	0	0	1754	2089	3715	4500	5027	3.19	3.19	3.19	3.19	3.19	1372	1498	2676	3314	3558	24236.7	24236.7	24236.7	24236.7	24236.7	6	6	6	6	6	100	330	410	550	600	820	347	440	525	625
1789	1112	1534	1969	4005	0	0	0	0	0	5762	648	1703	2682	7175	2.31	2.31	2.31	2.31	2.31	3853	2598	2565	3391	6939	25817.18	25817.18	25817.18	25817.18	25817.18	6	6	6	6	6	30	305	310	400	720	175	1871	1910	1950	2225
152	1807	3199	4740	3175	0	0	0	0	0	515	8522	12003	15470	12155	1.01	1.01	1.01	1.01	1.01	329	3827	6705	10180	7469	29241.68	29241.68	29241.68	29241.68	29241.68	6	6	6	6	6	30	152	470	555	575	161	184	330	365	425
523	2131	2373	2436	5100	0	0	0	0	0	1582	7026	7630	7772	14284	1.63	1.63	1.63	1.63	1.63	1127	5113	5624	5753	11528	28445.82	28445.82	28445.82	28445.82	28445.82	6	6	6	6	6	10	150	550	630	950	90	233	330	370	1000
344	650	1565	2630	935	0	0	0	0	0	1110	1889	4156	6572	2425	0.51	0.51	0.51	0.51	0.51	880	1544	3594	5865	2144	26282.32	26282.32	26282.32	26282.32	26282.32	7	7	7	7	7	30	65	150	205	260	147	710	750	950	770
165	173	570	1200	1925	0	0	0	0	0	567	505	1538	3150	4620	0.81	0.81	0.81	0.81	0.81	356	400	1281	2659	4112	20047.09	20047.09	20047.09	20047.09	20047.09	7	7	7	7	7	0	287	330	350	350	37	3	10	20	50
81	135	778	2145	3000	0	0	0	0	0	252	387	2100	4930	7500	0.59	0.59	0.59	0.59	0.59	175	311	1746	4522	6477	22558.07	22558.07	22558.07	22558.07	22558.07	7	7	7	7	7	0	0	0	0	0	0	21	65	70	80
639	1728	1950	1970	1970	0	0	0	0	0	2263	5892	5947	5800	5713	2.3	2.3	2.3	2.3	2.3	1343	3814	4140	4118	3811	19862.02	19862.02	19862.02	19862.02	19862.02	7	7	7	7	7	160	0	200	240	490	40	61	50	150	570
571	1052	1220	1220	1220	0	0	0	0	0	1865	3591	3660	3450	3415	2.48	2.48	2.48	2.48	2.48	1230	2284	2535	2473	2338	18539.15	18539.15	18539.15	18539.15	18539.15	7	7	7	7	7	0	434	475	475	475	12	64	640	675	825
266	259	440	800	1700	0	0	0	0	0	964	847	1364	2480	4732	1.91	1.91	1.91	1.91	1.91	574	614	1024	1853	3257	16926.09	16926.09	16926.09	16926.09	16926.09	7	7	7	7	7	0	0	0	0	0	10	299	300	300	300
179	196	1210	1230	1250	0	0	0	0	0	613	610	3630	3635	3500	1.47	1.47	1.47	1.47	1.47	386	453	2735	2766	2366	14452.14	14452.14	14452.14	14452.14	14452.14	7	7	7	7	7	0	10	10	10	10	972	16	20	30	40
1547	901	1000	1000	2580	0	0	0	0	0	5561	2524	2700	2650	7180	2.39	2.39	2.39	2.39	2.39	3331	1836	1968	1945	4890	16366.15	16366.15	16366.15	16366.15	16366.15	7	7	7	7	7	270	5	5	5	5	496	153	155	165	775
1802	3269	3450	3450	1870	0	0	0	0	0	5783	9933	9786	9520	4860	2.68	2.68	2.68	2.68	2.68	3790	6685	6816	6718	3332	17991.02	17991.02	17991.02	17991.02	17991.02	7	7	7	7	7	530	208	300	300	300	281	537	1100	1100	500
214	271	340	1050	2055	0	0	0	0	0	719	790	910	2520	5325	0.86	0.86	0.86	0.86	0.86	552	628	765	2267	4540	22702.99	22702.99	22702.99	22702.99	22702.99	7	7	7	7	7	40	456	460	460	460	1500	783	790	790	790
227	189	1872	2575	2575	0	0	0	0	0	591	483	5058	6960	6965	0.67	0.67	0.67	0.67	0.67	585	421	4230	5809	5162	18880.84	18880.84	18880.84	18880.84	18880.84	7	7	7	7	7	5	65	205	360	360	45	1478	1815	2270	2580
1985	786	800	900	3120	0	0	0	0	0	6195	2307	2160	2250	8360	2.69	2.69	2.69	2.69	2.69	4121	1703	1670	1816	5524	17494.48	17494.48	17494.48	17494.48	17494.48	7	7	7	7	7	204	0	10	20	175	91	71	120	250	1130
703	2486	2640	2960	780	0	0	0	0	0	1893	6983	7297	7825	2265	2.51	2.51	2.51	2.51	2.51	1391	4746	4978	5438	1364	14349.69	14349.69	14349.69	14349.69	14349.69	7	7	7	7	7	38	307	355	415	260	186	1163	1570	2210	1690
416	459	768	1048	1408	0	0	0	0	0	1115	1171	1646	2046	2586	2.57	2.57	2.57	2.57	2.57	782	846	1302	1684	2070	13532.28	13532.28	13532.28	13532.28	13532.28	7	7	7	7	7	74	91	95	95	100	848	87	155	165	170
264	265	280	330	350	0	0	0	0	0	811	736	730	840	860	1.51	1.51	1.51	1.51	1.51	488	494	508	586	567	11884.52	11884.52	11884.52	11884.52	11884.52	7	7	7	7	7	0	54	60	70	75	123	819	1015	1195	1270
298	317	340	350	380	0	0	0	0	0	839	890	890	930	950	2.07	2.07	2.07	2.07	2.07	550	592	610	624	617	10421.79	10421.79	10421.79	10421.79	10421.79	7	7	7	7	7	127	0	0	0	0	447	321	400	500	700
3	0	0	0	0	0	0	0	0	0	8	0	0	0	0	0	0	0	0	0	6	0	0	0	0	9271.62	9271.62	9271.62	9271.62	9271.62	7	7	7	7	7	0	94	100	120	150	200	404	500	530	750
758	838	932	1122	1472	0	0	0	0	0	2062	2093	2234	2584	3244	1.93	1.93	1.93	1.93	1.93	1407	1547	1674	0	2310	11399.8	11399.8	11399.8	11399.8	11399.8	7	7	7	7	7	185	0	0	0	0	572	194	195	200	200
315	386	600	1100	1220	0	0	0	0	0	1076	1169	1500	2530	2928	0.69	0.69	0.69	0.69	0.69	917	938	1375	2448	2404	13028.61	13028.61	13028.61	13028.61	13028.61	7	7	7	7	7	0	270	400	480	600	70	752	2305	3370	4100
119	124	2000	3600	3740	0	0	0	0	0	398	399	5200	8640	8850	0.68	0.68	0.68	0.68	0.68	349	307	4601	7993	8259	15671.04	15671.04	15671.04	15671.04	15671.04	7	7	7	7	7	0	0	50	50	50	14	153	105	110	110
23	35	1200	2250	2385	0	0	0	0	0	93	137	3120	5400	5725	0.31	0.31	0.31	0.31	0.31	66	91	2775	5041	5339	18551.34	18551.34	18551.34	18551.34	18551.34	7	7	7	7	7	5	0	0	0	0	8	24	40	50	50
61	873	2100	4790	4890	0	0	0	0	0	188	2710	5670	11017	11700	0.34	0.34	0.34	0.34	0.34	179	2131	4884	10410	10753	17483.74	17483.74	17483.74	17483.74	17483.74	7	7	7	7	7	0	0	0	5	5	5	43	80	120	120
826	946	970	1034	3900	0	0	0	0	0	2627	2873	2522	2482	9680	2.37	2.37	2.37	2.37	2.37	1617	2043	1978	2020	7626	14527.1	14527.1	14527.1	14527.1	14527.1	7	7	7	7	7	0	0	0	5	105	62	133	135	135	865
1658	3315	3480	3774	3430	0	0	0	0	0	5196	10596	9185	9423	8575	2.98	2.98	2.98	2.98	2.98	3137	7233	7123	7521	6237	12107.16	12107.16	12107.16	12107.16	12107.16	7	7	7	7	7	10	16	110	240	175	1162	608	1890	3679	4225
879	3597	3700	3830	2000	0	0	0	0	0	2122	8948	9390	9621	5000	4.1	4.1	4.1	4.1	4.1	1663	6472	6711	6846	3299	10848.38	10848.38	10848.38	10848.38	10848.38	7	7	7	7	7	0	24	45	45	20	27	1862	1610	1675	400
190	320	340	360	360	0	0	0	0	0	446	732	850	882	900	3.77	3.77	3.77	3.77	3.77	361	534	578	598	578	10376.09	10376.09	10376.09	10376.09	10376.09	7	7	7	7	7	59	0	0	0	0	1080	33	705	710	710
225	367	400	450	450	0	0	0	0	0	411	690	1000	1125	1125	6.93	6.93	6.93	6.93	6.93	414	564	698	648	620	9697.64	9697.64	9697.64	9697.64	9697.64	7	7	7	7	7	367	168	170	180	180	330	1249	1280	1320	1320
1417	1571	1750	1842	2000	0	0	0	0	0	3994	3970	4200	4237	4800	3.67	3.67	3.67	3.67	3.67	2612	2791	3018	3090	3271	9902.83	9902.83	9902.83	9902.83	9902.83	7	7	7	7	7	50	124	0	1140	1140	477	467	1300	891	895
378	65	200	350	1150	0	0	0	0	0	1289	116	500	875	2875	1.84	1.84	1.84	1.84	1.84	789	104	347	598	2024	11903.4	11903.4	11903.4	11903.4	11903.4	7	7	7	7	7	126	176	180	180	980	189	1006	1570	2276	3100
198	1330	1375	1430	690	0	0	0	0	0	492	3416	3438	3575	1725	3.77	3.77	3.77	3.77	3.77	413	2515	2467	2514	1093	11984.68	11984.68	11984.68	11984.68	11984.68	7	7	7	7	7	0	2089	2090	2090	1290	283	2192	2245	2310	1490
574	633	635	640	2995	0	0	0	0	0	1527	1478	1590	1603	7490	2.19	2.19	2.19	2.19	2.19	1040	1227	1141	1112	5458	14140.89	14140.89	14140.89	14140.89	14140.89	7	7	7	7	7	74	1838	2500	3000	3425	180	206	200	216	770
64	3114	4750	5050	5790	0	0	0	0	0	216	9229	11835	12090	12627	0.46	0.46	0.46	0.46	0.46	188	6632	9690	10064	11378	16938.69	16938.69	16938.69	16938.69	16938.69	7	7	7	7	7	0	699	1855	2285	1860	25	2198	2370	3488	2940
890	291	320	350	1250	0	0	0	0	0	2645	834	852	881	3100	0.55	0.55	0.55	0.55	0.55	2277	689	740	795	2826	22561.29	22561.29	22561.29	22561.29	22561.29	7	7	7	7	7	62	348	850	1480	2040	419	44	4570	6520	9125
541	1299	1410	1510	680	0	0	0	0	0	1417	3489	3568	3649	1540	1.61	1.61	1.61	1.61	1.61	1201	2957	3148	3321	1425	26221.32	26221.32	26221.32	26221.32	26221.32	7	7	7	7	7	30	14	70	90	60	28	276	380	470	180
746	807	840	850	850	0	0	0	0	0	2291	2272	2280	2170	2120	1.3	1.3	1.3	1.3	1.3	1655	1833	1881	1863	1847	26011.32	26011.32	26011.32	26011.32	26011.32	7	7	7	7	7	82	25	25	25	35	135	85	95	105	105
683	244	285	320	2300	0	0	0	0	0	2235	795	874	919	6300	0.61	0.61	0.61	0.61	0.61	1724	606	696	767	5410	22405.18	22405.18	22405.18	22405.18	22405.18	7	7	7	7	7	30	81	85	95	140	230	269	385	455	640
343	1445	1935	2680	1800	0	0	0	0	0	998	4406	5426	7041	4320	1.12	1.12	1.12	1.12	1.12	762	3474	4541	6137	3911	18248.5	18248.5	18248.5	18248.5	18248.5	7	7	7	7	7	109	25	25	25	0	275	80	105	120	40
239	312	650	1200	2000	0	0	0	0	0	756	984	1820	3120	5200	1.09	1.09	1.09	1.09	1.09	516	753	1511	2718	4516	14967.95	14967.95	14967.95	14967.95	14967.95	7	7	7	7	7	0	66	90	100	100	80	340	470	560	660
471	531	540	550	650	0	0	0	0	0	1201	1418	1380	1375	1630	2.8	2.8	2.8	2.8	2.8	1046	1210	1212	1224	1446	16998.1	16998.1	16998.1	16998.1	16998.1	7	7	7	7	7	23	0	0	20	20	53	133	180	195	230
24	60	280	420	750	0	0	0	0	0	69	200	840	1100	1950	2.24	2.24	2.24	2.24	2.24	53	147	659	944	1671	14191.39	14191.39	14191.39	14191.39	14191.39	7	7	7	7	7	15	26	40	50	60	74	230	310	365	420
36	417	420	480	600	0	0	0	0	0	104	920	920	960	1200	1.14	1.14	1.14	1.14	1.14	80	721	703	761	922	12030.83	12030.83	12030.83	12030.83	12030.83	7	7	7	7	7	30	117	130	150	160	18	11	50	60	80
1283	1897	1911	2015	2200	0	0	0	0	0	3863	5725	5540	5440	5720	2.85	2.85	2.85	2.85	2.85	2603	3820	3772	3837	4005	12213.27	12213.27	12213.27	12213.27	12213.27	7	7	7	7	7	62	210	450	550	600	265	285	625	765	825
1384	1409	1872	2075	2200	0	0	0	0	0	3791	3650	4550	4960	5260	3.56	3.56	3.56	3.56	3.56	2456	2394	3065	3320	3338	10041.64	10041.64	10041.64	10041.64	10041.64	7	7	7	7	7	152	150	215	265	300	424	444	635	785	900
1479	2520	2550	2550	2790	0	0	0	0	0	3700	5767	5730	5100	5580	3.12	3.12	3.12	3.12	3.12	2850	4133	4135	3892	4075	10531.47	10531.47	10531.47	10531.47	10531.47	7	7	7	7	7	732	330	330	340	390	639	943	955	955	1095
477	507	708	775	850	0	0	0	0	0	1475	1553	1970	2093	2165	1.8	1.8	1.8	1.8	1.8	965	986	1321	1414	1467	11006.32	11006.32	11006.32	11006.32	11006.32	7	7	7	7	7	182	140	140	140	160	258	1239	1240	1240	1415
819	1252	1222	1330	1350	0	0	0	0	0	2204	3085	2930	3059	3040	3.53	3.53	3.53	3.53	3.53	1523	2270	2185	2312	2267	11868.39	11868.39	11868.39	11868.39	11868.39	7	7	7	7	7	0	187	200	225	250	413	521	550	625	720
1203	1505	1789	1922	2002	0	0	0	0	0	3163	3730	4091	4578	4505	3.29	3.29	3.29	3.29	3.29	2082	2656	0	0	3229	12856.85	12856.85	12856.85	12856.85	12856.85	7	7	7	7	7	0	10	10	10	10	347	415	420	420	480
325	388	485	510	550	0	0	0	0	0	758	949	1115	1173	1265	4.43	4.43	4.43	4.43	4.43	562	653	773	788	808	13404.61	13404.61	13404.61	13404.61	13404.61	7	7	7	7	7	15	30	40	55	60	523	326	410	595	680
29	518	520	520	630	0	0	0	0	0	102	1583	1510	1404	1635	0.76	0.76	0.76	0.76	0.76	53	1044	1027	994	1151	13569.38	13569.38	13569.38	13569.38	13569.38	7	7	7	7	7	0	256	315	455	580	0	300	365	645	675
666	799	1089	1939	3046	0	0	0	0	0	2110	2419	2950	4926	7635	0.88	0.88	0.88	0.88	0.88	1480	1919	0	0	6805	17313.56	17313.56	17313.56	17313.56	17313.56	7	7	7	7	7	5	0	0	0	205	103	1388	2410	2600	3220
219	371	431	882	1400	0	0	0	0	0	732	1147	1203	2299	3640	0.69	0.69	0.69	0.69	0.69	503	902	1016	2032	3210	17156.33	17156.33	17156.33	17156.33	17156.33	7	7	7	7	7	15	170	180	190	0	261	233	260	320	0
495	864	1076	1223	1345	0	0	0	0	0	1493	2628	3096	3400	3722	1.5	1.5	1.5	1.5	1.5	880	1893	2298	2569	2785	22559.2	22559.2	22559.2	22559.2	22559.2	7	7	7	7	7	100	98	140	180	210	582	603	825	950	1090
743	763	840	1000	1500	0	0	0	0	0	3200	3162	3400	4100	6000	2.33	2.33	2.33	2.33	2.33	1196	1740	1910	2258	3304	26554.95	26554.95	26554.95	26554.95	26554.95	7	7	7	7	7	80	960	1020	1085	1155	4508	301	615	815	995
567	569	745	856	931	0	0	0	0	0	1620	1406	1741	1919	2026	5.01	5.01	5.01	5.01	5.01	912	1085	1387	1557	1643	26146.76	26146.76	26146.76	26146.76	26146.76	7	7	7	7	7	10	100	100	150	200	1090	4378	5100	5550	6100
14	12	12	12	12	0	0	0	0	0	30	15	15	15	15	0	0	0	0	0	26	17	17	17	16	26419.02	26419.02	26419.02	26419.02	26419.02	7	7	7	7	7	300	210	220	240	250	206	954	1295	1505	1730
891	881	999	1076	1129	0	0	0	0	0	2129	2079	2269	2357	2383	3.59	3.59	3.59	3.59	3.59	1502	1576	1733	1820	1839	25799.62	25799.62	25799.62	25799.62	25799.62	7	7	7	7	7	460	74	80	90	100	1321	100	115	125	130
1089	1106	1139	1168	1173	0	0	0	0	0	2860	2710	2681	2590	2575	3.51	3.51	3.51	3.51	3.51	1875	2021	2031	2017	1979	25066.54	25066.54	25066.54	25066.54	25066.54	7	7	7	7	7	255	135	145	160	175	1772	1353	1555	1683	1835
83	0	0	0	0	0	0	0	0	0	236	0	0	0	0	0	0	0	0	0	163	0	0	0	0	23475.64	23475.64	23475.64	23475.64	23475.64	7	7	7	7	7	711	180	195	215	230	1671	1861	2160	2352	2580
467	976	990	1000	1010	0	0	0	0	0	1094	2375	2370	2200	2210	3.57	3.57	3.57	3.57	3.57	915	1839	1847	1793	1770	24219.23	24219.23	24219.23	24219.23	24219.23	7	7	7	7	7	35	1161	1270	1395	1515	443	1833	2130	2285	2490
999	1104	1706	2008	2475	0	0	0	0	0	3306	3240	4410	5013	5805	2.2	2.2	2.2	2.2	2.2	1906	2328	3402	3916	4599	22805.15	22805.15	22805.15	22805.15	22805.15	7	7	7	7	7	33	0	0	0	0	247	259	295	320	345
640	1025	1506	2017	2198	0	0	0	0	0	2015	3044	4128	5161	5502	1.57	1.57	1.57	1.57	1.57	1165	2320	3311	4301	4585	24360.87	24360.87	24360.87	24360.87	24360.87	7	7	7	7	7	25	31	35	40	40	307	238	270	290	320
1315	1253	1268	1307	1308	0	0	0	0	0	3441	3113	3043	3007	3011	3.72	3.72	3.72	3.72	3.72	2346	2323	2274	2284	2235	26223.14	26223.14	26223.14	26223.14	26223.14	7	7	7	7	7	291	0	0	0	0	778	225	254	274	299
33	32	35	35	35	0	0	0	0	0	98	87	85	80	75	1.62	1.62	1.62	1.62	1.62	49	64	66	63	61	27186.88	27186.88	27186.88	27186.88	27186.88	7	7	7	7	7	400	563	615	670	740	92	1960	2250	2430	2635
292	346	410	460	490	0	0	0	0	0	920	1054	1168	1270	1340	0.74	0.74	0.74	0.74	0.74	733	850	988	1098	1166	20583.13	20583.13	20583.13	20583.13	20583.13	7	7	7	7	7	0	219	240	265	290	304	260	305	325	350
356	376	440	490	515	0	0	0	0	0	1115	1028	1254	1350	1407	0.71	0.71	0.71	0.71	0.71	893	895	1058	1166	1223	19084.24	19084.24	19084.24	19084.24	19084.24	7	7	7	7	7	120	50	50	50	50	439	107	107	107	107
174	185	186	187	188	0	0	0	0	0	468	502	509	500	500	0.66	0.66	0.66	0.66	0.66	421	446	450	449	451	18685.47	18685.47	18685.47	18685.47	18685.47	7	7	7	7	7	0	180	180	180	180	271	148	150	155	158
1155	1264	1517	1720	1798	0	0	0	0	0	3270	3472	3810	4115	4250	2.11	2.11	2.11	2.11	2.11	2461	2527	2905	3198	3248	17856.97	17856.97	17856.97	17856.97	17856.97	7	7	7	7	7	125	0	0	0	0	459	28	35	45	65
729	770	945	1020	1035	0	0	0	0	0	2123	2264	2600	2705	2740	2.25	2.25	2.25	2.25	2.25	1502	1600	1898	2000	1984	16224.68	16224.68	16224.68	16224.68	16224.68	7	7	7	7	7	100	140	150	166	170	155	639	1068	1352	1446
93	477	570	645	675	0	0	0	0	0	276	1544	1695	1815	1880	0.93	0.93	0.93	0.93	0.93	194	1018	1171	1286	1303	14633.81	14633.81	14633.81	14633.81	14633.81	7	7	7	7	7	20	41	45	45	50	281	15	15	25	40
776	847	952	1039	1076	0	0	0	0	0	2338	2524	2659	2742	2809	1.84	1.84	1.84	1.84	1.84	1589	1806	1969	2089	2114	15873.98	15873.98	15873.98	15873.98	15873.98	7	7	7	7	7	15	103	106	110	110	113	401	669	840	900
238	320	356	373	387	0	0	0	0	0	766	990	1003	970	978	0.7	0.7	0.7	0.7	0.7	583	798	865	886	912	21049.29	21049.29	21049.29	21049.29	21049.29	7	7	7	7	7	0	53	53	53	55	169	32	44	49	49
414	500	568	620	650	0	0	0	0	0	1396	1485	1616	1710	1775	0.68	0.68	0.68	0.68	0.68	1038	1220	1369	1480	1547	23412.54	23412.54	23412.54	23412.54	23412.54	7	7	7	7	7	5	10	10	10	10	79	83	105	115	105
483	329	395	553	1332	0	0	0	0	0	1528	953	1045	1381	3472	0.57	0.57	0.57	0.57	0.57	1205	790	923	1269	3083	28698.09	28698.09	28698.09	28698.09	28698.09	7	7	7	7	7	66	0	0	0	5	50	127	128	128	171
820	1330	1588	1943	1600	0	0	0	0	0	2535	3944	4314	5073	4000	0.55	0.55	0.55	0.55	0.55	1973	3165	3678	4446	3598	32196.96	32196.96	32196.96	32196.96	32196.96	7	7	7	7	7	0	0	5	5	0	56	103	106	106	65
722	995	1264	1425	2586	0	0	0	0	0	2193	2778	3540	3990	7240	0.89	0.89	0.89	0.89	0.89	1788	2198	2793	3147	5701	28608.48	28608.48	28608.48	28608.48	28608.48	7	7	7	7	7	66	0	0	0	0	335	37	40	45	50
324	609	715	881	1045	0	0	0	0	0	1064	1995	2360	2910	3450	0.75	0.75	0.75	0.75	0.75	803	1476	1735	2137	2533	23994.05	23994.05	23994.05	23994.05	23994.05	7	7	7	7	7	30	134	200	250	300	25	441	450	500	575
206	273	952	1094	1371	0	0	0	0	0	646	852	2950	3390	4250	0.84	0.84	0.84	0.84	0.84	510	651	2251	2579	3211	23298.73	23298.73	23298.73	23298.73	23298.73	7	7	7	7	7	40	40	75	75	75	166	43	25	25	25
164	248	1369	3600	4998	0	0	0	0	0	514	738	2950	7910	10860	0.69	0.69	0.69	0.69	0.69	406	555	2695	7059	7850	28100.75	28100.75	28100.75	28100.75	28100.75	7	7	7	7	7	50	50	100	170	350	300	893	1000	1000	1000
234	254	320	370	430	0	0	0	0	0	602	602	760	880	1000	0.8	0.8	0.8	0.8	0.8	563	561	706	817	942	37812.67	37812.67	37812.67	37812.67	37812.67	7	7	7	7	7	34	38	50	100	350	92	129	150	150	675
1060	1294	1500	1700	1900	0	0	0	0	0	3197	3692	3900	4200	4700	0.65	0.65	0.65	0.65	0.65	2550	2972	3337	3715	4154	40440.02	40440.02	40440.02	40440.02	40440.02	7	7	7	7	7	96	40	50	50	60	291	184	240	280	320
1129	1473	1490	1542	1603	0	0	0	0	0	3476	4213	4263	4413	4563	1.1	1.1	1.1	1.1	1.1	2637	3394	3433	3553	3483	39239.79	39239.79	39239.79	39239.79	39239.79	7	7	7	7	7	0	70	70	80	80	125	185	350	440	530
562	743	1165	2409	3108	0	0	0	0	0	1929	2291	2841	5201	7201	0.73	0.73	0.73	0.73	0.73	1313	1755	2545	5028	6640	34513.74	34513.74	34513.74	34513.74	34513.74	7	7	7	7	7	0	0	0	0	0	274	204	50	50	50
74	90	835	1504	2826	0	0	0	0	0	228	269	1829	3419	6469	0.39	0.39	0.39	0.39	0.39	173	211	1746	3173	5931	32815.49	32815.49	32815.49	32815.49	32815.49	7	7	7	7	7	0	21	25	40	84	57	557	25	50	100
367	66	345	380	691	0	0	0	0	0	1057	182	982	982	1772	1.45	1.45	1.45	1.45	1.45	778	132	679	718	1349	37501.41	37501.41	37501.41	37501.41	37501.41	7	7	7	7	7	115	22	300	350	1130	182	171	893	1154	1840
836	1352	1386	1386	1596	0	0	0	0	0	1961	3195	3295	3295	3005	5.4	5.4	5.4	5.4	5.4	1434	2418	2398	2386	2324	37431.66	37431.66	37431.66	37431.66	37431.66	7	7	7	7	7	705	530	1037	1275	776	1412	63	252	368	197
255	296	366	366	763	0	0	0	0	0	732	805	1005	1005	1505	2.8	2.8	2.8	2.8	2.8	438	583	714	714	1042	38696.83	38696.83	38696.83	38696.83	38696.83	7	7	7	7	7	599	1334	1372	1422	1522	502	1310	1372	1472	1522
1201	1821	2423	2868	1413	0	0	0	0	0	3140	5780	7097	8057	3485	3.02	3.02	3.02	3.02	3.02	2062	4295	5573	6523	2550	38115.56	38115.56	38115.56	38115.56	38115.56	7	7	7	7	7	296	227	585	692	1123	868	412	391	469	1906
